id	score	topic	answer	problem_preview
0	0.333333	number_theory	15	Find the smallest positive integer \( n \) such that the number of ordered triples \((a, b, c)\) where \(a, b,\) and \(c\) are integers satisfying \(1 \leq a, b, c \leq n\) and \(a + b + c\) is a multiple of 3 is exactly 1000.
1	0.444444	number_theory	2	Find the smallest positive integer \( n \) such that the polynomial \( P(x) = x^n + x^{n-1} + \cdots + x + 1 \) has a root modulo any prime \( p \).
2	0.444444	geometry	0	Find all positive integers \( n \) such that \( n^2 + 3n + 2 \) is a perfect square.
3	0.333333	number_theory	675	Find the smallest positive integer \( n \) such that there exist positive integers \( a_1, a_2, \ldots, a_n \) satisfying the following conditions: 1. \( a_1 + a_2 + \cdots + a_n = 2023 \), 2. Each \( a_i \) is divisible by \( 3 \) but not...
4	0.333333	geometry	20	In the complex plane, the vertices of a regular icosagon (20-sided polygon) are located at the 20th roots of unity. Let \( P \) be a point inside the icosagon such that the sum of the distances from \( P \) to each vertex is minimized. Det...
5	0.777778	geometry	2\sqrt{2} r^2	Consider a regular octagon $ABCDEFGH$ inscribed in a circle of radius $r$. Let $P$ be a point inside the octagon such that $PA = PB = PC = PD = PE = PF = PG = PH$. Determine the area of the octagon as a function of $r$ and $P$’s coordinate...
6	0.555556	geometry	1000000	In the complex plane, let $P$ be a point with coordinates $(a, b)$, where $a$ and $b$ are positive integers. Define a sequence of complex numbers $\{z_n\}_{n \geq 0}$ as follows: - $z_0 = P$. - For each $n \geq 1$, $z_n$ is the midpoint of...
7	0.444444	number_theory	29	In the complex plane, let \( z_1 \) and \( z_2 \) be the roots of the polynomial \( x^2 - 2x + 13 \). Define a sequence \( \{a_n\} \) such that \( a_1 = 2 \), \( a_2 = 3 \), and for \( n \geq 3 \), \( a_n \) is the smallest positive intege...
8	0.444444	number_theory	3	Find all positive integers \( n \) such that \( n^2 + n + 1 \) divides \( 2019^n + 1 \).
9	0.444444	number_theory	2	Let \( S \) be a set of \( n \) distinct integers. Define a function \( f: S \to S \) such that for any two distinct elements \( a, b \in S \), the value \( f(a) - f(b) \) divides \( a - b \). Find the maximum possible value of \( n \) for...
10	0.777778	algebra	6	Let \( P(x) \) be a polynomial of degree 4 such that \( P(1) = 1 \), \( P(2) = 2 \), \( P(3) = 3 \), \( P(4) = 4 \), and \( P(5) = 5 \). Find the value of \( P(6) \).
11	0.777778	geometry	0	Consider a regular polygon with 1025 sides. Each vertex of this polygon is assigned a unique integer from 1 to 1025. A sequence of vertices \(v_1, v_2, \ldots, v_{1025}\) is defined such that the sum of the integers assigned to any consecu...
12	0.375000	number_theory	1	What is the smallest positive integer \( n \) such that there exist three distinct integers \( a, b, c \) satisfying \( a^n + b^n = c^n \) and \( a + b + c = 2023 \)?
13	0.555556	other	26	In a mystical forest, there are three types of magical trees: Silver, Gold, and Bronze. The number of Silver trees is double the number of Gold trees, and the number of Bronze trees is one-third the number of Gold trees. If the total numbe...
14	0.333333	geometry	\sqrt{2}	Let \( ABCD \) be a square with side length 1. Points \( E \) and \( F \) lie on sides \( AB \) and \( BC \) respectively, such that \( AE = BF \). A semicircle with diameter \( EF \) is drawn inside the square, tangent to sides \( AD \) a...
15	0.666667	number_theory	5	Find all positive integers \( n \) such that \( n^2 + n + 1 \) divides \( 2^n - 1 \).
16	0.777778	geometry	2978	A convex polyhedron \(P\) with 2024 faces is given, and it is known that each face is either a triangle or a quadrilateral. If the total number of edges in \(P\) is 5000, find the number of vertices in \(P\).
17	0.666667	number_theory	1	Find the number of ordered triples $(a, b, c)$ of positive integers such that $a, b,$ and $c$ are pairwise coprime, and $abc$ divides $a^4 + b^4 + c^4$.
18	0.555556	geometry	\left\lceil \frac{n}{r} \right\rceil	In the plane, let \( P \) be a set of \( n \) points, no three of which are collinear. Define a "colorful convex hull" as a convex polygon that passes through at least one point of \( P \) of each color. Suppose \( P \) is colored such tha...
19	0.777778	geometry	100	A sequence of positive integers \( a_1, a_2, \ldots, a_n \) has the property that for any positive integer \( k \), the sum of the first \( k \) terms is a perfect square. If \( a_1 = 1 \) and \( a_{100} = 200 \), find the smallest possibl...
20	0.666667	number_theory	1	Let $P(x) = x^3 - 6x^2 + 11x - 6$ be a polynomial with integer coefficients. Suppose $a, b,$ and $c$ are the roots of $P(x)$. Define a sequence $(x_n)$ by $x_1 = a + b + c$ and $x_{n+1} = x_n^2 - 2x_n + 2$ for $n \geq 1$. Find the smallest...
21	0.333333	number_theory	0	Let $P(x) = x^3 + ax^2 + bx + c$ be a cubic polynomial with real coefficients. Suppose $P(1) = P(2) = P(3) = P(4) = P(5) = P(6) = 0$. If $P(7) = k$, where $k$ is a positive integer, find the value of $k$.
22	0.666667	number_theory	3	Find all prime numbers \( p \) such that the equation \( x^3 - px^2 + (p+1)x - 1 = 0 \) has three integer roots.
23	0.555556	geometry	15	Let \( ABCD \) be a convex quadrilateral with \( AB = a \), \( BC = b \), \( CD = c \), and \( DA = d \). Suppose that the diagonals \( AC \) and \( BD \) intersect at point \( E \) such that \( AE \) and \( CE \) are equal, as are \( BE \...
24	0.666667	geometry	\frac{2}{3}	In the complex plane, let $A,$ $B,$ and $C$ be points corresponding to the complex numbers $a,$ $b,$ and $c$ respectively. Suppose $|a| = |b| = |c| = 1$ and $a + b + c = 0.$ If the circle with diameter $AB$ intersects the circumcircle of $...
25	0.777778	number_theory	p	Given that \( p \) is a prime number, find all positive integers \( n \) for which the number of integers \( 0 \le k < n \) satisfying the congruence \( \binom{n}{k} \equiv 0 \pmod{p^2} \) is exactly \( n - \varphi(n) \), where \( \varphi ...
26	0.777778	algebra	\frac{5}{36}	Let $f(x)$ be a continuous function on the interval $[0, 1]$ such that \[ \int_0^1 x^2 f(x) \,dx = \frac{1}{6}. \] Find the minimum value of \[ \int_0^1 (f(x))^2 \,dx. \]
27	0.666667	number_theory	1	Find the smallest positive integer \( n \) such that for all positive integers \( k \leq n \), the polynomial \( P(x) = x^3 - kx^2 + kx - 1 \) has at least one integer root.
28	0.444444	geometry	25	In a right triangle ABC, with angle C being the right angle, the lengths of the legs AB and BC are integers. A circle is inscribed in triangle ABC, touching AB at D, BC at E, and AC at F. If the radius of the inscribed circle is 5, and the...
29	0.555556	geometry	6	Find the smallest positive integer \( n \) such that the polynomial \( P(x) = x^3 - 3x + n \) has three distinct integer roots, and the sum of the squares of these roots is exactly 14.
30	0.555556	number_theory	1	In a mystical village, there are seven distinct types of magical flowers, each with a unique property that can be represented by a prime number. One day, the village elder decides to create a magical spell by selecting a subset of these fl...
31	0.555556	number_theory	1	Let \( S \) be the set of all positive integers that can be represented as the sum of two or more consecutive positive integers. Find the smallest positive integer that is not in \( S \).
32	0.444444	geometry	3	Find all positive integers \( n \) such that there exists a set of \( n \) points in the plane, no three of which are collinear, with the following property: for any two distinct points \( A \) and \( B \) in the set, there is a point \( C...
33	0.333333	geometry	\frac{1}{6}	In a plane, let \(P\) be a point inside a square \(ABCD\) with side length 1. Let \(E\) and \(F\) be the midpoints of \(AB\) and \(CD\) respectively, and let \(G\) be the intersection of lines \(AE\) and \(CF\). If the area of triangle \(B...
34	0.555556	geometry	0	In the complex plane, consider the regular 2023-gon $P_1P_2\ldots P_{2023}$ with vertices $P_k = \cos\left(\frac{2\pi k}{2023}\right) + i\sin\left(\frac{2\pi k}{2023}\right)$ for $k = 1, 2, \ldots, 2023$. A complex number $z$ is chosen uni...
35	0.444444	number_theory	2	Consider a sequence of integers \( a_1, a_2, a_3, \ldots, a_{2023} \) where each \( a_i \) is either 1 or -1. Define a function \( S_k \) as the sum of the first \( k \) terms of the sequence, i.e., \( S_k = a_1 + a_2 + \cdots + a_k \) for...
36	0.444444	number_theory	3	Let $S$ be the set of all ordered triples $(a,b,c)$ of positive integers such that $a \leq b \leq c$ and $a + b + c = 2023$. Find the number of distinct prime factors of the sum of the elements in all ordered triples in $S$.
37	0.555556	geometry	0	Find all prime numbers \(p\) and \(q\) such that both \(p^2 + 8pq + q^2\) and \(p^2 - 8pq + q^2\) are perfect squares. Determine the sum of all such distinct prime pairs \((p, q)\).
38	0.444444	algebra	2	Consider a 3x3 grid where each cell contains either a 0 or a 1. A configuration of this grid is considered valid if it satisfies the following condition: for every pair of adjacent cells (sharing a side), the product of their values is equ...
39	0.333333	geometry	\left(\frac{3}{4}, 1, \frac{5}{4}\right)	In a tetrahedron $ABCD$, the edges $AB$, $AC$, and $AD$ are pairwise perpendicular, and they have lengths 3, 4, and 5 respectively. A point $P$ inside the tetrahedron is such that the sum of its distances to the faces of the tetrahedron is...
40	0.555556	geometry	90^\circ	Let \( A \), \( B \), and \( C \) be the angles of a triangle such that \( A + B + C = 180^\circ \). Given the equation \[ \cos A \cos B + \cos B \cos C + \cos C \cos A = \frac{1}{2}, \] determine the measure of angle \( A \).
41	0.444444	number_theory	1	Find the smallest positive integer \( n \) such that there exists a function \( f: \mathbb{Z}^+ \to \mathbb{Z}^+ \) satisfying the following conditions for all positive integers \( a \) and \( b \): 1. \( f(a + b) = f(a) + f(b) - 2f(ab) \)...
42	0.555556	number_theory	3	Find the smallest positive integer \( n \) such that \( 2^n + 1 \) is divisible by \( n \).
43	0.333333	geometry	4	In triangle $ABC$, point $D$ lies on side $BC$ such that $AD$ is the angle bisector of $\angle BAC$. Let $E$ be the foot of the perpendicular from $D$ to $AB$, and let $F$ be the foot of the perpendicular from $D$ to $AC$. Given that $BD =...
44	0.333333	number_theory	255	Find the number of ordered triples $(a,b,c)$ of positive integers such that $a+b+c=100$, where $a$ is odd, $b$ is even, and $c$ is divisible by 5.
45	0.444444	geometry	10	In a certain country, there are \( n \) cities connected by a network of roads, where each road connects two distinct cities. The government decides to color each road either red or blue, such that no three cities form a triangle with all ...
46	0.333333	number_theory	3	Find all positive integers \( n \) for which the equation \[ x^2 + y^2 + z^2 = n(x + y + z) \] has an infinite number of solutions in integers \( x, y, z \) such that \( x, y, z \) are not all zero.
47	0.333333	number_theory	(0, 1), (1, 0), (1, 3), (2, -1), (-1, -1)	Find all integer solutions to the equation \(x^3 - 3xy^2 + y^3 = 1\) where \(x\) and \(y\) are integers.
48	0.444444	geometry	0	Let \( S \) be the set of all triangles \( ABC \) in the plane with integer side lengths \( AB, BC, \) and \( CA \) such that the perimeter of \( ABC \) is less than or equal to 2023. Find the sum of the areas of all triangles \( ABC \) in...
49	0.777778	geometry	2	Find the smallest positive integer \( n \) such that the sum of the first \( n \) terms of the sequence defined by \( a_k = k^2 - 3k + 4 \) is a perfect square.
50	0.444444	geometry	20	In the triangular grid shown below, each small triangle has an area of 1 square unit. A path is defined as a sequence of moves from one vertex to another, where each move must be along the edge of a triangle and the path must not revisit a...
51	0.333333	combinatorics	\frac{1}{8}	In the three-dimensional space, a sphere is inscribed in a cube whose edges are of length 1. A point P is chosen uniformly at random within the cube. What is the probability that the distance from P to the center of the sphere is less than...
52	0.666667	number_theory	1	Find all positive integers \( n \) such that the polynomial \( P(x) = x^n + 2x^{n-1} + 3x^{n-2} + \cdots + (n-1)x + n \) has a root that is a rational number.
53	0.444444	number_theory	74	Let \( P(x) \) be a polynomial of degree 4 with integer coefficients such that \( P(1) = 10 \), \( P(2) = 20 \), \( P(3) = 30 \), and \( P(4) = 40 \). Find the smallest possible value of \( P(5) \).
54	0.666667	geometry	2	In triangle \( ABC \), point \( D \) lies on side \( BC \) such that \( BD:DC = 2:1 \). Point \( E \) lies on side \( AC \) such that \( AE:EC = 1:2 \). The line segment \( DE \) intersects the circumcircle of triangle \( ABC \) again at p...
55	0.333333	number_theory	1000	Let \( f(n) \) be the number of ways to write \( n \) as a sum of positive integers where the summands are in non-decreasing order and the first term is at least 2. For example, \( f(3) = 1 \) because the only way is \( 3 = 2 + 1 \). Find ...
56	0.444444	number_theory	675	Let \( S \) be the set of all positive integers. A subset \( T \) of \( S \) is called *pretty* if for every pair of distinct elements \( a, b \in T \), the sum \( a + b \) is not divisible by 3. Find the largest possible number of element...
57	0.555556	number_theory	503	What is the largest integer $n$ such that there exists an integer $k$ for which the polynomial $P(x) = x^4 + kx^3 + 2013x^2 - 1006x + 503$ can be expressed as the product of two non-constant polynomials with integer coefficients, and $n$ d...
58	0.500000	number_theory	\frac{p-1}{2}	Let \( p \) be a prime number greater than 3, and let \( \mathbb{F}_p \) be the finite field with \( p \) elements. Consider the polynomial \( f(x) = x^3 - x + 1 \) over \( \mathbb{F}_p \). Determine the number of distinct elements \( a \i...
59	0.333333	number_theory	24	Find the smallest positive integer \( n \) such that the equation \( x^2 + y^2 + z^2 + w^2 = n \) has exactly 24 solutions in integers \( (x, y, z, w) \), where the order of \( x, y, z, w \) does not matter.
60	0.555556	geometry	10	Let \( S \) be a set of 2023 distinct positive integers, none of which are perfect squares or perfect cubes. Prove that there exists a subset \( T \subseteq S \) of size 10, such that the product of any two distinct elements of \( T \) is ...
61	0.777778	geometry	6	In the coordinate plane, consider an equilateral triangle \( ABC \) with side length \( s \) and one vertex at the origin \( A(0,0) \). Let \( D \) be the midpoint of side \( BC \), and let \( E \) be a point on the extension of \( AD \) s...
62	0.555556	geometry	2M	In the plane, a set of points \( P \) is chosen such that no three points are collinear. For each pair of points \( (A, B) \) in \( P \), let \( f(A, B) \) be the minimum distance between a point in \( P \) and the line segment \( AB \). D...
63	0.444444	number_theory	3	Find all positive integers \( n \) such that the equation \[ x^3 + y^3 + z^3 = nxyz \] has a solution in positive integers \( x, y, z \) where \( x, y, z \) are pairwise coprime.
64	0.555556	geometry	O	Let $ABC$ be a triangle with circumcircle $\Gamma$. Let $D$ be a point on the minor arc $AB$ of $\Gamma$. The line through $D$ parallel to $BC$ intersects the line $AC$ at $E$. The line through $D$ parallel to $AC$ intersects the line $BC$...
65	0.777778	geometry	126	A convex hexagon has internal angles that are in arithmetic progression, with the smallest angle being 120 degrees and the largest angle being 150 degrees. Find the measure of the smallest angle of the hexagon that is not an endpoint of th...
66	0.555556	number_theory	1	Find all positive integers \( n \) such that there exists a function \( f : \mathbb{Z} \to \{1, 2, \ldots, n\} \) satisfying the following conditions: 1. For all integers \( a \) and \( b \), \( f(a + b) = f(ab) \). 2. The function \( f \)...
67	0.333333	geometry	48	Let $ABC$ be an acute triangle with circumcenter $O$ and orthocenter $H$. Points $D$ and $E$ are chosen on sides $AB$ and $AC$ respectively such that $\angle AOD = \angle AOE = 90^\circ$. Let $P$ be the intersection of lines $DE$ and $BC$....
68	0.555556	geometry	1	In a finite-dimensional vector space \( V \) over the field of real numbers \( \mathbb{R} \), let \( T: V \to V \) be a linear transformation. Suppose there exists a basis \( \mathcal{B} = \{v_1, v_2, \ldots, v_n\} \) of \( V \) such that ...
69	0.444444	number_theory	x	Let \( p \) be a prime number greater than 3. Consider the polynomial \( P(x) = x^p + x^2 + 1 \). Prove that there exists at least one integer \( x \) such that \( P(x) \) is divisible by \( p^2 \).
70	0.777778	algebra	f(x) = 0	Let \( f: \mathbb{R} \to \mathbb{R} \) be a continuous function such that \( f(x) = f(2x) + f(x-1) \) for all \( x \in \mathbb{R} \). Prove that \( f(x) = 0 \) for all \( x \in \mathbb{R} \). Find all such functions \( f \).
71	0.333333	geometry	1, 9	Find all positive integers \( n \) such that \( n \) divides \( 2^n + 1 \) and \( n \) is a perfect square.
72	0.555556	number_theory	11	What is the sum of the digits of the largest three-digit number \( N \) such that \( N \) is divisible by 11 and the sum of its digits is equal to 11?
73	0.444444	logic_puzzle	43680	Consider a 4x4 grid, with four rows and four columns. Each cell in the grid can be either black or white. A configuration of the grid is called "unique" if there are no two distinct rows that have the same pattern of black and white cells,...
74	0.333333	geometry	2	In the complex plane, consider three points \(A\), \(B\), and \(C\) such that \(A = 1 + i\), \(B = -1 - i\), and \(C\) lies on the unit circle. If \(C\) is chosen so that the area of triangle \(ABC\) is maximized, determine the coordinates...
75	0.444444	geometry	\frac{2A}{3\sqrt{3}}	A regular hexagon is inscribed in a circle of radius \(r\). Each side of the hexagon is then divided into three equal segments. Triangles are constructed outside the hexagon such that each triangle's base is one of these segments and its a...
76	0.444444	number_theory	1	Find all positive integers \( n \) such that there exists a polynomial \( P(x) \) with integer coefficients satisfying \[ P(1) = n, \quad P(2) = 2n, \quad P(3) = 3n, \quad \text{and} \quad P(4) = 4n. \]
77	0.555556	number_theory	7	What is the minimum number of positive integers less than 2023 that must be selected so that some three of them have a sum that is a multiple of 3?
78	0.555556	geometry	0	Find all positive integers \( n \) such that \( n^3 + 2n^2 + 2n + 1 \) is a perfect square.
79	0.333333	number_theory	2	A set of integers \( S \) is defined such that for every \( n \in S \), the set \( S \) satisfies the property that \( n + k \) is also in \( S \) for all \( k \in S \) where \( n + k < 2024 \). Given that the sum of all elements in \( S \...
80	0.444444	geometry	-15, -6, 1, 10	Find all integers $n$ such that $n^2 + 5n + 19$ is the square of a prime number.
81	0.333333	number_theory	22	Find the smallest positive integer \( n \) such that the number of divisors of \( n \) is equal to the sum of the digits of \( n \), and \( n \) can be expressed as the sum of two positive integers in exactly three different ways where eac...
82	0.333333	geometry	4	In a triangular park, three paths form the sides of the triangle. The length of the path from A to B is 15 meters, from B to C is 20 meters, and from C to A is 25 meters. A fountain is placed at the centroid of the triangle. Calculate the ...
83	0.444444	algebra	\sqrt{\frac{2}{3}} s	In a regular tetrahedron, the vertices are labeled A, B, C, and D. A point P is chosen inside the tetrahedron such that the sum of the distances from P to the faces is a constant. If the side length of the tetrahedron is \( s \), find the ...
84	0.333333	geometry	\frac{1}{3}	Let \( S \) be the set of all non-degenerate triangles with integer side lengths and a perimeter of 12. Determine the number of such triangles \( S \) that have an area that is an integer, and express your answer as a fraction of the total...
85	0.555556	geometry	s	Given a regular hexagon $ABCDEF$ with side length $s$, let $P$ be the point inside the hexagon such that $\angle APB = 90^\circ$ and $\angle CPB = 120^\circ$. Find the length of segment $BP$ in terms of $s$.
86	0.666667	number_theory	(1, 2)	Find all pairs of positive integers \((a, b)\) such that \(a^2 + b^2 = 3ab - 1\) and \(a < b\).
87	0.666667	number_theory	1	What is the smallest positive integer $n$ such that $n$ divides the number of ways to arrange 10 distinct books on a shelf, where the books are in such a configuration that no two adjacent books are of the same color if the books are color...
88	0.333333	geometry	0	Find all positive integers \( n \) such that the number \( n^2 + 3n + 2 \) is a perfect square.
89	0.444444	combinatorics	2	In the mystical land of Symmetryville, there exists a peculiar tree known as the Graph Tree. Each day, the tree's leaves rearrange themselves in a unique configuration, forming a graph with $2n$ vertices. The challenge of Symmetryville is ...
90	0.555556	number_theory	0	Find the number of ordered quadruples $(a, b, c, d)$ of positive integers such that $a^2 + b^2 + c^2 + d^2 = 2023$ and $a, b, c, d$ are pairwise relatively prime.
91	0.555556	geometry	14	In the coordinate plane, let $A(0,0)$, $B(14,0)$, and $C(14,14)$ be the vertices of a right triangle $ABC$. A point $P(x,y)$ inside the triangle satisfies the condition that the sum of its distances to the three vertices is minimized. Find...
92	0.500000	combinatorics	7	A regular octahedron has its vertices labeled with the numbers 1 through 8. The octahedron is rotated in space, and you are allowed to rotate it around any of its three axes of symmetry (one through the centers of opposite faces and two th...
93	0.444444	geometry	\frac{\sqrt{6}}{12}	A regular tetrahedron with side length 2 is divided into four congruent pyramids, each having a base that is an equilateral triangle of side length 1. One pyramid is removed, leaving three pyramids. The remaining pyramids are then filled w...
94	0.444444	algebra	0	设 \(f(x)\) 是一个定义在实数集上的连续函数，满足以下性质： 对于所有的 \(x \in \mathbb{R}\)，有 \(f(x) + f(-x) = 2\) 且 \(f(x) > 0\)。 已知 \(f(0) = 1\) 并且 \(f(x)\) 在 \(x=0\) 处可导。 求证：存在唯一一个正实数 \(a\) 使得 \(f(a) = a\)，并计算 \(f'(0)\)。
95	0.666667	number_theory	6	Find all positive integers \( n \) such that the sum of the divisors of \( n \) (including 1 and \( n \) itself) is equal to \( n + \tau(n) + 2 \), where \( \tau(n) \) denotes the number of divisors of \( n \).
96	0.555556	number_theory	2024	A function \( f \) is defined for all positive integers such that \( f(1) = 1 \) and for \( n > 1 \), \( f(n) \) is the smallest integer greater than \( f(n-1) \) that is not a divisor of \( n \). Find the value of \( f(2023) \).
97	0.666667	number_theory	1	In the infinite sequence \(a_n\), where \(a_1 = 1\) and \(a_{n+1} = \frac{1}{2}(a_n + \frac{1}{a_n})\) for all \(n \geq 1\), find the smallest positive integer \(k\) such that \(a_k\) is within \(0.01\) of \(a_{k+1}\). Additionally, prove ...
98	0.777778	number_theory	1	Consider a sequence of positive integers \(a_1, a_2, a_3, \ldots, a_n\) such that each term after the first is the least common multiple (LCM) of the preceding terms. If \(a_1 = 2\) and \(a_{10} = 200\), find the number of possible values ...
99	0.555556	number_theory	2023	Consider a sequence of positive integers \(a_1, a_2, a_3, \ldots\) where \(a_1 = 1\) and for all positive integers \(n\), \(a_{n+1}\) is the smallest integer greater than \(a_n\) such that the set \(\{a_1, a_2, \ldots, a_{n+1}\}\) does not...
100	0.555556	algebra	3^{100} - 1	Let \( f: \mathbb{R} \to \mathbb{R} \) be a continuous function such that for all real numbers \( x \) and \( y \), \[ f(x+y) = f(x) \cdot f(y) + f(x) + f(y). \] Given that \( f(1) = 2 \), find the value of \( f(100) \).
101	0.333333	geometry	25\sqrt{3}	Let $ABC$ be an isosceles triangle with $AB = AC$. The angle bisectors of $\angle BAC$ and $\angle ABC$ intersect at point $D$. If $AD = 2BD$ and $BC = 10$, find the area of triangle $ABC$.
102	0.555556	number_theory	\frac{5}{3}	Find all real numbers \( x \) such that the expression \( \sqrt{x - \sqrt{x + 1}} + \sqrt{x + \sqrt{x + 1}} \) is an integer. Justify your answer.
103	0.444444	geometry	6	In triangle \(ABC\), the angles satisfy \(\angle A + \angle B = 3\angle C\). Let \(D\) be a point on side \(BC\) such that \(\angle BAD = \angle CAD\). The circumcircle of \(\triangle ABD\) intersects line \(AC\) again at point \(E\). If \...
104	0.333333	number_theory	6	Let \( f(x) \) be a polynomial of degree 4 with integer coefficients such that \( f(1) = 10 \), \( f(2) = 20 \), and \( f(3) = 30 \). Determine the sum of the roots of the equation \( f(x) = 0 \). Given that the polynomial \( f(x) \) satis...
105	0.444444	combinatorics	2	In a game, a player starts with a single token and can perform the following moves: 1. Add 1 token to the current total. 2. Double the current total number of tokens. If the player can only make a total of 5 moves, how many different ways ...
106	0.444444	geometry	6	In triangle $ABC$, point $D$ is on side $BC$ such that $BD = 2CD$. Point $E$ is on side $AC$ such that $AE = \frac{2}{3}EC$. The line segment $AD$ intersects the line segment $BE$ at point $F$. If the area of triangle $ABC$ is 18, find the...
107	0.333333	geometry	1	Find all positive integers \( n \) such that there exists a sequence \( a_1, a_2, \ldots, a_n \) of positive integers satisfying the following conditions: 1. \( a_1 = 1 \) and \( a_n = n \), 2. For each \( k = 1, 2, \ldots, n-1 \), \( a_{k...
108	0.333333	number_theory	2023	Let \( f(x) \) be a polynomial with integer coefficients such that \( f(1) = 2024 \) and \( f(2024) = 1 \). Determine the largest possible value of \( |f(2023)| \).
109	0.666667	algebra	2	In the complex plane, let \( z \) be a root of the equation \[ z^{10} - z^6 + z^2 - 1 = 0 \] which satisfies \( \operatorname{Re}(z) > 0 \) and \( \operatorname{Im}(z) > 0 \). Find the value of \( \left| z^4 + z^{-4} \right| \).
110	0.666667	number_theory	1	Find all positive integers \( n \) such that \( n^3 + n^2 + n + 1 \) divides \( 3n^3 + 2n^2 + 3n + 2 \).
111	0.444444	geometry	2^{67}	In a small town, there are 100 houses arranged in a circle. Each house is painted one of three colors: red, blue, or green. The town council decides that no two adjacent houses can have the same color. Moreover, every third house, starting...
112	0.555556	algebra	2	Let \( f(x) \) be a polynomial with real coefficients such that \( f(x) \) has a degree of \( 4 \) and satisfies the equation \( f(x) = f(2 - x) \) for all real numbers \( x \). Given that \( f(x) \) has a root at \( x = 1 \), determine th...
113	0.444444	number_theory	(0, 0, 0)	Find all triples of integers \((a, b, c)\) such that \(a^2 + b^2 + c^2 = ab + bc + ca + 1\), and each of \(a\), \(b\), and \(c\) is a multiple of 7.
114	0.333333	number_theory	2	Let \( P(x) \) be a polynomial of degree 5 with integer coefficients such that \( P(1) = 2 \) and \( P(2) = 3 \). Additionally, suppose that \( P(x) \) has exactly one real root and this root is an irrational number. Determine the number o...
115	0.444444	other	4	泰迪熊小镇的街道呈正方形网格布局，每个街区的边长均为一英里。泰迪需要从家出发，经过至少两个不同的街区，回家。泰迪最多可以走多少英里才能回到家中？
116	0.333333	geometry	1	Find all positive integers \( n \) such that \( n \) divides the sum of the squares of the first \( n \) natural numbers. That is, find all \( n \) such that \( n \mid (1^2 + 2^2 + \cdots + n^2) \).
117	0.777778	geometry	1	A sequence of positive integers \( a_1, a_2, a_3, \ldots \) is defined recursively by: \[ a_{n+1} = a_n^2 - a_{n-1}^2 + n^2 \] for \( n \geq 2 \), with initial conditions \( a_1 = 1 \) and \( a_2 = 2 \). Determine the smallest positive int...
118	0.333333	geometry	\frac{\sqrt{3}}{2}	Let \( ABC \) be an equilateral triangle with side length 1. Points \( D \) and \( E \) are chosen on sides \( AB \) and \( AC \) respectively such that \( AD = AE \). The line through \( D \) perpendicular to \( AB \) intersects the line ...
119	0.666667	number_theory	10	A finite sequence of positive integers starts with a 1 and ends with a 2. The sequence has the property that every number except the first one is the sum of the preceding number and the number that follows it. For instance, a sequence coul...
120	0.555556	number_theory	541	Consider a sequence of positive integers where each term after the first two is the smallest integer greater than the previous term that is relatively prime to all the preceding terms. What is the 100th term of this sequence?
121	0.555556	geometry	999	Let \( S \) be the set of all positive integers. Consider a function \( f: S \to S \) defined by the rule: \[ f(n) = n^2 + 2n + 1. \] Define \( T \) as the set of all \( n \in S \) such that \( f(n) \) is a perfect square. Find the number ...
122	0.333333	number_theory	3	Find all positive integers \( n \) such that the polynomial \( P(x) = x^n + x^{n-1} + \cdots + x + 1 \) can be written as the product of two non-constant polynomials with integer coefficients.
123	0.777778	geometry	\frac{n(n-1)(n-2)}{6}	In the plane, consider a set of \( n \) distinct points \( P_1, P_2, \ldots, P_n \), where no three points are collinear. Define a "triangular region" as the interior of a triangle formed by three of these points. What is the maximum possi...
124	0.666667	number_theory	102	Let \( S \) be the set of all positive integers that can be expressed as the sum of three distinct positive integers, each of which is a prime number. If \( n \) is the smallest element in \( S \) that is greater than 100, find \( n \) and...
125	0.333333	geometry	\dfrac{56}{5}	In a circle with center \(O\), let \(AB\) and \(CD\) be two chords intersecting at a point \(P\) inside the circle. Suppose \(AP = 3\), \(BP = 7\), and \(CP = 5\). If \(DP\) is extended to meet the circle again at \(Q\), find the length of...
126	0.555556	number_theory	2045253	Let \( f: \mathbb{Z} \rightarrow \mathbb{Z} \) be a function satisfying the following properties for all integers \( n \): 1. \( f(n) + f(n+1) = n^2 \) 2. \( f(n) + f(n+2) = (n+1)^2 \) 3. \( f(0) = 0 \) Find \( f(2023) \).
127	0.666667	algebra	1	Let \( f(x) \) be a function defined on the interval \([0,1]\) such that for all \( x \in [0,1] \), the following inequality holds: \[ f(x)^2 + f(1-x) \geq 1. \] Determine the maximum possible value of \( \int_0^1 f(x) \, dx \).
128	0.555556	number_theory	100	What is the minimum possible value of the expression \(a^2 + ab + b^2\) for integers \(a\) and \(b\) such that \(|a| + |b| = 20\)?
129	0.555556	number_theory	p - 1	Let $p$ be a prime number greater than 3. Define $a_n = p^{n+1} - p^n$ for all $n \geq 1$. Prove that for all $n$, the sum of the digits of $a_n$ is a multiple of $p-1$.
130	0.555556	geometry	448	Let $S$ be the set of all positive integers $n$ such that $n^2 + 12n - 2007$ is a perfect square. Find the sum of all elements in $S$ that are less than 1000.
131	0.444444	number_theory	2	A sequence of positive integers \(a_1, a_2, a_3, \ldots\) is defined by the following rules: 1. \(a_1 = 1\) 2. For \(n \geq 1\), \(a_{n+1} = a_n^2 + 2\) Find the number of positive divisors of \(a_{2024}\).
132	0.333333	number_theory	15	Find the smallest positive integer \( n \) such that the polynomial \( P(x) = x^n + x^{n-1} + \cdots + x + 1 \) is divisible by \( x^2 + 1 \) and \( n \) is a multiple of both 3 and 5.
133	0.555556	number_theory	2^n	Let \( S \) be a set of \( n \) distinct positive integers. Define a **good subset** of \( S \) as a subset where no element divides any other element in the subset. For example, in the set \( \{1, 2, 3, 4\} \), the subsets \( \{2, 3\} \) ...
134	0.333333	number_theory	98	Let \( f(n) \) be the number of ways to write \( n \) as a sum of positive integers, where the order of the summands does not matter. For example, \( f(3) = 3 \) because \( 3 = 3 \), \( 3 = 2+1 \), and \( 3 = 1+2 \) are the only ways to wr...
135	0.444444	number_theory	0	Let $S$ be the set of all positive integers $n$ such that $\frac{n^3 + 2n^2 + n + 1}{n^2 + n + 1}$ is an integer. Find the sum of all elements in $S$.
136	0.333333	algebra	100	设 \( f(x) \) 是一个从正整数到正整数的函数，满足对于所有正整数 \( x \)，\( f(x+1) = f(x) + f(\sqrt{x}) \)，且 \( f(1) = 1 \)。求 \( f(100) \)。
137	0.555556	number_theory	2	Find all positive integers \( n \) such that there exist positive integers \( a_1, a_2, \ldots, a_n \) satisfying the following conditions: 1. \( a_1 + a_2 + \cdots + a_n = 2023 \), 2. \( a_1^2 + a_2^2 + \cdots + a_n^2 = 2023^2 - 1 \).
138	0.444444	number_theory	6	Consider a sequence of positive integers \(a_1, a_2, a_3, \ldots, a_n\) such that the sum of any three consecutive terms is always a prime number. If \(a_1 = 2\), \(a_2 = 3\), and \(a_3 = 5\), find the smallest possible value of \(n\) for ...
139	0.444444	number_theory	2	Find all positive integers \( n \) such that the equation \( \sigma(n) = 2n - 1 \) holds, where \( \sigma(n) \) denotes the sum of the divisors of \( n \). Additionally, prove that for such \( n \), the number of distinct prime factors of ...
140	0.666667	geometry	100	Let $ABC$ be a triangle with $AB = AC$ and $\angle BAC = 20^\circ$. Point $D$ lies on segment $BC$ such that $BD = AC$. Point $E$ lies on segment $AD$ such that $\angle BED = 60^\circ$. Determine the measure of $\angle AEC$.
141	0.333333	number_theory	2	Find all positive integers \( n \) such that the polynomial \( P(x) = x^n + nx + 1 \) is divisible by \( Q(x) = x^2 - x - 1 \).
142	0.333333	algebra	\frac{\pi}{2}	Find all real solutions to the equation \[ \sin(x) \cdot \cos(x) = \frac{1}{4} \sin(2x) \] in the interval \([0, 2\pi]\). Prove that there exists a unique real number \( a \) such that the equation \[ \sin(a) \cdot \cos(a) = \frac{1}{4} \s...
143	0.333333	geometry	\frac{\sqrt{3}}{6}	A tetrahedron has vertices at the points $(0,0,0)$, $(1,0,0)$, $(0,1,0)$, and $(0,0,1)$. Find the radius of the sphere that is tangent to all four faces of the tetrahedron.
144	0.666667	number_theory	10	Let \( S \) be the set of all positive integers \( n \) such that there exists a sequence \( a_1, a_2, \ldots, a_n \) of distinct positive integers satisfying the following condition: For any \( k \) with \( 1 \leq k \leq n \), the sum of ...
145	0.666667	number_theory	3	A sequence of integers \(a_1, a_2, a_3, \ldots, a_n\) is defined as follows: \(a_1 = 1\) and for each \(k \geq 2\), \(a_k\) is the smallest positive integer such that for all \(i < k\), the sum \(a_i + a_k\) is not divisible by 3. Find the...
146	0.444444	geometry	20	Let \(ABC\) be an isosceles triangle with \(AB = AC\). A circle centered at \(C\) with radius \(CA\) intersects the extension of \(AB\) beyond \(A\) at point \(D\). The perpendicular from \(D\) to \(AB\) meets \(AC\) at \(E\). If \(BD = 20...
147	0.333333	number_theory	100	Let $P(x)$ be a polynomial with integer coefficients such that $P(100) = 100$, and for every integer $n$, $P(n)$ divides $n^4 + n^2 + 1$. Find the largest possible value of $P(0)$.
148	0.666667	geometry	2R	Let \( ABCD \) be a cyclic quadrilateral with circumradius \( R \) and area \( K \). Suppose that the diagonals \( AC \) and \( BD \) intersect at point \( P \), and let \( M \) and \( N \) be the midpoints of \( AB \) and \( CD \) respect...
149	0.555556	number_theory	94	Find the smallest positive integer \( n \) such that the equation \[ \left\lfloor \frac{n}{2} \right\rfloor + \left\lfloor \frac{n}{3} \right\rfloor + \left\lfloor \frac{n}{4} \right\rfloor = 100 \] has no solution.
150	0.444444	number_theory	p_{2023}	In a sequence of numbers, each term is the product of the previous term and an increasing prime number, starting with 2 and ending with the 2023rd prime number. What is the largest prime factor of the 2023rd term in this sequence?
151	0.777778	algebra	1	Let \( f: \mathbb{R} \rightarrow \mathbb{R} \) be a function such that for all real numbers \( x \) and \( y \), \( f(x + f(y)) = f(x) + f(y) + 2xy \). If \( f \) is continuous and \( f(0) = 0 \), determine the number of possible values fo...
152	0.555556	geometry	0	In the complex plane, consider the polynomial $P(z) = z^6 + 6az^5 + (10a^2 + b)z^4 + (10a^3 + 6ab)z^3 + (10a^4 + 6a^2b + b^2)z^2 + (6a^5 + 5a^3b + a^2b^2)z + a^6$ where $a$ and $b$ are complex numbers. If all the roots of $P(z)$ lie on the...
153	0.555556	number_theory	5	Consider a sequence of positive integers \(a_1, a_2, a_3, \ldots\) defined by the recurrence relation \(a_{n+1} = 3a_n + 2\) for \(n \geq 1\), with \(a_1 = 1\). Define a new sequence \(b_n\) as the number of distinct prime factors of \(a_n...
154	0.444444	algebra	2	Let $f(x)$ be a function defined for all $x \geq 0$ such that $f(0) = 1$ and for all $x \geq 0$, the following holds: \[f'(x) = \frac{1}{x + 1} \cdot f(x)^2.\] If $f(1) = 2$, find the value of $f(2) + \frac{1}{f(2)}$.
155	0.666667	geometry	\frac{3}{2}	A regular hexagon \( ABCDEF \) has side length \( 1 \). Point \( G \) is the midpoint of side \( AB \), and point \( H \) is the midpoint of side \( CD \). The line segment \( GH \) is extended to intersect the extension of side \( DE \) a...
156	0.444444	algebra	\frac{6}{5}	Let $P(x)$ be a polynomial of degree 4 such that $P(n) = \frac{1}{n}$ for $n = 1, 2, 3, 4$. Find $P(5)$.
157	0.555556	number_theory	\infty	Let \( S \) be the set of all functions \( f: \mathbb{Z} \to \mathbb{Z} \) such that for any integers \( a, b, c \) with \( a + b + c = 0 \), the equation \( f(a) + f(b) + f(c) = 0 \) holds. Find the number of functions in \( S \).
158	0.333333	geometry	1 - \frac{\pi}{4}	A circle is inscribed in a square with side length 10 units. A point P is chosen at random inside the square. What is the probability that the distance from P to the closest side of the square is greater than the distance from P to the cir...
159	0.333333	number_theory	300	A sequence of positive integers \( a_1, a_2, a_3, \ldots \) is defined by the following properties: 1. \( a_1 = 1 \). 2. For \( n \geq 2 \), \( a_n \) is the smallest positive integer such that \( a_n \) does not divide \( a_1 + a_2 + \cdo...
160	0.333333	geometry	\pi (r^2 - d^2)	Given a circle with radius \( r \) and a point \( P \) inside the circle such that the distance from \( P \) to the center of the circle is \( d \) where \( 0 < d < r \), consider the set of all chords passing through \( P \). Let \( A \) ...
161	0.444444	number_theory	m	Let $f(x)$ be a polynomial with real coefficients such that $f(0) = 1$ and for every positive integer $n$, the polynomial $f(x^n)$ has exactly $n$ distinct real roots. Prove that there exists a positive integer $m$ such that $f(x) = x^m$.
162	0.777778	number_theory	3	Find the smallest positive integer \( n \) such that the equation \( x^2 + y^2 + z^2 = nxyz \) has a solution in positive integers \( x, y, \) and \( z \).
163	0.555556	algebra	f(x) = 2	Determine all continuous functions \( f: \mathbb{R} \to \mathbb{R} \) such that for all real numbers \( x \) and \( y \), the following equation holds: \[ f(x + y) = f(x) + f(y) - 2f(xy) + 2. \]
164	0.333333	number_theory	2	Find all positive integers \( n \) such that the polynomial \( P(x) = x^n + x^{n-1} + \cdots + x + 1 \) has a root that is also a root of its derivative \( P'(x) \).
165	0.777778	geometry	3	What is the smallest positive integer \( n \) such that \( n^3 - 27 \) can be expressed as a sum of two non-negative perfect squares?
166	0.777778	number_theory	10	Find the smallest positive integer \( n \) such that \( n^{111} \) has exactly 111 digits in base 10.
167	0.444444	geometry	2	In a mystical forest, there are $n$ distinct magical trees, each producing a unique kind of fruit. The forest spirit has devised a game where participants must collect fruits from these trees. The game has the following rules: 1. Each part...
168	0.333333	geometry	5	Let $ABC$ be an acute-angled triangle with circumcircle $\Gamma$. Let $P$ be a point inside $\triangle ABC$ such that $\angle PAB = \angle PBC = \angle PCA$. The line through $P$ parallel to $BC$ intersects $AC$ at $D$, and the line throug...
169	0.555556	number_theory	7	Let $S$ be the set of all positive integers $n$ such that $n$ can be expressed as $n = a^2 + b^2 + c^2 + d^2$ for some positive integers $a, b, c,$ and $d$. Determine the smallest positive integer $k$ such that $k$ is not in $S$, and for e...
170	0.333333	other	0	设 \(D\) 为曲线 \(r = 1 + \sin(\theta)\) 和 \(r = 1 - \sin(\theta)\) 所围成的区域。计算函数 \(f(r, \theta) = r^2 \cos(\theta)\) 在区域 \(D\) 上的双重积分 \(\iint_D f(r, \theta) \, dA\)。
171	0.555556	number_theory	(3, 2)	Find all prime numbers \( p \) and \( q \) such that the equation \( p^2 - q^2 + 1 = p + q \) holds. Express your answer in the form of an ordered pair \((p, q)\).
172	0.777778	number_theory	N	Let $a$, $b$, and $c$ be positive integers such that $a < b < c$. Define the sequence $(x_n)$ as follows: $$ x_n = \frac{a^n + b^n + c^n}{a^n + b^n + c^{n+1}} $$ Prove that there exists a positive integer $N$ such that for all $n \geq N$, ...
173	0.666667	geometry	1	Find all positive integers $n$ such that the sum of the first $n$ terms of the sequence defined by $a_k = 3^k + 2k$ is a perfect square.
174	0.555556	algebra	50	Let \( f(x) \) be a polynomial of degree 3 such that \( f(1) = 10, f(2) = 20, f(3) = 30, \) and \( f(4) = 40 \). Find the value of \( f(5) \).
175	0.444444	number_theory	2	Find all positive integers \( n \) such that the polynomial \( P(x) = x^n + (x+2)^n + 2^n \) has no real roots.
176	0.333333	number_theory	(0, 3, 5), (3, 0, 5), (1, 1, 0)	Find all integer solutions to the equation \( x^3 + y^3 = z^2 + 2 \), where \( x, y, \) and \( z \) are non-negative integers.
177	0.444444	geometry	4\pi	In the complex plane, let $A$, $B$, and $C$ be the points represented by the complex numbers $1$, $1 + i$, and $-i$, respectively. A point $P$ moves around a circle centered at $A$ with radius $1$. For each position of $P$, let $Q$ be the ...
178	0.444444	number_theory	100	Consider a sequence of positive integers \( a_1, a_2, a_3, \ldots, a_{100} \) such that for each \( n \) from 1 to 100, \( a_n \) is the smallest integer greater than \( a_{n-1} \) that satisfies the condition that the sum of the digits of...
179	0.444444	geometry	84	A convex quadrilateral \( ABCD \) has sides \( AB = 5 \), \( BC = 7 \), \( CD = 9 \), and \( DA = 11 \). The diagonals \( AC \) and \( BD \) intersect at point \( E \) such that \( AE : EC = 2 : 3 \) and \( BE : ED = 3 : 2 \). Find the are...
180	0.444444	number_theory	1	Let \( S \) be the set of all positive integers \( n \) for which there exists a positive integer \( k \) such that the polynomial \( P(x) = x^k + n \) has at least one root in the set of rational numbers. Determine the smallest positive i...
181	0.333333	number_theory	(1, 1)	Find all pairs of positive integers $(x, y)$ such that: \[ x^3 + 2y^3 = 3(x^2 y + y^2 x). \]
182	0.333333	combinatorics	\frac{20}{729}	In the complex plane, consider a regular heptagon \(ABCDEFG\) with vertices at \(1, 2, 3, 4, 5, 6,\) and \(7\), respectively. A particle moves from vertex \(1\) to vertex \(7\) by jumping along the edges of the heptagon in a fixed order. E...
183	0.444444	geometry	0	Let \( S \) be the set of all integers \( n \) such that \( 100 \leq n \leq 200 \). For each \( n \in S \), consider the polynomial \( P_n(x) = x^2 + nx + 100 \). Find the sum of all distinct values of \( x \) for which \( P_n(x) \) is a p...
184	0.777778	number_theory	2	Let \( f(x) \) be a polynomial with integer coefficients such that \( f(0) = 0 \) and \( f(1) = 1 \). For each positive integer \( n \), let \( S_n \) be the set of all positive integers \( k \) such that \( f(k) \equiv 0 \pmod{n} \). Find...
185	0.333333	number_theory	500	Consider a polynomial \( P(x) \) with integer coefficients such that \( P(0) = 1 \) and \( P(1) = 3 \). Let \( n \) be the smallest positive integer such that \( P(n) \) is divisible by 1000. Determine the remainder when \( n \) is divided...
186	0.666667	number_theory	2	Find the smallest positive integer \( n \) such that the polynomial \( P(x) = x^6 - 4x^3 + 4 \) is divisible by the polynomial \( Q(x) = x^2 + x + 1 \) raised to the power \( n \).
187	0.666667	geometry	(3, 4, 5)	Find all triples of positive integers \((a, b, c)\) such that \(a^2 + b^2 = c^2\) and \(a^2 + b^2 + c^2\) is divisible by 5. Additionally, prove that there exists at least one such triple where \(a, b,\) and \(c\) form the sides of a right...
188	0.444444	number_theory	1	Let \( S \) be the set of all polynomials \( P(x) \) with real coefficients such that \( P(0) = 0 \) and for every integer \( n \geq 1 \), the polynomial \( P(x) \) has \( n \) distinct real roots. Determine the maximum possible number of ...
189	0.444444	algebra	3	Let $a,$ $b,$ $c$ be the roots of the polynomial $x^3 - 3x^2 + 4x - 1 = 0.$ Compute the value of \[ \sum_{cyc} \frac{a^3 + 1}{a^2 + 1}. \]
190	0.444444	number_theory	1	Find all positive integers \( n \) such that there exist \( n \) distinct positive integers \( a_1, a_2, \ldots, a_n \) satisfying the following conditions: 1. For any two distinct integers \( i \) and \( j \) from \( 1 \) to \( n \), \( a...
191	0.444444	combinatorics	n!	In how many ways can you arrange \( n \) distinct books on a shelf if exactly \( k \) of them must be placed at the ends of the shelf, where \( 1 \leq k \leq n \)?
192	0.333333	geometry	1	Let $S$ be the set of all positive integers that can be expressed as the sum of two distinct positive perfect squares. Find the smallest positive integer $n$ such that $n$ is not in $S$ and there exist distinct positive integers $a$ and $b...
193	0.777778	number_theory	1	Find all positive integers $n$ such that the equation \[x^4 - 4x^3 + 6x^2 - 4x + n = 0\] has four distinct real roots that form an arithmetic sequence. Prove that there are no other such integers $n$.
194	0.555556	number_theory	m	Let \( f: \mathbb{R} \to \mathbb{R} \) be a continuous function such that for every positive integer \( n \), the function \( f^n(x) = f(f(\ldots f(x) \ldots)) \) (composed \( n \) times) has exactly \( n \) distinct fixed points in the in...
195	0.777778	number_theory	50	Consider a set of integers from 1 to 100. A subset is chosen such that no two elements differ by exactly 3 or 7. What is the maximum number of elements in such a subset?
196	0.555556	number_theory	10080	Find the smallest positive integer \( n \) such that \( 2^n - 1 \) is divisible by both \( 2015 \) and \( 2017 \).
197	0.555556	number_theory	51	Let \( f(x) \) be a polynomial with integer coefficients such that \( f(1) = 3 \) and \( f(3) = 7 \). If \( f(x) \) has a root at \( x = 2 \), find the smallest possible positive value of \( f(5) \).
198	0.333333	geometry	6	Let \( ABC \) be a triangle with \( AB = AC \). Let \( D \) be a point on \( BC \) such that \( BD = 2 \) and \( DC = 1 \). Let \( E \) be a point on \( AD \) such that \( AE = 3 \). If \( BE = \sqrt{13} \), find the area of \( \triangle A...
199	0.666667	algebra	f(x) = 1 + x	Let \( f: \mathbb{R} \to \mathbb{R} \) be a function that is continuous on \(\mathbb{R}\) and satisfies the condition: \[ f(x + y) = f(x)f(y) - f(x) + f(y) - xy \] for all real numbers \( x \) and \( y \). Prove that \( f(x) = 1 + x \) for...
200	0.444444	number_theory	1	Find all positive integers \( n \) for which there exists a positive integer \( k \) such that both \( n \) and \( n^2 + k \) are powers of 2 and \( k \) is a prime number.
201	0.555556	number_theory	(1, 1, 1)	Find all triples of positive integers \((a, b, c)\) such that \[ a^2 + b^2 + c^2 = 3abc + 1. \]
202	0.666667	algebra	10	Let \( f: \mathbb{R} \to \mathbb{R} \) be a function that satisfies the following properties: 1. \( f(x + y) = f(x) + f(y) \) for all \( x, y \in \mathbb{R} \). 2. \( f(1) = 2 \). 3. \( f(x^2) = f(x)^2 \) for all \( x \in \mathbb{R} \). Fi...
203	0.555556	number_theory	499	Let $S$ be the set of all positive integers $n$ for which there exists a positive integer $k$ such that the product of all positive integers from $1$ to $n$ (denoted as $n!$) is divisible by $2^k$. Find the remainder when the sum of all el...
204	0.333333	number_theory	20!	Consider a sequence of positive integers \(a_1, a_2, \ldots, a_n\) where each \(a_i\) is distinct and satisfies the condition \(a_i \leq i\). Define the function \(f(n)\) as the number of such sequences. Find the value of \(f(20)\).
205	0.333333	geometry	2	In the coordinate plane, consider the region defined by the inequalities $0 \leq x \leq 1$, $0 \leq y \leq 1$, and $x + y \geq 0.5$. Let $S$ be the set of all points $(x, y)$ in this region such that $x$ and $y$ are both rational numbers a...
206	0.444444	geometry	36	Let \( P \) be a point inside an equilateral triangle \( ABC \) with side length \( 6 \). The distances from \( P \) to the sides \( BC, CA, \) and \( AB \) are \( d_1, d_2, \) and \( d_3 \) respectively. If \( d_1 + d_2 + d_3 = 6 \), find...
207	0.666667	number_theory	2023	A sequence of positive integers \((a_n)\) is defined recursively by \(a_1 = 1\), \(a_2 = 2\), and \(a_{n+2} = a_{n+1} + a_n\) for all \(n \geq 1\). For a positive integer \(k\), let \(S_k\) be the set of all \(n\) such that \(a_n\) is divi...
208	0.333333	number_theory	5	Find the smallest positive integer \( n \) such that the polynomial \( P(x) = x^4 - nx^3 + (n+1)x^2 - nx + 1 \) has all its roots as real numbers.
209	0.333333	number_theory	4	In the complex plane, let \( z \) be a complex number such that \( |z| = 1 \) and \( \arg(z) = \theta \). Define a sequence \( \{z_n\} \) by \( z_1 = z \) and \( z_{n+1} = z_n^2 + i \) for \( n \geq 1 \). Find the smallest positive integer...
210	0.333333	geometry	\frac{\sqrt{1189}}{5}	Let $ABC$ be a triangle with $AB = 13$, $BC = 14$, and $CA = 15$. Let $D$ be the foot of the altitude from $A$ to $BC$, and let $E$ be the midpoint of $AD$. If $P$ is a point on segment $BC$ such that $BP:PC = 3:2$, find the length of $EP$.
211	0.777778	combinatorics	500	In a magical forest, there are 1000 unique trees. Each tree has a number of fruits ranging from 1 to 1000, with no two trees having the same number of fruits. A group of 10 elves wants to select a subset of these trees such that no tree in...
212	0.333333	geometry	4	Let \( f(n) \) be a function defined on the positive integers such that \( f(1) = 1 \) and for all positive integers \( n \), \[ f(n+1) = f(n) + \left\lfloor \sqrt{f(n)} \right\rfloor. \] Find the smallest positive integer \( n \) for whic...
213	0.444444	number_theory	5	Find the smallest positive integer \( n \) such that the polynomial \( P(x) = x^n + x^{n-1} + \cdots + x + 1 \) is divisible by \( Q(x) = x^5 + 1 \).
214	0.333333	geometry	2047276	A sequence of integers $a_1, a_2, a_3, \dots$ is defined by $a_1 = 1$ and for $n \geq 1$, $a_{n+1}$ is the smallest positive integer such that $a_{n+1} > a_n$ and the sum $a_{n+1} + a_n$ is a perfect square. Find the value of $a_{2023}$.
215	0.666667	geometry	2	In a small town, there are 10 houses arranged in a circle. Each house is painted either blue or green. It is known that no two adjacent houses are painted the same color. How many different ways can the houses be painted such that the firs...
216	0.555556	number_theory	5	A sequence of positive integers \(a_1, a_2, a_3, \ldots, a_{10}\) is defined such that for all \(i\) from 1 to 9, \(a_{i+1}\) is the smallest positive integer greater than \(a_i\) that is coprime with \(a_i\). Given that \(a_1 = 2\) and \(...
217	0.666667	geometry	8	Let \( ABCD \) be a cyclic quadrilateral with \( AB = 3 \), \( BC = 4 \), \( CD = 5 \), and \( DA = 6 \). Let \( E \) be a point on the arc \( BC \) of the circumcircle of \( ABCD \) that does not contain \( A \). Given that \( AE = 7 \), ...
218	0.666667	number_theory	3	Find the smallest positive integer \( n \) such that for any \( n \)-element subset \( A \) of the set \(\{1, 2, \ldots, 2n-1\}\), there exist two distinct elements \( a, b \in A \) with \( a + b = 2n \).
219	0.666667	geometry	\infty	Find all real numbers \(x\) such that the series \[ \sum_{n=1}^{\infty} \frac{x^n}{n! + n^k} \] converges for any fixed positive integer \(k\). Determine the convergence radius of the series and identify any exceptional points.
220	0.555556	number_theory	(2, 2)	Find all prime numbers \( p \) and \( q \) such that \( p \) divides \( q^2 + 4 \) and \( q \) divides \( p^2 + 4 \).
221	0.555556	geometry	64	There exists a positive integer $n$ such that there are $n$ distinct integers $a_1, a_2, \ldots, a_n$ satisfying the following conditions: 1. Each $a_i$ is between 1 and 1000 inclusive. 2. For each pair $(i, j)$ with $1 \leq i < j \leq n$,...
222	0.444444	number_theory	3	Let $f(x) = x^3 - 3x + 1$. Define the sequence $a_n = f(n)$ for $n \in \mathbb{Z}^+$, where $\mathbb{Z}^+$ denotes the set of positive integers. If $S$ is the set of all possible values of $k$ for which the equation $a_n = k$ has at least ...
223	0.333333	geometry	\frac{1}{101} \binom{200}{100}	A square grid of side length 100 is divided into 10000 smaller squares of side length 1. Starting from any square, you can move to any adjacent square (sharing a side). How many distinct paths can you take from the bottom-left corner to th...
224	0.777778	geometry	8	Let \( \mathbf{v}_1, \mathbf{v}_2, \mathbf{v}_3 \) be vectors in a four-dimensional vector space \( V \) over the field of real numbers, such that \( \mathbf{v}_1 \) is orthogonal to \( \mathbf{v}_2 \), and \( \mathbf{v}_2 \) is orthogonal...
225	0.555556	number_theory	21	Let \( P(x) \) be a polynomial with integer coefficients such that \( P(0) = 1 \) and \( P(1) = 3 \). Suppose that for every prime \( p \), the number of distinct prime factors of \( P(p) \) is equal to the number of distinct prime factors...
226	0.777778	geometry	2	Find all positive integers \( n \) such that the sum of the squares of the first \( n \) positive integers is divisible by \( n^2 + 1 \).
227	0.444444	geometry	100	In the coordinate plane, let \( A = (0, 0) \) and \( B = (10, 0) \). A point \( P \) moves such that its distance to line \( AB \) is always twice its distance to the y-axis. Find the area enclosed by the path traced by \( P \) and the lin...
228	0.666667	geometry	8	In the complex plane, consider the equation \( z^4 + 16 = 0 \). Let \( z_1, z_2, z_3, z_4 \) be the four roots of this equation. If a regular polygon is formed by connecting these roots in the order \( z_1, z_2, z_3, z_4 \), what is the ar...
229	0.444444	number_theory	1	Find all positive integers \( n \) such that the equation \[ \sum_{k=0}^{n-1} \left( \binom{n}{k} \cdot k! \cdot (n-k)! \right) = 3^n \] holds true. Justify your answer rigorously.
230	0.444444	number_theory	1	Let \( f: \mathbb{Z}^+ \to \mathbb{Z}^+ \) be a function defined by \( f(n) = n^2 + n + 1 \). Find all positive integers \( m \) such that \( f(m) \) divides \( f(f(m)) \).
231	0.666667	number_theory	1, 2	Find all positive integers \( n \) such that \( n \) divides \( \lfloor n/2 \rfloor + 1 \).
232	0.666667	number_theory	10	Let \( f: \mathbb{Z} \rightarrow \mathbb{Z} \) be a function satisfying the following conditions: 1. \( f(f(n)) = n + 2 \) for all integers \( n \), 2. \( f(n + 2) = f(n) + 2 \) for all integers \( n \), 3. \( f(0) = 0 \). Find all possibl...
233	0.333333	combinatorics	30	In a mystical land, there are 5 distinct magical trees, each bearing a unique fruit: apple, banana, cherry, date, and elderberry. A wizard must pick exactly 4 trees each day to prepare a powerful potion. However, the wizard has a peculiar ...
234	0.666667	number_theory	1	Find the smallest positive integer \( n \) such that \( n^{2024} - 1 \) is divisible by \( 2024! \).
235	0.555556	number_theory	16185	Let \( S \) be the set of all integers \( n \) such that \( 1 \leq n \leq 2023 \), and \( n \) is not divisible by \( 3 \) or \( 5 \). For each \( n \in S \), define \( f(n) \) to be the smallest positive integer \( k \) such that the sequ...
236	0.666667	algebra	f(x) = cx^2	Let \( f: \mathbb{R} \to \mathbb{R} \) be a function such that for all real numbers \( x \) and \( y \), the equation \( f(x + y) + f(x - y) = 2f(x) + 2f(y) \) holds. Prove that there exists a real number \( c \) such that \( f(x) = cx^2 \...
237	0.666667	number_theory	50	Find the smallest positive integer \( n \) such that \( n! \) (n factorial) has exactly 12 trailing zeros in its decimal representation. Additionally, determine if \( n \) is a prime number or not.
238	0.444444	number_theory	2	Let \( S \) be the set of all positive integers \( n \) such that \( n \) can be expressed as \( n = a^2 + b^2 + c^2 \) where \( a, b, c \) are positive integers satisfying \( a + b + c = n - 3 \). Determine the number of distinct primes \...
239	0.333333	number_theory	1	A sequence of positive integers \(a_1, a_2, a_3, \ldots\) is defined by \(a_1 = 1\) and \(a_{n+1} = a_n^2 - 2\) for \(n \geq 1\). Find the smallest positive integer \(k\) such that \(a_k\) is divisible by 1000.
240	0.333333	geometry	2	In the coordinate plane, let $P_1^{}=(-1,1), P_2=(1,1), P_3=(-2,-1),$ and $P_4=(2,-1),$ and for $n\geq 5,$ let $P_n=(n, |P_{n-2} P_{n-1}|).$ Can you determine the area of the region enclosed by $\mathcal{R}_1,$ formed by the points $P_n$ (...
241	0.333333	algebra	f(x) = cx	Find all functions \( f: \mathbb{R} \to \mathbb{R} \) such that for all real numbers \( x \) and \( y \), \[ f(x^3) - f(y^3) = (x^2 + xy + y^2)(f(x) - f(y)). \]
242	0.555556	geometry	\frac{100}{3}	In triangle \(ABC\), let \(D\) and \(E\) be points on sides \(AB\) and \(AC\) respectively such that \(DE\) is parallel to \(BC\). Suppose \(AD = 3\), \(DB = 2\), and \(AE = 4\). If the area of triangle \(ADE\) is 12, find the area of tria...
243	0.333333	geometry	1	Let $p$ be a prime number such that $p \equiv 1 \pmod{4}$. Prove that the product of the quadratic non-residues modulo $p$ is a perfect square. Moreover, show that there exists an integer $k$ such that $k^2 \equiv 2 \pmod{p}$ if and only i...
244	0.333333	other	0	在一个边长为1的正方形内部随机选择一个点P，求使得以P为圆心，以P到正方形四边中点距离的最大值为半径的圆完全覆盖该正方形的概率。
245	0.777778	geometry	1	In the complex plane, let \( z \) be a complex number such that \( z \neq 0 \) and \( z^4 = \overline{z} \). How many distinct solutions are there to this equation, and what is the product of all such solutions?
246	0.444444	number_theory	2	Let \( S \) be a set of positive integers such that no element divides any other element of \( S \). Suppose that \( S \) has exactly 2021 elements. Prove that the sum of the reciprocals of all elements in \( S \) is strictly less than 2.
247	0.444444	number_theory	1729	Let \( S \) be the set of all positive integers that can be expressed as the sum of exactly two positive integer cubes, i.e., \( S = \{a^3 + b^3 \mid a, b \in \mathbb{N} \} \). Prove that there exists a positive integer \( n \) such that \...
248	0.333333	number_theory	10	Let $S$ be the set of all positive integers $n$ such that $n$ can be expressed as the sum of distinct powers of 3. For example, $10 = 3^2 + 3^0$ is in $S$. Find the number of elements in $S$ that are less than 1000 and can also be expresse...
249	0.666667	number_theory	4	There exists a magical land where each person has a unique power, represented by a positive integer. On a special day, every person casts a spell that doubles the power of every person who lives in the same village as them. The villagers a...
250	0.555556	number_theory	2023	Let \( f(n) \) be a function defined for all positive integers \( n \) such that \( f(n) \) is the smallest positive integer \( k \) for which the sum of the digits of \( k! \) (k factorial) is divisible by \( n \). Find \( f(2023) \).
251	0.333333	number_theory	3	Let $S$ be the set of all positive integers $n$ such that $n^2 + 1$ is divisible by $n + 1$ and $n - 1$. Find the sum of all elements in $S$ that are less than 1000. Hint: Consider the polynomial division and the properties of the divisors.
252	0.555556	geometry	\frac{3}{4}	In the complex plane, the vertices of an equilateral triangle are represented by the complex numbers \( z_1, z_2, \) and \( z_3 \). If the centroid of the triangle is \( G \), and the center of mass \( M \) of three particles located at \(...
253	0.333333	number_theory	2	Read the following question on the Helicopter door gun camera question and provide an answer in 150 words. ```<question> Let \( P(x) \) be a monic polynomial of degree 4 with integer coefficients such that \( P(1) = 17 \) and \( P(2) = 34 ...
254	0.444444	number_theory	n \geq 3	Find all integers $n \geq 3$ such that the product of the first $n$ positive integers (i.e., $n!$) is divisible by the sum of the first $n$ positive integers (i.e., $1 + 2 + \dots + n$).
255	0.666667	geometry	5	Let \( p \) be a prime number and \( n \) be a positive integer such that \( p \) divides \( n^2 + 1 \). Define \( m = \frac{n^2 + 1}{p} \). Find the smallest prime \( p \) for which \( m \) is a perfect square and \( n \) is also a prime ...
256	0.555556	algebra	0	Let $f(x)$ be a continuous function defined on the interval $[0, 1]$ such that for all $x \in [0, 1]$ and all $n \in \mathbb{N}$, $f(x) \leq n \cdot x^n$. Furthermore, suppose there exists a sequence $\{a_n\}_{n=1}^{\infty}$ of positive re...
257	0.666667	algebra	\frac{3}{4}	Let \( f(x) \) be a function defined for all real numbers \( x \) such that \( f(x) + f(1-x) = 1 \) and \( f(x) - f(1-x) = x. \) Find \( f\left(\frac{1}{2}\right). \)
258	0.666667	number_theory	1	Find the number of ordered pairs of integers \((x, y)\) such that \(x^2 - 5xy + 6y^2 = x - y + 1\).
259	0.333333	number_theory	0	Find all positive integers \( n \) such that the sum of the digits of \( n \) in base 10, when added to the sum of the digits of \( n^2 \) in base 10, equals \( n \). Provide your answer in ascending order, separated by commas.
260	0.444444	number_theory	3	Find the smallest positive integer \( n \) such that the polynomial \( P(x) = x^n + x^{n-1} + \cdots + x + 1 \) is divisible by \( Q(x) = x^2 - 3x + 2 \).
261	0.777778	geometry	30^\circ	Let \( ABC \) be an isosceles triangle with \( AB = AC \) and \(\angle BAC = 20^\circ\). Point \( D \) is on \( AB \) such that \( \angle BCD = 70^\circ \), and point \( E \) is on \( AC \) such that \( \angle CBE = 60^\circ \). Determine ...
262	0.666667	number_theory	3	Find all positive integers \( n \) such that the equation \( x^2 + y^2 + z^2 = nxyz \) has infinitely many solutions in positive integers \( x, y, \) and \( z \).
263	0.444444	number_theory	-100	Let \( f: \mathbb{Z} \to \mathbb{Z} \) be a function satisfying the following conditions: 1. \( f(1) = 1 \) 2. For all integers \( x \) and \( y \), \( f(xy) = f(x)f(y) - xy \). Find the value of \( f(100) \).
264	0.444444	number_theory	1, 3	Find all positive integers \( n \) for which the number \( 2^{n-1} - 1 \) is divisible by \( n \).
265	0.777778	algebra	7	Let $f(x)$ be a polynomial of degree 5 such that $f(1) = 1$, $f(2) = 2$, $f(3) = 3$, $f(4) = 4$, $f(5) = 5$, and $f(6) = 6$. Determine the value of $f(7)$.
266	0.444444	number_theory	1	Let \( n \) be a positive integer. A sequence of \( n \) positive integers \( a_1, a_2, \ldots, a_n \) is called "super-balanced" if for every positive integer \( k \) with \( 1 \leq k \leq n \), the sum of the first \( k \) terms of the s...
267	0.777778	number_theory	1	Find the smallest positive integer \( n \) such that the polynomial \( P(x) = x^n + ax^{n-1} + bx^{n-2} + \ldots + cx + d \) with integer coefficients \( a, b, c, \ldots, d \) has the property that for any prime \( p \), the polynomial \( ...
268	0.333333	geometry	\sqrt{149}	Let \( ABCD \) be a convex quadrilateral with \( AB = 7 \), \( BC = 11 \), \( CD = 10 \), and \( DA = 8 \). Suppose that the diagonals \( AC \) and \( BD \) intersect at point \( P \) such that \( \angle APB = \angle CPD = 90^\circ \). Fin...
269	0.333333	number_theory	194	Let $p(x) = x^4 + ax^3 + bx^2 + cx + d$ be a polynomial with integer coefficients such that $p(1) = 17$, $p(2) = 34$, $p(3) = 51$, and $p(4) = 68$. If $r$ is the remainder when $p(10)$ is divided by $1000$, determine the value of $r$.
270	0.444444	algebra	2025	Let \( f: \mathbb{R} \to \mathbb{R} \) be a continuous function such that \( f(x) + f(-x) = 2 \) for all \( x \in \mathbb{R} \), and \( f \) satisfies the functional equation \( f(x+y) = f(x) + f(y) - xy \) for all \( x, y \in \mathbb{R} \...
271	0.666667	number_theory	2	Find the smallest positive integer \( n \) such that there exist integers \( a \), \( b \), and \( c \) satisfying the equation \( a^2 + b^2 + c^2 + n = abc \), and \( a \), \( b \), and \( c \) are all prime numbers.
272	0.444444	number_theory	n \cdot 2^{n-1}	Let \( S \) be the set of all non-empty subsets of \(\{1, 2, \ldots, n\}\). For each subset \( A \in S \), define \( f(A) \) as the number of elements in \( A \) that are relatively prime to the product of all elements in \( A \). Determin...
273	0.777778	number_theory	1	In the mystical town of Numerica, there's a peculiar clock that chimes not once per hour but follows a unique pattern every hour. This pattern is determined by the function f(n) = 3n^2 - 5n + 2, where n is the hour of the day (0 to 23). Th...
274	0.444444	geometry	4	A square grid of size \( n \times n \) is colored such that each cell is either red or blue. A move consists of selecting a row or a column and flipping the color of all cells in that row or column (i.e., changing red to blue and blue to r...
275	0.333333	number_theory	2, 5, 8, 11, \ldots	Find all positive integers \( n \) for which the equation \[ x^2 + (n + 1)x + n = 0 \] has integer roots, and the sum of the absolute values of these roots is divisible by 3.
276	0.444444	number_theory	1	Find all positive integers \( n \) such that there exists a permutation \( \sigma \) of the set \( \{1, 2, \dots, n\} \) satisfying the condition: \[ \sigma(1) + \sigma(2) = 2023, \] and for all \( i = 3, 4, \dots, n-1 \), the sum \( \sigm...
277	0.555556	geometry	\frac{27}{338}	In the complex plane, consider the set of points \(z\) such that the distance from \(z\) to the point \(1 + 2i\) is equal to the distance from \(z\) to the point \(-1 - i\). This set forms a straight line. Find the value of the product of ...
278	0.555556	number_theory	2^{2022}	Let \( S \) be a set of 2023 distinct positive integers. Suppose that for every pair of distinct elements \( a, b \in S \), there exists a positive integer \( c \) such that \( a \mid bc \) and \( b \mid ac \). Find the minimum possible va...
279	0.666667	number_theory	409	What is the smallest positive integer \( n \) such that \( n! \) has at least 100 trailing zeroes, and \( n \) itself is a prime number?
280	0.555556	number_theory	2	Find the smallest positive integer \( n \) such that the polynomial \( P(x) = x^n + ax^{n-1} + bx^{n-2} + \ldots + c \) with integer coefficients satisfies \( P(1) = 100 \) and \( P(-1) = -98 \).
281	0.333333	number_theory	10	Let \( P(x) \) be a polynomial with integer coefficients such that \( P(1) = 2 \) and \( P(2) = 5 \). If \( P(x) \) has degree 3, find the minimum possible value of \( P(3) \).
282	0.777778	number_theory	10	A sequence of numbers starts with \(a_1 = 1\). Each subsequent number \(a_{n+1}\) is the smallest integer greater than \(a_n\) such that for every pair of distinct primes \(p\) and \(q\) (where \(p < q\)), \(a_{n+1}\) is not the sum of any...
283	0.444444	geometry	0	In the coordinate plane, consider a set of points \(P\) such that for any three points \((x_1, y_1), (x_2, y_2), (x_3, y_3) \in P\), the equation \[ \left| x_1^2 + y_1^2 - (x_2^2 + y_2^2) \right| + \left| x_1 + y_1 - (x_2 + y_2) \right| = ...
284	0.444444	geometry	72	In a convex quadrilateral \(ABCD\), diagonals \(AC\) and \(BD\) intersect at point \(O\). Let \(M\) and \(N\) be the midpoints of sides \(AD\) and \(BC\) respectively. Suppose that the line segment \(MN\) intersects diagonal \(AC\) at poin...
285	0.555556	algebra	3	Let \( f: \mathbb{N} \to \mathbb{N} \) be a function defined by \( f(n) = n^2 + n + 1 \). Suppose that for every \( k \in \mathbb{N} \), there exists an \( m \in \mathbb{N} \) such that \( f(m) \) divides \( k! \). Find the smallest possib...
286	0.555556	algebra	f(x) = kx^2	Let \( f: \mathbb{R} \to \mathbb{R} \) be a function such that for all real numbers \( x \) and \( y \), the equation \( f(x + f(y)) = f(x) + 2x f(y) + y^2 f(x) \) holds. Prove that there exists a constant \( k \) such that \( f(x) = kx^2 ...
287	0.777778	geometry	(1, 1)	Find all pairs of positive integers $(x, y)$ such that $x^2 + 3y$ and $y^2 + 3x$ are both perfect squares.
288	0.333333	algebra	a = \frac{1}{2}, b = 0, c = 0	设\( p(x) = x^3 - 3ax^2 + bx + c \)是一个三次多项式，其中\( a, b, c \)为实数。已知\( p(x) \)在\( x = 1 \)处有一个极小值，并且当\( x \)趋向于正无穷大时，\( p(x) \)也趋向于正无穷大。如果\( p(x) \)的三个根（可能相同）分别是\( r_1, r_2, r_3 \)，且满足\( r_1 + r_2 + r_3 = 3a \)，\( r_1r_2 + r_2r_3 + r_3r_1 = b ...
289	0.333333	other	2023	设 \( f(n) \) 是一个定义在正整数上的函数，满足以下条件： 对于任意的正整数 \( n \)，\( f(n+1) \) 等于 \( f(n) \) 的最小质因数与 \( n \) 本身之和。 已知 \( f(1) = 2 \)，求 \( f(2023) \) 的值。
290	0.333333	number_theory	g(x) = 1	Let \( f: \mathbb{Z} \to \mathbb{Z} \) be a function such that for all integers \( x \) and \( y \), \[ f(x + y) + f(xy) = f(x)f(y) + f(x + yxy). \] Prove that there exists a function \( g: \mathbb{Z} \to \mathbb{Z} \) such that \( f(x) = ...
291	0.444444	number_theory	10	Given a set of positive integers \( S = \{1, 2, 3, \ldots, n\} \), define a function \( f(S) \) as follows: for each pair of distinct elements \( a \) and \( b \) in \( S \), calculate \( \gcd(a, b) \), and then sum these gcd values. Let \...
292	0.777778	number_theory	0	Let $S$ be the set of all positive integers $n$ such that $\sqrt[3]{n} + \sqrt[3]{n+1}$ is rational. How many elements of $S$ are there such that $1 \leq n \leq 1000$?
293	0.777778	number_theory	100	Let \( f: \mathbb{N} \rightarrow \mathbb{N} \) be a function such that for every positive integer \( n \), \[ f(n+1) > f(f(n)) \] and \( f(n+2) > f(n+1) \). If \( f(1) = 1 \), determine the smallest possible value of \( f(100) \).
294	0.666667	number_theory	17	In a non-standard arithmetic operation, let 'star' denote the operation A★B = 3A - 2B for any two integers A and B. Given that X★(Y★Z) = 17 and Y★Z = 7, find the value of X★Y★Z.
295	0.333333	number_theory	76127	Let $f(n)$ be a function that returns the smallest positive integer $k$ such that the product of the first $k$ positive integers (i.e., $k!$) is divisible by $n$. For example, $f(10) = 5$ since $5! = 120$ is the smallest factorial divisibl...
296	0.777778	number_theory	3	Find the smallest positive integer \( n \) such that there exists a set of \( n \) integers, no two of which have a difference that is a power of 2. Prove your answer.
297	0.666667	geometry	1	Find the smallest positive integer \( n \) such that the sum of the squares of its digits is equal to \( n \), and also the product of its digits minus 1 is a perfect square.
298	0.333333	geometry	1	In the coordinate plane, let $P$ be a point chosen uniformly at random from the interior of a unit square centered at the origin with vertices $(1,0), (0,1), (-1,0), (0,-1)$. Let $D$ be the set of points within a distance of $\frac{1}{2}$ ...
299	0.333333	number_theory	1093	Find all positive integers \( n \) such that \( n \) divides \( 2^n - 2 \), and prove that there exists a unique prime \( p \) for which \( p^2 \) divides \( 2^p - 2 \), but \( p \) does not divide \( 2^{p-1} - 1 \). Determine the value of...
300	0.555556	geometry	10	In triangle \(ABC\), point \(D\) lies on side \(BC\) such that \(BD = 3\) and \(DC = 7\). The incircle of triangle \(ABD\) touches \(BD\) at point \(P\), and the incircle of triangle \(ADC\) touches \(DC\) at point \(Q\). If the incircles ...
301	0.333333	geometry	\left\lfloor \frac{n}{3} \right\rfloor	Given a set of \( n \) distinct points in the plane, no three of which are collinear, let \( S(n) \) denote the maximum number of triangles that can be formed using these points as vertices such that no two triangles share a side. Find a g...
302	0.333333	number_theory	2	Find all positive integers \( n \) such that the equation \( x^2 - ny^2 = 2n \) has integer solutions \( (x, y) \).
303	0.444444	geometry	0	In a triangular lattice of points where each point is equidistant from its nearest neighbors, how many distinct squares can be formed by connecting points such that each square's side length is equal to the distance between two consecutive...
304	0.666667	number_theory	1	Find all positive integers \( n \) such that the equation \( x^2 + y^2 + z^2 = n(xy + yz + zx) \) has at least one non-trivial integer solution \( (x, y, z) \) where not all of \( x, y, z \) are zero.
305	0.555556	geometry	\frac{r}{2}	A regular hexagon \(ABCDEF\) is inscribed in a circle of radius \(r\). Points \(P\) and \(Q\) lie on segments \(AB\) and \(CD\) respectively, such that \(AP = CQ\). The lines \(EP\) and \(FQ\) intersect at point \(R\). Find the length of s...
306	0.333333	number_theory	42	Find the smallest positive integer \( n \) such that the equation \( x^3 + y^3 + z^3 = n \) has no solutions in non-negative integers \( x, y, \) and \( z \). Prove your answer.
307	0.777778	algebra	\frac{73}{3}	Let \( f(x) \) be a polynomial of degree 3 with real coefficients such that \( f(x) = x^3 + ax^2 + bx + c \). Given that the roots of \( f(x) \) are \( \alpha, \beta, \gamma \), and that these roots satisfy the equations \( \alpha + \beta ...
308	0.750000	number_theory	14	Find the smallest positive integer \( n \) such that the number of distinct prime factors of \( n \) plus the number of distinct prime factors of \( n+1 \) equals 4.
309	0.666667	number_theory	3	Find the number of ordered pairs of integers \((a, b)\) such that \(1 \leq a, b \leq 50\) and the equation \[a^2 - b^2 = 45\] has integer solutions for \(a\) and \(b\).
310	0.666667	geometry	1	Consider a regular octagon \(ABCDEFGH\) inscribed in a unit circle centered at \(O\). Points \(P\) and \(Q\) are chosen on the extensions of sides \(AB\) and \(BC\) respectively, such that \(AP = BQ = \sqrt{2}\). Let \(X\) be the intersect...
311	0.444444	geometry	0	Find all positive integers \( n \) such that \( 2^n + 3^n + 6^n + 7^n \) is a perfect square.
312	0.333333	geometry	4	Let $ABC$ be an isosceles triangle with $AB=AC$ and let $D$ be the foot of the altitude from $A$ to $BC$. Let $E$ be a point on $AB$ such that $DE$ is perpendicular to $AB$, and let $F$ be a point on $AC$ such that $DF$ is perpendicular to...
313	0.666667	number_theory	11	Find the smallest positive integer \( n \) such that the equation \( \sum_{k=1}^{n} \left\lfloor \frac{k^2}{4} \right\rfloor = 100 \) holds true.
314	0.777778	geometry	P(x) = ax^2 + b	Let \( P(x) \) be a polynomial with integer coefficients such that for any positive integer \( n \), the expression \( P(n) \) is a perfect square. Prove that there exist integers \( a \) and \( b \) such that \( P(x) = ax^2 + b \) for all...
315	0.666667	number_theory	(1, 1)	Find all pairs of positive integers \((a, b)\) such that the equation \[ a^2 + b^2 = ab(a + b) \] holds true.
316	0.666667	geometry	PQ \perp OH	Let \( ABC \) be an acute triangle with circumcenter \( O \) and orthocenter \( H \). The circle passing through \( A \), \( B \), and \( O \) intersects the circumcircle of \( ABC \) again at \( P \). The line \( HP \) intersects the circ...
317	0.555556	geometry	50	Let \( \triangle ABC \) be a triangle with \( AB = AC \) and \( \angle BAC = 20^\circ \). Point \( D \) is on \( BC \) such that \( BD = AC \). Find the measure of \( \angle ADB \) in degrees.
318	0.333333	number_theory	4500	Consider a sequence of integers where each term after the first is generated by adding the previous term to a non-zero integer $k$. If the sum of the first $n$ terms of the sequence is $S_n$, and it is known that $S_4 = 60$ and $S_{12} = 1...
319	0.777778	algebra	0	Find all real numbers \(x\) such that the equation \[ \sqrt{x + \sqrt{2x + \sqrt{3x}}} = x \] holds. Provide a proof for your solution.
320	0.555556	number_theory	2	Let \( P(x) \) be a polynomial with integer coefficients such that \( P(0) = 0 \), \( P(1) = 2 \), and \( P(2) = 8 \). If \( Q(x) = P(x) - x^3 \), find the sum of all possible integer values of \( x \) for which \( Q(x) = 0 \).
321	0.555556	algebra	2	Let \( f: \mathbb{R} \to \mathbb{R} \) be a continuous function such that for all \( x, y \in \mathbb{R} \), the function satisfies the inequality \( f(x+y) \leq f(x) + f(y) + xy \). Prove that \( f \) is a polynomial function and find its...
322	0.666667	number_theory	675	Determine all positive integers \( n \) such that there exists a sequence \( a_1, a_2, \ldots, a_n \) of non-negative integers where \( a_1 = 1 \), \( a_n = 2024 \), and for each \( i \) with \( 1 \leq i \leq n-1 \), the following conditio...
323	0.666667	number_theory	5001	A sequence of numbers \(a_1, a_2, a_3, \ldots\) is defined recursively by \(a_1 = 1\) and for \(n \geq 1\), \(a_{n+1} = a_n + \frac{1}{a_n}\). Find the smallest positive integer \(k\) such that \(a_k > 100\).
324	0.444444	number_theory	0	Let \( S \) be the set of all positive integers less than \( 2^{2024} \) that are coprime to \( 2^{2024} \). Consider the function \( f : S \to S \) defined by \( f(x) = 2024 \cdot \left\lfloor \frac{x}{2024} \right\rfloor \). Find the num...
325	0.777778	geometry	50	Given a square grid of side length n, where each cell contains a unique integer from 1 to n^2, determine the maximum number of cells that can be selected such that no two selected cells are adjacent horizontally, vertically, or diagonally....
326	0.555556	number_theory	38	Let \( S \) be the set of all positive integers that can be represented as the sum of three distinct prime numbers. Define \( T \) as the set of all integers \( n \) such that \( n \) is the smallest element of \( S \) that can be written ...
327	0.333333	number_theory	1	Find all positive integers \( n \) such that the equation \( x^3 + y^3 + z^3 = n \) has no integer solutions \((x, y, z)\) where \( x, y, \) and \( z \) are pairwise relatively prime.
328	0.333333	combinatorics	24475	A sequence of numbers \(a_n\) is defined as follows: \(a_1 = 1\), \(a_2 = 2\), and for \(n \geq 3\), \(a_n = a_{n-1} + a_{n-2} + (-1)^n\). Find the sum of the first 20 terms of this sequence.
329	0.333333	algebra	\sqrt{2}	在一个平面直角坐标系中，有一系列点 \((x_1, y_1), (x_2, y_2), \ldots, (x_n, y_n)\) 分别位于不同的象限。已知点 \((x_1, y_1)\) 位于第一象限，而点 \((x_2, y_2)\) 位于第二象限，且点 \((x_n, y_n)\) 位于第四象限。如果点 \((x_2, y_2)\) 到原点的距离是点 \((x_1, y_1)\) 到原点距离的两倍，同时，点 \((x_n, y_n)\) 到原点的距离比点 \((x_1,...
330	0.555556	number_theory	15	Consider a sequence of integers where the $n$-th term, $a_n$, is defined as $a_n = n^2 - 2n + 3$. Define $S_k$ as the sum of the first $k$ terms of this sequence, where $k$ is a positive integer. Find the smallest value of $k$ for which $S...
331	0.666667	number_theory	1	Let \( f: \mathbb{Z} \to \mathbb{Z} \) be a function such that for all integers \( m \) and \( n \), \[ f(mn) + f(m + n) = f(m)f(n) + 1. \] Given that \( f(0) = 1 \), find the value of \( f(1) \).
332	0.444444	number_theory	812	Let \( f(n) \) be the number of ways to partition the set \( \{1, 2, \dots, n\} \) into disjoint non-empty subsets such that each subset contains exactly one prime number. For example, \( f(3) = 2 \) since we can partition the set \( \{1, ...
333	0.555556	number_theory	1	Let \( P(x) \) be a polynomial with real coefficients such that \( P(1) = 0 \) and \( P(x) = x^n + a_{n-1}x^{n-1} + \cdots + a_1x + a_0 \) for some integer \( n \geq 1 \). Suppose that \( P(x) \) has the property that for every real number...
334	0.444444	algebra	(3, \infty)	Find all real numbers \( x \) such that the equation \[ \log_2(x^2 - 5x + 6) + \log_2(x - 2) = 3 \] holds. Express your answer in interval notation.
335	0.555556	number_theory	1	Let $S$ be the set of all positive integers. A subset $T$ of $S$ is called "harmonious" if it satisfies the following conditions: 1. For any two elements $a, b \in T$, the greatest common divisor $\gcd(a, b) = 1$. 2. For any element $x \in...
336	0.555556	number_theory	1, 3, 9, 27, 81, 243, 729	Find all positive integers \( n \) such that \( n \) divides \( 2^n + 1 \) and \( n \) is less than 1000. Prove your answer.
337	0.444444	number_theory	5	Find all positive integers \( n \) such that \( 2^n + 3^n \equiv 0 \pmod{n} \).
338	0.444444	combinatorics	\lim_{n \to \infty} g_n(x_n) = f(a)	Let $f: \mathbb{R} \to \mathbb{R}$ be a continuous, differentiable function such that $f(0) = 0$ and $f'(x) > 0$ for all $x \in \mathbb{R}$. Define a sequence of functions $\{g_n\}_{n \geq 1}$ by $g_n(x) = \frac{1}{n} \sum_{k=1}^n f\left(\...
339	0.555556	combinatorics	2023	In a kingdom, there are 2023 cities, and each pair of cities is connected by exactly one road. A traveler starts from a city and visits some other cities, returning to the starting city, without visiting any city more than once except the ...
340	0.666667	number_theory	1	Consider a sequence of positive integers \( a_1, a_2, a_3, \ldots, a_n \) such that for each \( k \geq 3 \), \( a_k \) is the smallest positive integer not appearing earlier in the sequence that can be expressed as the sum of any two disti...
341	0.444444	algebra	3	Find all real numbers \(x\) such that \(\frac{x^3 - 3x + 2}{x^2 - 1} = 4\). Determine the sum of all such \(x\).
342	0.555556	geometry	r\sqrt{3}	In the coordinate plane, consider a circle \( C \) centered at the origin with radius \( r \), and a point \( P \) on the circle such that \( \angle POP' = 120^\circ \), where \( P' \) is another point on the circle. Let \( Q \) be the mid...
343	0.666667	geometry	3	Let \( S \) be the set of all positive integers less than 1000 that are both perfect squares and perfect cubes. Define the function \( f(n) \) as the sum of the digits of \( n \). Find the smallest positive integer \( k \) such that \( f(k...
344	0.444444	number_theory	1	Find the number of ways to write 2023 as a sum of positive integers such that the largest part has exactly 7 occurrences, and the second-largest part has exactly 5 occurrences. (Note that the order of parts does not matter, so (7, 7, 7, 5,...
345	0.444444	combinatorics	1440	There are 10 distinct books on a shelf. How many ways can you arrange these books such that no two adjacent books are published in the same year? Assume that 5 of the books were published in 2020, 3 in 2021, and 2 in 2022.
346	0.333333	number_theory	10	Find the smallest positive integer \( n \) such that the product of the first \( n \) positive integers (i.e., \( n! \)) is divisible by \( 2^{n} + 1 \).
347	0.777778	geometry	1	Consider a sequence of positive integers \(a_1, a_2, a_3, \ldots\) where each term \(a_n\) is defined as the sum of the squares of the digits of \(n\). For example, \(a_5 = 5^2 = 25\) and \(a_{23} = 2^2 + 3^2 = 13\). Define \(S\) as the sm...
348	0.666667	number_theory	20	Consider a sequence of positive integers \(a_1, a_2, a_3, \ldots\) where each term \(a_n\) is defined as the smallest integer greater than \(a_{n-1}\) such that \(a_n\) is not a multiple of any of the previous terms in the sequence. Given ...
349	0.555556	algebra	-19	Let $P$ be a polynomial of degree 4 such that $P(1) = 1$, $P(2) = 2$, $P(3) = 3$, $P(4) = 4$, and $P(5) = 0$. Find the value of $P(6)$.
350	0.555556	number_theory	0	Let \( f(x) \) be a polynomial with integer coefficients such that for any positive integer \( n \), the number \( f(n) \) is divisible by the \( n \)-th prime number \( p_n \). Prove that \( f(x) \) must be the zero polynomial.
351	0.666667	algebra	1	Let $p(x)$ be a monic polynomial of degree 5 with real coefficients such that the polynomial has exactly one real root and four non-real complex roots. Suppose the real root is $r$. It is given that the sum of the real and imaginary parts ...
352	0.444444	algebra	f(x) = c(x^2 + 1)	Let \( f: \mathbb{R} \to \mathbb{R} \) be a continuous function such that for all real numbers \( x \) and \( y \), the following functional equation holds: \[ f(x^2 + y^2) = f(x)^2 + f(y)^2 + 2f(x)f(y). \] Prove that there exists a consta...
353	0.333333	other	67	In a magical land, there are three types of coins: gold, silver, and bronze. A gold coin is worth 3 silver coins, and a silver coin is worth 5 bronze coins. A wizard has a bag containing a total of 100 coins, and the value of these coins i...
354	0.666667	number_theory	1	There exists a sequence of positive integers \( a_1, a_2, a_3, \ldots \) defined by \( a_1 = 1 \) and \( a_{n+1} = a_n^2 + 1 \) for all \( n \geq 1 \). Determine the largest positive integer \( k \) such that for every \( n \in \mathbb{N} ...
355	0.444444	number_theory	(333, 333, 334)	Find all triples of positive integers \((a, b, c)\) such that \(a + b + c = 1000\), and there exists a polynomial \(P(x)\) with integer coefficients for which \(P(n) = n^2\) for all \(n = a, b, c\). Additionally, prove that there are no ot...
356	0.444444	geometry	1	Find the smallest positive integer \( n \) such that the sum of the digits of \( n \) is a perfect square, and the product of the digits of \( n \) is also a perfect square.
357	0.333333	number_theory	1	Find all positive integers \( n \) such that there exist two positive integers \( a \) and \( b \) satisfying both of the following conditions: 1. \( a^2 + b^2 + 1 \) is a prime number, 2. \( a^2 + b^2 + 1 \) divides \( a^n + b^n \).
358	0.777778	number_theory	133	Consider a sequence of positive integers \(a_1, a_2, a_3, \ldots\) defined as follows: \(a_1 = 2\), and for \(n \geq 2\), \(a_n\) is the smallest integer greater than \(a_{n-1}\) that is relatively prime to all previous terms in the sequen...
359	0.444444	algebra	\infty	In the complex plane, let \( z \) be a complex number such that \( |z| = 1 \). Let \( w = z^2 + \frac{1}{z^2} \). If \( w \) is a real number, determine the number of distinct possible values for \( w \) as \( z \) varies over all possible...
360	0.333333	geometry	12	In triangle ABC, AB = AC and angle A is 36 degrees. Point D lies on BC such that AD is perpendicular to BC. If the area of triangle ABC is 36 square units, find the length of BC.
361	0.333333	geometry	1	Find all positive integers \( n \) such that there exists a positive integer \( m \) for which the sum of the first \( n \) terms of the arithmetic sequence starting with 1 and having a common difference of \( m \) is a perfect square.
362	0.333333	number_theory	1	In a mysterious city, there exists a unique type of fruit tree that bears fruits in distinct sequences based on the year it was planted. The sequence for each tree is defined by a polynomial \(P(n) = an^2 + bn + c\), where \(n\) is the yea...
363	0.666667	algebra	3	Let \( f(x) = x^3 - 3x^2 + 2x + 1 \). Find the sum of all real solutions to the equation \( f(f(x)) = 0 \).
364	0.555556	algebra	\frac{9}{10}	Let $a, b, c$ be positive real numbers such that $a + b + c = 1$. Find the minimum value of \[ \frac{a}{1 + b^2} + \frac{b}{1 + c^2} + \frac{c}{1 + a^2}. \]
365	0.444444	sequence	0	The sequence \\(a_n\\) is defined as follows: \\(a_1 = 1\\), and for all \\(n \geq 1\\), \\[a_{n+1} = a_n^2 + \frac{1}{a_n}.\] Find the value of \\(a_{2023} - a_{2022}.\]
366	0.444444	algebra	1	在平面直角坐标系中，有一系列由正整数组成的点集合 \( S = \{ (x, y) | x, y \in \mathbb{Z}^+, x + y \leq 100 \} \)，其中 \( \mathbb{Z}^+ \) 表示所有正整数的集合。现在从集合 \( S \) 中随机选择三个不同的点 \( A(x_1, y_1) \), \( B(x_2, y_2) \) 和 \( C(x_3, y_3) \)。设这三个点组成的三角形面积为 \( T \)。求 \( T \) 为整...
367	0.333333	number_theory	1	Find all positive integers \( n \) such that the polynomial \( P(x) = x^n + ax^{n-1} + bx^{n-2} + \cdots + k \) has the property that \( P(1) = 2024 \) and \( P(-1) = 2023 \), where \( a, b, \ldots, k \) are real numbers satisfying \( a + ...
368	0.777778	number_theory	3	What is the smallest positive integer \( n \) for which the equation \( n^2 - 10n + 21 = k^2 \) holds for some integer \( k \)?
369	0.555556	geometry	PQ	Let \( ABC \) be a triangle with circumcircle \( \omega \). Let \( P \) and \( Q \) be distinct points on the circumcircle such that \( \angle APQ = \angle BPQ = \angle CPQ \). If the tangents to \( \omega \) at \( A \) and \( B \) interse...
370	0.666667	geometry	2	Find the smallest positive integer $n$ for which there exist $n$ distinct positive integers $a_1, a_2, \dots, a_n$ such that the sum of any two consecutive integers in the sequence, when each is squared, equals a perfect square. That is, f...
371	0.333333	geometry	24	Find all positive integers \( n \) such that the sum of the squares of the first \( n \) positive integers is equal to the sum of the squares of the first \( m \) positive integers for some positive integer \( m \neq n \). That is, solve t...
372	0.333333	number_theory	1	Let \( S \) be the set of all positive integers. Consider the function \( f: S \to S \) defined by the rule that for each positive integer \( n \), \( f(n) \) is the smallest positive integer \( m \) such that the sum of the digits of \( m...
373	0.555556	number_theory	0	There are 10 identical balls, each of which can be assigned one of three colors: red, green, or blue, such that the number of balls of each color is divisible by 3. How many distinct ways can you color these balls, considering rotations an...
374	0.555556	geometry	0	Find the sum of all positive integers \( n \) less than 1000 such that \( n^2 + 3n + 2 \) is a perfect square.
375	0.555556	number_theory	n \geq 3	Find all positive integers \( n \) such that the equation \( x^n + y^n = z^n \) has no integer solutions for \( x, y, z \) with \( x, y, z > 0 \).
376	0.444444	number_theory	0	Let \( f(x) = x^2 + ax + b \) be a quadratic polynomial with integer coefficients. Suppose that for every integer \( n \), \( f(n) \) divides \( n^3 + 1 \). Determine the sum of all possible values of \( f(1) \).
377	0.777778	number_theory	2	Find all prime numbers \( p \) such that \( p^3 - p^2 + p - 1 \) is also a prime number.
378	0.333333	geometry	(14, 12)	In the coordinate plane, consider a triangle \(ABC\) with vertices at \(A(0, 0)\), \(B(14, 0)\), and \(C(x, y)\) where \(x > 0\) and \(y > 0\). Let \(D\) be the foot of the altitude from \(A\) to \(BC\), and let \(E\) be the midpoint of \(...
379	0.333333	number_theory	2	Find all positive integers \( n \) such that the polynomial \( P(x) = x^n + nx + 1 \) is divisible by \( Q(x) = x^2 + x + 1 \).
380	0.444444	number_theory	10	In the kingdom of Mathoria, there are $n$ cities connected by a network of $n$ one-way roads, each road connects exactly two cities and no two roads connect the same pair of cities. A traveler decides to embark on a journey where he wishes...
381	0.777778	geometry	90	Let $ABC$ be an acute triangle with $\angle BAC = 60^\circ$. Let $D$ be the foot of the altitude from $A$ to $BC$, and let $E$ be the point on $AC$ such that $BD = DE$. If $AB = 2AD$, find the measure of $\angle AEB$ in degrees.
382	0.375000	number_theory	2023	Let \( f: \mathbb{N} \to \mathbb{N} \) be a function satisfying the following properties: 1. \( f(1) = 1 \) 2. For all \( n \geq 1 \), \( f(n+1) = f(n) + f\left(\left\lfloor \frac{n}{2} \right\rfloor \right) \), where \( \left\lfloor x \ri...
383	0.666667	geometry	4	Determine the smallest positive integer \( n \) such that there exist \( n \) points in the plane, no three collinear, where the areas of all triangles formed by any three of these points are equal to integers, but the side lengths of no s...
384	0.333333	algebra	\sum_{i=1}^n \frac{1}{\lambda_i^2}	设有一个拼图比赛，共有 \( n \) 名学生参与。假设每名学生的完成拼图所需时间为 \( T_i \)，且 \( T_i \) 服从参数为 \( \lambda_i \) 的指数分布。已知 \( \lambda_i \) 是不同的，并且对于所有 \( i \)，\( \lambda_i > 0 \)。 设 \( X \) 表示所有学生完成拼图所需时间的总和。请计算 \( X \) 的数学期望 \( E[X] \) 和方差 \( Var(X) \)。 为了求解这个问题，你需...
385	0.444444	geometry	1	In the complex plane, let \( P \) be a point that moves along the unit circle centered at the origin. Let \( Q \) be a fixed point at \( (2, 0) \). The line segment \( PQ \) intersects the y-axis at a point \( R \). As \( P \) moves along ...
386	0.444444	number_theory	1	Let \( P(x) = x^3 + ax^2 + bx + c \) be a polynomial with integer coefficients. Suppose that \( P(x) \) has three distinct roots, all of which are integers. Moreover, for every integer \( n \), the value of \( P(n) \) is divisible by 2023....
387	0.777778	number_theory	4096576	Let \( f: \mathbb{Z}^+ \to \mathbb{Z}^+ \) be a function such that for all positive integers \( m \) and \( n \), \[ f(m + n) = f(m) + f(n) + 2mn. \] Suppose that \( f(1) = 1 \). Determine \( f(2024) \).
388	0.444444	geometry	2	What is the minimum number of distinct rectangles that can be drawn on a 4x4 grid such that no two rectangles share a common area, and the total area of the rectangles is exactly half the area of the grid?
389	0.777778	number_theory	6, 16, 118, 288, 2022	Find all positive integers \( n \) such that the polynomial \( P(x) = x^n + x^{n-1} + \cdots + x + 1 \) divides \( x^{2023} - 1 \) without leaving a remainder.
390	0.555556	geometry	50^\circ	In a geometric configuration where \(ABCD\) is a cyclic quadrilateral inscribed in a circle with center \(O\), and \(P\) is the intersection of the diagonals \(AC\) and \(BD\). If \(\angle APD = 130^\circ\) and the measure of arc \(AD\) (n...
391	0.666667	number_theory	1	In a sequence of positive integers \(a_1, a_2, \ldots, a_{2023}\), each term \(a_n\) satisfies \(a_n = n^2 + k\) for some fixed integer \(k\). It is known that for each \(n\), \(a_n\) divides the product of the first \(n\) terms of the seq...
392	0.444444	number_theory	32	Let \( P(x) \) be a polynomial of degree 3 with integer coefficients such that \( P(1) = 5 \), \( P(2) = 10 \), and \( P(3) = 17 \). Suppose \( P(x) \) can be factored as \( P(x) = (x-a)(x-b)(x-c) \) where \( a, b, \) and \( c \) are disti...
393	0.555556	number_theory	2	Find all positive integers \( n \) such that there exist \( n \) non-zero integers \( a_1, a_2, \ldots, a_n \) where the sum of their pairwise products, \( \sum_{1 \leq i < j \leq n} a_i a_j \), equals \( n^2 \).
394	0.444444	other	4	在一个平面直角坐标系中，有一个圆 \(C\) 的中心在点 \((1, 1)\)，半径为 1。已知点 \(P_0 = (2, 2)\)，每次操作将 \(P_0\) 沿直线 \(y=x\) 平移一个单位到新的点 \(P_1\)，然后将 \(P_1\) 沿直线 \(y=-x+2\) 平移一个单位到新的点 \(P_2\)。这一过程不断重复，直到 \(P_n\) 点与圆 \(C\) 相切或相交。求最小的正整数 \(n\) 使得 \(P_n\) 点满足上述条件。
395	0.555556	number_theory	1	Find all positive integers \( n \) such that \( n^2 + 1 \) is divisible by \( n + 1 \) and \( n^2 - 1 \) is not divisible by \( n - 1 \).
396	0.555556	number_theory	3	Find all positive integers \( n \) such that the equation \( x^2 + y^2 + z^2 = nxyz \) has a solution in positive integers \( x, y, z \).
397	0.666667	number_theory	1	Let \(a, b,\) and \(c\) be positive integers such that \(a \leq b \leq c\). Find the number of ordered triples \((a, b, c)\) that satisfy the equation \[a^2 + b^2 + c^2 = ab + bc + ca + 1.\]
398	0.444444	geometry	128	In a regular octagon ABCDEFGH, let M be the midpoint of AB, N be the midpoint of CD, and P be the midpoint of EF. The diagonals AE and BH intersect at point Q. If the area of triangle QMN is 16 square units, find the area of the octagon. E...
399	0.555556	number_theory	1	Find the smallest positive integer $n$ for which there exists a positive integer $m$ such that the sum of the first $m$ terms of the arithmetic sequence starting at $1$ with a common difference of $n$ is equal to the product of the first $...
400	0.777778	combinatorics	\frac{1}{252}	In a certain game, a player starts with a bag containing $10$ marbles, $5$ of which are red and $5$ are blue. The player draws marbles one at a time without replacement until all marbles of one color are drawn. What is the probability that...
401	0.777778	number_theory	0	Find the number of ordered triples $(a, b, c)$ of positive integers such that $a, b, c \leq 100$ and the equation $a + \frac{1}{b} + \frac{1}{c} = \frac{1}{2}$ holds true.
402	0.444444	number_theory	\{-17, -10, -8, 8, 10, 17\}	Find all integers $n$ such that the quadratic expression $x^2 + nx + 16$ can be factored over the integers, and both factors have at least one integer root.
403	0.333333	number_theory	15	Let \( S \) be the set of all positive integers \( n \) such that \( n \) can be expressed as the sum of two or more consecutive positive integers in exactly three distinct ways. For example, \( 9 = 4 + 5 = 2 + 3 + 4 = 1 + 2 + 3 + 3 \). Fi...
404	0.555556	number_theory	0	Find the number of distinct positive integers \( n \) such that the equation \( x^2 - nx + 2024 = 0 \) has integer solutions, and \( n \) is also a prime number.
405	0.444444	number_theory	(p-1)! \times p	Let $p$ be a prime number and $n$ be a positive integer. A function $f:\mathbb{Z}_p\rightarrow\mathbb{Z}_p$ is called "prime-friendly" if for any $x\in\mathbb{Z}_p$, there exists a unique $y\in\mathbb{Z}_p$ such that $f(y)=x$ and the sum o...
406	0.666667	number_theory	3	A finite sequence of non-zero digits is formed by concatenating all positive integers in increasing order, i.e., "123456789101112..." Continue this sequence infinitely. What is the 1000th digit of this sequence?
407	0.333333	number_theory	7	Find the smallest positive integer \( n \) such that \( n! \) (n factorial) is divisible by the product of the first \( n \) prime numbers. That is, determine the smallest \( n \) for which \( n! \) is divisible by \( 2 \times 3 \times 5 \...
408	0.333333	geometry	1	Let \( ABC \) be an acute-angled triangle with \( AB < AC \). Let \( D \) be the foot of the altitude from \( A \) to \( BC \), and let \( E \) and \( F \) be points on segments \( BD \) and \( CD \), respectively, such that \( AE = AF \)....
409	0.444444	algebra	1	Let \( f: \mathbb{R} \to \mathbb{R} \) be a continuous function such that for every real number \( x \), the equation \( f(x) = x^3 + ax^2 + bx + c \) holds, where \( a, b, \) and \( c \) are constants. If \( f(f(x)) = x \) for all real nu...
410	0.333333	number_theory	7, 11, 13, 17	Find all prime numbers \( p \) such that \( p^2 + 11 \) has at least three distinct prime divisors, each of which is less than 20.
411	0.777778	number_theory	2	Find all positive integers \( n \) such that \( n^2 + 4n + 4 \) is divisible by \( n^2 + 4 \).
412	0.555556	number_theory	1683	Let \( n \) be a positive integer such that \( n \leq 100 \). Define a sequence \( a_1, a_2, a_3, \ldots \) by the rule: \[ a_{k+1} = \left\lfloor \frac{2a_k}{3} \right\rfloor + \left\lfloor \frac{a_k}{3} \right\rfloor \] for all \( k \geq...
413	0.444444	number_theory	3	Let \( S \) be the set of all positive integers \( n \) such that the number \( 2^n + 3^n \) is divisible by 5. Determine the smallest positive integer \( k \) for which there exists a positive integer \( m \) such that \( 2^m + 3^m \equiv...
414	0.333333	number_theory	0	Let \( S \) be the set of all ordered triples of positive integers \( (a, b, c) \) such that \( a \leq b \leq c \leq 100 \) and \( abc \) is divisible by \( a + b + c \). Find the remainder when the number of elements in \( S \) is divided...
415	0.333333	algebra	\frac{3}{4}	Let $a, b, c$ be positive real numbers such that $a + b + c = 1$ and $abc = 3^{10}$. Find the minimum value of \[\frac{a}{1+a} + \frac{b}{1+b} + \frac{c}{1+c}.\]
416	0.333333	number_theory	2, 3, 7, 8, 12, 13	Let \( n \) be a positive integer such that \( n^2 + n + 1 \) is divisible by 5. Find all possible remainders when \( n \) is divided by 15.
417	0.666667	geometry	4	What is the least positive integer \( n \) such that the polynomial \( P(x) = x^n - 1 \) has exactly \( n \) distinct complex roots, including multiplicities, that can all be expressed as \( a + bi \) where \( a \) and \( b \) are integers...
418	0.444444	number_theory	1	Find all pairs of positive integers \((a, b)\) such that \(a^2 + b^2\) is divisible by \(ab + 1\). How many such pairs exist?
419	0.777778	geometry	8	In the complex plane, the vertices of a regular hexagon are the points \(1, i, -1, -i, -1-i, 1-i\). Find the sum of the squares of the distances from the origin to each vertex. Express your answer in the form \(a+bi\), where \(a\) and \(b\...
420	0.555556	combinatorics	1	In the complex plane, consider a sequence of points \( P_1, P_2, \ldots, P_{2023} \) such that \( P_1 \) is at \( 1+i \) and \( P_{n+1} \) is the reflection of \( P_n \) across the real axis if \( n \) is odd, and the reflection across the...
421	0.444444	number_theory	0	A sequence of positive integers \( a_1, a_2, \ldots, a_n \) is defined as follows: \( a_1 = 1 \) and for all \( k \geq 2 \), \( a_k \) is the smallest integer greater than \( a_{k-1} \) that is relatively prime to all previous terms in the...
422	0.333333	algebra	2	In the complex plane, let \( z \) be a root of the polynomial \( P(z) = z^5 - 3z^3 + 2z - 1 \). Determine the maximum possible value of \( |z| \), the magnitude of \( z \).
423	0.444444	geometry	432	A convex polygon with \(n\) sides has the property that the sum of the interior angles at any three consecutive vertices is always a constant \(S\). If \(n = 10\), find the value of \(S\).
424	0.666667	number_theory	10	Let $S$ be a set of integers such that for any two elements $a$ and $b$ in $S$, the expression $a^2 + ab + b^2$ is divisible by 5. Given that $S$ contains exactly 10 distinct elements, what is the maximum number of elements in $S$ that can...
425	0.333333	geometry	\frac{x^2}{9} - \frac{y^2}{16} = 1	In the Cartesian plane, consider a hyperbola with its transverse axis along the x-axis and its foci at (5, 0) and (-5, 0). Let P be a point on the hyperbola such that the distance from P to the right focus is twice the distance from P to t...
426	0.333333	geometry	5	In an advanced exploration of geometric series and sequences, consider a sequence where each term is derived from the square of a corresponding term in a geometric progression with the first term 1 and common ratio \(\frac{2}{3}\). Find th...
427	0.333333	other	10\sqrt{3}	Consider a regular hexagon $ABCDEF$ with side length $10$. Each vertex is connected to every other vertex by a diagonal. Find the number of diagonals that intersect the interior of the hexagon, passing through more than two vertices. Addit...
428	0.444444	combinatorics	2	What is the minimum number of colors needed to color the vertices of a regular octagon such that no two vertices of the same color are adjacent and the sum of the colors of any two adjacent vertices is not equal to 7?
429	0.666667	number_theory	7	Find the smallest positive integer \( n \) such that the sum of the digits of \( n \) in base 10 is equal to the sum of the digits of \( 2n \) in base 10, and both sums are prime numbers.
430	0.666667	number_theory	4950	Let \(a_1, a_2, \ldots, a_n\) be positive integers such that \(\sum_{i=1}^n a_i = 100\). Find the maximum possible value of \(\sum_{1 \leq i < j \leq n} a_i a_j\).
431	0.444444	number_theory	0	Find all positive integers \( n \) such that the number of ways to partition the set \(\{1, 2, \ldots, n\}\) into two non-empty subsets of equal size (in terms of the number of elements) is equal to the sum of the first \( n \) positive in...
432	0.666667	algebra	\frac{1}{2}	Find the minimum value of the expression \[ \frac{x^2 + y^2}{(x - y)^2} \] for real numbers \(x\) and \(y\) such that \(x \neq y\).
433	0.666667	number_theory	20	Consider a sequence \(a_n\) defined for all positive integers \(n\) such that \(a_1 = 1\) and for \(n > 1\), \[a_n = a_{n-1} + \frac{a_{n-1}}{n}.\] Determine the smallest positive integer \(m\) such that \(a_m > 10\).
434	0.555556	geometry	4	Find the smallest positive integer \( n \) such that for any set of \( n \) distinct points on a circle, it is possible to draw a line through the center of the circle that divides the circle into two parts, each containing exactly \( \lef...
435	0.555556	number_theory	(1, 1, 1)	Determine all triples \((a, b, c)\) of positive integers such that \[ a^2 + b^2 + c^2 + 3abc + 1 = 4(ab + bc + ca). \]
436	0.777778	algebra	3	Find all real numbers \( x \) such that \( x^3 - 3x^2 + 4 = 0 \) and determine the sum of all such \( x \).
437	0.555556	other	10	Let \( ABCD \) be a convex quadrilateral with \( AB = 6 \), \( BC = 7 \), \( CD = 8 \), and \( DA = 9 \). The diagonals \( AC \) and \( BD \) intersect at point \( E \), such that \( AE : EC = 1 : 2 \) and \( BE : ED = 1 : 1 \). Determine ...
438	0.444444	geometry	\frac{1}{x^2} + \frac{1}{y^2} + \frac{1}{z^2} = \frac{4}{S^2} \left( \frac{R}{r} \right)^2	In triangle \( ABC \), let \( P \) be a point inside the triangle such that the distances from \( P \) to the sides \( BC, CA, \) and \( AB \) are \( x, y, \) and \( z \) respectively. If the area of triangle \( ABC \) is \( S \) and the c...
439	0.555556	number_theory	1	Let \( S \) be the set of all positive integers \( n \) for which the sum of the digits of \( n \) is equal to the sum of the digits of \( n^2 \). Find the number of elements in the set \( S \) that are less than 1000 and are also prime nu...
440	0.444444	number_theory	2	Let $S$ be the set of all positive integers $n$ such that $n$ can be expressed as the sum of two or more consecutive positive integers. For example, $9$ is in $S$ because $9 = 4 + 5$ and $15$ is in $S$ because $15 = 7 + 8$. Let $T$ be the ...
441	0.444444	geometry	333	In a certain geometry competition, a unique triangle is defined as a triangle with integer side lengths, where the inradius is exactly half the circumradius. Determine the number of unique triangles that can be formed with a perimeter less...
442	0.555556	number_theory	2	Find all positive integers \( n \) such that the polynomial \( P(x) = x^n + (n-1)x + (n-1) \) is divisible by another polynomial \( Q(x) = x^2 + x + 1 \).
443	0.333333	geometry	\frac{49\sqrt{3}}{4}	Let \(ABC\) be a triangle with \(\angle BAC = 60^\circ\), and let \(D\) be a point on side \(BC\) such that \(AD\) bisects \(\angle BAC\). If \(BD = 4\), \(DC = 6\), and \(AD = 5\), find the area of triangle \(ABC\). Express your answer in...
444	0.444444	number_theory	1	Find all positive integers \( n \) for which the equation \[ n^2 + 3n + 2 = 2^k \] has integer solutions for \( k \).
445	0.555556	algebra	f(x) = cx	Find all functions \( f : \mathbb{R} \to \mathbb{R} \) such that for all real numbers \( x, y, z \), the equation \( f(x + y) + f(y + z) + f(z + x) = f(x + y + z) + f(x) + f(y) + f(z) \) holds.
446	0.555556	combinatorics	2500	In a kingdom, there are 100 towns connected by roads. Each road connects exactly two towns, and no two roads connect the same pair of towns. A traveler starts at a particular town and wishes to visit every town exactly once before returnin...
447	0.333333	algebra	\frac{s^3 \sqrt{2}}{24}	In a 3-dimensional space, there exists a solid formed by connecting the vertices of a regular tetrahedron to the midpoint of the opposite face. If the side length of the original tetrahedron is \( s \), find the volume of this new solid as...
448	0.444444	number_theory	129	Consider a sequence of positive integers \(a_1, a_2, a_3, \ldots\) defined as follows: \(a_1 = 2\), and for each \(n \geq 2\), \(a_n\) is the smallest integer greater than \(a_{n-1}\) that is relatively prime to \(a_{n-1}\). Define the set...
449	0.333333	number_theory	3	Let \( S \) be a set of integers such that for any three distinct elements \( a, b, c \in S \), the expression \( a^2 + b^2 + c^2 \) is divisible by \( 2024 \). Determine the maximum possible size of \( S \) under these conditions.
450	0.666667	number_theory	7	Let \( P(x) \) be a polynomial with integer coefficients such that \( P(1) = 4 \) and \( P(4) = 121 \). If \( P(x) \) has the form \( P(x) = ax^2 + bx + c \), find the maximum possible value of \( a \).
451	0.333333	geometry	(3, 5), (5, 3)	Find all prime numbers \(p\) and \(q\) such that \(p^2 + pq + q^2\) is a perfect square.
452	0.777778	geometry	5	Let \( ABCD \) be a convex quadrilateral inscribed in a circle \( \Gamma \) with \( AB = a \), \( BC = b \), \( CD = c \), and \( DA = d \). Suppose that the diagonals \( AC \) and \( BD \) intersect at point \( P \) such that \( AP = 3 \)...
453	0.666667	geometry	2	Let \(ABC\) be an acute triangle with circumradius \(R\) and inradius \(r\). Let \(O\) be the circumcenter of \(ABC\) and \(H\) be the orthocenter. If the length of the segment \(OH\) is equal to \(3R\), determine the minimum possible valu...
454	0.333333	geometry	\frac{1}{4}	Let $ABCDEF$ be a regular hexagon with side length $s$. Points $P, Q, R, S, T,$ and $U$ are the midpoints of sides $AB, BC, CD, DE, EF$, and $FA$, respectively. If lines are drawn from each vertex of the hexagon to the points that are not ...
455	0.666667	number_theory	5	Let $f: \mathbb{N} \rightarrow \mathbb{N}$ be a function defined by $f(n) = n^2 + n + 1$. Consider the set $S = \{f(n) : n \in \mathbb{N}\}$. How many positive integers less than or equal to $100$ can be expressed as the product of two dis...
456	0.444444	number_theory	1	What is the smallest positive integer n such that n^3 - 7n^2 + 11n - 5 is divisible by 1000?
457	0.777778	number_theory	1	Find all positive integers \(n\) such that \(n^3 + n^2 + 1\) divides \(n^4 + 2n^3 + 3n^2 + 4n + 5\).
458	0.444444	geometry	\frac{1}{2} r^2	In the coordinate plane, a circle with radius $r$ is centered at $(h,k)$. A tangent line to the circle at a point $P$ intersects the x-axis at $Q$ and the y-axis at $R$. If the coordinates of $P$ are $(h + r, k)$, determine the area of $\t...
459	0.555556	geometry	\frac{3}{8}	In triangle \( ABC \), \( \angle A = 90^\circ \) and \( AB = AC \). The point \( D \) is on \( BC \) such that \( BD = 3DC \). The point \( E \) is the midpoint of \( AD \). Find the ratio of the area of triangle \( BDE \) to the area of t...
460	0.555556	number_theory	5	Find the smallest positive integer \( n \) such that the sum of the digits of \( 2^n \) is equal to \( n \) and \( 2^n \) ends in 2.
461	0.666667	algebra	36	Let \( P(x) \) be a polynomial of degree 5 with real coefficients such that \( P(1) = 1, P(2) = 4, P(3) = 9, P(4) = 16, \) and \( P(5) = 25. \) Determine the value of \( P(6). \)
462	0.444444	geometry	10	In a convex pentagon $ABCDE$, the diagonals $AC$ and $BD$ intersect at point $F$. The lengths of the sides are given by $AB = 5$, $BC = 6$, $CD = 7$, $DE = 8$, and $EA = 9$. If the area of the pentagon $ABCDE$ is 180 square units, determin...
463	0.333333	geometry	\sqrt{3}	Let $a, b, c$ be the side lengths of a triangle such that $a + b + c = 1$ and $a^2 + b^2 + c^2 = \frac{1}{2}$. Find the maximum possible value of $\sqrt{a} + \sqrt{b} + \sqrt{c}$.
464	0.777778	geometry	3628800	In the town of Polygonville, there are two types of roads: straight roads that connect city hall to every park, and circular roads that encircle the town's lake. If there are 10 parks and the circular road around the lake can be traversed ...
465	0.333333	geometry	2.83	In triangle \(ABC\), point \(D\) is on side \(BC\) such that \(BD = 2CD\). Let \(E\) be the midpoint of \(AD\). If \(AB = 3\), \(AC = 4\), and \(BC = 5\), find the length of \(BE\).
466	0.555556	geometry	2024	Consider a regular 2024-gon inscribed in a unit circle. Each vertex is connected to its immediate neighbors by chords. Let \( P \) be a point on the circumference of the circle. Compute the sum of the lengths of the chords from \( P \) to ...
467	0.333333	combinatorics	0	In a magical land, there are three types of coins: gold (G), silver (S), and bronze (B). A gold coin is worth 5 silver coins, and a silver coin is worth 5 bronze coins. A wealthy merchant has a chest containing exactly 2023 coins, which co...
468	0.555556	geometry	\frac{1}{8}	In triangle $ABC$, point $D$ lies on $BC$ such that $BD:DC = 1:3$. If $E$ is the midpoint of $AD$ and $F$ is the point on $AB$ such that $AF:FB = 3:1$, find the ratio of the area of triangle $AEF$ to the area of triangle $ABC$.
469	0.555556	number_theory	2	Let \( P(x) \) be a polynomial with integer coefficients such that \( P(1) = 2023 \) and \( P(2023) = 1 \). Determine the maximum possible number of distinct integer roots of \( P(x) \).
470	0.777778	geometry	1	Find the smallest positive integer \( n \) such that the product of all positive integers less than or equal to \( n \) and greater than 1, divided by the sum of the squares of all positive integers less than or equal to \( n \), is an int...
471	0.666667	geometry	\binom{n}{3}	Let \( S \) be a set of \( n \) points in the plane, where no three points are collinear. Define a "good triangle" as a triangle formed by three points in \( S \) such that no other point in \( S \) lies inside the triangle. Determine the ...
472	0.444444	geometry	13	In a convex pentagon \(ABCDE\), the interior angles satisfy \(\angle A + \angle B + \angle C = 360^\circ\) and \(\angle D + \angle E = 360^\circ\). If the side lengths \(AB = BC = CD = DE = 5\) and \(EA = 12\), find the length of the diago...
473	0.555556	logic_puzzle	3	In a magical forest, there are three types of trees: oak, maple, and pine. Oak trees can magically duplicate themselves every year, maple trees can magically triple themselves every two years, and pine trees can magically quintuple themsel...
474	0.666667	algebra	13	Let $f(x)$ be a polynomial of degree 3 such that $f(1) = 2$, $f(2) = 3$, $f(3) = 4$, and $f(4) = 5$. Find the value of $f(5) + f(6)$.
475	0.333333	number_theory	8	Let $p$, $q$, and $r$ be distinct prime numbers, and let $S$ be the set of all integers of the form $p^a q^b r^c$, where $a$, $b$, and $c$ are non-negative integers. Determine the number of subsets $T$ of $S$ such that the product of any t...
476	0.555556	geometry	\frac{5\sqrt{3}}{16}	In the complex plane, let $A$, $B$, and $C$ be points corresponding to complex numbers $a$, $b$, and $c$ respectively, such that $a$, $b$, and $c$ are vertices of an equilateral triangle. If $a = 1 + i$, $b = 3 + 2i$, and $c$ is in the thi...
477	0.333333	geometry	\frac{1}{2}	A square of side length 1 is placed inside a circle. A smaller circle is inscribed in one of the corners of the square. What is the radius of the smaller circle if the larger circle has a radius of 1?
478	0.444444	number_theory	1	What is the largest integer n such that there exist positive integers a, b, c, d satisfying the equation 1/a + 1/b + 1/c + 1/d = 1/n?
479	0.555556	number_theory	21	Let \( p \) and \( q \) be distinct odd prime numbers. Consider the set \( S \) of all positive integers \( n \) such that \( n \) can be expressed in the form \( n = kp + lq \) where \( k \) and \( l \) are non-negative integers and \( k ...
480	0.333333	algebra	2	Let \( f: \mathbb{R} \to \mathbb{R} \) be a function defined by \( f(x) = x^3 - 3x + 1 \). Suppose \( f \) has three distinct real roots \( a, b, c \) such that \( a + b + c = 0 \). Define \( g(x) = f(x)f(-x) \). Determine the number of re...
481	0.666667	number_theory	1	Find all positive integers \( n \) such that the equation \( x^3 + y^3 + z^3 = 3n^3 \) has a solution in positive integers \( x, y, z \) with \( x, y, z \) pairwise coprime.
482	0.777778	geometry	\angle OSB = 90^\circ	在平面直角坐标系 \(xOy\) 中，设 \(A\)、\(B\)、\(C\) 三点位于第一象限内，满足以下条件： 1. 点 \(A\) 的坐标为 \((a, 0)\)，其中 \(a > 0\)； 2. 点 \(B\) 的坐标为 \((0, b)\)，其中 \(b > 0\)； 3. 线段 \(AB\) 上存在一点 \(P\)，使得 \(PA : PB = 1 : 2\)； 4. 线段 \(AC\) 上存在一点 \(Q\)，使得 \(AQ : QC = 2 : 1\)； 5....
483	0.777778	geometry	5.72	A circular dartboard has a radius of 10 units. Points scored on the dartboard are determined by the area of the region where the dart lands. If a dart lands within a smaller concentric circle of radius 6 units, it scores 10 points. If it l...
484	0.444444	number_theory	0	Let $P(x)$ be a monic polynomial of degree $n$ with complex coefficients such that $P(1) = P(2) = \cdots = P(n+1) = 0$ and $P(n+2) = 2^{n+2}$. Find the remainder when $P(x)$ is divided by $x^{n+1} - (n+1)!x^n + \cdots + (-1)^{n+1}(n+1)!$.
485	0.555556	number_theory	1	Find all positive integers \( n \) such that there exists a polynomial \( P(x) \) of degree \( n \) with integer coefficients satisfying the equation \( P(k) = k^2 \) for exactly \( n \) distinct integer values of \( k \).
486	0.333333	number_theory	111\ldots1	In the sequence of positive integers \(a_1, a_2, a_3, \ldots\), \(a_1 = 2021\), and each subsequent term \(a_{n+1}\) is obtained by deleting the digits of \(a_n\) if they are even, and by appending the number 1 if no such digits can be del...
487	0.555556	number_theory	2	Let $f(x) = \sin(x) + \cos(x)$ for $x \in [0, \pi]$. Find the smallest positive integer $n$ such that $f(x)$ can be expressed as a polynomial of degree $n$ with real coefficients satisfying $f(x) = 0$ for exactly two values of $x$ in the i...
488	0.444444	number_theory	1	Consider a sequence of complex numbers \( \{z_n\} \) defined recursively by \( z_1 = 1 + i \) and \( z_{n+1} = z_n^2 + c \), where \( c \) is a fixed complex number. Find the number of distinct values of \( c \) such that the sequence \( \...
489	0.777778	number_theory	405	Find the smallest positive integer \( n \) such that \( n! \) (n factorial) is divisible by \( 10^{100} \).
490	0.333333	number_theory	6	Find all positive integers \( n \) such that there exist positive integers \( a \), \( b \), and \( c \) satisfying \( n = a^2 + b^2 + c^2 \) and \( n^2 = abc(a+b+c) \).
491	0.666667	number_theory	3	Find all positive integers \( n \) such that the polynomial \( P(x) = x^n + x^{n-1} + \cdots + x + 1 \) can be expressed as the product of two non-constant polynomials with integer coefficients.
492	0.555556	algebra	2	Let \( f: \mathbb{R} \to \mathbb{R} \) be a function such that for all real numbers \( x \) and \( y \), the following equation holds: \[ f(x + y) = f(x)f(y) - f(x) + f(y) - xy. \] If \( f(0) = 2 \), determine the value of \( f(1) \).
493	0.444444	number_theory	1, 2	Find all positive integers \( n \) such that the equation \( x^n + y^n = z^n + 1 \) has infinitely many solutions in positive integers \( x, y, \) and \( z \).
494	0.444444	number_theory	(0, 2),\ (4, 2),\ (0, -2),\ (-4, -2)	Find all pairs of integers $(x, y)$ such that the equation $x^2 - 2xy + 3y^2 = 12$ has a solution.
495	0.555556	algebra	-\frac{1}{3}	In the complex plane, consider the region \( D \) defined by the inequality \( |z - 1| \leq 2 \). Let \( f(z) = \frac{1}{z^3 - 1} \). Determine the number of points in \( D \) where \( f(z) \) has singularities, and find the sum of the res...
496	0.555556	number_theory	2	Let \( f: \mathbb{Z}^+ \rightarrow \mathbb{Z}^+ \) be a function such that \( f(1) = 1 \) and for all positive integers \( n \), \[ f(n + 1) = f(n)^2 + f(n). \] Find the smallest positive integer \( k \) for which \( f(f(k)) = 2f(k) + 2 \).
497	0.777778	geometry	30^\circ	Let \( ABC \) be an isosceles triangle with \( AB = AC \) and \( \angle BAC = 20^\circ \). Let \( D \) be a point on \( AC \) such that \( AD = BC \). Find the measure of \( \angle BDC \).
498	0.333333	number_theory	20	What is the smallest positive integer \( n \) such that the number of ways to partition the set \(\{1, 2, \ldots, n\}\) into two non-empty subsets with the property that the sum of the elements in one subset is a multiple of the sum of the...
499	0.444444	number_theory	1, 3	Find all positive integers \( n \) such that \( n \) divides \( 2^n + 1 \).
500	0.333333	number_theory	1000000	Find all triples of positive integers $(a, b, c)$ such that $a + b + c = 300$ and $a^2 + b^2 + c^2 + ab + bc + ca = 70000$. Additionally, determine the maximum value of the product $abc$ among these triples.
501	0.444444	number_theory	4	Find all positive integers \( n \) such that the polynomial \( P(x) = x^n + 4x^{n-1} + 6x^{n-2} + \cdots + 4x + 1 \) can be factored into two non-constant polynomials with integer coefficients.
502	0.333333	number_theory	306	Given a sequence of positive integers \(a_1, a_2, \ldots, a_n\) where each \(a_i\) is a power of a prime number, and the sum \(S = a_1 + a_2 + \cdots + a_n\) is less than \(2023\), find the number of distinct sequences \((a_1, a_2, \ldots,...
503	0.555556	geometry	24	In triangle ABC, let D be the midpoint of side AB. Line segments AD and BC intersect at point P. If the length of AD is 18 units, the length of BD is 6 units, and the ratio of the areas of triangles APC and BPD is 4:3, find the length of B...
504	0.444444	number_theory	3	Let \( P(x) \) be a polynomial with integer coefficients such that \( P(1) = 5 \) and \( P(5) = 1 \). If \( P(n) = n \) for some integer \( n \), determine all possible values of \( n \).
505	0.444444	number_theory	3	Let \( S \) be the set of all ordered triples \( (a, b, c) \) of positive integers such that \( a + b + c = 2023 \). For each triple \( (a, b, c) \), define the weight \( w(a, b, c) \) as the number of distinct prime factors of the product...
506	0.444444	number_theory	3	Find the smallest positive integer \( n \) such that the polynomial \( P(x) = x^n + 1 \) can be expressed as the product of two non-constant polynomials with real coefficients.
507	0.444444	number_theory	1	Let $f: \mathbb{Z} \rightarrow \mathbb{Z}$ be a function satisfying the equation: $$ f(m) + f(n) = f(m + n) + f(mn - 1) $$ for all integers $m, n$. Given that $f(0) = 1$, determine the value of $f(2024)$.
508	0.666667	geometry	9	A sequence of positive integers \(a_1, a_2, a_3, \ldots\) is defined as follows: \(a_1 = 1\), and for \(n \geq 1\), \[a_{n+1} = a_n + \text{the smallest prime factor of } a_n.\] Determine the smallest positive integer \(m\) such that \(a_m...
509	0.333333	geometry	\frac{12}{5}	In the complex plane, let \(P\) be the point corresponding to the complex number \(z = 3 + 4i\). A line \(L\) passes through the origin and intersects the circle centered at the origin with radius \(5\) at points \(A\) and \(B\), distinct ...
510	0.333333	number_theory	2	Find the smallest positive integer \( n \) such that the number of distinct prime factors of \( n^2 + n + 41 \) is equal to the number of distinct prime factors of \( 2021n + 1 \).
511	0.777778	geometry	30^\circ	Let \( ABC \) be an acute triangle with \( AB \neq AC \). Let \( D \) be the foot of the altitude from \( A \) to \( BC \), and let \( E \) be the foot of the altitude from \( D \) to \( AB \). Suppose \( AE = EC \) and \( \angle BAC = 60^...
512	0.444444	number_theory	3	Consider a finite sequence of positive integers \( a_1, a_2, ..., a_n \) where \( n \geq 3 \). This sequence has the property that for any \( 1 \leq i < j < k \leq n \), the expression \( a_i \cdot a_j \cdot a_k \) is divisible by the sum ...
513	0.666667	geometry	4	In the coordinate plane, consider the set of points \( (x, y) \) that satisfy the following system of equations: \[ x^2 + y^2 = 25 \] \[ x^3 + y^3 = 91 \] Find the maximum value of \( x \) for the points in this set.
514	0.444444	number_theory	2	Let $f(x)$ be a polynomial with integer coefficients such that $f(0) = 1$ and $f(1) = 2$. Define a sequence of polynomials $g_n(x)$ by the recurrence relation: $$g_1(x) = f(x)$$ $$g_{n+1}(x) = g_n(x)^2 + x$$ for all $n \geq 1$. If $g_{2023...
515	0.444444	geometry	535	Let $ABC$ be a triangle with $AB = 13$, $BC = 14$, and $CA = 15$. Let $D$ be a point on side $BC$ such that $AD$ is the angle bisector of $\angle BAC$. Let $E$ and $F$ be points on sides $AC$ and $AB$, respectively, such that $DE$ is paral...
516	0.555556	algebra	3	Find all real numbers \( x \) that satisfy the inequality \( \left| \frac{x^2 - 3x + 2}{x - 1} \right| < 2 \). Determine the sum of all such \( x \).
517	0.666667	number_theory	2023	A sequence of positive integers \(a_1, a_2, a_3, \ldots\) is defined by the recurrence relation \(a_{n+1} = a_n + d_n\), where \(d_n\) is the greatest common divisor of \(a_n\) and \(n\). Given that \(a_1 = 2\) and the first six terms of t...
518	0.333333	number_theory	7	Consider a sequence of positive integers \(a_1, a_2, a_3, \ldots, a_n\) such that for each \(k\) where \(1 \leq k \leq n\), the sum \(S_k = a_1 + a_2 + \cdots + a_k\) satisfies the inequality \(S_k \leq 2^k\). If \(a_1 = 1\) and \(a_n = 10...
519	0.555556	number_theory	0	Find the number of ordered triples $(a, b, c)$ of positive integers such that $a^2 + b^2 + c^2 = 2024$ and $a, b, c$ are all distinct.
520	0.777778	geometry	64	In the convex quadrilateral $ABCD$, the sides $AB$ and $CD$ are parallel, and the diagonals $AC$ and $BD$ intersect at point $E$. Given that the length of side $AB$ is 12 units, the length of $CD$ is 16 units, and the area of triangle $AED...
521	0.333333	number_theory	(6, 8)	Find all pairs of positive integers $(a, b)$ such that the equation \[ x^2 + ax + b = 0 \] has two distinct integer roots, and the equation \[ y^2 + by + a = 0 \] also has two distinct integer roots.
522	0.777778	geometry	6.5	In triangle ABC, the lengths of the sides are given as AB = 13 units, BC = 14 units, and CA = 15 units. Point D lies on side BC such that angle BAD is equal to angle CAD. If the area of triangle ABD is half the area of triangle ACD, find t...
523	0.444444	algebra	2	Find all real numbers \( x \) such that \(\left(\frac{1}{3}\right)^x + \left(\frac{1}{2}\right)^x = \frac{31}{6}\).
524	0.555556	geometry	\binom{n}{3}	There are $n$ points in a plane, no three of which are collinear. How many distinct triangles can be formed by selecting 3 of these points, such that the triangle formed does not contain any of the other points inside it? Find a general fo...
525	0.444444	geometry	1	There exists a sequence of positive integers \((a_n)_{n=1}^{\infty}\) defined by \(a_1 = 1\) and for all \(n \geq 2\), \[a_n = \left\lfloor \sqrt{a_{n-1}^2 + 3n} \right\rfloor.\] Prove that there is a positive integer \(k\) such that \(a_k...
526	0.333333	number_theory	2750	Let \( P(x) \) be a monic polynomial of degree 6 with integer coefficients such that \( P(1) = 2024 \), \( P(2) = 2025 \), \( P(3) = 2026 \), \( P(4) = 2027 \), \( P(5) = 2028 \), and \( P(6) = 2029 \). Determine the value of \( P(7) \).
527	0.777778	number_theory	1	Let \( f(x) \) be a polynomial of degree 4 with integer coefficients such that \( f(1) = 5 \), \( f(2) = 11 \), \( f(3) = 21 \), and \( f(4) = 35 \). If \( r \) is a real root of \( f(x) = 0 \), find the minimum possible value of \( |r| \).
528	0.333333	number_theory	4	Let $S$ be a set of positive integers, and let $f: S \rightarrow \mathbb{N}$ be a function such that $f(n) = n^2$ for all $n \in S$. If $S$ contains exactly $k$ elements, and the sum of $f(n)$ for all $n \in S$ is $110$, find the maximum p...
529	0.777778	geometry	2023	In the coordinate plane, consider a circle with center at the origin $(0, 0)$ and radius $r$. For a given point $P(a, b)$ inside this circle, let $d$ be the distance from $P$ to the closest point on the circle's boundary. Define the functi...
530	0.777778	algebra	f(x) = ax	Let $f: \mathbb{R} \to \mathbb{R}$ be a continuous function such that for all $x \in \mathbb{R}$ and any $\epsilon > 0$, there exists a polynomial $P(x)$ such that $|f(x) - P(x)| < \epsilon$. Moreover, assume that $f(x)$ satisfies the func...
531	0.666667	number_theory	6	Find the smallest positive integer \( n \) such that \( \sqrt[n]{2 \sqrt{3} + 3 \sqrt{2}} + \sqrt[n]{2 \sqrt{3} - 3 \sqrt{2}} \) is rational.
532	0.333333	other	3	在一个直角三角形ABC中，∠C为直角，边AB=12厘米。点D位于边BC上，使得BD:DC = 3:1。如果从点D向边AC作垂线交于点E，求DE的长度。假设E点在AC上使得AE:EC = 1:3。如何利用几何关系及比例知识求解此问题？
533	0.555556	number_theory	2	Let $f: \mathbb{N} \to \mathbb{N}$ be a function defined by $f(n) = n^2 - 4n + 4$. Define a sequence $a_n$ by $a_1 = 1$ and $a_{n+1} = f(a_n)$ for all $n \geq 1$. Find the smallest positive integer $k$ such that $a_k = 1$.
534	0.777778	geometry	\binom{k}{3}	Let \( S \) be a set of \( n \) distinct points in the plane, no three of which are collinear. Define a *happy triangle* as a triangle formed by three points in \( S \) such that the centroid of the triangle lies inside the triangle. Deter...
535	0.333333	geometry	65	Find the smallest positive integer \( n \) such that \( n \) can be expressed as the sum of two distinct squares in exactly two different ways, and both pairs of squares consist of integers between 1 and 20 inclusive. Prove that your answe...
536	0.444444	geometry	1	Find all positive integers \( n \) for which the sum of the squares of the first \( n \) odd numbers is divisible by the product of the first \( n \) primes.
537	0.555556	number_theory	6	In the realm of complex numbers, let $z_1 = 1 + i\sqrt{3}$ and $z_2 = 2 - i\sqrt{2}$. Define $w_n = z_1^n + z_2^n$ for all positive integers $n$. Determine the smallest positive integer $n$ for which $w_n$ is a real number.
538	0.666667	other	90	In a mystical land, there are three types of magical stones: Ruby, Sapphire, and Emerald. Each stone has a unique power: Ruby doubles the number of gems you have, Sapphire triples it, and Emerald adds 5 more gems. You start with 10 gems. I...
539	0.555556	number_theory	3	Find all positive integers \( n \) such that there exists a sequence of \( n \) positive integers \( a_1, a_2, \ldots, a_n \) with the property that for every \( i \) (\( 1 \leq i \leq n \)), the following conditions hold: 1. \( a_i \) is ...
540	0.333333	number_theory	4, 9, 10, 14, 15	Find all positive integers \( n \) such that the number of positive divisors of \( n \) is equal to \( 3 + \left\lfloor \frac{n}{10} \right\rfloor \), where \( \left\lfloor x \right\rfloor \) denotes the greatest integer less than or equal...
541	0.555556	number_theory	1	A sequence of numbers \(a_1, a_2, a_3, \ldots\) is defined recursively by \(a_1 = 1\) and for all \(n \geq 1\), \(a_{n+1} = \frac{a_n^2 + 1}{2a_n}\). Determine the smallest positive integer \(k\) such that \(a_k\) is an integer and \(a_{k+...
542	0.444444	number_theory	1	Find all positive integers \(n\) such that the expression \[ \frac{n^3 + 3n^2 + 8n + 4}{n^2 + 1} \] is an integer, and prove that these are the only solutions.
543	0.777778	number_theory	210	Find the smallest positive integer \( n \) such that the number of distinct positive divisors of \( n \) is exactly 16 and \( n \) is a product of distinct prime numbers.
544	0.444444	geometry	1	A function \( f: \mathbb{Z} \to \mathbb{Z} \) satisfies the recurrence relation \( f(n+1) = f(n) + 3n \) for all integers \( n \), and it is known that \( f(1) = 1 \). Find the smallest positive integer \( k \) such that \( f(k) \) is a pe...
545	0.444444	algebra	3	Let $S$ be the set of all continuous functions $f: \mathbb{R} \rightarrow \mathbb{R}$ such that for all $x \in \mathbb{R}$, \[ f(x) + f(x + 1) + f(x + 2) = 0. \] Determine the dimension of the vector space spanned by $S$.
546	0.666667	number_theory	1	Find the smallest positive integer \( n \) such that the polynomial \( P(x) = x^n + ax^{n-1} + bx^{n-2} + \cdots + k \) has at least one real root, where \( a, b, \ldots, k \) are real numbers with the property that the sum of any non-empt...
547	0.777778	number_theory	0	Let $f(x)$ be a polynomial with integer coefficients such that $f(0) = 1$, $f(1) = 2$, and $f(2) = 5$. If $f(n) = n^3 + 3n^2 + n + 1$ for all integers $n$, find the number of integer values of $x$ for which $f(f(x)) = x^3 + 3x^2 + x + 1$.
548	0.333333	number_theory	5001	Consider the sequence \( \{a_n\} \) defined by the recurrence relation \( a_{n+1} = a_n + \frac{1}{a_n} \) with the initial term \( a_1 = 1 \). Determine the smallest positive integer \( n \) such that \( a_n > 100 \).
549	0.666667	algebra	4	Let $p(x) = x^3 - 3x^2 + 4$ and $q(x) = x^3 - 3x + 2$. Find the number of distinct real solutions to the equation $p(q(x)) = 0$.
550	0.555556	number_theory	50	In a town, there are 100 houses, each with a unique number from 1 to 100. Each house is connected to exactly one other house with a cable, and no two houses are connected more than once. Additionally, for every house \(i\), the house with ...
551	0.444444	geometry	\sqrt{3}	In the complex plane, let \(A, B,\) and \(C\) be the vertices of an equilateral triangle with side length \(2\sqrt{3}\). Let \(P\) be a point inside the triangle such that the distances from \(P\) to the sides of the triangle are \(d_1, d_...
552	0.444444	number_theory	1	Find the smallest positive integer \( n \) such that the polynomial \( P(x) = x^n - x^{n-1} - \cdots - x + 1 \) has at least one rational root. Prove your answer.
553	0.333333	number_theory	6	Find all positive integers \( n \) such that \( n^2 + n + 1 \) divides \( 19n^2 + 13n + 12 \).
554	0.777778	geometry	3a^2	Consider a regular tetrahedron with edge length \(a\). A point \(P\) is chosen inside the tetrahedron such that the distances from \(P\) to the four vertices are \(d_1, d_2, d_3,\) and \(d_4\), respectively. Given that the sum of the squar...
555	0.333333	geometry	4	Let \(ABC\) be an isosceles triangle with \(AB = AC\). A point \(P\) lies inside the triangle such that the line segment \(AP\) intersects \(BC\) at point \(D\) and \(BP\) intersects \(AC\) at point \(E\), with \(PE\) being perpendicular t...
556	0.444444	geometry	\frac{2\pi}{3} - \frac{\sqrt{3}}{2}	In the complex plane, let \( S \) be the set of points \( z \) that satisfy \( |z| < 1 \) and let \( P \) be the set of points \( z \) that satisfy \( |z - 1| < 1 \). Find the area of the region that is contained in both \( S \) and \( P \...
557	0.666667	algebra	0	Find all real numbers \( x \) such that the equation \( \left( x^2 - 1 \right)^4 + 4 \left( x^2 - 1 \right)^3 + 4 \left( x^2 - 1 \right)^2 + 1 = 0 \) has exactly one solution. Prove your answer.
558	0.777778	number_theory	1	Find all integers \( n \) such that \( 2^n + 2 \) is divisible by \( n^2 \).
559	0.333333	other	(11, 3)	In a magical kingdom, there are two types of creatures: goblins and giants. The goblins are known for their small size, and each goblin has exactly 3 heads. Giants, on the other hand, are much larger and each giant has exactly 5 heads. The...
560	0.777778	sequence	\sqrt{2}	In the sequence \( \{a_n\} \) defined by \( a_1 = 1 \) and \( a_{n+1} = \frac{a_n}{2} + \frac{1}{a_n} \) for all \( n \geq 1 \), find the value of \( a_{10} \). Additionally, determine the limit of the sequence as \( n \) approaches infini...
561	0.333333	number_theory	2	Let \( S \) be the set of all positive integers \( n \) such that \( n \) can be expressed in the form \[ n = a^2 + b^2 + c^2 \] for some non-negative integers \( a \), \( b \), and \( c \). Furthermore, \( n \) must satisfy the following ...
562	0.777778	number_theory	(1, 1, 1)	Find all triples of positive integers \((a, b, c)\) such that \(a^2 + b^2 + c^2 = abc + 2\) and \(a, b, c\) are pairwise coprime.
563	0.333333	number_theory	6	Find the smallest positive integer $n$ such that $\left(\frac{3+i\sqrt{3}}{2}\right)^n + \left(\frac{3-i\sqrt{3}}{2}\right)^n$ is a real number and divisible by 4.
564	0.666667	algebra	f(x) = 0	Find all functions \( f: \mathbb{R} \rightarrow \mathbb{R} \) that satisfy the functional equation \[ f(x^2 + yf(z)) = xf(x) + zf(y) \] for all real numbers \( x, y, \) and \( z \).
565	0.444444	number_theory	0	Consider a sequence of positive integers \(a_n\) defined by \(a_1 = 1\), \(a_2 = 2\), and for all \(n \geq 3\), \(a_n = a_{n-1}^2 + a_{n-2}\). Find the remainder when \(a_{2023}\) is divided by \(2023\).
566	0.750000	geometry	1	Let \( f(n) \) be a function defined for all positive integers \( n \), where \( f(n) = n^2 + n + 1 \). Consider the sequence \( a_n \) defined by \( a_1 = 1 \) and \( a_{n+1} = f(a_n) \) for \( n \geq 1 \). Determine the smallest positive...
567	0.777778	number_theory	n + m - \gcd(n, m)	Let \( A \) and \( B \) be two finite sets of real numbers with \( |A| = n \) and \( |B| = m \) respectively, where \( n, m \in \mathbb{N} \) and \( n \geq m \). Define \( S \) as the set of all possible sums of the form \( a + b \) where ...
568	0.666667	number_theory	1	Let \( P(x) \) be a polynomial with integer coefficients such that \( P(1) = 5 \) and \( P(2) = 11 \). If \( P(x) \) is also known to be a quadratic polynomial, determine the coefficient of the \( x^2 \) term.
569	0.555556	number_theory	2047276	Let \( f: \mathbb{Z} \to \mathbb{Z} \) be a function such that for all integers \( x \) and \( y \), the following properties hold: 1. \( f(x + y) = f(x) + f(y) + xy \) 2. \( f(1) = 1 \) Find the value of \( f(2023) \).
570	0.666667	number_theory	1, 3	Find all positive integers \( n \) such that \( n \) divides \( 2^n + 1 \).
571	0.333333	geometry	9	Find all positive integers \( n \) for which \( n^3 - 14n^2 + 53n - 72 \) is a perfect square.
572	0.555556	number_theory	1	Find all positive integers \(n\) for which the expression \[ \frac{n^2 + 2n + 2}{n^2 + n + 1} \] is an integer.
573	0.333333	geometry	\frac{\sqrt{3}}{\pi}	A regular octahedron is inscribed in a sphere of radius \( R \). Each face of the octahedron is an equilateral triangle. If a point is chosen at random inside the sphere, what is the probability that it lies inside one of the eight faces o...
574	0.777778	number_theory	11	Find the smallest positive integer \( n \) such that \( \frac{1}{2} + \frac{1}{3} + \frac{1}{4} + \cdots + \frac{1}{n} \) exceeds 2.
575	0.555556	geometry	1	Find the smallest positive integer \( n \) such that the sum of the squares of the first \( n \) positive integers is divisible by \( n \) itself. In other words, determine \( n \) where: \[ \sum_{k=1}^{n} k^2 \equiv 0 \pmod{n} \]
576	0.555556	number_theory	86400	Find the number of ways to arrange the digits 1, 2, 3, 4, 5, 6, 7, 8, 9, and 0 in a row such that no two even digits are adjacent and the sum of the first five digits is divisible by 5.
577	0.777778	number_theory	5	In the complex plane, let $z_1 = e^{2\pi i/5}$ and $z_2 = e^{6\pi i/5}$. Consider the sequence of points $P_n$ defined recursively by $P_1 = z_1 + z_2$ and for $n \geq 2$, $P_n = P_{n-1} + \frac{P_{n-1} - z_1}{z_2 - z_1}$. Find the smalles...
578	0.444444	algebra	\frac{5}{9}	Let \(a, b,\) and \(c\) be positive real numbers such that \(a + b + c = 1\) and \(a, b, c\) form an arithmetic sequence. Determine the maximum value of \(a^2 + b^2 + c^2\).
579	0.444444	geometry	101	In the coordinate plane, a set of points $P$ contains all lattice points $(x, y)$ with $0 \leq x, y \leq 100$. A "Diophantine triangle" is formed by selecting three points from $P$ such that the distances between any two points are rationa...
580	0.555556	algebra	3	In the complex plane, let \( z \) be a complex number such that \( |z| = 1 \). Define the function \( f(z) = \frac{z^4 + z^2 + 1}{z^2 + z + 1} \). Find the maximum value of \( |f(z)| \) over all complex numbers \( z \) with \( |z| = 1 \).
581	0.444444	number_theory	100	A sequence of positive integers \( a_1, a_2, \dots, a_n \) satisfies the condition that for every \( k \geq 2 \), \( a_k \) is the smallest positive integer not appearing among \( a_1, a_2, \dots, a_{k-1} \) and not equal to \( a_{k-1} \)....
582	0.444444	number_theory	1	Find the number of ordered triples \((a, b, c)\) of positive integers such that \(a \leq b \leq c\), \(abc = 2024\), and \(a + b + c\) is divisible by 3.
583	0.555556	geometry	19	Consider a function \( f: \mathbb{Z} \to \mathbb{Z} \) defined by \( f(n) = n^3 - 3n^2 + 3n - 1 \). Find the number of integers \( n \) in the range \( -100 \leq n \leq 100 \) such that \( f(n) \) is a perfect square.
584	0.444444	number_theory	(1, 2), (2, 1)	Find all pairs of positive integers \((x, y)\) such that \(x^3 + y^3 = (x + y)^2\).
585	0.777778	number_theory	4	Find all positive integers \( n \) such that the equation \( x^2 - nx + n = 0 \) has integer solutions for \( x \), and additionally, the product of the solutions is less than \( n^2 \).
586	0.555556	number_theory	|S| \cdot \max(S)	Let \( S \) be a finite set of positive integers. Define a function \( f: S \times S \to \mathbb{Z} \) such that for any \( x, y \in S \), \( f(x, y) \) is the smallest positive integer that cannot be expressed as \( ax + by \) for any non...
587	0.444444	geometry	0	Consider a sequence of \( n \) distinct points on a circle, labeled \( P_1, P_2, \dots, P_n \). A "jump" is defined as moving from one point to the next in the clockwise direction. A "walk" is a sequence of jumps where no three consecutive...
588	0.666667	number_theory	1	Find the smallest positive integer \( n \) such that the equation \( n^2 + (n+1)^2 + (n+2)^2 = k^3 \) has no solution in positive integers \( k \).
589	0.333333	other	1	在整数 \(n\) 的某个表示中，\(n\) 是由 \(k\) 个非零数字组成，其中每个数字都可以取值为 \(1, 2, 3, 4, 5, 6, 7, 8, 9\)。这些数字的和被记为 \(S\)，而这些数字乘积的最后一位数字也被记为 \(P\)。已知对于所有的 \(n\)，\(S\) 和 \(P\) 都能被 \(k\) 整除。求满足条件的最小的 \(n\) 的值。
590	0.333333	number_theory	28	Find all positive integers $n$ such that the number of divisors of $n$ equals $n/2$, and $n$ is the sum of the cubes of its proper divisors. Additionally, prove that there are no other solutions for $n$ within the range of $1$ to $1000000$.
591	0.333333	number_theory	1	Let \( f: \mathbb{N} \to \mathbb{N} \) be a function such that for all positive integers \( n \), \[ f(n) = n^2 + 10n + 21 \] and for all positive integers \( a \) and \( b \), \[ f(ab) = f(a)f(b). \] Find the smallest positive integer \( ...
592	0.333333	number_theory	m	Let \( P(x) \) be a polynomial with integer coefficients such that \( P(1) = 2 \) and \( P(2) = 3 \). Suppose there exists an integer \( n \) such that \( P(n) = 2023 \). Prove that there exists an integer \( m \) such that \( P(m) = 2024 ...
593	0.666667	number_theory	1	Let \( S \) be the set of all positive integers. A function \( f: S \to S \) is defined such that for all \( n \in S \), \( f(f(n)) = 3n \). Determine the number of possible values of \( f(1) \) such that \( f \) is a well-defined function...
594	0.444444	geometry	(2, 2)	Find all pairs of positive integers \((a, b)\) such that both \(a + b\) and \(ab\) are perfect squares. Prove that these are the only possible solutions.
595	0.555556	geometry	2	Find all positive integers \( n \) such that the equation \[ x^n + y^n + z^n = 2015 \] has no solutions in positive integers \( x, y, z \) with \( x + y + z \) being a perfect square.
596	0.777778	number_theory	1	Find all positive integers \( n \) such that the equation \[ x^3 - y^3 = n^2 \] has a solution in integers \( x \) and \( y \), where \( x \neq y \) and \( \gcd(x, y) = 1 \).
597	0.333333	number_theory	2	Let \( P(x) \) be a polynomial with integer coefficients such that \( P(0) = 1 \) and \( P(1) = 5 \). Suppose that \( P(x) \) has exactly one real root, which is an integer. Find the number of possible values of the leading coefficient of ...
598	0.333333	number_theory	3	Let \( S \) be a set of positive integers such that for any two distinct elements \( a \) and \( b \) in \( S \), the sum \( a + b \) is not divisible by either \( a \) or \( b \). Find the maximum number of elements that \( S \) can conta...
599	0.444444	geometry	\frac{3\sqrt{3}}{2}	In the complex plane, consider the transformation \(T(z) = e^{i\theta}z + a\), where \(\theta\) is a fixed real number and \(a\) is a complex number with \(|a| = 1\). Let \(S\) be the set of all points \(z\) in the complex plane such that ...
600	0.666667	algebra	2	Let \( P(x) \) be a polynomial of degree \( n \) with real coefficients such that \( P(x) \geq 0 \) for all real \( x \). Suppose further that \( P(x) \) has no repeated roots and \( P'(x) \) (the derivative of \( P(x) \)) also has no repe...
601	0.666667	geometry	65 \frac{1}{3}	In triangle $ABC$, points $D$ and $E$ lie on sides $AB$ and $AC$, respectively, such that $DE$ is parallel to $BC$. If $AD = 3$, $DB = 4$, and the area of triangle $ADE$ is 12 square units, find the area of triangle $ABC$.
602	0.666667	algebra	\frac{9}{10}	Let $a, b, c$ be positive real numbers such that $a + b + c = 1$. Find the maximum value of the expression: \[ \frac{a}{1 + bc} + \frac{b}{1 + ca} + \frac{c}{1 + ab}. \]
603	0.333333	number_theory	2	Let \( P(x) \) be a monic polynomial with integer coefficients such that \( P(1) = 2024 \). Suppose \( P(x) \) has a root \( \alpha \) that is a complex number with real part strictly between 0 and 1. Define the sequence \( \{a_n\} \) by \...
604	0.333333	number_theory	8	Find the smallest positive integer \( n \) such that the equation \[ x_1^2 + x_2^2 + \cdots + x_n^2 = 2023 \] has no solution in integers \( x_i \).
605	0.333333	number_theory	5	Let \( f \) be a function defined on the positive integers such that \( f(n) = n^2 + 1 \). Define \( S \) as the set of all positive integers \( n \) for which \( f(n) \) is a prime number. Find the number of elements in \( S \) that are l...
606	0.555556	number_theory	1	Find the number of ways to arrange the numbers 1 through 9 in a 3x3 grid such that each number is greater than the number directly above it and the number to its left, if they exist. Additionally, ensure that the sum of the numbers in each...
607	0.555556	geometry	2	A circle with radius $r$ is inscribed in a square, and another smaller circle with radius $s$ is inscribed in one of the right triangles formed by the diagonal of the square. If the area of the smaller circle is exactly one-fourth of the a...
608	0.333333	combinatorics	57513	In a peculiar town, there are three types of houses: red, blue, and green. Each house is painted either with a unique color combination from red and blue, red and green, or blue and green. The town has a peculiar rule for painting new hous...
609	0.444444	geometry	1, 2, 3, \ldots	Find all positive integers \( n \) such that the sum of the cubes of the first \( n \) positive integers equals the square of the sum of the first \( n \) positive integers. That is, solve the equation \( \left( \sum_{k=1}^n k \right)^2 = ...
610	0.333333	geometry	D	Let \(ABC\) be an acute triangle with \(AB < AC\). Let \(M\) be the midpoint of \(BC\), and \(H\) the orthocenter of triangle \(ABC\). The circle \(\omega\) centered at \(M\) and passing through \(A\) intersects \(BH\) and \(CH\) at points...
611	0.444444	geometry	12	In triangle $ABC$, let $D$, $E$, and $F$ be the midpoints of sides $BC$, $CA$, and $AB$, respectively. The medians $AD$, $BE$, and $CF$ intersect at the centroid $G$. If the area of triangle $ABC$ is 144 square units, find the area of tria...
612	0.333333	number_theory	1	Let \( S \) be the set of all positive integers that can be expressed as the sum of two or more consecutive positive integers. Determine the smallest positive integer \( n \) such that \( n \notin S \) and \( n+1 \in S \).
613	0.444444	number_theory	6	What is the smallest positive integer \( n \) such that the polynomial \( P(x) = x^n - 5x^{n-1} + 10x^{n-2} - 10x^{n-3} + 5x^{n-4} - x^{n-5} \) has exactly five distinct real roots?
614	0.333333	other	n	在二维平面上有一个由n个不同位置的点组成的集合S，这些点构成了一个三角形集合T。从T中随机选择一个三角形移除，直到T为空。请问，在保证每个点至少被选中一次的前提下，S中最多可能有多少个点？
615	0.666667	combinatorics	6	In a magical kingdom, there are four cities, each named after a cardinal direction: Northville, Eastton, Southburg, and Westwood. The king has decided to build a network of roads connecting all these cities such that each city is connected...
616	0.444444	combinatorics	\frac{30}{121}	A fair six-sided die is rolled repeatedly. Let \( X \) be the number of rolls until the first 6 appears, and let \( Y \) be the number of rolls until the first 5 appears. Find the probability that \( X \) is even and \( Y \) is odd.
617	0.777778	number_theory	N	Let $f(x)$ be a polynomial with real coefficients such that $f(0) = 1$ and $f(n)$ is an integer for all integers $n$. Prove that there exists a positive integer $N$ such that $f(n)$ is divisible by $N$ for all integers $n$.
618	0.333333	geometry	1000	Consider a sequence of integers $a_1, a_2, a_3, \ldots, a_n$ such that each $a_i$ is a positive integer and $a_i \leq a_{i+1}$. Given that $a_1 + a_2 + \cdots + a_n = 1000$ and the product of any three consecutive terms in the sequence is ...
619	0.444444	geometry	2	Find all positive integers \( n \) such that \( n! \) can be expressed as the sum of two positive integer squares and the sum of \( n \) consecutive positive integers.
620	0.333333	number_theory	1946	Let \( S \) be the set of all positive integers \( n \) such that the equation \( x^3 + y^3 + z^3 = n \) has positive integer solutions \( (x, y, z) \) where \( x + y + z = 10 \). Determine the sum of all elements in \( S \).
621	0.333333	number_theory	3	Find all positive integers \( n \) such that \( n \) divides \( 2^{n} - 2 \), and \( n \) is not a power of 2.
622	0.777778	geometry	8	In the complex plane, let $A$, $B$, and $C$ be three distinct points such that the midpoint of the line segment joining $A$ and $B$ lies on the unit circle, and the midpoint of the line segment joining $B$ and $C$ also lies on the unit cir...
623	0.444444	geometry	\frac{2}{\pi}	Let \( ABCD \) be a convex quadrilateral inscribed in a circle with radius \( r \). Let \( P \) be a point inside \( ABCD \) such that the areas of triangles \( \triangle ABP, \triangle BCP, \triangle CDP, \) and \( \triangle DAP \) are al...
624	0.555556	geometry	O	Let $ABC$ be an acute-angled triangle with $AB \neq AC$. Let $D$ be the foot of the altitude from $A$ to $BC$, and let $E$ and $F$ be the feet of the perpendiculars from $D$ to $AB$ and $AC$, respectively. Suppose that $M$ and $N$ are the ...
625	0.444444	geometry	10	In the xy-plane, let \( P \) be a point that lies on the line \( x + y = 10 \). Suppose \( P \) is also on the circle with radius 5 centered at the origin. Determine the maximum possible distance from \( P \) to the point \( (5, 0) \).
626	0.777778	number_theory	2	A sequence of numbers is defined by $a_1 = 2$, and for all $n \geq 2$, $a_n = a_{n-1}^2 - a_{n-1} + 1$. Determine the smallest positive integer $k$ such that $a_k$ is a prime number.
627	0.666667	geometry	\frac{\pi}{4}	In the complex plane, let $P$ be the point representing the complex number $z = 1 + i$. For any point $Q$ on the circle centered at the origin with radius $3$, define the function $f(Q) = \arg(z \cdot \overline{Q})$, where $\overline{Q}$ i...
628	0.555556	number_theory	0	In the sequence \( a_n \) defined by \( a_1 = 1 \) and \( a_{n+1} = a_n + \frac{1}{a_n} \) for all \( n \geq 1 \), determine the integer part of the sum \( \sum_{k=1}^{100} \left( \frac{1}{a_k + a_{k+1}} \right)^2 \).
629	0.666667	number_theory	0	Let $S$ be the set of all positive integers $n$ such that $\sqrt{n}$ is an integer and $10000 \leq n \leq 20000$. If $n$ is randomly chosen from $S$, what is the probability that $n$ has exactly $4$ distinct prime factors?
630	0.444444	number_theory	3	Find all positive integers \( n \) such that the equation \( x^n + y^n + z^n = w^n \) has integer solutions \( (x, y, z, w) \) with \( x, y, z, w \) being distinct and \( n \) being a prime number greater than 2.
631	0.555556	other	1	In a city, there are exactly $2021$ non-empty households. Each household has a unique number of members, ranging from $1$ to $2021$. A friendly neighborhood policy states that each household must form a committee consisting of exactly two ...
632	0.666667	number_theory	990	Let \( S \) be the set of all positive integers that can be expressed as the sum of two or more consecutive positive integers. Determine how many elements of \( S \) are less than or equal to 1000, and prove that the set of all integers th...
633	0.555556	geometry	2	There is a magical tree that produces fruit every day. On the first day, it produces 1 fruit. Each subsequent day, the number of fruits it produces is the sum of the cubes of the number of fruits produced on the previous day and the day nu...
634	0.333333	number_theory	7	A sequence of positive integers \(a_1, a_2, a_3, \ldots\) is defined by \(a_1 = 2\) and \(a_{n+1} = a_n^2 - a_n + 1\) for all \(n \geq 1\). Find the smallest positive integer \(k\) such that \(a_k\) is divisible by \(1001\).
635	0.777778	number_theory	1	Let $f : \mathbb{Z} \to \mathbb{Z}$ be a function satisfying the following conditions: 1. $f(1) = 1$, 2. $f(x+y) = f(x) + f(y) - 2f(xy)$ for all integers $x$ and $y$, 3. $f(x^2) = [f(x)]^2$ for all integers $x$. Find the sum of all possibl...
636	0.333333	geometry	40	In triangle \(ABC\), the incircle touches sides \(BC\), \(CA\), and \(AB\) at points \(D\), \(E\), and \(F\) respectively. If the area of triangle \(ABC\) is \(60\) square units, and the lengths of \(BD\), \(DC\), and \(CF\) are \(6\), \(8...
637	0.666667	number_theory	6	A sequence of positive integers \(a_1, a_2, a_3, \ldots\) is defined recursively as follows: \(a_1 = 1\), \(a_2 = 2\), and for \(n \geq 3\), \(a_n = a_{n-1} + a_{n-2}\) if \(n\) is odd, and \(a_n = a_{n-1} \cdot a_{n-2}\) if \(n\) is even....
638	0.444444	geometry	0	In the coordinate plane, consider a square with vertices at \((0,0)\), \((1,0)\), \((1,1)\), and \((0,1)\). Let \(P\) be a point inside the square such that the distance from \(P\) to each side of the square is a positive integer. If the s...
639	0.777778	number_theory	2024	Consider a sequence of numbers defined as follows: \(a_1 = 1\), and for \(n \geq 2\), \(a_n\) is the smallest positive integer such that \(a_n\) does not divide \(a_{n-1}\). For example, \(a_2 = 2\), \(a_3 = 3\), and \(a_4 = 4\). Determine...
640	0.444444	number_theory	4	Let \( S \) be the set of all positive integers that can be expressed as the sum of two or more consecutive positive integers. For example, \( 3 = 1 + 2 \) and \( 5 = 2 + 3 \), so \( 3 \) and \( 5 \) are in \( S \). How many integers in th...
641	0.555556	geometry	3	In the complex plane, consider the function \( f(z) = z^3 - 3z^2 + 2z \). Let \( \gamma \) be the circle \( |z| = 2 \) traversed counterclockwise. Using the argument principle, determine the number of zeros of \( f(z) \) inside \( \gamma \...
642	0.777778	number_theory	0	Find all positive integers $n$ such that there exists a positive integer $k$ for which the equation \[n^2 + k^2 + (n+k)^2 = (2023)^2\] holds true. How many such $n$ are there?
643	0.444444	combinatorics	1	A sequence of numbers \(a_1, a_2, a_3, \ldots\) is defined recursively as follows: \(a_1 = 1\), \(a_2 = 1\), and for \(n \geq 3\), \(a_n = a_{n-1} + a_{n-2} - a_{n-3}\). What is the value of \(a_{2023}\)?
644	0.666667	number_theory	7	Consider a sequence of positive integers \(a_1, a_2, a_3, \ldots\) defined recursively as follows: \[ a_1 = 1, \] \[ a_{n+1} = a_n^2 - 2a_n + 3 \text{ for } n \geq 1. \] Determine the smallest integer \(k\) such that \(a_k > 2024\).
645	0.444444	number_theory	99	Let $f:\mathbb{Z}^+ \to \mathbb{Z}^+$ be a function defined by $f(n) = n^2 + 2n + 3$. Find the number of positive integers $n$ less than 100 such that $f(n)$ divides $f(f(n))$.
646	0.333333	number_theory	2016	Let \( S \) be a set of integers from 1 to 2023, inclusive. We define a function \( f: S \to S \) such that for any \( n \in S \), the value \( f(n) \) is the number of integers in \( S \) that are less than \( n \) and are relatively prim...
647	0.333333	number_theory	1000	A sequence of positive integers \(a_1, a_2, a_3, \ldots\) is defined by \(a_1 = 1\), \(a_2 = 2\), and for \(n \geq 3\), \(a_n\) is the smallest integer greater than \(a_{n-1}\) that does not share any prime factors with either \(a_{n-1}\) ...
648	0.666667	geometry	10	In a game of complex chess, a knight moves in a spiral pattern starting from the center of an infinite chessboard. The knight makes its first move to one of the eight adjacent squares, then to the next outer ring, and so on, spiraling outw...
649	0.555556	geometry	\frac{1}{2^{100}}	In a triangular array of squares, each square contains a fraction as follows: each row starts with the fraction \(\frac{1}{2}\) and each subsequent square in the row contains the sum of the fractions in the two squares directly above it. F...
650	0.444444	geometry	\cos\left(\frac{\pi}{n}\right)	In the hyperbolic plane, consider a regular polygon \( P \) with \( n \) sides, where \( n > 6 \). The polygon \( P \) is inscribed in a circle with radius \( R \). The area \( A \) of \( P \) can be expressed as \( A = \frac{nR^2}{2} \sin...
651	0.444444	geometry	1	Find all positive integers \( n \) such that the expression \[ n^4 + 4n^3 + 5n^2 + 4n + 1 \] is a perfect square of an integer.
652	0.333333	combinatorics	1058400	Find the number of ways to arrange the letters in the word "MATHEMATICS" such that no two vowels are adjacent to each other.
653	0.333333	number_theory	3	What is the smallest positive integer \( n \) such that the polynomial \( P(x) = x^n - 2x^{n-1} + 3x^{n-2} - \ldots + (-1)^n \cdot n \) has a root in the interval \( (0, 1) \)?
654	0.444444	number_theory	100	Let $p_n$ denote the $n$th prime number. Consider the sequence defined by $a_k = \frac{p_k + p_{k+1}}{2}$ for $k \geq 1$. Determine the smallest positive integer $n$ such that the product $\prod_{k=1}^{n} a_k$ is greater than $10^{100}$.
655	0.333333	number_theory	90	Find all positive integers \( n \) such that the equation \[ \left\lfloor \frac{n}{10} \right\rfloor + \left\lfloor \frac{n}{100} \right\rfloor + \left\lfloor \frac{n}{1000} \right\rfloor = \frac{n}{9} \] has at least one solution. (Note: ...
656	0.333333	algebra	-1	Let \( f: \mathbb{R} \to \mathbb{R} \) be a continuous function satisfying the following functional equation: \[ f(x + y) = f(x) \cdot f(y) + f(x) + f(y) + xy \] for all real numbers \( x \) and \( y \). Find all possible values of \( f(2)...
657	0.444444	number_theory	1	Let \( P(x) \) be a polynomial of degree 5 with integer coefficients such that \( P(1) = 0 \) and \( P(2) = 1 \). Suppose there exists a positive integer \( n \) for which \( P(n) = 2n \). Determine the number of possible values of \( n \)...
658	0.666667	number_theory	2	In the finite field \(\mathbb{F}_{p}\), where \(p\) is a prime number, let \(P(x) = x^{p-1} - 1\). Define the set \(S = \{P(0), P(1), \ldots, P(p-2)\}\). Determine the number of distinct elements in \(S\), denoted as \(|S|\).
659	0.666667	number_theory	2023	Find the smallest positive integer $n$ such that there exists a sequence of positive integers $b_1, b_2, \ldots, b_n$ satisfying the following conditions: 1. $b_1 = 1$, 2. $b_n = 2023$, 3. For each $i$ from 1 to $n-1$, $b_{i+1} = b_i + d$ ...
660	0.666667	algebra	60	Let \( P(x) \) be a polynomial of degree 5 with real coefficients such that \( P(1) = 10 \), \( P(2) = 20 \), \( P(3) = 30 \), \( P(4) = 40 \), and \( P(5) = 50 \). Additionally, \( P(x) \) has a double root at \( x = 6 \). Find the value ...
661	0.666667	number_theory	16170	There is a sequence of integers defined as follows: \( a_1 = 1 \), and for all \( n \geq 2 \), \( a_n = a_{n-1} + n^2 \). Let \( S = \{ a_1, a_2, a_3, \ldots, a_{20} \} \). Find the largest integer \( k \) such that \( k \) divides the sum...
662	0.333333	geometry	0	Find all positive integers \( n \) such that \( 2^n + 3^n \) is a perfect square.
663	0.333333	geometry	3\sqrt{3} R	Consider a regular hexagon ABCDEF inscribed in a circle with radius \( R \). Point \( P \) is selected at random inside the hexagon. The distances from \( P \) to sides \( AB \), \( BC \), \( CD \), \( DE \), \( EF \), and \( FA \) are den...
664	0.444444	geometry	5	Let \( ABCD \) be a cyclic quadrilateral inscribed in a circle with radius \( R \). The diagonals \( AC \) and \( BD \) intersect at point \( P \). Given that \( AB = 7 \), \( BC = 8 \), \( CD = 9 \), and \( DA = 10 \), find the value of \...
665	0.777778	number_theory	0	Find the number of positive integers $n$ such that the equation $n^2 + 15n + 56 = x^3$ has a solution in positive integers $x$.
666	0.555556	geometry	2	Consider a sequence of positive integers \( a_1, a_2, a_3, \ldots, a_n \) such that each term after the first is the sum of the squares of the digits of the previous term. For example, if \( a_1 = 29 \), then \( a_2 = 2^2 + 9^2 = 85 \), \(...
667	0.666667	geometry	5	Given the polynomial equation \(P(x) = x^5 - 5x^4 + 10x^3 - 10x^2 + 5x - 1\), let \(\alpha, \beta, \gamma, \delta,\) and \(\epsilon\) be its roots. If the sum of the squares of the differences of these roots taken two at a time is 40, find...
668	0.555556	algebra	6	In the complex plane, consider a regular hexagon \(ABCDEF\) centered at the origin with vertices at the \(k\)-th roots of unity. Let \(P\) be a point inside the hexagon such that \(P\) is equidistant from two adjacent vertices, say \(A\) a...
669	0.555556	number_theory	3	Let $p(x)$ be a polynomial with integer coefficients such that $p(1) = 2$ and $p(2) = 3$. If $p(0) = 0$ and $p(3) = 12$, determine the smallest possible degree of $p(x)$. Additionally, prove that for any positive integer $n$, the polynomia...
670	0.444444	number_theory	(p-1)(p-2)	In a finite field \( \mathbb{F}_{p} \) of prime order \( p \), let \( f(x) = x^{p-1} - 1 \) be a polynomial. Given that \( a, b, c \in \mathbb{F}_{p} \) are distinct elements and \( f(a) = f(b) = f(c) = 0 \), determine the number of possib...
671	0.777778	number_theory	1	Let \( S \) be the set of all positive integers \( n \) such that the product of the digits of \( n \) equals \( \frac{1}{2}n \). For example, 22 is in \( S \) because \( 2 \times 2 = \frac{1}{2} \times 22 \). How many elements are in \( S...
672	0.666667	number_theory	999	Let \( S \) be the set of all positive integers \( n \) such that the sum of the digits of \( n \) is equal to the sum of the digits of \( 10n \). Find the number of elements in \( S \) that are less than 1000.
673	0.333333	number_theory	2023	Consider a sequence of positive integers \(a_n\) defined by \(a_1 = 1\) and for \(n \geq 2\), \[a_n = a_{\lfloor \frac{n}{2} \rfloor} + a_{\lfloor \frac{n}{3} \rfloor} + a_{\lfloor \frac{n}{4} \rfloor} + a_{\lfloor \frac{n}{6} \rfloor}.\] ...
674	0.333333	combinatorics	2	Determine the number of ways to color the vertices of a regular octahedron with three colors, red, blue, and green, such that no two adjacent vertices share the same color. Additionally, rotations of the octahedron that result in the same ...
675	0.333333	number_theory	1	Find all positive integers \( n \) such that \( n \) divides the sum \( 1^{20} + 2^{20} + 3^{20} + \cdots + n^{20} \).
676	0.333333	number_theory	36	Let \( S \) be the set of all positive integers \( n \) such that \( n \) can be expressed in the form \[ n = a^2 + b^2 + c^2 + d^2 \] where \( a, b, c, \) and \( d \) are positive integers satisfying \( a + b + c + d = n \). Determine the...
677	0.333333	number_theory	\infty	Determine the sum of all positive integers \( n \) for which the polynomial \( P(x) = x^4 - (2n+1)x^2 + n^2 \) has four distinct real roots.
678	0.333333	geometry	\frac{1}{2}	Let $ABC$ be an acute triangle with circumcircle $\omega$. Let $D$ be the foot of the altitude from $A$ to $BC$, and let $P$ be a point on $\omega$ such that $PD$ is perpendicular to $BC$. If the area of triangle $ABC$ is $60$ square units...
679	0.777778	algebra	n^2	Let $A$ be an $n \times n$ matrix where $n \geq 3$ and every entry $a_{ij}$ is either 1 or -1. If the determinant of $A$ is non-zero, prove that the sum of the absolute values of all entries in $A$ is at least $n^2$.
680	0.444444	number_theory	1	Let \( P(x) \) be a polynomial of degree \( n \) with integer coefficients such that \( P(0) = 1 \), and \( P(1) = P(2) = \cdots = P(n) = 0 \). Determine the smallest possible positive value of \( n \) such that \( P(n+1) \) is divisible b...
681	0.444444	number_theory	2023	Let \( f: \mathbb{Z} \to \mathbb{Z} \) be a function satisfying the following conditions: 1. \( f(n) + f(n+1) = f(n+2) \) for all integers \( n \). 2. \( f(0) = 0 \) and \( f(1) = 1 \). 3. \( f \) is multiplicative in the sense that \( f(m...
682	0.555556	combinatorics	\sum_{k=0}^{n} \frac{(-1)^k}{k!}	You have a deck of \(n\) distinct cards numbered from 1 to \(n\). You shuffle the deck and lay out the cards in a row. What is the probability that no card is in its original position (i.e., no card is in the position that matches its numb...
683	0.777778	number_theory	300	Let \( S \) be the set of all positive integers \( n \) such that \( \sqrt{n} + \sqrt{n+1} < 10 \). Find the sum of all elements in \( S \).
684	0.444444	number_theory	1	Let \( S \) be a set of integers such that every non-empty subset of \( S \) has a median that is an integer. Given that \( S \) contains exactly 10 elements, determine the number of distinct possible sets \( S \).
685	0.555556	number_theory	630	AIME_2021_P6 Let [math]S[/math] be the set of all positive integer divisors of [math]100,000.[/math] How many numbers are the product of two distinct elements of [math]S?[/math]
686	0.444444	number_theory	0	Find all triples of positive integers $(a, b, c)$ such that $a^2 + b^2 + c^2 = 2023$ and $a + b + c = 80$. Determine the number of distinct solutions for $(a, b, c)$.
687	0.666667	number_theory	100	A sequence of positive integers \(a_1, a_2, a_3, \ldots\) is defined recursively by the following conditions: \(a_1 = 1\), \(a_2 = 2\), and for \(n \geq 3\), \(a_n\) is the smallest positive integer that does not divide any of the previous...
688	0.666667	number_theory	390625	What is the sum of all positive integers \( n \) such that \(\dfrac{n}{125}\) is a fifth power of an integer and \(\dfrac{5n}{125}\) is the cube of an integer?
689	0.555556	geometry	\left( \frac{14}{3}, \frac{y}{3} \right)	In a triangular park ABC, the sides measure 13 meters, 14 meters, and 15 meters. A fountain is to be placed at a point P inside the park such that the sum of the squares of the distances from P to the vertices A, B, and C is minimized. Det...
690	0.666667	geometry	0	Given the polynomial \( P(x) = x^4 - 4x^3 + 6x^2 - 4x + 1 \), determine the sum of the squares of all real roots of the polynomial \( Q(x) = P(x)P(-x) - P(x^2) \).
691	0.555556	geometry	4R^2	Let \( ABC \) be a triangle with circumradius \( R \). The incircle of \( \triangle ABC \) touches \( BC \) at \( D \), \( CA \) at \( E \), and \( AB \) at \( F \). Let \( I \) be the incenter of \( \triangle ABC \). Points \( P \) and \(...
692	0.444444	number_theory	336	Determine the smallest positive integer \( n \) for which the expression \( 3^n + 1 \) is divisible by 2019.
693	0.555556	other	12	In a convex quadrilateral ABCD, point E lies on AD such that BE is perpendicular to AD. Let P be the intersection of AC and BE. If AB = 13, BC = 14, CD = 15, and DA = 16, find the length of BP.
694	0.666667	number_theory	(1, 1)	Find all pairs of positive integers (a, b) such that a^2 + b^2 is a prime number and a + b is the smallest positive integer that satisfies this condition.
695	0.444444	number_theory	38	Let \( a, b, c, d \) be positive integers such that \( a^2 + b^2 + c^2 + d^2 = 1234 \). If \( ab + ac + ad + bc + bd + cd = 100 \), find the sum \( a + b + c + d \).
696	0.777778	number_theory	3	In a sequence of positive integers \( a_1, a_2, a_3, \ldots \), each term \( a_n \) is defined as the smallest integer greater than \( a_{n-1} \) that is not relatively prime to any of the previous terms. Given that \( a_1 = 2 \), find the...
697	0.444444	geometry	7	Find the smallest positive integer \( n \) such that the sum of the squares of the first \( n \) odd positive integers is equal to the sum of the squares of the next \( n \) even positive integers.
698	0.666667	number_theory	0	Let \( S \) be the set of all non-empty subsets of \(\{1, 2, 3, \ldots, 10\}\). For each subset \( A \in S \), define the function \( f(A) \) as the product of all elements in \( A \). Determine the remainder when the sum of all values of ...
699	0.333333	geometry	\frac{\sqrt{17} - 3}{4}	A rectangular garden has a length that is twice its width. A path of uniform width surrounds the garden, increasing both the length and width by the same amount. If the area of the garden plus the path is twice the area of the garden alone...
700	0.777778	algebra	3	Let \( f(x) \) be a polynomial of degree 3 such that \( f(0) = 0 \), \( f(1) = 1 \), and \( f(2) = 8 \). Find the number of distinct real roots of the equation \( f(f(x)) = x \).
701	0.555556	algebra	\infty	In the complex plane, let \( z \) be a complex number such that \( |z| = 1 \). Define \( w = z^3 + \frac{1}{z^3} \). If \( w \) is a real number, find the number of possible values for \( w \).
702	0.666667	number_theory	1	Find all positive integers \( n \) such that there exists a positive integer \( k \) for which the sum of the digits of \( k \) is equal to \( n \) and the sum of the digits of \( k^2 \) is also equal to \( n \). Determine the smallest suc...
703	0.444444	geometry	9	Consider a regular nonagon (9-sided polygon) inscribed in a circle of radius 1. Find the sum of the lengths of all the diagonals that can be drawn from a single vertex. Express your answer in simplest radical form.
704	0.444444	number_theory	2	Find the smallest positive integer \( n \) such that the polynomial \( P(x) = x^n + a_{n-1}x^{n-1} + \cdots + a_1x + a_0 \) with integer coefficients satisfies \( P(100) = 100 \) and \( P(200) = 200 \).
705	0.444444	number_theory	4	Consider a sequence of complex numbers \( z_1, z_2, \ldots, z_n \) where \( z_i = a_i + b_i i \) and \( a_i, b_i \in \mathbb{Z} \). Define the transformation \( T(z) = z^2 + c \) where \( c \) is a complex constant. Suppose there exists a ...
706	0.444444	number_theory	5	In the complex plane, let \( z_1 \) and \( z_2 \) be the roots of the equation \( z^2 - (1 + i)z + 2 = 0 \). Define the sequence \( \{z_n\} \) by \( z_1 = z_1 \), \( z_2 = z_2 \), and \( z_{n+2} = z_{n+1} + z_n \) for all \( n \geq 1 \). F...
707	0.333333	geometry	28	Let $ABC$ be a triangle with side lengths $AB = 13$, $BC = 14$, and $CA = 15$. A circle is inscribed in triangle $ABC$, touching $BC$ at $D$, $CA$ at $E$, and $AB$ at $F$. Let $G$ be the midpoint of $AD$. Find the area of quadrilateral $BE...
708	0.444444	number_theory	(1, 1, 1)	Find all triples of positive integers \((x, y, z)\) such that \(x^3 + y^3 + z^3 = 3xyz + 3\).
709	0.444444	geometry	343	Find the smallest positive integer \( n \) such that the product \( 1575 \cdot n \) is a perfect square and \( n \) is a perfect cube.
710	0.333333	number_theory	(1, 5), (5, 1)	Find all pairs of positive integers \((a, b)\) such that the equation \(a^2 + b^2 = 5ab + 1\) holds.
711	0.777778	number_theory	100	What is the smallest positive integer \( n \) such that \( n! \) (n factorial) ends in exactly 24 zeros?
712	0.333333	geometry	166	Let \( S \) be the set of all positive integers \( n \) such that the sum of the squares of the first \( n \) positive integers is divisible by \( n \). Find the number of elements in the set \( S \) that are less than or equal to \( 1000 ...
713	0.444444	number_theory	123	A polynomial \( P(x) \) with integer coefficients satisfies \( P(1) = 1234 \) and \( P(2) = 2345 \). What is the minimum possible positive value of \( P(0) \)?
714	0.666667	geometry	2k	Let \( ABCD \) be a convex quadrilateral with \( AB = a \), \( BC = b \), \( CD = c \), and \( DA = d \). Suppose that the diagonals \( AC \) and \( BD \) intersect at point \( E \), and that the length of \( AC \) is \( m \) and the lengt...
715	0.666667	number_theory	3	Find the smallest positive integer \( n \) such that the polynomial \( P(x) = x^n + ax^{n-1} + bx^{n-2} + \cdots + kx + l \) with integer coefficients and roots \( \alpha, \beta, \gamma \) satisfies \( \alpha + \beta + \gamma = 3 \), \( \a...
716	0.555556	number_theory	12	Find all positive integers $n$ such that the product of their digits is equal to $n^2 - 10n - 22$.
717	0.555556	number_theory	7	Let \( f(x) \) be a polynomial with integer coefficients such that \( f(1) = 2023 \) and \( f(2023) = 1 \). If \( p \) is a prime number that divides \( f(2024) \), find the smallest possible value of \( p \).
718	0.333333	geometry	\frac{\sqrt{3}}{4}	在正方形 $ABCD$ 内部取一点 $P$，使得 $\angle APB = \angle BPC = \angle CPA = 120^\circ$。设 $AB = 1$，求 $\triangle APB$ 的面积。
719	0.333333	number_theory	-2024	Let \( f: \mathbb{Z} \to \mathbb{Z} \) be a function satisfying the following properties: 1. For all integers \( x \) and \( y \), \( f(xy) = f(x)f(y) \). 2. \( f(x+y) = f(x) + f(y) + 2024 \) for all integers \( x \) and \( y \). Determine...
720	0.777778	geometry	0, 1, 2	Let \( f: \mathbb{Z} \to \mathbb{Z} \) be a function defined by \( f(n) = n^3 - 3n^2 + 2n \). Determine all integers \( n \) such that \( f(n) \) is a perfect square.
721	0.444444	number_theory	2	Find all positive integers \( n \) such that \( n \cdot \phi(n) = p^k \), where \( p \) is a prime number and \( k \) is a positive integer.
722	0.555556	algebra	5	In a small town, there is a peculiar tradition where every year, on the first day of summer, the mayor throws a party. This year, the mayor decides to create a unique guest list. The guest list is determined by a special algorithm: if a pe...
723	0.666667	number_theory	1	Let \( P(x) \) be a polynomial with integer coefficients such that \( P(0) = 0 \), \( P(1) = 1 \), and for every prime \( p \), \( P(p) \equiv 0 \pmod{p} \). Determine the number of distinct polynomials \( P(x) \) satisfying these conditio...
724	0.777778	combinatorics	120	There are 12 different books arranged on a shelf. In how many ways can we choose three books such that no two of them are consecutive?
725	0.555556	algebra	2	Let $a, b, c$ be positive real numbers such that $a + b + c = 1$. Determine the maximum value of the expression $(a - b)^2 + (b - c)^2 + (c - a)^2$.
726	0.666667	number_theory	3	Find the smallest positive integer \( n \) such that \( n \) is a multiple of 3, \( n+1 \) is a multiple of 4, \( n+2 \) is a multiple of 5, and \( n+3 \) is a multiple of 6.
727	0.444444	number_theory	-2	Let \( P(x) \) be a polynomial with integer coefficients such that \( P(1) = 2 \), \( P(2) = 4 \), and \( P(3) = 10 \). Given that \( P(x) \) has degree at least 3, determine the smallest possible degree of \( P(x) \) and find \( P(0) \).
728	0.777778	algebra	(0, 0), (1, 0), (-1, 0)	Find all real numbers \( x \) and \( y \) such that \( x^3 + y^3 = x - y \) and \( x^2y + xy^2 = 0 \).
729	0.666667	number_theory	1	Find all positive integers \( n \) such that the polynomial \( P(x) = x^n + nx^{n-1} + n(n-1)x^{n-2} + \cdots + n! \) has exactly one real root. Prove your answer.
730	0.777778	geometry	2	Find the number of distinct polynomials \( P(x) \) with real coefficients that satisfy the following conditions: 1. \( P(x) \) has degree 3. 2. \( P(x) \) has three real roots, one of which is \( 2 \). 3. The sum of the squares of the root...
731	0.555556	geometry	8 + 2\sqrt{21}	In the coordinate plane, consider a square \(ABCD\) with vertices \(A(0, 0)\), \(B(a, 0)\), \(C(a, a)\), and \(D(0, a)\), where \(a > 0\). A point \(P(x, y)\) is chosen inside the square such that the distances from \(P\) to the sides of t...
732	0.333333	geometry	10	Let $f(x) = x^4 - 6x^3 + 13x^2 - 12x + 4$. Define $S$ as the set of all positive integers $n$ such that $f(n)$ is a perfect square. Find the sum of all elements in $S$.
733	0.333333	algebra	36	Find the coefficient of \(x^{10}\) in the expansion of \((1 + x + x^2 + \cdots + x^{10})(1 + x + x^2 + \cdots + x^5)^2.\)
734	0.444444	geometry	132^\circ	A regular pentagon and a regular hexagon share a common side. Find the measure of the interior angle at the vertex where the two polygons meet, expressed in degrees.
735	0.444444	number_theory	-2, -1, 1	Find all integers \( n \) for which there exists an integer \( m \) such that \( n^2 + 3n + 2 = m^3 - m \).
736	0.555556	other	11	In a magical realm, there are three types of mystical trees: Silver, Golden, and Emerald. Each type of tree has a unique number of leaves on its branches. The total number of leaves on a Silver tree is 5 times the number of leaves on a Gol...
737	0.555556	algebra	5	Let \( P(x) \) be a polynomial of degree 3 with real coefficients such that \( P(x) = x^3 - ax^2 + bx - c \) and \( P(1) = P(2) = 0 \). Find the value of \( a + b + c \).
738	0.666667	number_theory	50	Let \( f(x) \) be a polynomial of degree 3 such that \( f(x) = ax^3 + bx^2 + cx + d \), where \( a \), \( b \), \( c \), and \( d \) are integers. It is known that \( f(1) = 10 \), \( f(2) = 20 \), \( f(3) = 30 \), and \( f(4) = 40 \). Det...
739	0.333333	number_theory	5	Find the smallest positive integer \( n \) such that \( 2^n + 3^n + 5^n \) is divisible by 11. Hints: 1. Consider the modular behavior of \( 2^n, 3^n, \) and \( 5^n \) modulo 11. 2. Look for patterns in the units digits of these powers mod...
740	0.444444	number_theory	0	Find the number of ordered triples $(a, b, c)$ of positive integers such that $a^2 + b^2 + c^2 = 2023$, and $a < b < c$.
741	0.777778	algebra	\frac{1}{2}	Let $a$, $b$, and $c$ be positive real numbers such that $a + b + c = 1$ and $a \geq b \geq c$. Find the minimum value of \[ S = \frac{a^2}{b+c} + \frac{b^2}{a+c} + \frac{c^2}{a+b}. \]
742	0.333333	number_theory	2	Consider a sequence of positive integers \( a_1, a_2, \ldots, a_{10} \) such that each term is either a prime number or the product of two distinct prime numbers. If the sum of the first five terms is 100, and the sum of the last five term...
743	0.333333	number_theory	300	Let \( f: \mathbb{Z} \rightarrow \mathbb{Z} \) be a function satisfying \( f(n + 1) = f(n) + 3 \) and \( f(n^2 + 1) = f(n)^2 + 1 \) for all integers \( n \). Find the value of \( f(100) \).
744	0.555556	geometry	0	Let \( f(n) \) be a function defined on the positive integers such that \( f(n) = n^2 + 2023n + 1234 \). Find the number of positive integers \( n \leq 1000 \) for which \( f(n) \) is a perfect square.
745	0.333333	number_theory	10	Let $P(x) = x^3 - 3x + 1$. Define the sequence $(a_n)$ by $a_1 = 2$ and $a_{n+1} = P(a_n)$ for all $n \geq 1$. Find the smallest positive integer $n$ such that $a_n$ is divisible by $10$.
746	0.333333	algebra	1	Let \( f(x) \) be a function defined on the interval \([0, 1]\) such that \( f(0) = 0 \) and for all \( x \) in \([0, 1]\), \( f(x) \) satisfies the differential equation \( f'(x) = x^2 + f(x)^2 \). Determine the value of \( f(1) \).
747	0.555556	number_theory	2023	Let \( S \) be the set of all positive integers less than 2024. Define a function \( f : S \to S \) such that for any \( n \in S \), \( f(n) \) is the smallest positive integer that can be expressed as the sum of \( n \) distinct positive ...
748	0.444444	geometry	n = 7	A convex polygon \(P\) with \(n\) sides has a special property: every interior angle of \(P\) is either \(120^\circ\) or \(150^\circ\). Furthermore, there are exactly \(k\) angles of \(150^\circ\) in \(P\). Determine the maximum possible v...
749	0.444444	number_theory	1	Find all positive integers \( n \) such that the number \( 12^n - 1 \) is divisible by \( n^2 \).
750	0.444444	number_theory	(1, 99), (2, 6)	Find all pairs of positive integers \((a, b)\) such that \(a^b + b^a = 100\).
751	0.555556	geometry	9	Let \( S \) be the set of all positive integers that can be expressed as the sum of distinct powers of 3. Define \( f(n) \) as the number of elements in the set \( S \) that are less than or equal to \( n \). For instance, \( f(9) = 3 \) b...
752	0.555556	geometry	64	A square garden has side length \(10\) meters. Each side of the garden is bordered by a fence that is \(1\) meter high, running \(1\) meter wide. What is the total length of the fencing used around the garden including the strips running a...
753	0.333333	geometry	2019	A positive integer \( n \) is chosen such that \( n^2 + 2019n + 2020 \) is a perfect square. Find all possible values of \( n \).
754	0.444444	number_theory	-34	Let $P(x) = x^3 - 3x^2 + 2x + 1$ be a polynomial with real coefficients. Suppose that $r_1, r_2,$ and $r_3$ are the roots of $P(x)$. Define $S_n = r_1^n + r_2^n + r_3^n$ for all positive integers $n$. Find the value of $S_6 + S_5 - 2S_4$.
755	0.333333	number_theory	0	Find all positive integers \( n \) such that the equation \( n^2 + n + 1 = m^3 \) has integer solutions for \( m \).
756	0.666667	geometry	1	Find all positive integers \( n \) such that there exists a positive integer \( k \) for which \( n^k + n - 1 \) is a perfect square.
757	0.333333	number_theory	1, 2, 3	Find all positive integers \( n \) such that \( n \) divides the sum \( S_n = \sum_{k=1}^{n} k^2 \cdot 2^k \).
758	0.777778	geometry	1	In the complex plane, consider a set of points \( P \) that satisfy the equation \[ \left| z - \frac{1}{z} \right| = 1 \] for some complex number \( z \). If we let \( P \) be the region of all points that lie on the boundary of the circle...
759	0.666667	number_theory	(1, 1, 1)	Find all triples of integers $(x, y, z)$ such that $x^2 + y^2 + z^2 = 2xyz + 1$ and $x, y, z \geq 1$.
760	0.666667	geometry	m^2 + 1	Let \( f: \mathbb{Z} \to \mathbb{Z} \) be a function defined by \( f(n) = n^3 - 3n^2 + 3n - 1 \). Determine all integers \( n \) such that \( f(n) \) is a perfect square.
761	0.444444	other	\frac{3}{5}	在一个正六边形中，从中心点向六个顶点分别画线，将正六边形分割成若干个等边三角形。现在，假设我们随机选取三个顶点，求这三个点中恰好有两个点是相邻顶点的概率是多少？
762	0.333333	algebra	9	Let $f(x) = x^3 - 3x + 1$. Find the number of distinct real roots of the equation $f(f(f(x))) = 0$.
763	0.333333	number_theory	2	What is the smallest positive integer \( n \) such that the sum of the first \( n \) terms of the sequence defined by \( a_k = \frac{1}{k(k+1)(k+2)} \) for \( k = 1, 2, 3, \ldots, n \) is greater than \( \frac{1}{4} \)?
764	0.444444	geometry	\frac{\alpha \beta \gamma}{\pi}	In the realm of non-Euclidean geometry, consider a spherical triangle with angles α, β, and γ, where α + β + γ = 2π/3. Prove that the area of this spherical triangle, measured in steradians, is equal to the product of its three angles divi...
765	0.444444	number_theory	1	Find all positive integers \( n \) such that there exist positive integers \( a_1, a_2, \ldots, a_n \) satisfying the equation \[ a_1^2 + a_2^2 + \cdots + a_n^2 = (a_1 + a_2 + \cdots + a_n)^2. \] Additionally, determine the minimal number ...
766	0.333333	number_theory	2021	Let $f(x)$ be a polynomial with integer coefficients such that $f(1) = 2021$ and $f(2021) = 2022$. Find the maximum possible value of $f(0)$.
767	0.333333	algebra	xy	Let \( f: \mathbb{R}^2 \to \mathbb{R} \) be a continuous function such that for all \( (x, y) \in \mathbb{R}^2 \), the following condition holds: \[ f(x + y, f(x, y)) = f(x, y) + 2xy. \] Moreover, assume that \( f \) is differentiable at t...
768	0.444444	number_theory	(1, 1)	Find all pairs of positive integers \((a, b)\) such that both \(a^3 + 3b^3\) and \(b^3 + 3a^3\) are perfect cubes.
769	0.333333	number_theory	(-6, -5), (-4, -4), (-2, -3), (0, -2), (2, -1), (4, 0), (6, 1), (8, 2), (-8, -2), (-6, -1), (-4, 0), (-2, 1), (0, 2), (2, 3), (4, 4), (6, 5)	Find all integer solutions $(x, y)$ to the equation $x^2 + 4y^2 - 4xy - 16 = 0$ such that $x^2 + y^2 < 100$.
770	0.333333	number_theory	(1, 2)	Find all positive integers \( n \) and \( k \) such that \( n^2 + 3^n \equiv k^2 \pmod{2^n} \) and \( n^2 + 3^n + k^2 \) is divisible by \( 2^{n+1} \).
771	0.555556	geometry	r	Find the radius of the seventh circle that is tangent to six circles of radius \(r\) arranged in a circle, each tangent to its neighbors.
772	0.555556	combinatorics	3	What is the minimum number of colors required to color all the vertices of a regular dodecahedron such that no two adjacent vertices share the same color? Consider that each face of the dodecahedron is a regular pentagon, and every vertex ...
773	0.333333	geometry	20	In the complex plane, let $A$ be the point corresponding to $3+4i$ and $B$ the point corresponding to $1-2i$. Define the set $S$ as the set of all complex numbers $z$ such that $z$ can be expressed in the form $z = \alpha A + \beta B$ wher...
774	0.333333	other	3	Given a regular hexagon with side length 1, let \( P \) be a point inside the hexagon such that the distances from \( P \) to three consecutive vertices \( A, B, \) and \( C \) are \( a, b, \) and \( c \) respectively. Find the maximum pos...
775	0.444444	number_theory	2019	Let $a$, $b$, and $c$ be positive integers such that $a \leq b \leq c$ and $a + b + c = 2021$. Consider the polynomial $P(x) = x^3 - 3x^2 + bx + a$ which has three distinct integer roots $r_1, r_2,$ and $r_3$. Find the sum of all possible ...
776	0.444444	geometry	\frac{1}{2}	In the coordinate plane, let \( P \) be a point chosen uniformly at random from the interior of the unit square with vertices at \((0,0)\), \((1,0)\), \((1,1)\), and \((0,1)\). Let \( Q \) be the point on the line segment from \((1,0)\) to...
777	0.333333	number_theory	2044242	Let \( a, b, c \) be positive integers such that \( a + b + c = 2024 \). Find the maximum possible value of the expression: \[ \left\lfloor \frac{a^2}{b+c} \right\rfloor + \left\lfloor \frac{b^2}{a+c} \right\rfloor + \left\lfloor \frac{c^2...
778	0.333333	number_theory	10	Let $f(x)$ be a polynomial with integer coefficients such that $f(1) = 2023$. Define $S$ as the set of all integers $n$ such that $f(n)$ is a prime number. If $|S| = 10$, what is the smallest possible degree of $f(x)$?
779	0.444444	number_theory	1	Find all positive integers \( n \) such that there exists a polynomial \( P(x) \) with integer coefficients satisfying \( P(1) = n \), \( P(2) = 2n \), and \( P(3) = 3n \).
780	0.777778	algebra	f'(c) = 1	Let \( f(x) \) be a continuous function defined on the interval \([0,1]\) such that \( f(0) = 0 \) and \( f(1) = 1 \). Define \( g(x) = \int_0^x (f(t) - t) \, dt \). Given that \( g(x) \) is also continuous on \([0,1]\) and differentiable ...
781	0.555556	number_theory	168	Let \( S \) be the set of all positive integers \( n \) such that \( n \) can be expressed as the sum of two or more consecutive positive integers. For example, \( 9 = 4 + 5 \) and \( 15 = 1 + 2 + 3 + 4 + 5 \). Prove that the number of ele...
782	0.444444	number_theory	1	What is the smallest positive integer \( n \) such that \( n^{100} - 1 \) is divisible by \( 1979 \) and \( n^{101} - 1 \) is divisible by \( 2017 \)? Furthermore, show that the resulting \( n \) satisfies the condition that \( n^{1000} - ...
783	0.666667	geometry	4045	A sequence of positive integers \(a_1, a_2, a_3, \ldots\) is defined by \(a_1 = 1\) and for \(n \geq 2\), \(a_n\) is the smallest positive integer not already in the sequence such that the sum of the first \(n\) terms is a perfect square. ...
784	0.666667	geometry	4	Let \( f: \mathbb{Z} \to \mathbb{Z} \) be a function such that \( f(1) = 1 \) and \( f(n+1) = f(n) + \left\lfloor \sqrt{f(n)} \right\rfloor \) for all \( n \geq 1 \). Determine the smallest positive integer \( m \) such that \( f(m) \) is ...
785	0.444444	geometry	1	Let \(ABC\) be an acute triangle with orthocenter \(H\) and circumcenter \(O\). Let \(D, E,\) and \(F\) be the feet of the altitudes from \(A, B,\) and \(C\) respectively. If \(M\) is the midpoint of \(BC\) and \(N\) is the midpoint of \(A...
786	0.444444	number_theory	1	Find the sum of all positive integers \( n \) less than 1000 such that \( n \) divides the number formed by writing \( n \) in reverse order, and the number formed by squaring \( n \) also divides this reversed number.
787	0.555556	number_theory	2024	Let \( S \) be the set of all positive integers \( n \) such that the equation \( x^2 + y^2 = nz \) has a solution in positive integers \( x, y, \) and \( z \). Find the number of elements in the set \( S \) that are less than or equal to ...
788	0.333333	geometry	42	Let \( ABC \) be a triangle with \( AB = 13 \), \( BC = 14 \), and \( CA = 15 \). Let \( D \) be the foot of the altitude from \( A \) to \( BC \), and let \( E \) and \( F \) be the points where the incircle of \( \triangle ABC \) is tang...
789	0.666667	geometry	14	Let \( S \) be the set of all positive integers \( n \) such that \( \sqrt{n} \) is an integer and \( n \) can be expressed as the sum of two squares of integers. Determine the smallest positive integer \( m \) such that there exist distin...
790	0.666667	number_theory	2	Let \( f(x) \) be a polynomial with integer coefficients such that \( f(0) = 1 \) and \( f(1) = 3 \). Suppose further that there exists a positive integer \( n \) such that \( f(n) = n^3 + 3 \). Find the smallest possible value of \( n \) ...
791	0.428571	geometry	1	Find all positive integers \( n \) such that the sum of the squares of the divisors of \( n \) is equal to \( 3n^2 \). Express your answer in the form of a list, separated by commas.
792	0.666667	geometry	\frac{60\sqrt{2}}{17}	In a right triangle $ABC$ with $\angle C = 90^\circ$, $AB = 13$, $BC = 5$. A point $D$ is on $AB$ such that $\angle ACD = 45^\circ$. Find the length of $CD$.
793	0.777778	number_theory	1	Find all positive integers \( n \) such that there exist positive integers \( a, b, c \) with \( \gcd(a, b, c) = 1 \) and the equation \[ a^n + b^n + c^n = n! \cdot (a + b + c). \]
794	0.444444	geometry	84	In triangle $ABC$, let $D$, $E$, and $F$ be the feet of the altitudes from $A$, $B$, and $C$ respectively. Suppose that $AD = 13$, $BD = 14$, and $CD = 15$. Find the area of triangle $DEF$.
795	0.777778	number_theory	5	Find all positive integers \( n \) such that \( n^2 + n + 1 \) divides \( 2^n - 1 \).
796	0.444444	number_theory	2	Find all prime numbers \( p \) such that the equation \( x^3 + y^3 = px^2y^2 \) has integer solutions \((x, y)\) where \( x \neq y \) and \( x, y > 0 \).
797	0.444444	number_theory	\infty	Let $P(x)$ be a polynomial with real coefficients. Suppose that $P(x)$ has the following property: For every positive integer $n$, there exists a polynomial $Q_n(x)$ of degree $n$ such that $P(x) = Q_n(x) + R_n(x)$, where $R_n(x)$ is a pol...
798	0.333333	geometry	4045	Consider a sequence of numbers \(a_1, a_2, a_3, \ldots\) where \(a_1 = 1\), and for \(n \geq 2\), \(a_n\) is defined as the smallest positive integer not yet in the sequence such that the sum \(a_1 + a_2 + \cdots + a_n\) is a perfect squar...
799	0.333333	number_theory	(201, 0)	Let $f(x)$ be a polynomial of degree $4$ such that $f(0) = 1$, $f(1) = 3$, $f(2) = 5$, and $f(3) = 7$. If $f(100) = k + \sqrt{m}$ for integers $k$ and $m$, determine the ordered pair $(k, m)$.
800	0.333333	number_theory	100	A sequence of positive integers \( a_1, a_2, a_3, \dots, a_n \) is defined by \( a_1 = 1 \) and for \( n \geq 2 \), \( a_n \) is the smallest positive integer such that the product \( a_1 \cdot a_2 \cdot \dots \cdot a_n \) is not divisible...
801	0.555556	geometry	9	Let \( S \) be the set of all positive integers \( n \) such that the sum of the digits of \( n \) in base 10 is equal to \( 10 \). Find the smallest positive integer \( k \) for which the sum of the digits of \( k \cdot n \) for all \( n ...
802	0.666667	geometry	1	Find the smallest positive integer \( n \) such that the sum of the squares of the first \( n \) odd integers is a perfect cube. Prove your answer.
803	0.333333	number_theory	f(n) = 1	Find all functions \( f: \mathbb{N} \to \mathbb{N} \) that satisfy the following conditions: 1. For all \( x, y \in \mathbb{N} \), \( f(xy) = f(x)f(y) \). 2. For all \( x, y \in \mathbb{N} \) with \( x + y \) being a prime number, \( f(x) ...
804	0.444444	geometry	0	Let $S$ be the set of all positive integers $n$ such that $n$ has exactly 15 positive divisors, and the product of these divisors is a perfect square. How many elements does $S$ have?
805	0.333333	geometry	g(x)	Let \( f(x) \) be a polynomial with integer coefficients such that \( f(100) = 100 \) and for every integer \( n \), \( f(n) \) is a perfect square. Prove that there exists a polynomial \( g(x) \) with integer coefficients such that \( f(x...
806	0.666667	other	6	In a magical forest, there are three types of trees: spruce, pine, and birch. Every year, the spruce tree increases its height by 20%, the pine tree by 30%, and the birch tree by 15%. If initially the spruce tree is 100 feet tall, the pine...
807	0.666667	geometry	\frac{100 - 9\pi}{100}	A circle with center \( O \) is inscribed in a square of side length 10 units. A point \( P \) is chosen at random inside the square. What is the probability that the distance from \( P \) to \( O \) is greater than 3 units?
808	0.444444	geometry	2	In the complex plane, consider three distinct complex numbers \( z_1, z_2, z_3 \) such that \( |z_1| = |z_2| = |z_3| = 1 \). These numbers are vertices of an isosceles triangle inscribed in the unit circle. If \( z_1 + z_2 + z_3 = 0 \), fi...
809	0.666667	geometry	20	There is a set of 20 distinct positive integers, each less than 100. It is known that for any three distinct numbers \(a, b, c\) in this set, there exists a fourth number \(d\) in the set such that \(a + b + c - d\) is a perfect square. De...
810	0.444444	geometry	\frac{s\sqrt{3}}{2}	A regular hexagon with side length \( s \) is inscribed in a circle. A smaller hexagon is then inscribed in the same circle such that each of its vertices touches the midpoint of the sides of the larger hexagon. If the side length of the s...
811	0.444444	number_theory	63	Let $S$ be the set of all positive integers that can be represented as the sum of three or fewer distinct powers of $3$. For example, $3^0 + 3^1 + 3^2 = 13$ is in $S$. Find the number of elements in $S$ that are less than $1000$.
812	0.444444	number_theory	1	Determine the smallest positive integer \(n\) such that \(n^2 - 1\) is divisible by \(2^4 \cdot 3^2 \cdot 5\).
813	0.444444	number_theory	4090507	Let \( f: \mathbb{N} \rightarrow \mathbb{N} \) be a function such that for all positive integers \( n \), \[ f(n) + f(n+1) = 2n + 2f(n)^2. \] Given that \( f(1) = 1 \), find the value of \( f(2023) \).
814	0.777778	geometry	\frac{3\sqrt{3}}{2}	In a 3D coordinate system, points A, B, and C form the vertices of an equilateral triangle with side length 6 units. Point D is located such that it creates another equilateral triangle ABD with side length 6 units, outside the plane of tr...
815	0.777778	number_theory	f(n) = n^2	Find all functions \( f: \mathbb{Z} \to \mathbb{Z} \) such that for all integers \( a \) and \( b \), the following equality holds: \[ f(a^2 + b^2 + c^2) = f(a)^2 + f(b)^2 + f(c)^2 + 2f(ab + bc + ca) \] Additionally, show that if \( f \) i...
816	0.444444	number_theory	3	Find all prime numbers \( p \) for which the equation \[ x^2 - 2px + 10 = 0 \] has integer solutions.
817	0.777778	number_theory	4	In the realm of complex numbers, consider the function \( f(z) = z^2 + c \), where \( z \) is a complex number and \( c \) is a fixed complex number. Let \( c = -1 + \frac{\sqrt{3}}{2}i \). Define the sequence of complex numbers \( z_1, z_...
818	0.666667	number_theory	3	Find all positive integers \( n \) such that the equation \( x^2 + y^2 + z^2 = nxyz \) has at least one solution in positive integers \( x, y, z \).
819	0.333333	geometry	3	Let \( ABC \) be a triangle with \( \angle BAC = 90^\circ \). Let \( D \) be a point on \( BC \) such that \( AD \) is the altitude from \( A \) to \( BC \). Let \( E \) and \( F \) be points on \( AB \) and \( AC \) respectively, such tha...
820	0.777778	algebra	26	Let $f(x)$ be a polynomial of degree 4 such that $f(0) = 1$, $f(1) = 2$, $f(2) = 5$, $f(3) = 10$, and $f(4) = 17$. Determine the value of $f(5)$.
821	0.777778	number_theory	2028	Let $P(x)$ be a polynomial with integer coefficients such that $P(2023) = 2023$, $P(2024) = 2024$, and $P(2025) = 2025$. Determine the largest possible value of $P(2022)$.
822	0.444444	geometry	\left( \frac{20}{3}, \frac{20}{3} \right)	In the Cartesian plane, let $A = (0, 0)$, $B = (10, 0)$, and $C = (10, 20)$. A point $P$ inside $\triangle ABC$ is selected such that the lines $AP$, $BP$, and $CP$ are all extended to meet the opposite sides of the triangle at points $D$,...
823	0.444444	algebra	6	Let \( f(x) = x^3 - 3x^2 + 2x \) and \( g(x) = x^2 - 4x + 3 \). Consider the function \( h(x) = f(x) \cdot g(x) \). Determine the sum of all distinct real numbers \( x \) such that \( h(h(x)) = h(x) \).
824	0.555556	combinatorics	\binom{n}{m}	Let \( S \) be a set of \( n \) distinct real numbers. Define a sequence of sets \( T_1, T_2, \ldots, T_k \) such that each \( T_i \) is formed by removing exactly one element from \( T_{i-1} \) and adding a new distinct element from \( S ...
825	0.777778	number_theory	1, 3	Find all positive integers \( n \) such that \( n \) divides \( 2^n + 1 \).
826	0.444444	algebra	11	In the Cartesian plane, consider a set of \(n\) points \(P = \{P_1, P_2, \ldots, P_n\}\), where each point \(P_i\) is located at \((x_i, y_i)\). Let \(D_i\) be the distance from \(P_i\) to the origin, and define \(D_{\min}\) as the minimum...
827	0.555556	number_theory	1	Find the smallest positive integer \( n \) such that \[ \frac{1}{n} = \sum_{k=1}^{\infty} \frac{1}{k(k+1)^2} \] and provide a proof for your answer.
828	0.444444	number_theory	1	Find all positive integers \( n \) such that \( n^3 + 1 \) divides \( n^4 + n^2 + 1 \).
829	0.444444	number_theory	12367	What is the smallest positive integer $n$ such that the sum of the reciprocals of the first $n$ positive integers is greater than $10$?
830	0.375000	number_theory	2023	In a group of 2023 students, each student is assigned a unique positive integer. The teacher decides to play a game where she selects two distinct students at random, $A$ and $B$, and calculates the product of their assigned numbers. She t...
831	0.555556	geometry	3	Find all positive integers \( n \) such that \( n^3 + 3n^2 + 3n + 1 \) is a perfect square.
832	0.333333	geometry	0	In the Cartesian plane, a point \( P \) is said to be *excellent* if there exists a circle centered at \( P \) that intersects the x-axis and y-axis at exactly three points each. Let \( S \) be the set of all excellent points. Determine th...
833	0.375000	number_theory	1, 3	Find all positive integers \( n \) such that the equation \[ x^n + (x+1)^n + (x+2)^n = (x+3)^n \] has at least one integer solution for \( x \).
834	0.333333	geometry	54	In triangle \(ABC\), point \(D\) is chosen on side \(AB\) such that \(AD : DB = 1 : 3\). Point \(E\) is chosen on side \(AC\) such that \(AE : EC = 2 : 3\). The line segments \(DE\) and \(BC\) intersect at point \(F\). If the area of trian...
835	0.444444	geometry	9	There are 10 points in a plane, with no three points being collinear. Each pair of points is connected by a segment. A selection of these segments is called a "triangle-free path" if no three segments form a triangle. Find the maximum poss...
836	0.555556	algebra	1	Let \( f(x) = \frac{x^3 + 2x^2 + x + 1}{x^2 + 1} \). Determine the limit of \( f(x) \) as \( x \) approaches infinity, and then find the value of \( k \) such that the equation \( f(x) = k \) has exactly one real root.
837	0.666667	algebra	9	In the complex plane, consider the set of all points \( z \) such that \( |z - 1| = 2|z + 1| \). If a point \( w \) lies on this set and also satisfies \( w = a + bi \) where \( a \) and \( b \) are real numbers, find the maximum possible ...
838	0.333333	number_theory	10	Find the smallest positive integer \( n \) such that the equation \[ \sum_{k=1}^{n} \frac{1}{k} = 2.99 \] has a solution for the sequence of \( n \) distinct positive integers.
839	0.333333	number_theory	6	Let $S$ be the set of all positive integers $n$ such that $n$ has exactly three digits and the product of its digits is equal to $216$. Find the number of elements in the set $S$.
840	0.555556	number_theory	44	Let \( A = (a_1, a_2, \ldots, a_n) \) be a sequence of positive integers such that \( a_1 + a_2 + \cdots + a_n = 1000 \) and for each \( i = 1, 2, \ldots, n-1 \), the sum of any subset of \( A \) containing \( a_i \) but not \( a_{i+1} \) ...
841	0.333333	geometry	2\sqrt{7}	In triangle \( ABC \), let \( D \) be the foot of the altitude from \( A \) to \( BC \). Let \( E \) be a point on \( AC \) such that \( DE \) is perpendicular to \( AC \). If \( \angle BAC = 30^\circ \), \( AD = 4 \), and \( AE = 6 \), fi...
842	0.333333	number_theory	9	Let \( f(n) \) denote the sum of the cubes of the digits of a positive integer \( n \). Starting with any positive integer \( n \), repeatedly apply \( f \) until a single-digit number is obtained. For instance, starting with \( n = 123 \)...
843	0.777778	number_theory	100	Consider a sequence of integers \( a_1, a_2, a_3, \ldots \) defined by \( a_1 = 1 \) and for \( n \geq 1 \), \( a_{n+1} \) is the smallest integer greater than \( a_n \) such that \( \text{gcd}(a_{n+1}, a_n) = 1 \). Find the 100th term of ...
844	0.444444	geometry	12	In triangle $ABC$, $AB = 13$, $BC = 14$, and $AC = 15$. Let $D$ be a point on side $AC$ such that $AD = 5$ and $DC = 10$. Let $E$ be the midpoint of $BD$, and let $F$ be the intersection of line $AE$ and the circumcircle of triangle $ABC$ ...
845	0.444444	number_theory	1	Let $f(x)$ be a polynomial with real coefficients such that $f(x)^2 + 1$ is divisible by $x^2 + x + 1$. Find the smallest possible degree of $f(x)$.
846	0.555556	number_theory	48	Find the smallest positive integer \( n \) such that \( n \) has exactly 10 positive divisors and the product of these divisors is \( 2^{10} \cdot 3^5 \).
847	0.333333	other	0	在三维空间中，给定两个向量 \(\vec{a} = (1, 2, 3)\) 和 \(\vec{b} = (4, -1, 2)\)。求过原点且与这两个向量均垂直的平面方程，并进一步求出该平面上任意一点到直线 \(\vec{r} = t(1, 1, 1)\) 的最小距离。
848	0.555556	number_theory	512	Consider a sequence of positive integers \( a_1, a_2, \ldots, a_n \) such that for every integer \( k \) (where \( 1 \leq k \leq n \)), the number \( a_k \) is the sum of the previous \( k \) terms of the sequence. Given that \( a_1 = 1 \)...
849	0.555556	geometry	\frac{1}{5}	In a geometric configuration where a regular pentagon \(ABCDE\) is inscribed in a circle and a regular decagon \(FGBHICJDKLE\) is also inscribed in the same circle, find the ratio of the area of triangle \(EFG\) to the area of the pentagon...
850	0.333333	geometry	3	Find all prime numbers \( p \) such that the sum of the squares of the first \( p \) positive integers is divisible by \( p^2 \).
851	0.777778	number_theory	10	Let \( f(x) \) be a polynomial with integer coefficients such that \( f(0) = 1 \), \( f(1) = 2 \), and \( f(2) = 5 \). If \( p \) is the smallest positive integer such that \( f(p) = 100 \), find the value of \( p \).
852	0.555556	number_theory	2023	Let \( f: \mathbb{Z} \to \mathbb{Z} \) be a function such that for any integers \( a \) and \( b \), \[ f(f(a) + b) = f(a) + f(b) + ab \] and for any integer \( n \), \( f(n) \neq 0 \). Find all possible values of \( f(2023) \).
853	0.666667	other	\frac{n(n-1)}{2}	Let \( S \) be a finite set of points in the plane, and let \( T \) be the set of all points that are the midpoints of segments with endpoints in \( S \). If \( |S| = n \), determine the maximum possible number of points in \( T \).
854	0.333333	number_theory	14	A sequence of numbers \(a_1, a_2, a_3, \ldots\) is defined by the recurrence relation \(a_{n+1} = a_n^2 - a_n + 1\) with the initial term \(a_1 = 2\). Find the smallest integer \(k\) such that \(a_k > 10^{2023}\).
855	0.333333	geometry	8	In the coordinate plane, let \( A \) be the point at \( (0, 1) \) and \( B \) be the point at \( (2, 0) \). There is a point \( P \) inside the unit square with vertices at \( (0, 0) \), \( (1, 0) \), \( (1, 1) \), and \( (0, 1) \) such th...
856	0.555556	geometry	0	Find all positive integers \( n \) such that \( n^3 + 2n^2 + 3n + 4 \) is a perfect square.
857	0.555556	geometry	(3, 5)	Find all pairs of positive integers (a, b) such that \(a^2 + ab + b^2\) is a perfect square and \(a < b < 2a\).
858	0.666667	number_theory	0	Find the number of ordered pairs $(x,y)$ of integers such that the equation $x^2 + y^2 = 10x - 2y - 10$ is satisfied. How does your solution change if the equation is modified to $x^2 + y^2 = 10x - 2y - 11$?
859	0.666667	geometry	1, 2, 5	Find all positive integers \( n \) such that \( n^3 - 4n^2 + 5n - 1 \) is a perfect square.
860	0.777778	number_theory	7	Find all prime numbers $p$ such that the equation $x^3 - y^3 = p$ has a solution in integers $(x, y)$ where $x$ and $y$ are not multiples of $p$.
861	0.555556	number_theory	P(x) = x	Let \( P \) be a polynomial with integer coefficients such that \( P(0) = 0 \) and \( P(1) = 1 \). Suppose that for every integer \( k \geq 2 \), the number \( P(k) \) is divisible by \( k \). Determine all possible polynomials \( P \).
862	0.777778	geometry	10	A sequence of integers \(a_1, a_2, a_3, \ldots, a_{10}\) is defined such that \(a_1 = 1\) and for \(n \geq 2\), \(a_n\) is the smallest positive integer not already in the sequence such that \(a_n \cdot a_{n-1}\) is not a perfect square. F...
863	0.666667	algebra	6	Let \( f(x) \) be a function defined for all real numbers \( x \) such that \( f(x) = \sin(x) \cdot \cos(2x) \). Determine the number of critical points of \( f(x) \) in the interval \( [0, 2\pi] \).
864	0.444444	geometry	9801	In the coordinate plane, let $P$ be a point with integer coordinates $(x, y)$ such that $0 < x < 100$ and $0 < y < 100$. Define the "sum distance" $S_P$ of $P$ as the sum of the distances from $P$ to all other lattice points $(a, b)$ with ...
865	0.444444	number_theory	4	Let \( f(x) \) be a polynomial with integer coefficients such that \( f(1) = 3 \), \( f(2) = 7 \), and \( f(3) = 13 \). Suppose \( f(x) \) has a root at \( x = k \) where \( k \) is a positive integer greater than 3. Determine the smallest...
866	0.666667	geometry	M	Let $ABC$ be an acute triangle with circumcenter $O$ and incenter $I$. Let $D$ be the foot of the altitude from $A$ to $BC$, and let $E$ be the reflection of $D$ over $BC$. The line through $I$ parallel to $BC$ intersects $AD$ at $F$ and $...
867	0.555556	number_theory	1012	Let \( f \) be a function defined on the set of integers such that for all \( n \), \[ f(n) = \begin{cases} n + 1 & \text{if } n \text{ is even}, \\ n - 1 & \text{if } n \text{ is odd}. \end{cases} \] For how many integers \( n \), where \...
868	0.777778	number_theory	210	A sequence of numbers \(a_1, a_2, a_3, \ldots\) is defined such that \(a_1 = 1\), \(a_2 = 2\), and for \(n \geq 3\), \(a_n\) is the smallest positive integer that does not divide any of the previous terms in the sequence. For example, \(a_...
869	0.444444	number_theory	1	Find all positive integers $n$ such that there exist distinct positive integers $a_1, a_2, \ldots, a_n$ satisfying $$ \sum_{i=1}^n \frac{a_i}{i^2} = n. $$
870	0.777778	geometry	1	A right triangle \( ABC \) has an angle \( \theta \) at vertex \( A \), with \( \theta = 30^\circ \). Point \( D \) lies on \( BC \) such that \( BD = DC \). If \( AD \) is perpendicular to \( BC \), find the ratio of the area of triangle ...
871	0.555556	geometry	1	Find all positive integers \( n \) such that \( n^4 - 5n^2 + 4 \) is a perfect square.
872	0.777778	geometry	4	Let $S$ be a finite set of points in the plane such that for any two distinct points $P, Q \in S$, there exists a point $R \in S$ that is not collinear with $P$ and $Q$. Furthermore, no three points in $S$ are collinear. Determine the maxi...
873	0.333333	number_theory	160	In a regular nonagon \( P \), each vertex is connected to every other vertex by a segment. A frog starts at vertex \( A \) and makes hops from one vertex to another, following these rules: 1. In every hop, the frog moves to an adjacent ver...
874	0.333333	number_theory	2	Find all positive integers \( n \) such that the polynomial \( P(x) = x^n + nx + n - 1 \) can be expressed as a product of two non-constant polynomials with integer coefficients.
875	0.555556	geometry	0	What is the sum of all positive integers \( n \) such that \( \frac{n^2 + 2018}{n} \) is a perfect square?
876	0.555556	geometry	2	Find all positive integers \( n \) such that \( n^3 + 20n + 1 \) is a perfect square. Prove that your solution is complete.
877	0.555556	geometry	1	In a convex pentagon \(ABCDE\), the angles \(\angle A\), \(\angle B\), and \(\angle C\) are equal to \(120^\circ\) each, while \(\angle D\) and \(\angle E\) are right angles. If the side \(AB\) is equal to the side \(CD\), and the side \(B...
878	0.777778	algebra	8	Let \( f: \mathbb{R} \to \mathbb{R} \) be a continuous function such that \( f(x + y) = f(x) f(y) \) for all \( x, y \in \mathbb{R} \). Suppose \( f(1) = 2 \) and \( f(2) = 4 \). Find the value of \( f(3) \).
879	0.777778	number_theory	3	Find all positive integers \( n \) such that the equation \[ n^2 + 3n + 7 = x^2 \] has an integer solution \( x \).
880	0.333333	number_theory	1	Let \( f: \mathbb{Z}^+ \to \mathbb{Z}^+ \) be a function satisfying \[ f(n) = \begin{cases} 2n & \text{if } n \text{ is even} \\ n + 1 & \text{if } n \text{ is odd and } n \equiv 1 \pmod{3} \\ n - 1 & \text{if } n \text{ is odd and } n \eq...
881	0.777778	number_theory	0	Let $P(x)$ be a monic polynomial of degree $4$ with integer coefficients, and let $r$ be a real number such that $P(r) = 0$. If $r^3 + r^2 + r + 1 = 0$, find the sum of all possible values of $P(0)$.
882	0.333333	number_theory	3	What is the minimum number of distinct integer labels required to label all vertices of a regular octahedron such that the sum of the labels on any pair of opposite faces is the same, and no two adjacent vertices have the same label?
883	0.444444	number_theory	\frac{1}{30}	Let \( S \) be the set of all integers \( n \) such that \( 1 \leq n \leq 1000 \) and \( n \) has exactly three distinct prime factors. Find the sum of the reciprocals of the smallest element of each of these sets \( S \).
884	0.333333	geometry	8	In the coordinate plane, let $P$ be a point with integer coordinates such that the distance from $P$ to the origin is $17$ units. Find the number of possible integer coordinates for $P$.
885	0.444444	algebra	512	In the complex plane, let $P(z) = z^5 + 10z^4 + 40z^3 + 80z^2 + 160z + 256$. Given that $P(z)$ has five distinct complex roots, $z_1, z_2, z_3, z_4,$ and $z_5$, find the value of \[|z_1^3 z_2^2 z_3 z_4 z_5^2|.\]
886	0.333333	algebra	0	Let \( P(x) \) be a polynomial of degree 4 with real coefficients such that \( P(1) = 2 \), \( P(2) = 5 \), and \( P(3) = 10 \). Additionally, it is known that \( P(x) \) has a double root at \( x = 4 \). Find the value of \( P(0) \).
887	0.777778	algebra	9	Let $f: \mathbb{R} \to \mathbb{R}$ be a function defined by $f(x) = x^3 - 3x + 1$. Consider the set $S = \{x \in \mathbb{R} : f(f(x)) = 0\}$. Determine the number of elements in $S$ and prove your answer.
888	0.444444	number_theory	1, 2	Find all integers \( n \) such that the polynomial \( P(x) = x^n + 3x^{n-1} + 6x^{n-2} + \cdots + \frac{n(n-1)\cdots 3 \cdot 2}{2!} x + n! \) has at least one integer root.
889	0.333333	geometry	25	Given a finite set of points in the plane, each point has integer coordinates. It is known that for any three points, the area of the triangle formed by them is an integer. If the number of points in the set is 10, find the maximum possibl...
890	0.333333	number_theory	10	Consider a sequence of positive integers \(a_1, a_2, a_3, \ldots\) defined by the recurrence relation \(a_{n+1} = a_n^2 - 2a_n + 2\) for \(n \geq 1\), with the initial term \(a_1 = 3\). Determine the smallest positive integer \(k\) such th...
891	0.666667	geometry	2	Find the smallest positive integer \( n \) such that \( \sin(n\theta) \) is an integer for some \( \theta \) in radians, where \( \theta \) is an acute angle.
892	0.444444	number_theory	333	Let $S$ be the set of all integers $n$ such that $1 \leq n \leq 1000$ and $n$ can be expressed as the sum of two or more consecutive positive integers. Find the number of integers in $S$ that are divisible by 3.
893	0.777778	number_theory	0	Find the number of positive integers n such that 1 ≤ n ≤ 2023, where n^3 + n^2 + n + 1 has exactly 7 positive integer divisors.
894	0.444444	number_theory	k	Consider the sequence defined by \( a_1 = 1 \) and \( a_{n+1} = a_n + \frac{1}{a_n} \) for \( n \geq 1 \). Prove that there exists a positive integer \( k \) such that \( a_k > \sqrt{2k} \).
895	0.777778	number_theory	3	Find all positive integers \( n \) such that the equation \( x^2 + y^2 + z^2 = nxyz \) has positive integer solutions for \( x, y, \) and \( z \).
896	0.777778	geometry	(1, 1)	Find all pairs of positive integers \((m, n)\) such that both \(m^2 + 3n\) and \(n^2 + 3m\) are perfect squares.
897	0.777778	number_theory	1, 2	Find all positive integers \( n \) such that the equation \( x^n + y^n = z^n \) has at least one solution in positive integers \( x, y, z \) with \( x, y, z \) pairwise coprime.
898	0.444444	number_theory	17	Let \( S \) be the set of all positive integers that can be expressed as the sum of exactly two distinct powers of 2. How many elements of \( S \) are less than 2024? (A) 16 (B) 17 (C) 18 (D) 19 (E) 20
899	0.333333	number_theory	3	Find all positive integers \( n \) such that the polynomial \( P(x) = x^n + x^{n-1} + \cdots + x + 1 \) can be expressed as the product of two non-constant polynomials with integer coefficients.
900	0.444444	geometry	1	Let \( S \) be the set of all positive integers \( n \) such that \( \sqrt{n} \) is an integer and \( n \) can be expressed as the sum of the squares of two distinct positive integers. Find the number of elements in the set \( S \) that ar...
901	0.333333	geometry	25	In the complex plane, let \( z_1, z_2, \) and \( z_3 \) be distinct complex numbers such that \( z_1^2 + z_2^2 + z_3^2 = 0 \) and \( z_1 + z_2 + z_3 = 3 + 4i \). If \( z_1, z_2, \) and \( z_3 \) are vertices of an equilateral triangle cent...
902	0.500000	geometry	7	In a hyperbolic plane, consider a regular heptagon \(H\) with side length \(s\). Let \(P\) be a point inside \(H\) such that the distances from \(P\) to each vertex of \(H\) are integers. Given that the area of \(H\) is \(\frac{7}{2} \sqrt...
903	0.555556	geometry	\left( 3, \frac{7}{2} \right)	In a triangular park, the vertices are located at points \( A \), \( B \), and \( C \). The park authorities decide to install a single water fountain that must be equidistant from all three vertices to ensure fair usage of water. The coor...
904	0.333333	number_theory	2	What is the smallest positive integer \( n \) such that the number \( 1234567890_{10} \) in base \( 10 \) can be expressed in base \( n \) with exactly \( 100 \) digits?
905	0.555556	number_theory	7	Let $S$ be the set of all positive integers $n$ such that $n$ can be expressed as $n = a^2 + b^2 + c^2 + d^2$ for some positive integers $a, b, c,$ and $d$. If $N$ is the smallest positive integer that is not in $S$, find the value of $N$.
906	0.444444	geometry	x^2 + 1	Let \( A \) be a \( 4 \times 4 \) matrix with real entries such that \( A^4 = I \) (the identity matrix). Suppose that the minimal polynomial of \( A \) is not linear. Determine the possible minimal polynomials of \( A \) and prove that ea...
907	0.333333	geometry	\frac{1}{2}	In the plane, consider an equilateral triangle \( ABC \) with side length \( s \). Points \( D, E, \) and \( F \) are chosen on sides \( BC, CA, \) and \( AB \) respectively, such that \( AD, BE, \) and \( CF \) are concurrent at point \( ...
908	0.333333	geometry	2023	Let \( S \) be a set of \( 2023 \) distinct positive integers. Determine the smallest positive integer \( k \) such that for any \( k \)-element subset \( T \) of \( S \), there exists a non-empty subset of \( T \) whose elements sum to a ...
909	0.333333	geometry	2^n	Find the number of ways to tile a $2 \times 2n$ rectangle with $2 \times 1$ dominoes if each row must have exactly one pair of dominoes that share a vertical edge, and the rest of the dominoes must be placed horizontally.
910	0.444444	number_theory	6	What is the least positive integer $n$ such that there exists a convex polyhedron with $n$ vertices, $2n$ faces of three different types, and $3n$ edges, where each type of face has a different number of edges and no two faces of the same ...
911	0.333333	number_theory	2	Determine the smallest positive integer \( n \) such that there exists a polynomial \( P(x) \) with integer coefficients satisfying the following conditions: 1. \( P(0) = 1 \) 2. For all integers \( k \) from 1 to \( n \), \( P(k) = k \) 3...
912	0.444444	number_theory	7	A sequence of positive integers \(a_1, a_2, a_3, \ldots, a_n\) is defined by \(a_1 = 1\), \(a_2 = 2\), and for \(n \geq 3\), \(a_n\) is the smallest positive integer such that \(a_n\) is not a divisor of \(a_1 \cdot a_2 \cdot \ldots \cdot ...
913	0.333333	geometry	1	Find all positive integers \( n \) such that \( n^3 + 2n^2 + 2017n \) is a perfect square.
914	0.555556	number_theory	2	Given the set \(S\) of all positive integers less than 37, consider the equation \(x^2 + x + 1 \equiv 0 \pmod{37}\). Determine the number of distinct solutions \(x\) this equation has, where \(x \in S\).
915	0.777778	number_theory	100	Consider a sequence of functions \( f_n : \mathbb{R} \to \mathbb{R} \) defined by \( f_n(x) = \sin(n \pi x) \). For a given real number \( a \), determine the number of distinct positive integers \( k \leq 100 \) such that the equation \( ...
916	0.444444	geometry	1, 4, 7, 10, \ldots	Find all positive integers \(n\) such that the sum of the squares of the first \(n\) positive integers is divisible by the sum of the first \(n\) positive integers.
917	0.444444	geometry	5050	Find the number of ordered pairs of integers $(m,n)$ with $1\leq m\leq 100$ and $n\geq 0$ such that the polynomial $x^2+mx+n$ can be factored into the product of two (not necessarily distinct) linear factors with integer coefficients, and ...
918	0.444444	geometry	2	Find the smallest positive integer \( n \) such that \( n \) is not expressible as the sum of two or more distinct perfect squares and \( n \) is not a perfect square.
919	0.555556	other	n	Let \( G \) be a finite, simple, and connected graph with \( n \) vertices and \( m \) edges. Suppose that for any two distinct vertices \( u \) and \( v \), the number of vertices adjacent to both \( u \) and \( v \) is at least 1. Find t...
920	0.444444	number_theory	3	Find all positive integers \( n \) such that the equation \[ x^2 - nx + n - 1 = 0 \] has exactly two distinct integer solutions for \( x \), and one of the solutions is the sum of the other two. (Note: A solution is defined as distinct if ...
921	0.555556	number_theory	1, 2	Find all positive integers \(n\) such that \(n^2 + n + 1\) divides \(3^n + 2^n + 1\).
922	0.333333	number_theory	61	Consider the sequence of integers defined by \(a_1 = 1\), \(a_2 = 2\), and for \(n \geq 3\), \(a_n = a_{n-1} + a_{n-2} + \text{digit-sum}(a_{n-1})\), where \(\text{digit-sum}(k)\) denotes the sum of the digits of \(k\). Find the remainder ...
923	0.666667	geometry	n (R + r)	A convex polygon \( P \) with \( n \) vertices is inscribed in a circle of radius \( R \). The vertices are labeled \( A_1, A_2, \ldots, A_n \) in order. A point \( B \) is chosen inside the circle such that the distance from \( B \) to th...
924	0.333333	algebra	0	Let $f(x) = x^5 + ax^4 + bx^3 + cx^2 + dx + e$ be a polynomial with real coefficients such that $f(1) = 1$, $f(2) = 2$, $f(3) = 3$, and $f(4) = 4$. Find the value of $a + b + c + d + e$.
925	0.555556	combinatorics	30	Determine the number of ways to color the vertices of a regular pentagon using 3 colors such that no two adjacent vertices share the same color.
926	0.333333	number_theory	5	Let \( P(x) \) be a polynomial of degree 4 with integer coefficients, such that \( P(1) = 17 \), \( P(2) = 34 \), \( P(3) = 51 \), \( P(4) = 68 \), and \( P(5) = 85 \). Find the largest integer \( n \) such that \( P(n) = n^2 + n + 1 \).
927	0.444444	number_theory	a_k \mid a_{2k}	Consider a sequence of positive integers \( a_1, a_2, a_3, \ldots \) defined as follows: \[ a_1 = 1, \] \[ a_{n+1} = a_n^2 - 2 \text{ for all } n \geq 1. \] Prove that for any positive integer \( k \), the number \( a_k \) is a factor of \...
928	0.555556	number_theory	13	Consider the infinite sequence defined by \(a_n = n^2 + n + 1\). Determine all pairs of positive integers \((x, y)\) such that \(a_x\) divides \(a_y\) and \(x < y\). Further, find the sum of all distinct values of \(y\) for which such a pa...
929	0.625000	geometry	100	In a magical forest, there are $100$ trees arranged in a circle. Each tree has a unique integer label from $1$ to $100$. A fairy starts at tree $1$ and moves clockwise around the circle. At each tree $n$, the fairy flips a biased coin that...
930	0.333333	number_theory	5	Let \( f(x) \) be a polynomial of degree 4 with integer coefficients such that \( f(1) = 2, f(2) = 5, f(3) = 10, \) and \( f(4) = 17. \) Find the smallest positive integer \( n \) for which \( f(n) = n^2. \)
931	0.555556	geometry	3, 4	Determine all positive integers \( n \) for which there exists a finite set of \( n \) points in the plane, satisfying the following conditions: every three points out of the \( n \) points are vertices of a non-obtuse triangle, and given ...
932	0.555556	geometry	\frac{\pi}{2}	Consider the function \(f(x) = \frac{1}{x^2 + 1}\) defined on the interval \([0, \infty)\). Let \(A\) be the area under the curve of \(f(x)\) from \(x = 0\) to \(x = \infty\). Define a sequence \((a_n)\) as follows: \(a_1 = A\), and for \(...
933	0.555556	number_theory	40	Let \( f(x) \) be a polynomial of degree 3 with integer coefficients such that \( f(1) = 10 \), \( f(2) = 20 \), and \( f(3) = 30 \). Find the value of \( f(4) \).
934	0.555556	geometry	1	In the complex plane, consider the points \(A, B, C\) representing the roots of the polynomial \(z^3 - 3z^2 + 5z - 7 = 0\). Let \(D\) be the midpoint of \(AC\). If the angle \(\angle BOD = 90^\circ\), where \(O\) is the origin, find the re...
935	0.444444	number_theory	1	Let \( p(x) = x^5 - 5x^4 + 10x^3 - 10x^2 + 5x - 1 \). Find the smallest positive integer \( k \) such that \( p(p(k)) = k \).
936	0.333333	geometry	10	Find the smallest positive integer \( n \) such that the equation \[ x^4 - 10x^3 + nx^2 + 10x + 1 = 0 \] has four distinct real roots, where the sum of the squares of these roots equals 120.
937	0.666667	algebra	19601	Let $f(x)$ be a real-valued function satisfying the property that for any real number $x$, $f(x + 1) + f(x) = 2x^2 - 4x + 1$. Find the sum of all possible values of $f(100) + f(101)$, expressed as a simplified fraction or a simple radical.
938	0.555556	number_theory	100	Consider a sequence of positive integers \(a_1, a_2, a_3, \ldots, a_n\) such that \(a_1 = 1\) and for all \(k \geq 2\), \(a_k\) is the smallest integer greater than \(a_{k-1}\) that is relatively prime to \(a_{k-1}\). Determine the value o...
939	0.555556	geometry	0	In a coordinate plane, consider a sequence of points \( P_1, P_2, P_3, \ldots \) where \( P_n \) has coordinates \( (n, a_n) \). The points are constructed such that the line segment from \( P_{n-1} \) to \( P_n \) forms a right angle with...
940	0.666667	geometry	2	Let \( f(x) \) be a polynomial with integer coefficients satisfying \( f(0) = f(1) = 1 \) and \( f(n) > 0 \) for all integers \( n \). Find the minimum possible degree of \( f(x) \) such that there exists an integer \( k \) for which \( f(...
941	0.333333	geometry	1, 11, 13, 17, 19	Find all positive integers \( n \) such that the number of positive divisors of \( n \) is equal to the number of digits in the decimal representation of \( n \). Prove that if \( n \) satisfies this condition, then \( n \) must be a perfe...
942	0.333333	number_theory	512	Let \(S\) be the set of all non-empty subsets of \(\{1, 2, 3, \ldots, 10\}\). For each subset \(A \in S\), define \(f(A)\) as the sum of all elements in \(A\). How many subsets \(A\) of \(S\) exist such that \(f(A)\) is divisible by 5?
943	0.333333	number_theory	3	Find all positive integers \( n \) such that the polynomial \( P(x) = x^n + x^{n-1} + \ldots + x + 1 \) can be written as the product of two non-constant polynomials with integer coefficients.
944	0.555556	geometry	4	Let \( f(n) \) be a function defined on the positive integers such that \( f(1) = 1 \) and for \( n \geq 1 \), \( f(n+1) = f(n) + \left\lfloor \sqrt{f(n)} \right\rfloor \). Find the smallest positive integer \( m \) such that \( f(m) \) is...
945	0.555556	algebra	\frac{16}{17}	Let $a$, $b$, $c$, and $d$ be real numbers such that $a + b + c + d = 4$. Find the minimum value of \[ \frac{a^2}{1 + a^2} + \frac{b^2}{1 + b^2} + \frac{c^2}{1 + c^2} + \frac{d^2}{1 + d^2}. \]
946	0.444444	number_theory	2	Find the smallest positive integer \( n \) such that the product of all prime numbers less than \( n \) is congruent to 1 modulo \( n \). That is, find the smallest \( n \) for which \(\prod_{p < n, p \text{ prime}} p \equiv 1 \pmod{n}\).
947	0.777778	geometry	(2, 2)	Find all pairs of positive integers (m, n) such that 3^m + 4^n is a perfect square.
948	0.444444	geometry	3	Find all integers \( n \geq 3 \) such that there exists a convex \( n \)-sided polygon \( P_1P_2\ldots P_n \) with the following properties: 1. The side lengths of \( P_1P_2\ldots P_n \) are distinct integers. 2. There is a point \( M \) i...
949	0.666667	number_theory	4048	Let \( f: \mathbb{Z} \rightarrow \mathbb{Z} \) be a function such that for all integers \( x \) and \( y \), we have \[ f(x^2 - y^2) = (f(x))^2 - (f(y))^2. \] If \( f(1) = 2 \), find all possible values of \( f(2024) \).
950	0.555556	number_theory	0	Let \( S \) be the set of all integers \( n \) such that \( 1 \leq n \leq 100 \) and \( n \) is a product of distinct primes. Define \( f(n) \) as the number of distinct ways to express \( n \) as a product of two positive integers \( a \)...
951	0.666667	geometry	\frac{1}{4}	Let $ABC$ be an acute triangle with circumcenter $O$ and orthocenter $H$. Let $D$, $E$, and $F$ be the feet of the altitudes from $A$, $B$, and $C$ respectively. The line through $D$ parallel to $BC$ intersects $EF$ at $P$. If $M$ is the m...
952	0.333333	number_theory	7	Find the smallest positive integer \( n \) such that the polynomial \( P(x) = x^n + 1 \) has no real roots and \( P(x) \) divides \( x^{2023} + 1 \).
953	0.444444	geometry	42	In a unique town, the streets are laid out in a perfect grid. The town square is at the center, and the streets are labeled with numbers representing their distance from the town square. If a person starts at the town square and wants to r...
954	0.333333	geometry	4	Let \( \triangle ABC \) be a triangle with sides \( AB = 13 \), \( BC = 14 \), and \( CA = 15 \). Let \( D \) be a point on \( BC \) such that \( AD \) is an altitude. Points \( E \) and \( F \) are on \( AB \) and \( AC \) respectively, s...
955	0.444444	number_theory	1	What is the smallest positive integer \( n \) such that the polynomial \( P(x) = x^n + ax^{n-1} + bx^{n-2} + \cdots + k \) with integer coefficients has a root that is a rational number and the product of the roots of \( P(x) \) is \(-120\...
956	0.555556	number_theory	0	Determine all positive integers \( n \) for which the equation \( n^2 + n + 1 = k^2 \) holds for some integer \( k \).
957	0.555556	geometry	5	Given a convex quadrilateral \(ABCD\) with \(AB = 3\), \(BC = 4\), \(CD = 5\), and \(DA = 6\). Let \(M\), \(N\), \(P\), and \(Q\) be the midpoints of \(AB\), \(BC\), \(CD\), and \(DA\), respectively. The quadrilateral \(MNPQ\) is formed by...
958	0.333333	number_theory	3	Let \( P(x) \) be a polynomial of degree 4 with integer coefficients such that \( P(1) = 2024 \), \( P(2) = 2026 \), and \( P(3) = 2028 \). If \( P(x) \) has exactly two distinct integer roots, find the sum of these roots.
959	0.777778	number_theory	0, 8	Find all integers \( n \) such that the polynomial \( P(x) = x^3 - nx + n \) has at least one integer root.
960	0.555556	other	-1	In the complex plane, let \( z \) be a complex number such that \( z^4 = 1 \) and \( z^2 \neq 1 \). Find the value of \[ \frac{z}{1 + z^3} + \frac{z^2}{1 + z^6} + \frac{z^3}{1 + z^9}. \]
961	0.333333	number_theory	0	Find the number of ordered pairs \((a, b)\) of positive integers such that \(a, b \leq 100\) and \(ab = \left\lfloor \frac{a}{b} \right\rfloor + \left\lfloor \frac{b}{a} \right\rfloor\).
962	0.777778	algebra	\frac{3}{4}	Let \(a, b, c\) be positive real numbers such that \(a + b + c = 1\). Prove that: \[ \frac{a}{1 + b^3} + \frac{b}{1 + c^3} + \frac{c}{1 + a^3} \geq \frac{3}{4}. \]
963	0.444444	geometry	1, 4, 9	Find all positive integers \( n \) for which the sum of the digits of \( n \) in base 10 is equal to the product of the digits of \( n \) in base 10, and additionally, \( n \) is a perfect square.
964	0.444444	geometry	\frac{1}{12}	In triangle \( ABC \), points \( D \) and \( E \) are on sides \( AB \) and \( AC \) respectively, such that \( DE \) is parallel to \( BC \). If the length of \( AD \) is one-third the length of \( AB \) and the length of \( AE \) is one-...
965	0.333333	geometry	12	In a small town, there are 12 houses arranged in a circle. Each house is uniquely numbered from 1 to 12. Every day, a mail carrier delivers a letter to every house, but the delivery sequence changes based on a special rule. The mail carrie...
966	0.555556	number_theory	100	A sequence of positive integers \(\{a_n\}\) is defined by \(a_1 = 1\), \(a_2 = 2\), and for all \(n \geq 3\), \(a_n\) is the smallest positive integer such that no three distinct terms \(a_i, a_j, a_k\) (where \(i < j < k\)) satisfy \(a_i ...
967	0.777778	geometry	4	A sequence of integers \(a_1, a_2, a_3, \ldots\) is defined by \(a_1 = 2\) and \(a_{n+1} = 2a_n + 3n\) for \(n \geq 1\). Find the smallest positive integer \(k\) such that \(a_k\) is a perfect square.
968	0.777778	geometry	90^\circ	Let \( ABC \) be a triangle with \( \angle BAC = 60^\circ \). Let \( D \) be the foot of the altitude from \( B \) to \( AC \), and let \( E \) be the foot of the altitude from \( C \) to \( AB \). The circumcircle of triangle \( ADE \) in...
969	0.555556	number_theory	60	Let \( S \) be a set of integers from 1 to 100 inclusive. A subset \( A \) of \( S \) is called "special" if the sum of any two distinct elements of \( A \) is not divisible by 5. Determine the maximum possible size of a special subset \( ...
970	0.333333	number_theory	1, 2, 3, 9	Find all integers \( n \) such that the sum of the digits of \( n^2 \) is equal to \( n \).
971	0.555556	geometry	X	Let $S$ be a finite set of points in the plane, with no three points collinear. For each pair of points $P$ and $Q$ in $S$, draw the circle with diameter $PQ$. Prove that there exists a point $X$ in the plane such that at least half of the...
972	0.333333	combinatorics	1	A sequence of numbers \(a_1, a_2, a_3, \ldots\) is defined by \(a_1 = 1\) and for \(n \geq 2\), \(a_n = \frac{a_{n-1}}{2}\) if \(n\) is even, and \(a_n = a_{n-1} + \frac{1}{2^n}\) if \(n\) is odd. Find the value of \(a_{2023}\).
973	0.333333	geometry	\frac{\pi}{2\omega}	In the Cartesian coordinate system, consider a circle \(C\) with radius \(r\) centered at the origin. A point \(P\) moves along the circumference of \(C\) with constant angular velocity \(\omega\). Let \(Q\) be a fixed point on the circumf...
974	0.777778	number_theory	1	Find all positive integers \( n \) such that the polynomial \( P(x) = x^n + ax + b \) has exactly one real root, where \( a \) and \( b \) are positive real numbers. Prove your answer.
975	0.666667	number_theory	4	Let \( S \) be the set of all positive integers \( n \) such that the equation \( x^2 + y^2 = n \) has no integer solutions. Find the smallest positive integer \( k \) for which there exist exactly \( k \) consecutive integers \( a, a+1, \...
976	0.666667	geometry	1	In the complex plane, consider a triangle \(ABC\) with vertices at \(A = 1\), \(B = i\), and \(C = -1\). Let \(D\) be the midpoint of \(BC\). The circle centered at \(D\) passing through \(C\) intersects the real axis at points \(P\) and \...
977	0.777778	geometry	9	A regular octagon is inscribed in a circle of radius 1. Let P be a point inside the circle such that the sum of the squares of its distances from the vertices of the octagon is minimized. Find the value of this minimum sum, expressed in th...
978	0.777778	number_theory	1	Find all positive integers \( n \) for which the equation \[ x_1^2 + x_2^2 + \cdots + x_n^2 = n \] has a solution in integers \( x_1, x_2, \ldots, x_n \) such that \( x_1, x_2, \ldots, x_n \) are all distinct.
979	0.444444	geometry	b^2	In the coordinate plane, consider the ellipse defined by the equation \(\frac{x^2}{a^2} + \frac{y^2}{b^2} = 1\) where \(a > b > 0\). A line through the point \((0, 1)\) intersects the ellipse at two points \(P\) and \(Q\). Let \(O\) be the...
980	0.444444	algebra	0, \pi, \frac{\pi}{2}, \frac{3\pi}{2}, \frac{2\pi}{3}, \frac{4\pi}{3}	Find all real numbers \( x \) that satisfy the equation \( \sin(x) + \sin(2x) + \sin(3x) = 0 \) and \( 0 \leq x < 2\pi \).
981	0.444444	other	\left( \frac{1}{4}, \frac{1}{4}, \frac{1}{4} \right)	在三维空间中，给定四个点A(0,0,0)，B(1,0,0)，C(0,1,0)，D(0,0,1)。求是否存在一个点P，使得P到这四个点的距离之和最小？如果存在，求出该点P的坐标。
982	0.333333	number_theory	280	Let $S$ be the set of all ordered triples of integers $(a_1, a_2, a_3)$ with $1 \leq a_i \leq 10$ for all $1 \leq i \leq 3$. Each ordered triple in $S$ generates a sequence according to the rule $a_n=a_{n-1}\cdot |a_{n-2}-a_{n-3}|$ for all...
983	0.333333	geometry	\sqrt{R^2 - r^2}	Let \( ABC \) be a triangle with circumradius \( R \) and inradius \( r \). Let \( D \) be a point on the circumcircle of \( \triangle ABC \) such that \( AD \) is a diameter of the circumcircle. Let \( P \) and \( Q \) be the points of ta...
984	0.333333	number_theory	41	Let $P(x)$ be a polynomial of degree 4 with integer coefficients such that $P(1) = 5$, $P(2) = 11$, $P(3) = 19$, and $P(4) = 29$. If the polynomial also satisfies $P(0) = 1$, find the sum of all possible values of $P(5)$.
985	0.444444	number_theory	1	Find all positive integers \( n \) such that the number of positive divisors of \( n^2 \) is equal to \( n \).
986	0.555556	geometry	30	In the plane, consider a set of \( n \) points \( P_1, P_2, \ldots, P_n \) such that no three points are collinear. For each point \( P_i \), define a function \( f_i(x) \) as the number of points \( P_j \) for which the area of the triang...
987	0.444444	number_theory	1	Find all positive integers \( n \) such that the sum of the divisors of \( n \), excluding \( n \) itself, equals \( n \times \left\lfloor \frac{n}{10} \right\rfloor \).
988	0.333333	geometry	3	Let $f(x)$ be a polynomial with integer coefficients such that $f(100) = 2023$. Suppose that for some integer $n > 1$, the polynomial $f(x)$ can be expressed as a product of two non-constant polynomials with integer coefficients, each of d...
989	0.750000	geometry	0	In the coordinate plane, let $A = (0, 0)$, $B = (3, 0)$, $C = (7, 0)$, and $D = (10, 0)$. Let $E$, $F$, $G$, and $H$ be points on segments $BC$, $CD$, $DA$, and $AB$, respectively, such that $BE = CF = DG = AH = 2$. Find the area of quadri...
990	0.333333	number_theory	6	Let \( P(x) \) be a polynomial with integer coefficients such that \( P(2) = 3 \) and \( P(5) = 7 \). If \( P(x) \) has a degree of 3, and \( P(n) \) is prime for some integer \( n > 5 \), find the smallest possible value of \( n \).
991	0.333333	number_theory	25	Find the smallest positive integer \( n \) such that the sum of the first \( n \) terms of the sequence defined by \( a_k = k^3 - 3k^2 + 2k \) is a multiple of 100.
992	0.444444	number_theory	3	What is the smallest positive integer \( n \) such that the polynomial \( P(x) = x^n - 2x^{n-1} + 3x^{n-2} - \cdots + (-1)^{n-1} nx - (-1)^n n \) has a real root greater than \( 1 \)?
993	0.555556	algebra	f(x) = x	Find all functions \( f : \mathbb{R} \to \mathbb{R} \) such that for all real numbers \( x \) and \( y \), the following holds: \[ f(x + f(y)) = f(x) + y^2. \]
994	0.444444	number_theory	2	Find all integers \( n \) such that the polynomial \( P(x) = x^3 - 3nx^2 + (n^2 + 4)x - n \) has three distinct real roots that are all integers.
995	0.555556	geometry	6	Given an isosceles triangle $ABC$ with $AB = AC = 10$, and a point $P$ inside the triangle such that $\angle PBC = \angle PCA$. If $BP = 6$, find the length of $CP$.
996	0.444444	logic_puzzle	10	There exists a magical plant that doubles its size every day. If it starts at a height of 1 centimeter, on which day will its height exceed 10 meters? Assume no growth occurs overnight. The answer should be expressed in terms of the day nu...
997	0.666667	number_theory	22	Define an arithmetic sequence $(a_n)$ by $a_0 = 0$ and $a_{n+1} = a_n + n + 1$ for all $n \geq 0$. Consider the sequence of partial sums $S_k = \sum_{i=0}^k a_i$. Show that there exists a positive integer $m$ such that $S_m$ is divisible b...
998	0.777778	number_theory	1	Consider a sequence of integers \(a_1, a_2, a_3, \ldots\) defined by the recursive relation \(a_{n+1} = 2a_n + n^2\) for all integers \(n \geq 1\). Given that \(a_1 = 1\), find the remainder when \(a_{2024}\) is divided by \(2024\).
999	0.666667	number_theory	0	Let \( P(x) \) be a monic polynomial of degree \( 6 \) such that \( P(1) = 1 \), \( P(2) = 2 \), and \( P(3) = 3 \). If \( P(x) \) has integer roots, what is the sum of all possible values of \( P(0) \)?
1000	0.555556	number_theory	-1 < k < 3	Let \( f(x) = x^3 - 3x + 1 \). Prove that for any integer \( k \), the equation \( f(x) = k \) has at most three distinct real solutions. Additionally, determine the conditions under which the equation has exactly three distinct real solut...
1001	0.333333	number_theory	7	A sequence of positive integers \( a_1, a_2, a_3, \ldots \) is defined as follows: \[ a_1 = 1 \] \[ a_{n+1} = a_n + d_n \] where \( d_n \) is the smallest positive integer greater than \( a_n \) that is relatively prime to \( a_n \). Find ...
1002	0.333333	geometry	42	A convex quadrilateral $ABCD$ has side lengths $AB = 6$, $BC = 7$, $CD = 8$, and $DA = 9$. If the diagonals $AC$ and $BD$ intersect at point $P$ such that $\frac{AP}{PC} = \frac{2}{3}$ and $\frac{BP}{PD} = \frac{1}{3}$, find the area of qu...
1003	0.444444	geometry	2	In a high-dimensional space, consider a sequence of points \(P_1, P_2, \ldots, P_n\) such that the distance between any two consecutive points \(P_i\) and \(P_{i+1}\) is exactly \(1\). For every \(i\), let \(d_i\) be the Euclidean distance...
1004	0.333333	number_theory	2	Let $S$ be the set of all positive integers that can be expressed as the sum of two positive integers $a$ and $b$ such that $a^2 + b^2 = n^2$ for some positive integer $n$. Find the smallest positive integer $k$ such that there exists a po...
1005	0.777778	algebra	19	In the town of Polyvago, there is a unique bookstore called "Elemental Parchment." This bookstore sells math books with intricate designs, each representing a different mathematical concept. There are three types of math books: Algebric Sp...
1006	0.777778	geometry	60^\circ, 60^\circ, 60^\circ	Given a triangle \( ABC \) with sides \( a, b, c \) opposite to angles \( A, B, C \) respectively, and an area \( K \), if \( a^2 + b^2 + c^2 = 8K \sqrt{3} \), determine the angles \( A, B, \) and \( C \).
1007	0.333333	geometry	8	Let \( ABC \) be an acute triangle with circumcircle \( \Gamma \). Let \( D \) be the foot of the altitude from \( A \) to \( BC \), and let \( E \) and \( F \) be the points where the tangents to \( \Gamma \) at \( B \) and \( C \) inters...
1008	0.444444	number_theory	1	Find all positive integers \( n \) such that the equation \( x^n + y^n = z^n + 1 \) has a solution in positive integers \( x, y, z \) with \( x, y, z \) being pairwise coprime.
1009	0.777778	geometry	\frac{6}{25}	In triangle $ABC$, let $D$ be a point on side $BC$ such that $BD:DC = 2:3$. Let $E$ be a point on side $AB$ such that $AE:EB = 3:2$. If the area of triangle $ABC$ is 1, find the area of triangle $ADE$.
1010	0.555556	geometry	1	Consider a sequence of numbers \( a_1, a_2, a_3, \ldots \) defined by the recurrence relation \( a_{n+2} = a_{n+1} + a_n \) for all \( n \geq 1 \), with initial conditions \( a_1 = 1 \) and \( a_2 = 2 \). Let \( S(k) \) denote the sum of t...
1011	0.555556	other	0	In a certain town, there are 100 houses numbered from 1 to 100. A cat is playing a game where it starts at house number 1 and can move to any adjacent house (house number n can move to house number n-1 or n+1, except for house number 1, wh...
1012	0.444444	number_theory	3	Find all positive integers \( n \) such that the polynomial \( P(x) = x^n - x^{n-1} + x^{n-2} - \cdots + x - 1 \) can be written as a product of two non-constant polynomials with integer coefficients.
1013	0.444444	number_theory	1, 3	Find all positive integers \( n \) such that \( n \) divides \( 2^n + 1 \).
1014	0.333333	geometry	2	Find all positive integers \( n \) such that the polynomial \( P(x) = x^n + (x+1)^n + (x+2)^n \) can be expressed as the sum of two squares of polynomials with integer coefficients.
1015	0.444444	number_theory	1	Let \( f(x) \) be a polynomial with integer coefficients such that \( f(100) = 100 \) and \( f(0) = 2023 \). Find the smallest positive integer \( n \) such that \( f(n) \) is divisible by \( n \).
1016	0.333333	geometry	576	A sequence of integers \(a_1, a_2, a_3, \ldots\) is defined by \(a_1 = 1\) and for \(n \geq 2\), \(a_n\) is the smallest positive integer such that \(a_n \cdot a_{n-1}\) is a perfect square and \(a_n\) has not appeared before in the sequen...
1017	0.777778	geometry	1	Find all positive integers \( n \) such that the sum of the squares of the first \( n \) positive integers is divisible by \( n^3 \).
1018	0.555556	number_theory	999	In the kingdom of Numeria, there exists a peculiar tax system where the tax rate $t$ for an individual's income $I$ is determined by the sum of the digits of $I^2$. For instance, if someone earns an income of $235$, their tax rate is calcu...
1019	0.777778	geometry	\frac{n(n-1)}{2}	Let \( S \) be a finite set of points in the plane such that no three points in \( S \) are collinear. For each point \( P \) in \( S \), define \( D(P) \) as the sum of the distances from \( P \) to all other points in \( S \). Let \( \ma...
1020	0.333333	number_theory	1	Find all positive integers \( n \) such that \( n \) divides \( 2^n + 3^n + 4^n \) and \( n \) is not divisible by any prime less than \( 10 \).
1021	0.333333	geometry	8	What is the minimum number of unit cubes needed to construct a convex polyhedron with exactly 12 vertices, 18 edges, and 8 faces, such that each vertex is a 3-valent vertex and each face is a polygon with at most 4 sides?
1022	0.555556	other	2	在一个无限序列 \{a_n\} 中，项满足 \(a_{n+1} = \frac{2a_n^2 + 3a_n + 1}{a_n^2 + 2}\)。已知 \(a_1 = 1\)，求 \(a_{2023}\) 的值。
1023	0.777778	number_theory	2	Let \( S \) be the set of all positive integers that can be expressed as \( n^2 + 25n + 125 \) for some positive integer \( n \). Determine the smallest positive integer \( m \) such that no element of \( S \) is divisible by \( m \).
1024	0.333333	number_theory	1	Find all positive integers \( n \) such that \( n \) divides \( 2^n + 1 \) and \( n+1 \) divides \( 2^{n+1} + 1 \). Prove your solution.
1025	0.333333	number_theory	\frac{1}{2}	Let $S$ be the set of all positive integers that can be expressed as the sum of distinct powers of 3, where each power is less than or equal to $3^5$. If a number $N$ is chosen at random from $S$, what is the probability that $N$ is divisi...
1026	0.666667	number_theory	11	Let $f(x)$ be a polynomial with integer coefficients. Suppose that for every integer $n$, $f(n)$ is divisible by $f(n+1) - f(n)$. If $f(0) = 1$ and $f(1) = 2$, find the minimum possible value of $f(10)$.
1027	0.444444	number_theory	1	Find all positive integers \( n \) such that the equation \[ \frac{1}{n} + \frac{1}{n+1} + \frac{1}{n+2} + \frac{1}{n+3} = \frac{m}{n(n+1)(n+2)(n+3)} \] has a solution in positive integers \( m \) and \( n \).
1028	0.666667	algebra	c	Let \( f(x) \) be a continuous function defined on the interval \( [0, 1] \) such that \( f(0) = 0 \) and \( f(1) = 1 \). Suppose \( g(x) = f(x) + \int_0^x f(t) \, dt \). Prove that there exists a unique \( c \in (0, 1) \) such that \( g(c...
1029	0.666667	algebra	34	Let \( f(x) \) be a polynomial of degree 4 such that \( f(x) = x^4 + ax^3 + bx^2 + cx + d \), and it satisfies the conditions: 1. \( f(1) = 2 \) 2. \( f(2) = 4 \) 3. \( f(3) = 6 \) 4. \( f(4) = 8 \) Find the value of \( f(5) \).
1030	0.666667	geometry	10	Let $ABC$ be an acute triangle with circumcircle $\omega$. Let $D$ be the midpoint of arc $BC$ of $\omega$ not containing $A$. Suppose that the circle through $D$ tangent to $BC$ at $E$ intersects $\omega$ again at $F$. Let $G$ be the refl...
1031	0.777778	combinatorics	\frac{1}{17}	A deck of 52 standard playing cards is shuffled. What is the probability that the first two cards drawn form a "full house" in terms of rank (i.e., they have the same rank, but not the same suit)? Express your answer as a common fraction i...
1032	0.444444	geometry	4	In the complex plane, let \( P(z) = z^4 + 2z^3 + 3z^2 + 2z + 1 \). Find the number of distinct complex numbers \( z \) such that \( |P(z)| = 1 \) and \( z \) lies on the unit circle.
1033	0.666667	number_theory	50	In a certain game, a set of \( n \) distinct positive integers \( \{a_1, a_2, \ldots, a_n\} \) is used. A move consists of selecting a number \( a_i \) and replacing it with \( a_i + 1 \), \( a_i - 1 \), or leaving it unchanged. The game e...
1034	0.666667	algebra	10	Let \( f(x) = x^3 + ax^2 + bx + c \) be a cubic polynomial with real coefficients such that \( f(1) = 0 \), \( f(2) = 0 \), and \( f(-1) = 6 \). Determine the value of \( f(3) \).
1035	0.777778	geometry	1	In a nonagon inscribed in a circle, each side length is uniquely determined by the angle it subtends at the center of the circle. Suppose the side lengths of the nonagon are represented by \(a_1, a_2, \ldots, a_9\) where \(a_i\) correspond...
1036	0.444444	algebra	89	A function $f: \mathbb{N} \to \mathbb{N}$ is called super-recursive if for any natural number $n$, $f(n+1) > f(n)$ and $f(n) > n$ for all $n > 1$. If $f(1) = 1$, find the number of such super-recursive functions $f$ that satisfy $f(10) < 1...
1037	0.777778	geometry	1	Let $f(x)$ be a function defined on the interval $[0, 1]$ such that $f(x) = x^3 - 3x^2 + 2x$. Let $S$ be the set of all points $(x, y)$ on the coordinate plane where $y = f(x)$ and $x$ is an irrational number in $[0, 1]$. If a point $P(x, ...
1038	0.444444	number_theory	4046	Let \( S \) be a set of positive integers. Define \( T(S) \) as the set of all positive integers that are not the sum of two elements of \( S \). Suppose \( S \) is the set of all positive integers greater than 2023. Determine the number o...
1039	0.444444	number_theory	n+1	In the Cartesian plane, a particle moves from the origin \( (0, 0) \) to the point \( (n, n) \) by taking unit steps either right or up, and then from \( (n, n) \) to \( (2n, 0) \) by taking unit steps either left or down. Let \( P_n \) be...
1040	0.333333	geometry	\dfrac{3}{2}	In the complex plane, let \( z_1 \) and \( z_2 \) be the roots of the equation \( z^2 - (2 + i)z + (1 - 3i) = 0 \). Find the area of the triangle formed by the points \( z_1 \), \( z_2 \), and the origin in the complex plane.
1041	0.444444	number_theory	42	Let \( S \) be the set of all positive integers \( n \) such that when \( n \) is written in base 10, it contains exactly three distinct digits, and the sum of these digits is equal to \( 12 \). Find the number of elements in the set \( S ...
1042	0.555556	algebra	\frac{9}{2}	Let \(a, b, c\) be positive real numbers such that \(a + b + c = 1\). Find the minimum value of the expression \[ \frac{a}{b^2 + c^2} + \frac{b}{a^2 + c^2} + \frac{c}{a^2 + b^2}. \]
1043	0.555556	number_theory	1	Consider a sequence of integers \(\{a_n\}_{n=1}^{\infty}\) defined by \(a_1 = 1\), and for \(n > 1\), \(a_n\) is the smallest positive integer such that no three of the first \(n\) terms form an arithmetic progression. Let \(S\) be the set...
1044	0.666667	geometry	\frac{AB}{AC}	In triangle \( ABC \), point \( D \) lies on \( BC \) such that \( BD = 2DC \). Let \( E \) be the point where the angle bisector of \( \angle BAC \) intersects \( BC \). Prove that the ratio \( \frac{AE}{ED} \) is equal to \( \frac{AB}{AC...
1045	0.555556	combinatorics	1	Let G be a labeled graph with n vertices. For each edge {u, v} in G, let p_{uv} = \frac{1}{2}. Define P(G) as the probability that, for every edge {u, v} in G, both endpoints u and v have the same color in a random 2-coloring of the vertic...
1046	0.666667	geometry	2 \sin \left( \frac{\pi}{7} \right)	In the complex plane, consider a regular heptagon inscribed in a circle centered at the origin with radius 1. If we label the vertices of the heptagon as complex numbers \(z_1, z_2, \ldots, z_7\) such that they form the vertices in counter...
1047	0.666667	geometry	144	What is the smallest positive integer \( n \) such that \( n \) is divisible by exactly 12 distinct positive integers, and \( n \) is a perfect square?
1048	0.555556	number_theory	17	Let \( f(x) \) be a polynomial with integer coefficients such that \( f(1) = 17 \) and \( f(7) = 101 \). If \( f(x) \) has degree 2 and \( f(x) \equiv ax^2 + bx + c \pmod{7} \), where \( a, b, \) and \( c \) are integers, find the value of...
1049	0.444444	combinatorics	Purple, Red, Blue, Green, Yellow	In a small town, there are 5 houses in a row, each painted with a unique color. The colors used are red, blue, green, yellow, and purple. The conditions are as follows: 1. The red house is next to the blue house. 2. The green house is not ...
1050	0.444444	other	0	In a certain high school, each student takes at least one of the subjects: mathematics, science, or history. It is known that the number of students taking only mathematics is 20, only science is 15, and only history is 10. Moreover, 30 st...
1051	0.444444	geometry	(3, 4)	Find all pairs of positive integers $(a, b)$ such that $a^2 + b^2$ is a perfect square and $a^3 + b^3$ is a cube of a prime number.
1052	0.777778	geometry	2023	Let \( f(n) \) be a function that counts the number of positive integer divisors of \( n \) that are also perfect squares. For a positive integer \( m \), define the sequence \( \{a_n\} \) by \( a_1 = m \) and \( a_{n+1} = f(a_n) \). If \(...
1053	0.333333	number_theory	52	Find the smallest positive integer \( n \) such that the number of ordered pairs \((a, b)\) of integers satisfying \(a^2 + b^2 = n\) and \(a + b = 10\) is exactly 2.
1054	0.555556	number_theory	0	Let $f: \mathbb{Z} \to \mathbb{Z}$ be a function defined by $f(n) = n^3 - n$. Determine the number of distinct values of $k$ such that there exist integers $m$ and $n$ satisfying both $f(m) = k$ and $f(n) = k + 1$.
1055	0.666667	geometry	1	\nFind all positive integers \( n \) such that \( n^3 - 7n + 6 \) is a perfect square.\n
1056	0.777778	number_theory	1	In a triangular grid, each cell can contain either a 0 or a 1. Starting from the topmost cell, each cell is filled with the sum of the two cells directly above it (mod 2). If the bottommost row consists of n cells all filled with 0, determ...
1057	0.777778	number_theory	1	Let \( f: \mathbb{Z}^+ \to \mathbb{Z}^+ \) be a function satisfying the following conditions for all positive integers \( x \) and \( y \): 1. \( f(xy) = f(x)f(y) \), 2. \( f(x) + f(y) = f(x + y) + 1 \) if \( x + y \) is a prime number. Fi...
1058	0.333333	number_theory	2024	Let \( f: \mathbb{Z} \to \mathbb{Z} \) be a function satisfying the functional equation: \[ f(n) + f(n + 1) + f(n + 2) = 3n + 2 \] for all integers \( n \). If \( f(0) = 1 \), find the value of \( f(2023) \).
1059	0.555556	number_theory	3	Let \( S \) be the set of all positive integers \( n \) such that \( n \) can be expressed as the sum of two or more consecutive positive integers. For example, \( 15 \) can be written as \( 7 + 8 \) or \( 4 + 5 + 6 \). Determine the small...
1060	0.777778	number_theory	-1	Let \( f(x) = x^3 + ax^2 + bx + c \) be a cubic polynomial with real coefficients. Suppose that \( f(1) = 0 \) and the roots of \( f(x) \) are \( 1, \alpha, \) and \( \beta \), where \( \alpha \) and \( \beta \) are integers such that \( \...
1061	0.444444	algebra	1	A function $f(x)$ is defined for all real numbers $x$ and satisfies the following properties: 1. $f(1) = 1$. 2. For all $x, y$ in the domain of $f$, $f(x + y) = f(x) \cdot f(y)$. 3. The function $f(x)$ is strictly increasing. Determine the...
1062	0.777778	number_theory	4	Find the smallest positive integer $n$ such that there exist integers $a$, $b$, and $c$ with $1 \leq a, b, c \leq 100$, satisfying the equation: \[ n = a^3 + b^3 + c^3 - 3abc. \]
1063	0.333333	number_theory	2	Find the smallest positive integer \( n \) such that the equation \( x^3 - nx^2 + (n-1)x - n = 0 \) has exactly one real root. What is the sum of the real parts of the non-real roots of the polynomial?
1064	0.444444	number_theory	171	Find the number of ordered pairs of positive integers (a, b) such that the equation x^2 - (a + b)x + ab = 0 has integral roots and the sum of the roots is less than 20.
1065	0.666667	geometry	3	In triangle $ABC$, $D$ and $E$ are points on sides $AB$ and $AC$, respectively, such that $AD:DB = 1:2$ and $AE:EC = 1:3$. If the area of triangle $ABC$ is $36$ square units, find the area of triangle $ADE$.
1066	0.444444	number_theory	32	Consider the function \( f(x) = x^5 + ax^4 + bx^3 + cx^2 + dx + e \) where \( a, b, c, d, \) and \( e \) are real numbers. It is given that for any positive real numbers \( p \) and \( q \) such that \( pq = 1 \), \( f(p) \) and \( f(q) \)...
1067	0.777778	geometry	420	Let \( S \) be the set of all positive integers \( n \) such that \( 1 \leq n \leq 100 \) and \( n \) is a perfect square or a perfect cube. Find the sum of all distinct elements in the set \( S \).
1068	0.333333	geometry	50	Find the smallest positive integer \( n \) such that \( n \) can be expressed as the sum of two squares in exactly three different ways, where the squares are positive integers and each representation is distinct. For example, 5 can be exp...
1069	0.555556	algebra	\frac{-5 + \sqrt{3}}{2}, \frac{-5 - \sqrt{3}}{2}	Find all real numbers $x$ such that \[ \frac{1}{x+1} + \frac{1}{x+2} = \frac{1}{x+3} + \frac{1}{x+4}. \]
1070	0.444444	geometry	\frac{1}{2}	In triangle \(ABC\), let \(D\) and \(E\) be points on sides \(AB\) and \(AC\) respectively such that \(BD = DE = EC\). Let \(P\) be the intersection of lines \(BE\) and \(CD\). If the area of triangle \(ABC\) is \(36\) square units, determ...
1071	0.444444	combinatorics	R(506, 506)	In a group of 2023 people, every pair of individuals either knows each other or is strangers. We define a "network" as a subset of these people such that within this subset, there exists a group of 506 people where any two individuals in t...
1072	0.555556	geometry	(1, 1)	Find all pairs of positive integers $(a, b)$ such that $a^2 + 3b$ and $b^2 + 3a$ are both perfect squares. Additionally, prove that there are infinitely many such pairs.
1073	0.333333	geometry	1024	Let \( S \) be the set of all positive integers \( n \) such that \( n \) can be expressed as the sum of two positive integers \( a \) and \( b \) where \( a \) and \( b \) are both perfect squares and \( a + b \) is also a perfect square....
1074	0.555556	number_theory	2024	Consider a function \( f: \mathbb{Z}^+ \to \mathbb{Z}^+ \) such that for any positive integers \( a \) and \( b \), the following properties hold: 1. \( f(ab) = f(a)f(b) \) 2. \( f(a + b) \geq f(a) + f(b) \) Find the minimum possible value...
1075	0.666667	geometry	\frac{3}{8}	In a convex quadrilateral $ABCD$, the diagonals $AC$ and $BD$ intersect at point $P$. Given that $AP:PC = 3:2$ and $BP:PD = 1:4$, find the ratio of the area of $\triangle ABP$ to the area of $\triangle CPD$.
1076	0.444444	number_theory	2	Find the smallest positive integer n such that there exist distinct positive integers a, b, c, d, and e satisfying the following conditions: 1. aⁿ + bⁿ = cⁿ 2. cⁿ + dⁿ = eⁿ 3. a < b < c < d < e 4. a + b + c + d + e < 1000 What is the small...
1077	0.777778	algebra	1	Find the number of ordered quadruples $(a,b,c,d)$ of real numbers such that $a\cdot b\cdot c\cdot d = 1$ and $a^2 + b^2 + c^2 + d^2 = 4$ with $a \ge b \ge c \ge d$.
1078	0.444444	number_theory	1	Find the smallest positive integer \( n \) such that the equation \( x^3 - 3x + 1 = n \) has at least one real root \( x \) that is not an integer, and the derivative \( x^2 - 1 \) does not equal zero at that root.
1079	0.333333	geometry	15	In triangle \(ABC\), let \(D\) be the foot of the perpendicular from \(A\) to side \(BC\). Let \(E\) be a point on line segment \(AC\) such that \(\angle ADE = \angle ABC\). If \(BD = 9\), \(DC = 16\), and \(AE = 12\), find the length of \...
1080	0.666667	geometry	84\sqrt{10}	Let \( \mathbf{v} \) and \( \mathbf{w} \) be vectors in the plane such that \( \|\mathbf{v}\| = 3 \), \( \|\mathbf{w}\| = 4 \), and the angle between \( \mathbf{v} \) and \( \mathbf{w} \) is \( \theta \). Suppose there exists a linear tran...
1081	0.333333	number_theory	100	A sequence of integers \(a_1, a_2, a_3, \ldots\) is defined as follows: \(a_1 = 1\) and for \(n \geq 2\), \(a_n\) is the smallest positive integer greater than \(a_{n-1}\) that satisfies the following condition: the set \(\{a_1, a_2, \ldot...
1082	0.555556	geometry	\frac{\sqrt{3}}{6}	Let $ABC$ be an equilateral triangle with side length 1. Point $P$ is chosen inside the triangle such that the distances from $P$ to the sides $AB$, $BC$, and $CA$ are $x$, $y$, and $z$ respectively. Given that $x + y + z = \frac{\sqrt{3}}...
1083	0.777778	algebra	11	Let \( f(x) \) be a polynomial of degree 4 with real coefficients such that \( f(1) = 1 \), \( f(2) = 2 \), \( f(3) = 3 \), and \( f(4) = 4 \). Determine the value of \( f(5) + f(6) \).
1084	0.666667	logic_puzzle	\left\lceil \frac{n}{2} \right\rceil	In a small town, there are $n$ houses in a row, numbered from $1$ to $n$. The mayor has decided to install surveillance cameras at these houses to monitor the town. Each camera can monitor exactly one house and can also monitor the house d...
1085	0.444444	number_theory	6	Let $S$ be the set of all positive integers that can be expressed as the sum of distinct powers of 3, where each power is at most $3^4$. For example, $3^3 + 3^1 + 3^0 = 27 + 3 + 1 = 31$ is such a sum. Find the number of elements in $S$ tha...
1086	0.444444	geometry	0	Find all positive integers \( n \) such that \( n^3 + 2n^2 + 3n + 4 \) is a perfect square.
1087	0.444444	algebra	1	Consider the function \( f(x) \) defined for all real numbers \( x \) such that: \[ f(x) = \begin{cases} x^3 + 1 & \text{if } x \leq 0 \\ \sqrt{x + 1} & \text{if } x > 0 \end{cases} \] Let \( g(x) = f(f(x)) \). Determine the number of dist...
1088	0.666667	geometry	\frac{1}{6}	In a convex hexagon \(ABCDEF\), the diagonals \(AD\), \(BE\), and \(CF\) are concurrent at point \(G\). If \(AB = CD = EF = x\) and the perimeter of triangle \(AGC\) is \(3x + 10\), find the ratio of the area of triangle \(AGC\) to the are...
1089	0.777778	other	0	In the realm of complex numbers, let \( z \) be a complex number such that \( z^3 = -1 \) and \( z \neq -1 \). If \( S = z + z^2 \), find the value of \( S^3 + 3S \).
1090	0.555556	geometry	1	Find all positive integers \( n \) such that the sum of the squares of the first \( n \) odd positive integers is equal to the sum of the cubes of the first \( n \) even positive integers.
1091	0.333333	number_theory	468558	How many positive integers less than 1,000,000 contain the digit 5 at least once?
1092	0.777778	geometry	10	In the coordinate plane, consider a triangle \( \triangle ABC \) with vertices \( A(1, 2) \), \( B(4, 6) \), and \( C(6, 2) \). A point \( P \) is chosen inside the triangle such that the sum of the areas of triangles \( \triangle ABP \), ...
1093	0.777778	number_theory	1	Let \( f: \mathbb{Z} \to \mathbb{Z} \) be a function such that for all integers \( x \) and \( y \), the following equation holds: \[ f(x^2 + y^2) = f(x)^2 + f(y)^2. \] Given that \( f(1) = 1 \), find the number of possible values of \( f(...
1094	0.666667	number_theory	0	Find the number of ordered pairs of positive integers \((a, b)\) such that \(a^2 + b^2 = ab(a + b)\) and \(a < b < 1000\).
1095	0.333333	geometry	9	In a triangle \(ABC\), point \(D\) lies on side \(BC\) such that \(BD = 2CD\). The incircle of triangle \(ABC\) touches \(BC\) at point \(P\). If the area of triangle \(ABD\) is 36 and the area of triangle \(ABP\) is 24, find the length of...
1096	0.666667	combinatorics	2	Given a regular hexagon with side length 1, color each vertex either red or blue. For each coloring, calculate the number of distinct pairs of vertices of the same color. How many distinct colorings result in exactly 6 pairs of vertices of...
1097	0.666667	number_theory	5	Let \( P(x) \) be a polynomial with integer coefficients such that \( P(1) = 5 \) and \( P(2) = 10 \). Find the smallest positive integer \( n \) for which \( P(n) = n^2 \).
1098	0.555556	algebra	c	Let \( f(x) \) be a continuous and differentiable function defined on the interval \([0, 1]\) such that \( f(0) = 0 \) and \( f(1) = 1 \). Additionally, let \( g(x) = \int_0^x f(t) \, dt \). Prove that there exists a point \( c \in (0, 1) ...
1099	0.777778	number_theory	0	Determine the number of ordered pairs of integers \((x, y)\) such that \(x^2 + 4xy + 4y^2 + 3x + 6y - 2 = 0\).
1100	0.666667	number_theory	1, 2	Find all positive integers \( n \) such that \( n \) divides \( 3^n + 1 \).
1101	0.333333	geometry	\frac{1}{24}	In the coordinate plane, consider a square with vertices at \((0,0)\), \((1,0)\), \((1,1)\), and \((0,1)\). A point \(P\) is chosen randomly within the square. Let \(r\) be the distance from \(P\) to the nearest side of the square. Define ...
1102	0.777778	number_theory	5	Find all prime numbers \( p \) such that \( p^2 + 6 \) is also a prime number.
1103	0.333333	number_theory	(1, 2), (2, 1), (2, 2)	Find all pairs of positive integers \( (x, y) \) such that \( x^3 + y^3 = (x + y)^2 \) and \( x, y \leq 100 \).
1104	0.333333	number_theory	0	Find all positive integers \( n \) such that \( 2^n + 3^n = m^2 \) for some integer \( m \).
1105	0.555556	geometry	0	Find all positive integers \( n \) for which the number \( 2^n + 3^n \) is a perfect square.
1106	0.333333	geometry	276	A sequence of positive integers \(a_1, a_2, a_3, \ldots\) is defined by \(a_1 = 1\), and for \(n \geq 1\), \(a_{n+1}\) is the smallest positive integer such that \(a_{n+1} + a_n\) is a perfect square. Find the remainder when \(a_{2023}\) i...
1107	0.333333	number_theory	1012	Consider a sequence of positive integers $a_1, a_2, \dots, a_n$ such that for each $i$ with $1 \leq i \leq n$, $a_i$ is a divisor of $a_{i+1}$. Define $b_i = \frac{a_{i+1}}{a_i}$ for each $i$ with $1 \leq i \leq n-1$. If $b_1 + b_2 + \dots...
1108	0.555556	geometry	0	In the complex plane, let $z$ be a complex number such that $|z| = 1$ and $z^5 + \overline{z}^5 = \frac{1}{2}.$ Find the sum of all possible values of $z^7 + \overline{z}^7.$
1109	0.777778	algebra	6	Let \( f(x) \) be a polynomial of degree 4 such that \( f(1) = 1, f(2) = 2, f(3) = 3, f(4) = 4, \) and \( f(5) = 5. \) Find the value of \( f(6) \).
1110	0.444444	geometry	2	Find the smallest positive integer \( n \) such that the polynomial \( P(x) = x^3 - 3x^2 + 2x + n \) has three distinct integer roots, and the sum of the squares of these roots is equal to 10.
1111	0.333333	number_theory	1	Determine the smallest positive integer n such that there exist n distinct positive integers a₁, a₂, ..., a_n with the property that their product is divisible by all integers from 1 to n.
1112	0.444444	number_theory	2	What is the least positive integer $n$ such that $n^2 - 4$ is divisible by both 7 and 11?
1113	0.444444	geometry	(1, 1)	Find all pairs of positive integers $(m, n)$ such that $m^2 + n$ is a multiple of $mn$ and $m^2 + n$ is a perfect square.
1114	0.555556	geometry	1	Let \( S \) be the set of all positive integers \( n \) such that \( \frac{n}{1000} \) is a perfect square, and \( \frac{1000}{n} \) is a perfect cube. How many elements are in the set \( S \)?
1115	0.555556	geometry	2011	Find all positive integers \( n \) such that \( n^2 + 3n + 2015 \) is a perfect square.
1116	0.666667	number_theory	(1, 2), (2, 1)	Find all pairs of positive integers \((a, b)\) such that \(a^2 + b^2\) divides \(ab(a + b) - 1\).
1117	0.555556	geometry	\frac{1}{2}	A right circular cone with base radius $r$ and height $h$ is filled with water and then inverted into a hemisphere of the same radius $r$. Assuming no spillage occurs and the water reaches the very top of the hemisphere, what fraction of t...
1118	0.666667	algebra	1	Let \( P(x) \) be a polynomial with real coefficients such that \( P(0) = 1 \) and \( P(x) \) has \( n \) distinct real roots. Define the function \( Q(x) \) as the product of the distances from \( x \) to all the roots of \( P(x) \). That...
1119	0.444444	number_theory	001	Consider a sequence of positive integers \( a_1, a_2, \ldots, a_n \) such that for every \( i \) (1-based index), the number of divisors of \( a_i \) is exactly equal to the sum of the digits of \( i \). Define \( f(n) \) as the number of ...
1120	0.444444	algebra	1	Let \( f: \mathbb{R} \to \mathbb{R} \) be a continuous function such that for all real numbers \( x \) and \( y \), \( f(x+y) = f(x)f(y) + f(x) + f(y) \). Given that \( f(0) = 0 \) and \( f \) is not identically zero, find the value of \( ...
1121	0.666667	number_theory	3	What is the smallest positive integer \( n \) such that the polynomial \( P(x) = x^n - x^{n-1} - \cdots - x - 1 \) has all its roots as complex numbers with positive real parts?
1122	0.333333	geometry	\frac{1}{2}	Given a convex pentagon $ABCDE$ with diagonals $AC$, $BD$, and $BE$ intersecting at a common point $P$, and the lengths of the diagonals $AC = 10$, $BD = 15$, and $BE = 20$, determine the ratio of the area of triangle $APC$ to the area of ...
1123	0.555556	algebra	f(x) = x + 1	Find all functions \( f: \mathbb{R} \to \mathbb{R} \) such that for all real numbers \( x \) and \( y \), \[ f(xf(y) + y) = f(xy) + x \]
1124	0.555556	number_theory	15	A sequence \( S \) is defined recursively as follows: \( S_1 = 1 \), and for all \( n \geq 2 \), \( S_n = S_{n-1} + 2n - 1 \). Let \( P(k) \) be the product of the first \( k \) terms of the sequence \( S \). Determine the smallest positiv...
1125	0.555556	number_theory	1	Let $S$ be the set of all polynomials $P(x)$ with integer coefficients such that $P(1) = 2023$ and $P(2023) = 1$. Find the number of polynomials $P(x) \in S$ for which there exists a positive integer $n$ such that $P(n) = n^2$.
1126	0.666667	number_theory	2	Find the number of functions \( f : \mathbb{Z} \to \mathbb{Z} \) such that for all integers \( x \) and \( y \), the following equation holds: \[ f(x^2 + y^2) = (f(x))^2 + (f(y))^2. \]
1127	0.555556	geometry	6	In a right triangle \(ABC\) with \(\angle ACB = 90^\circ\), \(D\) is the midpoint of \(BC\). A circle with diameter \(AD\) intersects the hypotenuse \(AB\) at \(E\), and the altitude from \(C\) to \(AB\) at \(F\). If the area of \(\triangl...
1128	0.555556	number_theory	0	Let \( p \) be a prime number, and \( f: \mathbb{Z} \to \mathbb{Z} \) be a polynomial function of degree \( n \) such that \( f(1) = 2p \) and \( f(k) = k^2 + 2p \) for all \( k = 2, 3, \ldots, p-1 \). Find the remainder when \( f(p) \) is...
1129	0.666667	number_theory	10	Let \(S\) be a set of distinct positive integers. A subset \(T\) of \(S\) is called "compact" if the sum of any two elements in \(T\) is not in \(S\). What is the maximum number of elements in a compact subset \(T\) of the set \(S = \{1, 2...
1130	0.333333	number_theory	(x, x, x)	Find all triples of positive integers \((x, y, z)\) that satisfy the equation \(x^3 + y^3 + z^3 = 3xyz\).
1131	0.444444	number_theory	1	Find all positive integers \( n \) such that there exist integers \( a_1, a_2, \ldots, a_n \) with \( 1 \leq a_i \leq n \) for all \( i \), and for any \( 1 \leq i < j \leq n \), the equation \[ a_i + a_j = 2k \] has no integer solution fo...
1132	0.444444	number_theory	n!	设有一组从1到\( n \)的整数，每次操作可以从这组数中选择任意两个不同的数\( a \)和\( b \)，并将它们替换为\( \gcd(a, b) \)和\( \text{lcm}(a, b) \)。经过若干次操作后，最终剩下的一组数的乘积记为\( P \)。 问题：对于给定的\( n \)，求\( P \)的最小可能值。
1133	0.777778	number_theory	1	Given a positive integer \( n \), let \( S(n) \) be the sum of the digits of \( n \). Find the smallest positive integer \( n \) such that \( S(n) = S(n^2) \).
1134	0.777778	number_theory	12	Let \( f(x) \) be a polynomial of degree 5 with integer coefficients such that \( f(1) = 2 \), \( f(2) = 4 \), \( f(3) = 6 \), \( f(4) = 8 \), and \( f(5) = 10 \). Determine the value of \( f(6) \).
1135	0.777778	geometry	\sqrt{3}	In a triangular park, three friends, Alice, Bob, and Carol, decide to meet at a point inside the triangle. Alice starts at a vertex and walks at a speed of 2 units per minute, Bob starts from another vertex and walks at 3 units per minute,...
1136	0.555556	number_theory	3	Find all positive integers \( n \) such that there exists a polynomial \( P(x) \) of degree \( n \) with integer coefficients that satisfies the equation \( P(k) = k^3 \) for \( k = 1, 2, \ldots, n+1 \).
1137	0.333333	sequence	2	A sequence \( a_1, a_2, a_3, \ldots \) is defined by \( a_1 = 1 \), \( a_2 = 2 \), and for \( n \geq 3 \), \[ a_n = \frac{a_{n-1} + a_{n-2}}{2} + \frac{1}{n}. \] Find the value of \( a_{2024} \).
1138	0.333333	number_theory	8	In the sequence defined by \(a_n = n^2 + 11n + 19\), let \(S\) be the set of all integers \(n\) such that \(1 \leq n \leq 100\) and \(a_n\) is a prime number. Determine the sum of all elements in \(S\).
1139	0.777778	number_theory	1	Consider a finite sequence of positive integers \(a_1, a_2, ..., a_n\) where \(n \geq 3\). Each term \(a_i\) is defined as follows: If \(i = 1\), then \(a_1 = 1\). For \(i > 1\), \(a_i\) is the smallest positive integer not appearing in th...
1140	0.666667	geometry	2	In the complex plane, consider a triangle \(ABC\) with vertices at \(A = 1\), \(B = 2 + i\), and \(C = 2 - i\). Let \(D\) be a point on the circumcircle of triangle \(ABC\) such that \(\angle ADB = 90^\circ\). Find the area of the triangle...
1141	0.333333	number_theory	8	A sequence of positive integers \(\{a_n\}\) satisfies the recurrence relation \(a_{n+1} = a_n + 2a_{n-1}\) for all \(n \geq 2\), with initial conditions \(a_1 = 1\) and \(a_2 = 3\). Let \(S\) be the set of all positive integers \(k\) such ...
1142	0.333333	geometry	1691	In the coordinate plane, let \( A = (0, 0) \), \( B = (a, 0) \), \( C = (b, c) \), and \( D = (d, e) \) be four distinct points such that \( A \), \( B \), \( C \), and \( D \) are vertices of a convex quadrilateral. The diagonals \( AC \)...
1143	0.666667	number_theory	1	Determine the number of functions \( f : \mathbb{Z} \to \mathbb{Z} \) such that \[ f(a) - a \equiv 0 \pmod{2} \] and \[ f(f(a) + b) = f(a^2 - b) + 4f(a) + 4b \] for all integers \( a \) and \( b \).
1144	0.444444	geometry	0	Let \( S \) be the set of all integers \( n \) such that \( 1 \leq n \leq 1000 \) and \( n \) can be expressed as the sum of three distinct positive integers, each raised to the power of three. For example, \( n = 3^3 + 4^3 + 5^3 = 27 + 64...
1145	0.333333	number_theory	3	In the mystical town of Numeria, there exists a peculiar fruit shop that sells magical apples. The price of an apple is determined by a unique formula: the price of the nth apple is given by the equation P(n) = 2n^2 - 3n + 5. On a particul...
1146	0.555556	geometry	2\sqrt{2}	A circle with radius \( r \) is inscribed in a square, and four identical circles with radius \( s \) are tangent to each other and to the larger circle, one at each corner of the square. If the area of the region outside the four smaller ...
1147	0.444444	number_theory	0	Find the smallest positive integer \( n \) such that the equation \( x^2 + y^2 = 2024z \) has at least one solution in integers \( x, y, \) and \( z \). Additionally, determine the number of distinct solutions \((x, y, z)\) that satisfy th...
1148	0.666667	number_theory	2	Let $P(x)$ be a polynomial with integer coefficients such that $P(0) = P(1) = 2023$ and $P(2) = 2024$. What is the smallest possible degree of $P(x)$?
1149	0.777778	number_theory	2	Let \( \{a_n\} \) be a sequence defined by \( a_1 = 1 \), \( a_2 = 2 \), and for \( n \geq 3 \), \( a_n = a_{n-1} + 2a_{n-2} \). Find the remainder when \( a_{2024} \) is divided by 7.
1150	0.777778	algebra	3	Let \( P(x) = x^4 - 6x^3 + 11x^2 - 6x + 1 \). If \( P(a) = P(b) = 0 \) for some real numbers \( a \) and \( b \), and \( a < b \), find the value of \( a + b \).
1151	0.555556	geometry	\frac{\pi \sqrt{3}}{36}	In the plane, a circle with radius \( r \) is inscribed in an equilateral triangle with side length \( s \). A point \( P \) is chosen at random inside the triangle. What is the probability that the distance from \( P \) to the center of t...
1152	0.333333	number_theory	3	Find all positive integers \( n \) such that the polynomial \( P(x) = x^n + x^{n-1} + \cdots + x + 1 \) can be expressed as the product of two non-constant polynomials with integer coefficients.
1153	0.444444	geometry	12	Let $ABC$ be a triangle with $AB = AC = 13$ and $BC = 10$. Let $D$ be a point on $BC$ such that $BD = 7$ and $CD = 3$. Let $E$ and $F$ be points on $AC$ and $AB$, respectively, such that $DE$ and $DF$ are perpendicular to $AC$ and $AB$, re...
1154	0.555556	number_theory	22	Let $P(x)$ be a polynomial of degree $6$ with integer coefficients such that $P(1) = P(2) = P(3) = P(4) = P(5) = 11$. Find the remainder when $P(0) + P(6)$ is divided by $1000$.
1155	0.777778	geometry	3	Let \( ABC \) be a triangle with circumradius \( R \). The lengths of the sides are \( a = BC \), \( b = AC \), and \( c = AB \). Consider the expression: \[ E = \frac{a^2 + b^2 + c^2}{R^2} + \frac{abc}{R^3} \] Given that \( E = 10 \), fin...
1156	0.555556	other	-1	在正整数中，存在一种特殊的数列，其中每个数都是前一个数的两倍加1。例如，这个数列的前几项为1, 3, 7, 15, 31, ...。现在，给定一个正整数N，请问是否存在这样的数列，使得数列中的某一项等于N？如果存在，请找出最小的k，使得第k项等于N；如果不存在，请返回-1。 例如，对于N = 31，答案是1；对于N = 10，答案是-1。
1157	0.666667	geometry	22	Let \( \triangle ABC \) be a triangle with integer side lengths \( AB = 13 \), \( BC = 14 \), and \( CA = 15 \). A circle is inscribed in \( \triangle ABC \) touching \( BC \) at \( D \), \( CA \) at \( E \), and \( AB \) at \( F \). Let \...
1158	0.555556	number_theory	184756	In the Cartesian plane, let $P$ be the set of points $(x, y)$ where $x$ and $y$ are positive integers such that $x^2 + y^2 \leq 100$. A "jump" is defined as moving from a point $(x, y)$ to a point $(x', y')$ in $P$ where $|x - x'| + |y - y...
1159	0.666667	number_theory	(1, 1)	Find all pairs of positive integers $(a, b)$ such that $a^2 + b^2$ is divisible by $ab + 1$.
1160	0.333333	geometry	48	Given a convex pentagon ABCDE with integer side lengths such that AB = CD = EA = 5, BC = DE = 3, and the internal angles are all distinct and greater than 30 degrees, find the maximum possible area of the pentagon ABCDE.
1161	0.555556	number_theory	200	Let \( P(x) \) be a polynomial with integer coefficients, and let \( n \) be a positive integer such that \( P(n) = 100 \). Suppose that there exists a positive integer \( m \) such that \( P(m) = 200 \). Determine the largest possible val...
1162	0.555556	algebra	c \in (0, 1)	Let \( f(x) \) be a continuous function on the interval \([0, 1]\) such that \( f(0) = 0 \) and \( f(1) = 1 \). Define the function \( g(x) = \int_0^x f(t) \, dt \). Prove that there exists a unique \( c \in (0, 1) \) such that \( g(c) = \...
1163	0.444444	geometry	1011	Let \( S \) be a set of 2024 points in the plane, where no three points are collinear. Each pair of points \( P \) and \( Q \) in \( S \) defines a line segment \( PQ \). Let \( f(P, Q) \) be the number of points in \( S \) that lie strict...
1164	0.444444	algebra	2	Let $p(x)$ be a polynomial of degree 3, with coefficients in $\mathbb{Q}$, such that $p(1) = 0$, $p(2) = 3$, and $p(3) = 8$. Suppose there exists a rational number $r$ such that $p(r) = 5$. What is the value of $r$?
1165	0.333333	other	0	在一个无限长的直线上，有无限多个等距排列的点，每个点之间的距离均为1。现在有一只蚂蚁，从第一个点出发，每次随机选择一个方向（向左或向右）并以恒定速度向前爬行，爬行距离也是1。求蚂蚁在第一次经过第10个点之前经过第1个点的概率。
1166	0.333333	number_theory	3	Find the smallest positive integer \( n \) such that \( \sqrt[n]{5^n + 6^n + 7^n} \) is an integer.
1167	0.333333	number_theory	3	Find all positive integers \( n \) such that the polynomial \( P(x) = x^n + x^{n-1} + \cdots + x + 1 \) can be expressed as the product of two non-constant polynomials with integer coefficients.
1168	0.333333	number_theory	2	Find the smallest positive integer \( n \) such that the polynomial \( P(x) = x^n + ax^{n-1} + bx^{n-2} + \cdots + k \) with integer coefficients \( a, b, \ldots, k \) has the property that for every positive integer \( m \), the sum of th...
1169	0.333333	number_theory	2	Consider a polynomial \(P(x) = x^{2023} + a_{2022}x^{2022} + \cdots + a_1x + a_0\) with integer coefficients, and let \(n\) be the number of distinct prime factors of \(P(2023)\). Find the maximum possible value of \(n\). Given that \(P(1)...
1170	0.333333	geometry	2	In the complex plane, let \( S \) be the set of complex numbers \( z \) such that \( |z - 1| \leq 2 \) and \( |z + 1| \leq 2 \). Determine the area of the region enclosed by \( S \), and find the maximum value of \( |z| \) for all \( z \in...
1171	0.555556	number_theory	\infty	Let \( P(x) \) be a monic polynomial with integer coefficients such that \( P(1) = 0 \) and for all integers \( n \geq 2 \), \( P(n) \) is divisible by \( n^2 \). Determine the number of possible values of \( P(2) \).
1172	0.333333	number_theory	5	In the magical realm of Numeralia, there exists a peculiar sequence of numbers known as the "Mystic Prime Sequence" denoted as \((a_n)\). This sequence starts with \(a_1 = 2\) and is defined recursively by \(a_{n+1} = a_n^2 - a_n + 1\) for...
1173	0.666667	geometry	1	Find the smallest positive integer \( n \) such that the sum of the squares of the first \( n \) positive integers is a perfect cube.
1174	0.333333	geometry	r	Consider a regular octagon \(ABCDEFGH\) inscribed in a circle of radius \(r\). Let \(P\) be the intersection of diagonals \(AC\) and \(BD\). If the area of the octagon is given by \(A = 2r^2(\sqrt{2} + 1)\), find the length of segment \(AP...
1175	0.777778	geometry	1	Let $P(x)$ be a polynomial of degree $4$ with integer coefficients such that $P(1) = 17$, $P(2) = 34$, $P(3) = 51$, and $P(n)$ is a perfect square for some positive integer $n$. Determine the number of possible values of $P(0)$.
1176	0.666667	number_theory	1	Let \( f: \mathbb{R} \to \mathbb{R} \) be a continuous function such that for all \( x, y \in \mathbb{R} \), the function \( g(x) = f(x + y) - f(x) - f(y) \) satisfies \( g(x) \geq 0 \) and \( g(x) = 0 \) if and only if \( x = 0 \). Suppos...
1177	0.333333	geometry	31	Let \( P(x) \) be a polynomial with integer coefficients such that \( P(1) = 5 \), \( P(2) = 14 \), and \( P(3) = 33 \). Determine the smallest positive integer \( n \) for which \( P(n) \) is a perfect square.
1178	0.666667	geometry	p	Let \( p \) be a prime number greater than 3, and let \( n \) be a positive integer. Prove that the sum of the squares of the first \( n \) terms of the arithmetic sequence \( 1, p, 2p, 3p, \ldots \) is divisible by \( p \). More formally,...
1179	0.666667	number_theory	2	There exists a sequence of positive integers \(a_1, a_2, \ldots, a_{10}\) such that for every \(i \neq j\), the greatest common divisor (gcd) of \(a_i\) and \(a_j\) is 1. If the sum of these ten numbers is 2023, what is the minimum possibl...
1180	0.777778	other	210	In the realm of advanced combinatorics, consider a set of $n$ distinct points in the plane, where $n \geq 4$. A *compatible quadrilateral* is defined as a set of four points from this set that form a quadrilateral with no two sides paralle...
1181	0.555556	other	r	在二维平面直角坐标系中，设有一个半径为 \( r \) 的圆 \( C \)，圆心位于原点 \( O(0, 0) \)。定义一条射线 \( L \) 从圆外一点 \( P(a, b) \) 出发，与圆 \( C \) 相交于点 \( A \)，使得 \( A \) 是 \( L \) 上离 \( P \) 最近的点。求当点 \( P \) 沿直线 \( y = mx \) 移动时，\( PA \) 长度的最小值。
1182	0.444444	geometry	5	Let \( S \) be a set of \( n \) points in the plane, no three of which are collinear, such that for any point \( P \) in \( S \), there exists at least one point \( Q \) in \( S \) with the property that the line segment \( PQ \) contains ...
1183	0.333333	number_theory	0	Find all positive integers \( n \) such that the polynomial \( P(x) = x^n + 2x^{n-1} + 3x^{n-2} + \cdots + (n+1)x + (n+2) \) has an integer root.
1184	0.333333	number_theory	3	Find all positive integers \( n \) such that the polynomial \[ P(x) = x^n + x^{n-1} + \cdots + x + 1 \] can be expressed as the product of two non-constant polynomials with integer coefficients.
1185	0.444444	number_theory	40	In a small town, the mayor has decided to plant trees along the streets in a pattern that follows a unique mathematical rule. The town has 10 straight streets running east to west and 10 streets running north to south, forming a grid. The ...
1186	0.555556	number_theory	1	Find all positive integers \( n \) such that there exists a polynomial \( P(x) \) with integer coefficients and degree \( n \) satisfying \( P(1) = 1 \) and \( P(k) \equiv 1 \pmod{k^2} \) for every prime number \( k \leq n \).
1187	0.666667	geometry	1	In the triangular array shown below, each element in the array is the sum of the two elements directly above it in the previous row. The array has 20 rows and is filled with non-negative integers. If the first row consists of a single inte...
1188	0.444444	geometry	10	In the plane, point \( P \) is equidistant from three distinct points \( A, B, \) and \( C \). Let \( D \) be the point such that \( \triangle ABC \) and \( \triangle PCD \) are congruent. If \( AB = AC = 10 \) units and \( BC = 12 \) unit...
1189	0.444444	geometry	0	A regular hexagon is inscribed in a circle with radius \( R \). Points \( A \), \( B \), and \( C \) are on the circle such that they form an equilateral triangle within the hexagon. Given that the side length of the hexagon is \( s \), ex...
1190	0.555556	combinatorics	1	In a game of "Guess the Number," two players, Alex and Bella, each have a strategy for guessing the number chosen by a third player, Charlie. Charlie chooses a number between 1 and 100, inclusive. Alex's strategy is to guess a number that ...
1191	0.444444	geometry	1	In the coordinate plane, a sequence of points \((P_n)\) is defined as follows: \(P_1 = (1, 1)\), and for \(n \geq 2\), \(P_n\) is the reflection of \(P_{n-1}\) over the line \(y = x\). Let \(Q_n\) be the midpoint of the segment connecting ...
1192	0.555556	number_theory	0	Find all positive integers \( n \) for which the equation \( x^4 + y^4 + z^4 + 4 = 4xyz \) has integer solutions.
1193	0.777778	geometry	\infty	In the coordinate plane, consider a set of points \(P\) such that each point has integer coordinates and lies on the line \(y = 3x + 5\). A line segment connects two points in \(P\) if and only if the sum of their \(x\)-coordinates is a pr...
1194	0.444444	number_theory	1	Let $f: \mathbb{R} \to \mathbb{R}$ be a continuous function such that for every real number $x$, there exists a unique integer $n$ satisfying $x \in [n, n+1)$ and $f(x) = n^2 + f(n)$. Find the number of possible values for $f(0)$.
1195	0.666667	number_theory	k	Let \( p \) be a prime number greater than 2. Define \( S_p \) as the set of all positive integers \( n \) such that \( n \) can be expressed as the sum of exactly two distinct powers of \( p \). Prove that there exists a positive integer ...
1196	0.333333	geometry	32	A rectangle $ABCD$ has sides $AB = 12$ and $BC = 16$. Point $E$ lies on $AB$ such that $AE = 4$, and point $F$ lies on $CD$ such that $CF = 8$. Segments $AF$ and $CE$ intersect at $G$. What is the area of quadrilateral $AEGF$?
1197	0.333333	geometry	089	Let \( f(n) \) be the number of ways to tile a \( 2 \times n \) rectangle with \( 1 \times 2 \) dominoes and \( 2 \times 2 \) squares, such that no two dominoes are adjacent. Find the remainder when \( f(10) \) is divided by 1000.
1198	0.333333	number_theory	(0, 1, 1), (1, 1, 1)	Find all triples of integers \((a, b, c)\) such that \(a^2 + b^2 + c^2 = abc + 2\) and \(a \leq b \leq c\).
1199	0.444444	number_theory	5	Find the smallest positive integer $n$ such that the remainder when $n^3 - n$ is divided by 7 is 5.
1200	0.333333	number_theory	\frac{2605}{7776}	A fair six-sided die is rolled repeatedly until a six appears. Let \( X \) be the number of rolls needed to get the first six. Find the probability that \( X \) is a prime number.
1201	0.333333	number_theory	12	Let \( f(x) \) be a polynomial with integer coefficients such that \( f(1) = 17 \) and \( f(4) = 41 \). Suppose that \( f(x) \) has a root at \( x = 3 \) and that the sum of all its integer roots is 15. Find the largest possible value of t...
1202	0.333333	number_theory	11	A sequence \( S \) is defined as follows: \( S_1 = 1 \), and for \( n \geq 2 \), \( S_n \) is the smallest positive integer such that \( S_n > S_{n-1} \) and the set \( \{S_1, S_2, \ldots, S_n\} \) contains no three elements that form an a...
1203	0.333333	number_theory	3	Find all positive integers $n$ such that the polynomial $P(x) = x^n + x^{n-1} + \cdots + x + 1$ can be expressed as the product of two non-constant polynomials with integer coefficients. Prove that your solution is complete.
1204	0.666667	algebra	\frac{2}{3}	Let \(a, b, c\) be positive real numbers such that \(a + b + c = 1\) and \(a \geq b \geq c\). Prove that \[ \frac{a^2}{b} + \frac{b^2}{c} + \frac{c^2}{a} \geq \frac{2}{3}. \]
1205	0.666667	algebra	f(x) = cx	Find all functions \( f: \mathbb{R} \to \mathbb{R} \) such that for all real numbers \( x \) and \( y \), \[ f(x^3 - y^3) = (x - y)(f(x^2) + xf(y) + yf(y)). \]
1206	0.777778	algebra	1	Let \( f: \mathbb{R} \to \mathbb{R} \) be a function that satisfies the functional equation \[ f(x + f(y)) = f(x) + f(y) + 2xy \] for all \( x, y \in \mathbb{R} \). Suppose further that \( f(0) = 0 \) and \( f \) is differentiable at \( x ...
1207	0.444444	number_theory	2	Let \( S \) be the set of all positive integers \( n \) such that the equation \( x^3 - nx^2 + (n-1)x - n = 0 \) has at least one positive integer solution. Find the sum of all elements in \( S \) that are less than 100.
1208	0.444444	geometry	1	A set of 10 distinct points is placed on a plane such that no three points are collinear. Each pair of points is connected by a straight line, and each line is colored either red or blue. Determine the minimum number of monochromatic trian...
1209	0.444444	number_theory	2025	Let \( S \) be the set of all positive integers. Define a function \( f: S \to S \) such that for every \( n \in S \), \( f(n) \) is the smallest positive integer greater than \( n \) that is relatively prime to \( n \). Find the value of ...
1210	0.333333	number_theory	15	Let \( n \) be a positive integer such that \( n \) is the smallest integer for which there exists a sequence of \( n \) positive integers \( a_1, a_2, \ldots, a_n \) satisfying the following conditions: 1. \( a_1 = 1 \) 2. For all \( i = ...
1211	0.666667	geometry	2	A sequence of numbers $a_n$ is defined for $n \geq 1$ by the recurrence relation $a_{n+1} = a_n^2 - 2a_n + 2$, with $a_1 = 3$. Prove that for all positive integers $k$, $a_k$ can be expressed as a sum of squares in exactly two different wa...
1212	0.666667	number_theory	2	Let $S$ be the set of all positive integers $n$ such that $\frac{n^2}{n+10}$ is an integer. Determine the smallest prime number that does not belong to $S$.
1213	0.444444	geometry	0	Find all integers \( n \geq 1 \) such that \( n^5 + 2n^4 + 4n^3 + n + 3 \) is a perfect square.
1214	0.444444	algebra	4	Let \( f: \mathbb{R} \to \mathbb{R} \) be a function such that \( f(x + f(y)) = f(x) + y \) for all real numbers \( x \) and \( y \). Suppose further that \( f(2) = 5 \). Find the value of \( f(1) \).
1215	0.333333	number_theory	2^{2023} \cdot 3^{1515}	A positive integer \( n \) is chosen such that the product of its divisors equals \( 2^{2023} \cdot 3^{1515} \). What is the minimum possible value of \( n \)?
1216	0.555556	algebra	2	In the complex plane, let $P(z)$ be the polynomial $P(z) = z^8 + (4\sqrt{3} + 6)z^4 - (4\sqrt{3} + 7)$. Suppose that $z_1, z_2, \ldots, z_8$ are the roots of $P(z)$. Find the minimum possible value of $|z_a - z_b|$, where $1 \leq a < b \le...
1217	0.777778	number_theory	35	Find all integers \( n \) such that the polynomial \( P(x) = x^4 - 10x^3 + nx^2 - 20x + 16 \) has four real roots, and prove that for each \( n \), the roots can be expressed as \( a, a+b, a+2b, \) and \( a+3b \) where \( a \) and \( b \) ...
1218	0.333333	number_theory	(p-1)^2	Let \( p \) be a prime number. Determine the number of ordered triples \( (a, b, c) \) of integers such that \( 1 \leq a, b, c \leq p-1 \) and \( a^2 + b^2 + c^2 \equiv 0 \pmod{p} \).
1219	0.444444	other	0	在三维空间中，给定一个单位球，其内部包含一个正八面体，该正八面体的每个顶点都位于球面上。假设从该球内部随机选择两点，计算这两点之间的距离恰好等于正八面体的边长的概率。
1220	0.777778	geometry	5046	A finite set \( S \) of points in the plane has the following property: there are exactly 2019 points in \( S \) that lie on no line containing any other points of \( S \). The remaining points of \( S \) lie on 1009 distinct lines, each o...
1221	0.777778	number_theory	3	Find all prime numbers \( p \) such that both \( p^2 + 2 \) and \( p^2 + 4 \) are also prime. Prove your answer is complete by considering the divisibility properties of these expressions.
1222	0.444444	other	25	A point $P$ lies inside a regular hexagon $ABCDEF$. The distances from $P$ to three consecutive vertices $A, B, C$ are 10, 15, and 20 respectively. Find the side length of the hexagon.
1223	0.444444	geometry	r^2	Given a circle with radius \( r \) and a square inscribed within it, find the maximum possible area of a rectangle that can be inscribed inside the square such that all its vertices lie on the sides of the square. Express your answer in te...
1224	0.555556	geometry	\frac{1}{6}	Let $ABCDEF$ be a regular hexagon inscribed in a circle with radius $r$. Suppose that point $G$ is chosen randomly on the circumference of the circle such that it is not coincident with any vertex of the hexagon. If $P$ is the probability ...
1225	0.444444	geometry	30	Let $S$ be the set of all positive integers $n$ such that $\frac{1}{n} = 0.\overline{a_1a_2\ldots a_k}$, where $a_1, a_2, \ldots, a_k$ are digits, and $k$ is the smallest integer for which the decimal repeats. Determine the smallest $n > 1...
1226	0.666667	algebra	8	Find all real numbers \( x \) such that \[ \sqrt[3]{x^2} + 2\sqrt[3]{x} = \sqrt[3]{16x - 8}. \]
1227	0.444444	algebra	16	Let \( P(x) \) be a polynomial of degree 6 such that \( P(x) = P(1-x) \) for all real \( x \). Given that \( P(0) = 0 \) and \( P(2) = 16 \), find the value of \( P(3) \).
1228	0.444444	number_theory	1	Find all positive integers \( n \) for which there exists a positive integer \( k \) such that \( \sum_{i=1}^{n} \frac{1}{i!} = \frac{k}{n!} \).
1229	0.444444	number_theory	3	Let \( f(x) \) be a polynomial with integer coefficients satisfying \( f(0) = 1 \) and \( f(1) = 2 \). Suppose there exists a positive integer \( k \) such that \( f(k) = f(k + 3) \). Find the smallest possible value of \( k \).
1230	0.777778	number_theory	2025	Let \( f(x) \) be a function defined for all positive integers \( x \) such that \( f(1) = 2 \) and \( f(x + y) = f(x) f(y) - xy \) for all positive integers \( x \) and \( y \). Find the value of \( f(2024) \).
1231	0.333333	number_theory	1260	Let \( S \) be the set of all integers \( n \) such that \( 1 \leq n \leq 1000 \) and \( n^2 \) is divisible by both 24 and 35. Find the sum of all elements in \( S \).
1232	0.555556	geometry	36	A convex hexagon has vertices labeled $A, B, C, D, E,$ and $F$ in that order. The midpoints of the sides are labeled $M, N, O, P, Q,$ and $R$ in the same order. The lines connecting opposite midpoints, $MO$, $NP$, and $QR$, intersect at a ...
1233	0.555556	number_theory	342	A sequence of positive integers is defined by \( a_1 = 1 \), \( a_2 = 2 \), and for \( n \geq 3 \), \( a_n = a_{n-1} + a_{n-2} + d_n \), where \( d_n \) is the smallest positive integer not appearing earlier in the sequence that is also no...
1234	0.333333	number_theory	p	Let \( p \) be a prime number. Prove that there exists an integer \( x \) such that the sum \( x + x^2 + x^3 + \cdots + x^p \) is divisible by \( p^2 \).
1235	0.333333	number_theory	3	Let \( f(x) = x^3 - 3x + 1 \). Define the sequence \( \{a_n\} \) by \( a_1 = 2 \) and \( a_{n+1} = f(a_n) \) for all \( n \geq 1 \). Find the smallest positive integer \( k \) such that \( a_k \) is an integer and \( a_k \) divides \( f(20...
1236	0.555556	number_theory	-1	Find all integers \( n \) such that the polynomial \( P(x) = x^4 - nx^3 + (n-1)x^2 - x + 1 \) has at least one integer root.
1237	0.777778	number_theory	3	Find all positive integers \( n \) for which there exists a function \( f \colon \{1, 2, \ldots, n\} \to \{1, 2, \ldots, n\} \) such that \( f(f(k)) = k \) for all \( k \in \{1, 2, \ldots, n\} \), but for all \( k \neq f(k) \), \( f(k) \ne...
1238	0.555556	other	336	在一个3x3的网格中放置9个点，每个点可以选择红色或蓝色。要求任意两行中颜色排列都不完全相同。问有多少种不同的颜色排列方式？
1239	0.666667	number_theory	1	Find all positive integers \( n \) such that the sum of the first \( n \) terms of the sequence defined by \( a_k = k^3 - 3k^2 + 3k - 1 \) is equal to the sum of the first \( n \) terms of the sequence defined by \( b_k = k^4 - 4k^3 + 6k^2...
1240	0.333333	number_theory	100	A sequence \( a_1, a_2, a_3, \ldots \) is defined by \( a_1 = 1 \) and for all \( n \geq 1 \), \( a_{n+1} \) is the smallest positive integer that does not share a prime factor with \( a_n \) and has not appeared in the sequence before. Fi...
1241	0.777778	number_theory	31	Let \( f: \mathbb{R} \to \mathbb{R} \) be a function defined by \( f(x) = \lfloor x^2 \rfloor \), where \( \lfloor \cdot \rfloor \) denotes the floor function. For how many integers \( n \) between 1 and 1000 inclusive is it possible to fi...
1242	0.333333	geometry	656	In a triangular lattice of points, each point is connected to its six nearest neighbors by straight lines. A path is defined as a sequence of connected line segments, each segment connecting two adjacent points. Starting from any point, ho...
1243	0.777778	geometry	2022	There are 2021 points distributed on the plane such that among any three points, at least one segment connecting two of the three points does not intersect any other segment, where the intersection is understood in the usual geometric sens...
1244	0.333333	combinatorics	2^{n-1}	Consider a sequence of numbers $a_1, a_2, a_3, \ldots, a_n$ where each $a_i$ is either 0 or 1. Define a function $f(S)$ for any subset $S$ of $\{1, 2, 3, \ldots, n\}$ as the sum of the elements $a_i$ for all $i$ in $S$. Let $N$ be the tota...
1245	0.666667	number_theory	2	Find the smallest positive integer \( n \) such that the sum of the first \( n \) positive integers, each taken modulo 10, equals 2023. That is, find \( n \) where \(\left(1 + 2 + \cdots + n\right) \mod 10 = 2023 \mod 10\).
1246	0.444444	geometry	2	Let $p(x) = x^3 + ax^2 + bx + c$ be a cubic polynomial with integer coefficients such that $p(0)$ and $p(1)$ are both prime numbers. If $p(2)$ and $p(3)$ are both squares of prime numbers, find the number of possible values for $p(4)$.
1247	0.555556	geometry	3	In a finite, non-empty set of integers, each element \( a \) satisfies \( a^2 + a + 1 \) being a perfect square. Let \( S \) be such a set with the property that the sum of any two distinct elements is not a perfect square. Prove that the ...
1248	0.333333	number_theory	9	Let \( S \) be the set of all positive integers \( n \) such that \( n \) can be expressed as the sum of two or more consecutive positive integers. For example, \( 9 = 4 + 5 \), so \( 9 \in S \). Find the smallest positive integer \( m \) ...
1249	0.555556	number_theory	0	Let \( P(x) = x^3 + ax^2 + bx + c \) be a polynomial with real coefficients such that the roots of \( P(x) \) are distinct positive integers. Additionally, it is given that \( P(1) = 10 \) and \( P(2) = 20 \). Find the product of all possi...
1250	0.555556	number_theory	10	Find the smallest positive integer \( n \) such that the equation \( x^2 + y^2 = n \) has exactly four distinct integer solutions \((x, y)\) where \( x \) and \( y \) are both odd.
1251	0.555556	algebra	1	Let \( f: \mathbb{R} \to \mathbb{R} \) be a function such that for all real numbers \( x \) and \( y \), \( f(x + f(y)) = f(x) + y \). Given that \( f \) is continuous and \( f(1) = 2 \), find the value of \( f(4) \). Additionally, let \( ...
1252	0.555556	geometry	4	Let $ABC$ be a triangle with $AB = 13$, $BC = 14$, and $CA = 15$. The incircle of $ABC$ touches $BC$, $CA$, and $AB$ at $D$, $E$, and $F$, respectively. The lines $AD$, $BE$, and $CF$ intersect at a single point, $P$. Find the radius of th...
1253	0.666667	number_theory	1	Let $f(x)$ be a polynomial with integer coefficients such that $f(1) = 17$, $f(2) = 34$, and $f(3) = 51$. If $f(n)$ is divisible by $17$ for all integers $n \geq 4$, what is the smallest possible degree of $f(x)$?
1254	0.333333	geometry	\frac{425 \sqrt{154}}{616}	In a triangular park, three friends, Alice, Bob, and Charlie, decide to meet at a point that is equidistant from all three vertices of the triangular boundary of the park. The lengths of the sides of the triangle are 10 meters, 15 meters, ...
1255	0.444444	number_theory	3	Find all positive integers \( n \) such that the polynomial \( P(x) = x^n + x^{n-1} + \cdots + x + 1 \) can be expressed as the product of two non-constant polynomials with integer coefficients.
1256	0.333333	combinatorics	n	In a game involving \( n \) players, each player rolls a standard six-sided die. If a player rolls a 6, they score double the number of points they would score for their roll. Otherwise, the number of points scored equals the roll. Players...
1257	0.555556	geometry	2R^2 - 4r^2	Let $ABC$ be a triangle with circumcenter $O$ and orthocenter $H$. Let $D$, $E$, and $F$ be the feet of the altitudes from $A$, $B$, and $C$, respectively. Suppose that $AD = BD = CF$. If $R$ is the circumradius of triangle $ABC$ and $r$ i...
1258	0.444444	number_theory	6	Find all positive integers \( n \) such that the polynomial \( P(x) = x^3 - nx^2 + (n+3)x - n \) has three distinct integer roots.
1259	0.333333	number_theory	5	Find all positive integers \( n \) such that there exist positive integers \( a_1, a_2, \ldots, a_n \) satisfying: \[ a_1 + a_2 + \cdots + a_n = 100 \] and \[ a_1^2 + a_2^2 + \cdots + a_n^2 = 2023. \]
1260	0.333333	number_theory	306	Let \( f: \mathbb{N} \to \mathbb{N} \) be a function such that for all positive integers \( n \) and \( m \), \[ f(nm) = f(n)f(m) \] if \( n \) and \( m \) are coprime. Suppose further that \( f(n) > n \) for all \( n \geq 2 \), and that \...
1261	0.777778	number_theory	2	Find the smallest positive integer $n$ such that there exist positive integers $a_1, a_2, \ldots, a_n$ satisfying $a_1^2 + a_2^2 + \cdots + a_n^2 = a_1 a_2 \cdots a_n + n^2$.
1262	0.333333	number_theory	4	Let \( S \) be the set of all positive integers \( n \) such that \( n \) can be expressed as the sum of two or more consecutive positive integers. For example, \( 9 = 4 + 5 \) and \( 15 = 1 + 2 + 3 + 4 + 5 \). Determine the smallest posit...
1263	0.500000	geometry	\left\lfloor \frac{n^2}{4} \right\rfloor	In a plane, \(n\) points are placed such that no three points are collinear. A set of line segments are drawn between these points to form a complete graph. Each line segment is colored either red or blue such that no triangle in this grap...
1264	0.444444	number_theory	4	Let \( S \) be the set of all non-empty finite sequences of positive integers. For each sequence \( \sigma = (a_1, a_2, \ldots, a_n) \) in \( S \), define the function \( f(\sigma) \) as the sum of all possible products of pairs of distinc...
1265	0.333333	other	1	在一个无限大的方形网格上，每个小方格都有一个高度。我们希望用一些单位高的方块（每个方块占据一个小方格）填满整行，使得每一行的高都严格递增。给定初始行中已经有了一些方块，请问有多少种不同的方式可以完成填满这一行？ 初始情况如下： 第一行有五列，已经有三个方块，分别是位于第2、3、4列的方格。问有多少种方法可以填满第2、3、4列之后的列，使得每一行的高度严格递增。
1266	0.333333	geometry	2	Find all prime numbers \( p \) such that \( p^2 + 2p + 1 \) is also a perfect square.
1267	0.333333	other	1000	在一个无限长的条形金属板上，以等间距排列着一系列可调节的光源。每个光源的强度可独立调整为一个非负整数，并且总强度不超过1000单位。当一个光源开启时，它会照亮距离自己不超过10单位的区域，且这些区域内的所有其他光源的强度将减少1单位。假设开始时所有光源都处于关闭状态，请求出存在一种配置方式使得整个金属板恰好被一个特定形状的区域（由x轴上的两点A(0,0)和B(100,0)，以及线段AB上两个点C(50,10)和D(50,-10)围成的四边形区域）完整照亮，同时使得剩余部分没...
1268	0.444444	number_theory	20	In the mystical land of Numeria, there exists a mystical garden that blooms with special flowers. Each flower has a unique number of petals ranging from 1 to 10. There are exactly 100 flowers in the garden. It's known that if you select an...
1269	0.444444	combinatorics	50	In a small town, there are 100 houses numbered from 1 to 100. Each house has a unique color and a unique type of roof. The colors of the houses follow a pattern such that the color of any house is the sum of the colors of its two neighbori...
1270	0.333333	number_theory	12	Find the smallest positive integer \( n \) such that the polynomial \( P(x) = x^n - 1 \) can be factored into a product of non-constant polynomials with integer coefficients in at least three different ways, where each factorization is dis...
1271	0.375000	geometry	4	Let \( ABC \) be an isosceles triangle with \( AB = AC \) and \( BC = 20 \). A circle with center \( O \) is inscribed in the triangle such that it touches all three sides. The circle also intersects \( BC \) at points \( D \) and \( E \) ...
1272	0.777778	geometry	45	Let \(ABC\) be an isosceles triangle with \(AB = AC\) and incenter \(I\). A circle passing through \(I\) and tangent to \(AB\) at \(D\) and \(AC\) at \(E\) is drawn. Let \(F\) and \(G\) be the points where this circle intersects \(BC\) aga...
1273	0.555556	algebra	a	Let \( f(x) \) be a continuous function defined on the interval \([0, 1]\) such that \( f(0) = 0 \) and \( f(1) = 1 \). Suppose there exists a constant \( c > 0 \) such that for all \( x \in [0, 1] \), the inequality \( |f(x) - f(x-c)| \le...
1274	0.333333	number_theory	12102	Let \( P(x) = x^4 - 2023x^3 + ax^2 + bx + c \) be a polynomial with integer coefficients such that \( P(1) = 1011 \), \( P(2) = 2022 \), and \( P(3) = 3033 \). Determine the largest possible value of \( P(0) \).
1275	0.666667	geometry	\frac{4 \sqrt{6}}{9} s	Consider a regular octahedron $ABCDEFG$ with side length $s$. A plane cuts through the octahedron parallel to one of its faces and divides it into two parts. The smaller part is a tetrahedron $ABCD$, and the larger part is a pyramid with a...
1276	0.333333	number_theory	1	Find the smallest positive integer \(m\) for which the equation \(x^4 + y^4 + z^4 = m^2\) has solutions in integers \(x, y, z\).
1277	0.444444	algebra	c	Let \( f(x) \) be a continuous function on the interval \([0, 1]\) such that \( f(0) = 0 \) and \( f(1) = 1 \). Define \( g(x) = \int_0^x f(t) \, dt \). Prove that there exists a point \( c \in (0, 1) \) such that \( g(c) = c \).
1278	0.777778	algebra	65	Let \( f: \mathbb{R} \to \mathbb{R} \) be a function satisfying \( f(x+y) = f(x) + f(y) + xy \) for all real numbers \( x \) and \( y \). If \( f(1) = 2 \), find the value of \( f(10) \).
1279	0.555556	number_theory	1	Let \( f(x) \) be a polynomial with integer coefficients such that \( f(0) = 1 \) and \( f(1) = 2024 \). If \( f(n) \) is divisible by \( 3 \) for all integers \( n \) satisfying \( 1 \leq n \leq 100 \), determine the number of possible va...
1280	0.777778	number_theory	0	Find the number of ways to distribute 120 candies among 8 children such that each child receives at least one candy, no child receives more than 15 candies, and the total number of candies each child receives is a prime number.
1281	0.444444	other	200	In a small village, there are 100 houses. Each house has at least one resident. If every resident has exactly two friends in the village, and no two houses share exactly the same set of residents, what is the maximum number of residents th...
1282	0.444444	geometry	50	What is the smallest positive integer \( n \) such that \( n! \) (n factorial) is divisible by \( 10^{10} \), and if \( n \) is written as a sum of two perfect squares in exactly one way, what is \( n \)?
1283	0.333333	geometry	42	Let \(ABC\) be a triangle with \(AB = 13\), \(BC = 14\), and \(CA = 15\). Let \(D\) be the foot of the altitude from \(A\) to \(BC\). Let \(E\) and \(F\) be points on \(AB\) and \(AC\) respectively, such that \(DE \parallel AC\) and \(DF \...
1284	0.333333	geometry	419	Let $S$ be the set of all integers $n$ such that $1 \leq n \leq 100$ and $n$ is a perfect square or a perfect cube, but not both. What is the sum of all elements in $S$?
1285	0.777778	number_theory	3	Find the smallest positive integer \( n \) such that the polynomial \( P(x) = x^n + x^{n-1} + \ldots + x + 1 \) can be expressed as the product of two non-constant polynomials with integer coefficients.
1286	0.555556	number_theory	(0, 0)	Find all integer solutions $(x, y)$ to the system of equations: $$x^2 - xy + y^2 = 13x + y$$ $$x^2 + 3xy - y^2 = x - 3y$$
1287	0.333333	number_theory	\frac{9}{2}	In a sequence of positive integers, each term after the first is found by adding the previous two terms. The 5th term in this sequence is 15. What is the first term of the sequence if the sum of the first three terms is 13?
1288	0.555556	number_theory	1	Find the smallest positive integer \( n \) such that the number of ways to partition \( n \) into distinct parts is equal to the number of ways to partition \( n \) into any combination of parts (allowing for repetition).
1289	0.444444	geometry	1	Find all positive integers n such that both 2^n + 1 and 3^n + 1 are perfect squares.
1290	0.555556	number_theory	1	Find all positive integers \( n \) such that \( n^3 + 3 \) divides \( n^4 + 2 \).
1291	0.666667	geometry	10	Consider a function \( f : \mathbb{N} \to \mathbb{N} \) defined by \( f(n) = n^2 - 10n + 21 \). Let \( S \) be the set of all natural numbers \( n \) such that \( f(n) \) is a perfect square. Determine the sum of the elements of \( S \).
1292	0.666667	number_theory	f(x) = 0	Find all functions \( f: \mathbb{Z} \to \mathbb{Z} \) such that for any integers \( x \) and \( y \), the following equation holds: \[ f(x^2 + y^2) = f(x)^2 + f(y)^2 + f(2xy) \]
1293	0.444444	number_theory	3k	Find all positive integers \( n \) such that there exists a function \( f: \mathbb{Z} \to \mathbb{Z} \) satisfying the property that for any integers \( a, b, \) and \( c \) where \( a + b + c = n \), the equation \( f(a) + f(b) + f(c) = 0...
1294	0.777778	number_theory	1	Find all positive integers \( n \) such that \( n^3 + 2n^2 + 3n + 4 \) divides \( n^{1000} + 1 \).
1295	0.666667	number_theory	2519	What is the least positive integer $n$ such that when $n$ is divided by each of the integers 1 through 9, the remainder is $n - 1$?
1296	0.555556	algebra	5	Let \( f(x) \) be a polynomial of degree 4 such that \( f(1) = 1 \), \( f(2) = 2 \), \( f(3) = 3 \), and \( f(4) = 4 \). If the coefficient of \( x^2 \) in \( f(x) \) is \( -10 \), find the value of \( f(5) \).
1297	0.444444	geometry	0	In a magical realm, there exists a sequence of numbers where each term after the first two is the sum of the squares of the two preceding terms. If the first two terms are \(a\) and \(b\), find the remainder when the 2023rd term of the seq...
1298	0.333333	combinatorics	1	Consider a sequence of real numbers \(a_1, a_2, \ldots, a_n\) such that \(a_1 + a_2 + \cdots + a_n = 0\). Let \(S_k\) denote the sum of the first \(k\) terms of this sequence, i.e., \(S_k = a_1 + a_2 + \cdots + a_k\). Define a function \(f...
1299	0.444444	calculus	5	In the complex plane, let $z_1$ and $z_2$ be the solutions to $z^2 - (3 + 4i)z + (5 + 12i) = 0$. Find the minimum value of $|z_1 - z_2|$, where $z_1$ and $z_2$ are distinct complex numbers.
1300	0.666667	number_theory	168	There exists a function \( f : \mathbb{N} \to \mathbb{N} \) such that for any positive integers \( a \) and \( b \), the equation \( f(ab) = f(a)f(b) \) holds. Moreover, for all positive integers \( n \), \( f(n) \) is defined as the sum o...
1301	0.666667	number_theory	13, 19	Find all prime numbers \( p \) such that both \( p - 6 \) and \( p + 10 \) are also prime numbers.
1302	0.777778	geometry	1	In the complex plane, consider the regular polygon formed by the vertices of the ninth roots of unity, starting from \(1 + 0i\). Let \(P\) be a point on the real axis such that the distances from \(P\) to each of the vertices of the polygo...
1303	0.666667	algebra	f(x) = 1	Let \( f(x) \) be a continuous function defined on the interval \([0, 1]\) such that \( f(0) = 0 \) and \( f(1) = 1 \). Consider the function \( g(x) = \int_0^x f(t) \, dt \). Suppose that \( h(x) = g(g(x)) \) is a bijection from \([0, 1]\...
1304	0.333333	geometry	\frac{r\sqrt{3}}{2}	Consider a circle with center $O$ and radius $r$. Let $A$ and $B$ be points on the circle such that the angle $AOB$ is $60^\circ$. Let $C$ be a point on the circle such that the angle $ACB$ is $90^\circ$. Let $D$ be the foot of the perpend...
1305	0.333333	number_theory	n \equiv 2 \pmod{3}	Find all positive integers \( n \) such that the polynomial \( P(x) = x^n + x^{n-1} + \cdots + x + 1 \) has a root that is also a root of the polynomial \( Q(x) = x^2 + x + 1 \).
1306	0.666667	geometry	13	Let \( f: \mathbb{Z}^+ \to \mathbb{Z}^+ \) be a function defined by \( f(n) = n^2 + 20n + 12 \). Find the smallest positive integer \( k \) such that \( f(k) \) is a perfect square.
1307	0.555556	combinatorics	\frac{1}{2}	In the complex plane, consider the set of all points \( z \) such that \( |z - 1| + |z + 1| = 4 \). Let \( w \) be a complex number chosen uniformly at random from this set. What is the probability that the real part of \( w \) is greater ...
1308	0.555556	geometry	30^\circ	In triangle \(ABC\), the sides \(AB\) and \(AC\) are equal, and \(\angle BAC = 20^\circ\). Point \(D\) lies on \(AC\) such that \(\angle DBC = 10^\circ\), and point \(E\) lies on \(AB\) such that \(\angle ECB = 30^\circ\). Find the measure...
1309	0.666667	number_theory	2650	Let $P(x)$ be a polynomial with integer coefficients such that $P(100) = 100$ and $P(200) = 200$. Find the maximum possible value of $P(150)$.
1310	0.555556	number_theory	12	Find the smallest positive integer \( n \) such that the equation \[ x^2 - nx + 36 = 0 \] has integer solutions, and for each solution \( x \), \( x^3 - 3x + 1 = 0 \).
1311	0.777778	number_theory	4	Consider a function \(f(x) = x^3 - 3x^2 + 3x - 1\). Let \(S\) be the set of all real numbers \(x\) such that \(0 \leq x \leq 3\) and \(f(x)\) is an integer. Find the number of elements in \(S\).
1312	0.444444	algebra	\frac{1}{3}	Let \( p(x) \) be a polynomial of degree 4 such that \( p(n) = \frac{1}{n} \) for \( n = 1, 2, 3, 4, 5 \). Find \( p(6) \).
1313	0.444444	number_theory	2	Let $f(x)$ be a polynomial with integer coefficients such that $f(0) = 1$ and $f(1) = 3$. Suppose that for every prime number $p$, there exists an integer $x$ such that $f(x) \equiv 0 \pmod{p}$. What is the smallest possible degree of $f(x...
1314	0.777778	number_theory	(1, 2), (2, 3)	Find all pairs of positive integers \((x, y)\) such that \[ x^y + 1 = y^x. \]
1315	0.555556	number_theory	3	Find all positive integers \( n \) such that the equation \( x^2 + y^2 + z^2 = nxyz \) has at least one solution in positive integers \( x, y, \) and \( z \). Determine the set of all such \( n \).
1316	0.444444	geometry	-30\sqrt{15}	In the complex plane, let $z$ be a complex number such that $|z| = 5$. If $z$ also satisfies the equation $z^2 + \overline{z}^2 = 10$, find the value of $z^3 + \overline{z}^3$.
1317	0.444444	number_theory	21	Let \( \mathcal{P} \) be the set of all polynomials \( p(x) \) with integer coefficients such that \( p(1) = p(2) = \cdots = p(20) = 0 \) and \( p(21) = 1 \). Find the smallest positive integer \( n \) such that there exists a polynomial \...
1318	0.666667	other	40	在森林里有一个环形小道，上面有200个车位。小道上原有的停满车。第一次，每辆车都会向前移动5个车位，空出的车位则回来原来的位置。第二次，每辆车再向前移动5个车位，空出的车位再回来原来的位置。以此类推，问多少次后原来的第一个车位还是第一个车位？
1319	0.444444	number_theory	4500	Let \( S \) be the set of all positive integers \( n \) such that \( 1000 \leq n \leq 9999 \) and \( n \) can be expressed as the sum of two distinct prime numbers. Find the number of elements in \( S \).
1320	0.333333	number_theory	2023	Find all integers \( n \geq 2 \) for which there exist distinct positive integers \( a_1, a_2, \ldots, a_n \) such that \[ a_1 + a_2 + \cdots + a_n = 2023 \] and \[ a_1^2 + a_2^2 + \cdots + a_n^2 = 2024^2 - 1. \]
1321	0.444444	number_theory	2023	Let \( f: \mathbb{Z}^+ \to \mathbb{Z}^+ \) be a function such that for all positive integers \( a \) and \( b \), the following holds: \[ f(ab) = f(a) \cdot f(b) \] and \[ f(a + b) = f(a) + f(b) \] Given that \( f(2) = 3 \), find the value...
1322	0.333333	geometry	32	In the triangle \(ABC\), let \(D\) be a point on \(BC\) such that \(AD\) bisects \(\angle BAC\). Suppose \(E\) is a point on \(AD\) such that \(BE\) is perpendicular to \(AD\). Let \(F\) be the intersection of the line through \(D\) parall...
1323	0.333333	number_theory	(n-1)!	Let \( n \) be a positive integer. A function \( f: \{1, 2, \ldots, n\} \to \{1, 2, \ldots, n\} \) is called *indecomposable* if it cannot be expressed as the composition of two non-trivial functions \( g: \{1, 2, \ldots, n\} \to \{1, 2, \...
1324	0.333333	number_theory	0	Find all integers \( n \) such that the equation \[ x^4 - 6x^3 + (6 + n)x^2 - (n + 6)x + 4 = 0 \] has four distinct integer roots. Determine the sum of all possible values of \( n \).
1325	0.444444	number_theory	0	Find the number of ordered pairs \((a, b)\) of positive integers such that the equation \(a^3 + b^3 = a^2 + b^2 + ab + 1\) holds.
1326	0.444444	combinatorics	\frac{9}{10}	Let $S$ be the set of all ordered triples $(x,y,z)$ of positive real numbers such that $x + y + z = 1$. Find the maximum value of $$ \frac{x}{1 + x^2} + \frac{y}{1 + y^2} + \frac{z}{1 + z^2} $$ over all elements $(x,y,z) \in S$.
1327	0.333333	geometry	\frac{16 - \pi}{16}	A circle of radius 1 is inscribed in a square. A point \( P \) is chosen at random inside the square. What is the probability that the distance from \( P \) to the nearest point on the circle is at least \( \frac{1}{2} \)?
1328	0.555556	number_theory	2	Let \( S \) be a set of integers such that for any two distinct elements \( a \) and \( b \) in \( S \), the absolute difference \( |a - b| \) is a prime number. What is the maximum number of elements that \( S \) can have if the sum of al...
1329	0.555556	algebra	\frac{1}{2} e^2 - 2e + \frac{5}{2}	Let \( f(x) \) be a continuous function defined on the interval \([0, 1]\) such that \( f(0) = 0 \) and \( f(1) = 1 \). Suppose \( f(x) \) satisfies the equation: \[ f(x) = x + \int_0^x f(t) \, dt \] Find the value of \( \int_0^1 [f(x)]^2 ...
1330	0.333333	number_theory	3	Find the smallest positive integer \( n \) such that the equation \( \sin(n \theta) = \cos(2\theta) \) has a solution for every \( \theta \) in the interval \([0, \frac{\pi}{2}]\).
1331	0.333333	geometry	324	A sequence of positive integers \( a_1, a_2, a_3, \ldots, a_{10} \) is defined by the rule that each term is the sum of the two preceding terms, starting with \( a_1 = 1 \) and \( a_2 = 3 \). Given that the sum of the first 10 terms of thi...
1332	0.333333	other	d \left(1 - \frac{u}{v}\right)	A taxi moves at a constant speed $v$ along a straight road $AB$ of length $d$ . At the same time, a pedestrian $P$ starts walking from $A$ in the direction of $B$ with a speed $u$ . If $P$ can take at most one jump, determine the minimum j...
1333	0.333333	geometry	n = 2	Find all positive integers \( n \) such that there exist positive integers \( a, b, c, d \) with \( a \cdot b = c \cdot d \) and \( a^n + b^n + c^n + d^n \) is a perfect square.
1334	0.333333	number_theory	(2l + 1, 2l)	Find all pairs of positive integers $(m, n)$ such that $m^2 - n^2 = 4k$ for some positive integer $k$. Additionally, prove that for each valid pair, $m$ must be of the form $2l+1$ and $n$ must be of the form $2l$ for some non-negative inte...
1335	0.333333	geometry	4\sqrt{3}	** An equilateral triangle has a side length of 12 units. A circle is inscribed in the triangle such that it is tangent to all three sides. Find the length of the segment connecting the center of the circle to one of the vertices of the tr...
1336	0.555556	geometry	4	In a triangle ABC, point D lies on side AB such that AD:DB = 1:2, and point E lies on side AC such that AE:EC = 1:2. Line segment DE intersects side BC at point F. If the area of triangle ABC is 36 square units, find the area of triangle D...
1337	0.333333	number_theory	255	Let \( S \) be the set of all positive integers \( n \) such that \( 100 \leq n \leq 999 \) and the sum of the digits of \( n \) is equal to the product of its digits. Find the sum of all elements in \( S \).
1338	0.333333	geometry	\left\lceil \frac{n^2}{2} \right\rceil	A square grid of $n \times n$ is constructed using small squares of unit length. A domino is a rectangular tile composed of two adjacent unit squares. What is the minimum number of dominoes needed to cover all the squares of the grid such ...
1339	0.555556	geometry	4	Find all positive integers \( n \) such that the sum of the squares of the first \( n \) positive integers is equal to the product of two consecutive integers.
1340	0.333333	number_theory	610	Let \( A \) be a set of positive integers such that for any two distinct elements \( x \) and \( y \) in \( A \), the sum \( x + y \) is not divisible by 3. If the set \( A \) contains exactly 20 elements, find the maximum possible sum of ...
1341	0.555556	geometry	2	Let $p(x)$ be a polynomial with integer coefficients such that $p(n)$ is a perfect square for every positive integer $n$. Prove that there exists a polynomial $q(x)$ with integer coefficients such that $p(x) = q(x^2)$. Find the smallest po...
1342	0.444444	number_theory	1	Find all positive integers \( n \) for which the equation \[ x^4 + (n+1)x^3 + (n^2+1)x^2 + (n+1)x + 1 = 0 \] has at least one real root.
1343	0.444444	number_theory	p^n	Let \( p \) be a prime number and \( n \) a positive integer. Define \( S_n \) as the set of all polynomials \( f(x) \) with integer coefficients such that for every integer \( a \), \( f(a) \) is divisible by \( p \) if and only if \( a \...
1344	0.555556	geometry	12	In a right triangle $ABC$, with $ \angle C = 90^\circ $, point $D$ lies on hypotenuse $AB$ such that $CD$ is the angle bisector of $ \angle ACB $. If $AD = 3$, $BD = 12$, and $AC = 9$, find the length of $BC$. Express your answer in simple...
1345	0.444444	number_theory	0	Let \( P(x) = x^3 + ax^2 + bx + c \) be a cubic polynomial with real coefficients. Suppose that the polynomial \( P(x) \) has three distinct roots, all of which are positive integers. Furthermore, the product of the roots taken two at a ti...
1346	0.555556	algebra	\frac{\sqrt{6}}{2}	Let \( a, b, c \) be positive real numbers such that \( a + b + c = 1 \). Find the minimum value of the expression \[ \frac{a}{\sqrt{a + b}} + \frac{b}{\sqrt{b + c}} + \frac{c}{\sqrt{c + a}}. \]
1347	0.666667	number_theory	\dfrac{n-1}{2}	In a mystical land, there are $n$ wizards, each possessing a unique magical ability. When two wizards with complementary abilities meet, they merge their powers to create a stronger, combined spell. However, each wizard has a unique weakne...
1348	0.777778	geometry	8	In the coordinate plane, let \(P\) be a point with integer coordinates such that the distance from \(P\) to the origin is \(10\). If the area of the triangle formed by the origin, \(P\), and the point \((x, 0)\) where \(x\) is the positive...
1349	0.666667	number_theory	2027	Let \( P(x) \) be a polynomial of degree \( 4 \) with integer coefficients such that \( P(1) = 2023 \), \( P(2) = 2024 \), \( P(3) = 2025 \), and \( P(4) = 2026 \). Determine the sum of all possible values of \( P(5) \).
1350	0.444444	number_theory	4	Find the smallest positive integer \( n \) such that there exists a monotonically increasing function \( f: \{1, 2, \ldots, n\} \to \mathbb{R} \) satisfying the condition \( f(k) + f^{-1}(k) = k^2 \) for all \( k \in \{1, 2, \ldots, n\} \)...
1351	0.666667	geometry	(0, 0)	In the complex plane, let \( P \) be a point such that the distances from \( P \) to the vertices of a regular octagon centered at the origin with radius \( r \) are all equal. If the sum of the squares of these distances is \( 64r^2 \), f...
1352	0.444444	geometry	7	Let \( ABCD \) be a convex quadrilateral inscribed in a circle with radius \( R \). Diagonals \( AC \) and \( BD \) intersect at point \( P \). Given that \( AB = 10 \), \( BC = 11 \), \( CD = 12 \), \( DA = 13 \), and the area of quadrila...
1353	0.444444	other	150	In a small village, there are three types of trees: oak, pine, and maple. Each type of tree has a unique number of leaves. The total number of leaves on all the trees in the village is 300. If the number of leaves on an oak tree is twice t...
1354	0.444444	other	\frac{\sqrt{2}}{324}	In a regular tetrahedron \(ABCD\), the vertices \(A\), \(B\), \(C\), and \(D\) are connected by edges of length 1. Points \(P\), \(Q\), and \(R\) are chosen on edges \(AB\), \(AC\), and \(AD\) respectively, such that \(AP = AQ = AR = \frac...
1355	0.333333	geometry	30	Let \( ABCD \) be a convex quadrilateral with \( AB = 5 \), \( BC = 6 \), \( CD = 7 \), and \( DA = 8 \). Diagonals \( AC \) and \( BD \) intersect at point \( E \), and the area of triangle \( ABE \) is 10. Determine the area of quadrilat...
1356	0.777778	number_theory	999	Let \( S \) be the set of all non-empty subsets of \(\{1, 2, 3, \ldots, 2023\}\). For each subset \( A \in S \), define \( f(A) \) to be the product of all elements in \( A \). Find the remainder when the sum of \( f(A) \) over all \( A \i...
1357	0.777778	combinatorics	2	There exists a sequence of real numbers \(a_1, a_2, \ldots, a_n\) where \(n \geq 2\). The sequence has the property that for each \(k\) (with \(1 \leq k < n\)), \(a_{k+1}\) is the average of the previous \(k\) terms. Given that \(a_1 = 1\)...
1358	0.555556	combinatorics	4851	In a peculiar land, there are exactly 100 cities, and each pair of cities is connected by a unique road. Every year, the government decides to replace a subset of these roads with a more efficient type. The goal is to ensure that, after th...
1359	0.777778	number_theory	2023	Consider a sequence of positive integers \(a_1, a_2, a_3, \ldots, a_{2023}\) such that \(a_1 = 1\) and for all \(n \geq 2\), \(a_n\) is the smallest positive integer not already in the sequence that satisfies the condition \[a_n \neq a_k +...
1360	0.555556	geometry	2	Find the smallest positive integer \( n \) such that there exists a set \( S \) of \( n \) distinct positive integers for which the sum of any non-empty subset of \( S \) is a perfect square, and additionally, the product of any two distin...
1361	0.333333	geometry	60	In the convex quadrilateral $ABCD$, let $E$ be the midpoint of $AB$ and $F$ be the midpoint of $CD$. If $AD = 6$, $BC = 8$, and the area of triangle $AEF$ is 15, find the maximum possible area of quadrilateral $ABCD$.
1362	0.444444	number_theory	(3, 4, 5)	Find all triples $(x, y, z)$ of positive integers such that the polynomial \[P(t) = (t + x)^3 + (t + y)^3 + (t + z)^3 - t^3\] is divisible by $t^2 - 3t + 2$, and $x, y, z$ satisfy the condition that $xyz = 60$.
1363	0.333333	number_theory	2023	Let \( S \) be the set of all positive integers \( n \) such that \( n \) can be expressed as the sum of two positive integers \( a \) and \( b \), where \( a \) and \( b \) are relatively prime, and \( \gcd(a+b, n) = 1 \). Find the number...
1364	0.444444	other	0	In the complex plane, the points \( A, B, C \) are represented by the complex numbers \( a, b, c \) respectively. Given that \( |a| = |b| = |c| = 1 \) and \( \frac{a}{b} + \frac{b}{c} + \frac{c}{a} = 1 \), find the value of \( \left| \frac...
1365	0.777778	algebra	-1	Let \( P(x) = x^3 + ax^2 + bx + c \) be a cubic polynomial with real coefficients such that \( P(1) = 0 \) and \( P(x) \) has a local minimum at \( x = -1 \). If the sum of the roots of \( P(x) \) is equal to the product of the roots taken...
1366	0.444444	algebra	\frac{13}{3}	In the complex plane, consider the points \(A\), \(B\), and \(C\) defined by \(A = 1 + i\), \(B = 3 + 4i\), and \(C = 6 - 2i\). Let \(P\) be the point on the complex plane such that the distance from \(P\) to \(A\), \(B\), and \(C\) forms ...
1367	0.555556	number_theory	20	A sequence of positive integers \(a_1, a_2, a_3, \ldots\) is defined recursively by the following rules: \(a_1 = 1\), and for all \(n \geq 1\), \(a_{n+1}\) is the smallest positive integer greater than \(a_n\) that can be written as the su...
1368	0.444444	geometry	6	In a mystical forest, there are 12 ancient trees arranged in a circle. Each tree is adorned with a unique crystal, and each crystal has a distinct number from 1 to 12. A wandering wizard decides to cast a spell that shifts each tree's crys...
1369	0.666667	geometry	2\sqrt{3}	In the complex plane, let \( z_1 = a + bi \) and \( z_2 = c + di \) be two complex numbers where \( a, b, c, d \) are real numbers and \( i \) is the imaginary unit. Suppose that the triangle formed by the points \( 0 \), \( z_1 \), and \(...
1370	0.444444	geometry	\frac{3}{8}	Consider a regular octagon inscribed in a circle of radius \( r \). A bug starts at one vertex and moves randomly along the sides of the octagon, choosing between the two possible adjacent vertices with equal probability. After making exac...
1371	0.444444	number_theory	1	Find all positive integers \( n \) such that the polynomial \( P(x) = x^n + nx^{n-1} + (n-1)x^{n-2} + \cdots + 2x + 1 \) has at least one integer root.
1372	0.777778	geometry	n	In the plane, consider a finite set of points \( S \) such that no three points are collinear. Define a "good path" as a path that starts from the origin, passes through points of \( S \), and does not intersect itself. Determine the maxim...
1373	0.333333	number_theory	(0, 0)	Find all integer solutions \((x, y)\) to the Diophantine equation \(x^3 + y^3 = 9x^2 - 18xy + 9y^2\).
1374	0.444444	algebra	1	Let \( f \) be a function from \(\mathbb{R}\) to \(\mathbb{R}\) such that for all real numbers \(x\) and \(y\), \[ f(x^3 + y) = x^2 f(x) + f(y). \] Given that \( f(0) = 1 \), determine the value of \( f(1) \).
1375	0.333333	algebra	1	Let \( f(x) \) be a continuous function on the interval \([0, 1]\) such that \( f(0) = 0 \) and \( f(1) = 1 \). Define a sequence \((a_n)\) by \( a_1 = 0 \) and for \( n \geq 1 \), \[ a_{n+1} = \int_0^1 x^{a_n} f(x) \, dx. \] Prove that th...
1376	0.444444	combinatorics	1058400	Find the number of ways to arrange the letters in the word "MATHEMATICS" such that no two vowels are adjacent, and the first letter must be a consonant.
1377	0.666667	number_theory	1	Find all positive integers \( n \) such that \( n! \) (the factorial of \( n \)) has exactly \( n \) digits. Prove that there exists only one such \( n \) and find its value.
1378	0.666667	number_theory	5	Let `S` be a set of 10 distinct integers. A subset `T` of `S` is called "balanced" if the sum of the elements in `T` is divisible by 5. Find the minimum possible value of the largest balanced subset `T` of `S`.
1379	0.777778	geometry	120	Let \( ABC \) be a triangle with \( AB = AC \). A point \( P \) lies inside the triangle such that the angles \( \angle PAB \) and \( \angle PAC \) are in the ratio \( 1:2 \). If \( \angle APB = \angle BPC \), find the measure of \( \angle...
1380	0.444444	number_theory	0	Let \( P(x) \) be a polynomial of degree 4 with integer coefficients such that \( P(1) = 5 \) and \( P(-1) = -3 \). If the polynomial also satisfies \( P(2) = 15 \) and \( P(-2) = -11 \), determine the sum of all possible values of \( P(3)...
1381	0.777778	algebra	0	Find all real solutions to the equation \(\sqrt[3]{x + \sqrt[3]{x + \sqrt[3]{x + \cdots}}} = \sqrt[3]{x + \sqrt[3]{x + \cdots}}\), where the expression inside the cube root is evaluated recursively. Determine the value of \(x\) such that t...
1382	0.333333	algebra	0	In the complex plane, let \( P(z) = z^5 + z^3 + z + 1 \). Let \( z_1, z_2, z_3, z_4, z_5 \) be the roots of \( P(z) \). Determine the value of \[ \sum_{k=1}^5 \left( z_k^2 + \frac{1}{z_k^2} \right). \]
1383	0.333333	number_theory	3	Let $f: \mathbb{Z} \to \mathbb{Z}$ be a function such that $f(x) + f(y) = f(x + y) + x^2y^2 - 1$ for all integers $x$ and $y$. Find the sum of all possible values of $f(2)$.
1384	0.666667	geometry	50	In the complex plane, let \( z \) be a complex number such that \( |z| = 1 \). Define the sequence \( \{a_n\} \) by \( a_1 = z \) and \( a_{n+1} = z \cdot \overline{a_n} \) for all positive integers \( n \). If \( S_n = \sum_{k=1}^n a_k \)...
1385	0.777778	number_theory	3	Find the smallest positive integer \( n \) such that the polynomial \( P(x) = x^n + ax^{n-1} + bx^{n-2} + \cdots + kx + l \) with integer coefficients \( a, b, \ldots, l \) has exactly three distinct real roots and the sum of its coefficie...
1386	0.333333	geometry	8	Find the smallest positive integer $n$ such that $n^3 + 2n^2 + 2n$ is a perfect square.
1387	0.777778	algebra	0	Let \( f: \mathbb{R} \to \mathbb{R} \) be a differentiable function such that for all real numbers \( x \) and \( y \), the following functional equation holds: \[ f(x + y) + f(x - y) = 2f(x)f(y). \] Suppose also that \( f(1) = 1 \) and \(...
1388	0.444444	number_theory	2	Find all positive integers \( n \) such that the polynomial \( P(x) = x^n + nx^{n-1} + \cdots + (n-1)x^2 + nx + 1 \) can be expressed as the product of two non-constant polynomials with integer coefficients.
1389	0.555556	number_theory	2	Let \( S \) be the set of all positive integers that have four digits in base \( 2 \). A function \( f: S \to S \) is defined such that for every \( n \in S \), \( f(n) \) is the number obtained by reversing the digits of \( n \) in base \...
1390	0.444444	geometry	0	Find all positive integers \( n \) such that \( 2^n + 3^n \) is a perfect square.
1391	0.333333	geometry	2	In the mystical land of Geometria, there exists a mystical tree with \( n \) branches, each of length 1. The branches are arranged in a straight line, and the tree grows in such a way that the angle between any two consecutive branches is ...
1392	0.333333	number_theory	(1, 1), (1, 2), (2, 1)	Find all pairs of positive integers \((m, n)\) such that \(m + n\) is coprime with \(mn\) and \(m^2 + n^2\) is a prime number.
1393	0.666667	geometry	\lceil n/2 \rceil	Given a finite set of points in the plane, no three of which are collinear, show that it is possible to find a line that passes through at least \(\lceil n/2 \rceil\) points, where \(n\) is the total number of points. Your solution should ...
1394	0.777778	number_theory	\frac{1}{2}	A sequence of positive integers \(a_1, a_2, \dots, a_{2024}\) satisfies \(a_1 = 1\) and for all \(n \geq 1\), \(a_{n+1}\) is chosen uniformly at random from the set \(\{1, 2, \dots, a_n\}\). Let \(p_n\) be the probability that \(a_n = n\) ...
1395	0.444444	logic_puzzle	10	In a magical forest, there are three types of trees: pine, oak, and maple. Each type of tree grows at a different rate. Pine trees grow by 3 feet per year, oak trees grow by 4 feet per year, and maple trees grow by 5 feet per year. If the ...
1396	0.333333	geometry	48	A regular octagon is inscribed in a circle of radius \(r\). How many distinct triangles can be formed by selecting three vertices from the octagon such that no two sides of the triangle are also sides of the octagon?
1397	0.777778	number_theory	18	Find the smallest positive integer \( n \) such that there exists a positive integer \( m \) satisfying the equation: \[ n^2 + n + 1 = m^3. \]
1398	0.333333	number_theory	7	Let \( P(x) \) be a polynomial with integer coefficients such that \( P(0) = 2 \), \( P(1) = 3 \), and \( P(2) = 5 \). Suppose that \( P(n) \) is always a prime number for all positive integers \( n \). Find the smallest possible value of ...
1399	0.777778	algebra	-6	There exists a function f(x) defined over all real numbers that satisfies the equation f(x + y) = f(x) + f(y) + 6xy, where x and y are any real numbers. If f(1) = -6, what is the value of f(2)?
1400	0.666667	geometry	1	Find the smallest positive integer \( n \) such that the sum of the squares of the first \( n \) positive integers is a perfect square, and \( n \) itself is also a perfect square.
1401	0.555556	number_theory	1	Find all positive integers \( n \) such that \( n^2 + 1 \) divides \( n^3 + n \).
1402	0.666667	geometry	\frac{10}{3}	In a triangle \( \triangle ABC \), the incircle touches the sides \( BC, CA, \) and \( AB \) at points \( D, E, \) and \( F \) respectively. Let \( I \) be the incenter of \( \triangle ABC \). If the lengths of the segments \( ID, IE, \) a...
1403	0.333333	geometry	48	A convex quadrilateral ABCD has side lengths AB = 13, BC = 14, CD = 15, and DA = 16. If the diagonal AC bisects the angle BCD and the length of diagonal AC is an integer, find the perimeter of triangle ACD.
1404	0.444444	geometry	26	In a convex hexagon \(ABCDEF\), all sides and diagonals have integer lengths. Given that \(AB = 3\), \(BC = 4\), \(CD = 5\), and \(DE = 6\), and that the length of \(AF\) is 7, find the minimum possible value of the perimeter of the hexago...
1405	0.333333	geometry	6	Let $ABC$ be a right triangle with right angle at $C$. Suppose that $D$ lies on $\overline{BC}$ such that $AD \perp BC$, and $E$ is the midpoint of $\overline{AD}$. Let $F$ be the intersection of $\overline{AE}$ and $\overline{BC}$, and le...
1406	0.444444	geometry	148	Find the smallest positive integer \( n \) such that there exists an integer \( m \) satisfying \( n^2 - m^2 = 2023 \) and \( n + m \) is a perfect square.
1407	0.333333	number_theory	n = 2	Find all positive integers \( n \) such that the polynomial \( P(x) = x^n + x^{n-1} + \cdots + x + 1 \) can be written as the product of two non-constant polynomials with integer coefficients.
1408	0.555556	number_theory	(1, 1)	Find all integer solutions $(x, y)$ to the equation $x^2 + y^2 + 1 = xy + x + y$.
1409	0.375000	number_theory	\frac{1}{180}	Let \( a, b, c \) be positive integers such that \( a + b + c = 360 \). Define the function \( f(x) = \sin \left( \frac{\pi x}{180} \right) \). Find the maximum possible value of the expression: \[ \frac{f(a) + f(b) + f(c)}{a + b + c} \]
1410	0.444444	number_theory	3	Find all positive integers \( n \) such that there exist positive integers \( a, b, c, d \) satisfying the equation \[ n^2 = a + b + c + d \] and \[ ab + ac + ad + bc + bd + cd = n^3. \]
1411	0.444444	geometry	\frac{n(n-1)(n-2)}{6}	There are $n$ points in the plane, no three of which are collinear. A "good triangle" is defined as a triangle formed by any three of these points that contains the origin in its interior. Find the maximum possible number of good triangles...
1412	0.666667	logic_puzzle	6	In a magical forest, there are three types of trees: oak, maple, and pine. Each tree type has a unique height pattern: oaks grow in a pattern of 1, 3, 9, 27, ... feet annually; maples grow in a pattern of 2, 6, 18, 54, ... feet annually; a...
1413	0.777778	other	1	在平面上有 \( n \) 个点，每个点的颜色为红色或蓝色。如果任意三个点中至少有两个点颜色相同，则称这些点构成一个单色三角形。请问当 \( n \geq 6 \) 时，至少有多少个单色三角形？
1414	0.444444	geometry	a	Let $f(x)$ be a continuous, periodic function with period $T>0$ defined on the real line $\mathbb{R}$. Suppose that for some positive integer $n$, the integral $\int_{0}^{T}f(x)^ndx=\frac{T}{n+1}$ and the integral $\int_{0}^{T}f(x)^{n+1}dx...
1415	0.444444	geometry	1, 24, 1104	Find all positive integers \( n \) such that the sum of the squares of the first \( n \) positive integers is a perfect square, i.e., \( \sum_{k=1}^n k^2 = m^2 \) for some integer \( m \). Prove that \( n \) must be one of the following va...
1416	0.555556	number_theory	2	Find all positive integers \( n \) such that the polynomial \( P(x) = x^n + ax + b \) has integer coefficients and can be expressed as the product of two non-constant polynomials with integer coefficients. Prove your answer.
1417	0.333333	geometry	10	Let \( \triangle ABC \) be a triangle with integer side lengths and area. The incircle of \( \triangle ABC \) has radius \( r \) and is tangent to \( BC \) at \( D \). Given that \( BD = 15 \) and \( DC = 20 \), find the smallest possible ...
1418	0.444444	geometry	3	What is the minimum number of distinct points needed in the plane such that every line passing through at least two of these points passes through at least one of three given points \(A, B,\) and \(C\)?
1419	0.555556	combinatorics	\frac{1}{2}	Let $S$ be the set of all ordered triples $(x, y, z)$ of real numbers such that $x^2 + y^2 + z^2 = 1$ and $x + y + z = 0$. Find the maximum value of $x^4 + y^4 + z^4$.
1420	0.666667	number_theory	n \geq 3	Given a set \(S\) of \(n\) distinct real numbers, where \(n \geq 3\), let \(P(S)\) be the set of all possible non-empty sums that can be formed by adding any subset of \(S\). For example, if \(S = \{1, 2, 3\}\), then \(P(S) = \{1, 2, 3, 3,...
1421	0.333333	number_theory	2	Find the smallest positive integer \( n \) such that the equation \[ \sum_{k=1}^{n} \frac{1}{k} = \frac{a}{b} \] where \( a \) and \( b \) are coprime positive integers, and \( b \) is a power of 2, holds true for some integers \( a \) and...
1422	0.333333	number_theory	4	Consider the sequence defined by $a_1 = 2$ and $a_{n+1} = a_n^2 - a_n + 1$ for all $n \geq 1$. Determine the smallest positive integer $k$ such that the product $a_1 \cdot a_2 \cdots a_k$ is divisible by $2024$.
1423	0.444444	geometry	1009	In the city of Mathopolis, there are 2019 streets arranged in a grid pattern, with each intersection denoted by a coordinate pair (x, y) where x and y are non-negative integers less than 2019. Every hour, a magical car appears at a random ...
1424	0.444444	other	0	In a mystical forest, there are three types of magical trees: Sun Trees, Moon Trees, and Star Trees. Each type of tree produces a unique fruit: Sun Fruits, Moon Fruits, and Star Fruits respectively. The number of fruits produced by each ty...
1425	0.444444	number_theory	11	Consider a sequence of integers \(a_1, a_2, a_3, \ldots, a_n\) such that \(a_1 = 1\) and for each \(k \geq 2\), \(a_k\) is the smallest positive integer greater than \(a_{k-1}\) that does not make the product \(a_1 a_2 \cdots a_k\) divisib...
1426	0.500000	number_theory	6	Let \( S \) be a set of 10 distinct positive integers. We define a subset \( T \) of \( S \) to be "balanced" if the sum of the elements in \( T \) is divisible by 10. Given that \( S \) contains exactly 5 even numbers and 5 odd numbers, w...
1427	0.555556	algebra	-\frac{1}{2}	In the complex plane, consider the polynomial \( P(z) = z^5 + az^4 + bz^3 + cz^2 + dz + e \), where \( a, b, c, d, \) and \( e \) are real numbers. Given that \( P(1 + i) = 0 \), \( P(2 - i) = 0 \), and \( P(z) \) has a real root \( r \) s...
1428	0.333333	algebra	2	Let \( f(x) \) be a polynomial of degree 4 such that \( f(x) = x^4 + ax^3 + bx^2 + cx + d \). It is given that \( f(x) \) has four real roots \( r_1, r_2, r_3, \) and \( r_4 \), and that the roots satisfy the following relationships: 1. \(...
1429	0.444444	number_theory	q	Consider a function \( f: \mathbb{Z} \to \mathbb{Z} \) defined such that for all integers \( m \) and \( n \), \[ f(m^2 + n^2) = f(m)^2 + f(n)^2. \] Additionally, suppose \( f \) satisfies the condition that for all primes \( p \), \( f(p)...
1430	0.444444	number_theory	13	Let \( S \) be the set of all positive integers that have four digits in base \( 2 \). For each \( n \in S \), let \( T_n \) be the set of all positive integers that can be expressed as the sum of two distinct elements of \( S \) that are ...
1431	0.777778	number_theory	15	Find the smallest positive integer \( n \) such that the polynomial \( P(x) = x^n + ax^{n-1} + bx^{n-2} + \cdots + k \) with integer coefficients \( a, b, \ldots, k \) has exactly 15 distinct integer roots and the sum of the absolute value...
1432	0.555556	number_theory	500	Find the number of positive integers \( n \leq 1000 \) such that the polynomial \( P(x) = x^n + x^{n-1} + \cdots + x + 1 \) has no real roots except possibly \( x = 1 \).
1433	0.555556	number_theory	2	Find all positive integers $n$ for which there exist integers $a_1, a_2, \ldots, a_n$ such that the polynomial $P(x) = (x-a_1)(x-a_2)\cdots(x-a_n) - 1$ has at least $n-1$ distinct roots.
1434	0.777778	number_theory	061	Let $S$ be the set of all positive integers that can be expressed as the sum of three distinct positive integers, each of which is less than or equal to 2023. If $N$ is the number of elements in $S$, find the remainder when $N$ is divided ...
1435	0.555556	geometry	16	Let ABCD be a convex quadrilateral with AB = 6, BC = 7, CD = 8, and DA = 9. The diagonals AC and BD intersect at point E. If the area of triangle ABE is 12, find the area of triangle CDE.
1436	0.666667	number_theory	1	Let \( P(x) \) be a polynomial with integer coefficients, and suppose that for all positive integers \( n \), the number \( P(n) \) is either a prime number or the product of two distinct prime numbers. Given that \( P(1) = 2 \), \( P(2) =...
1437	0.444444	number_theory	5	Consider a sequence of integers \(a_1, a_2, \ldots, a_{10}\) such that \(a_i = 2a_{i-1} + 1\) for \(i \geq 2\) and \(a_1 = 1\). Define a function \(f(n)\) to be the number of terms in the sequence \(a_1, a_2, \ldots, a_{10}\) that are divi...
1438	0.333333	number_theory	(1, 0, 0), (0, 1, 0), (0, 0, 1)	Find all integer triples \((x, y, z)\) that satisfy the equation: \[ x^3 + y^3 + z^3 = 3xyz + 1. \]
1439	0.777778	number_theory	1	In the sequence \(a_n\) defined by \(a_1 = 2\), \(a_2 = 3\), and for \(n \geq 3\), \(a_n = a_{n-1} + 2a_{n-2}\), determine the number of positive divisors of \(a_{10}\) that are also divisors of the sum \(a_1 + a_2 + a_3 + \cdots + a_{10}\...
1440	0.333333	number_theory	0	Let \( S \) be a set of integers from 1 to 100. Define a function \( f: S \to S \) such that for any \( x \in S \), \( f(x) \) is the smallest integer greater than \( x \) that is not relatively prime to \( x \). Find the number of integer...
1441	0.444444	geometry	100	In a unique town, there are 100 houses numbered from 1 to 100. Each house has a distinct number of cats ranging from 1 to 100. The sum of the number of cats in all houses is a perfect square. If the sum of the number of cats in the houses ...
1442	0.777778	number_theory	0	Let \( f(x) = x^3 - 3x + 1 \). Consider the set \( S \) of all real numbers \( x \) such that \( f(x) \) is an integer. For each \( x \in S \), define \( g(x) = f(x) + \frac{1}{f(x)} \). Determine the sum of all possible values of \( g(x) ...
1443	0.555556	geometry	M	Let \(ABC\) be a triangle with circumcenter \(O\) and orthocenter \(H\). The circle centered at \(O\) with radius \(OA\) intersects \(AB\) and \(AC\) again at points \(D\) and \(E\), respectively. Prove that the circumcircle of triangle \(...
1444	0.666667	number_theory	(1, 2, 3)	Find all triples of positive integers $(a, b, c)$ such that $a^2 + b^2 + c^2 = ab + bc + ca + 1$ and $a < b < c$. Prove your answer.
1445	0.666667	geometry	8	Find all positive integers \( n \) such that there exists a permutation \( (a_1, a_2, \ldots, a_n) \) of the set \( \{1, 2, \ldots, n\} \) satisfying the condition that for every \( i \) (where \( 1 \leq i \leq n \)), the number \( a_i + a...
1446	0.666667	number_theory	1	Find all positive integers \( n \) such that there exists a permutation \( (a_1, a_2, \ldots, a_n) \) of the integers \( 1, 2, \ldots, n \) satisfying \( a_1 \cdot 2^{a_2} \cdot 3^{a_3} \cdot \ldots \cdot n^{a_n} = n! \).
1447	0.777778	number_theory	1	What is the least positive integer \( n \) such that the product \( n \cdot (n+1) \cdot (n+2) \cdot (n+3) \cdot (n+4) \cdot (n+5) \) is divisible by 720?
1448	0.333333	number_theory	-2	Let \( f(x) = \frac{x^2 + ax + b}{x^2 + cx + d} \) be a rational function where \( a, b, c, \) and \( d \) are integers. Given that \( f(x) \) simplifies to \( \frac{x - 1}{x + 2} \) for all \( x \neq -2 \), and that \( f(x) \) has a verti...
1449	0.333333	number_theory	5	Given a sequence of positive integers \(a_1, a_2, a_3, \ldots, a_{100}\) where \(a_1 = 1\) and for all \(n \geq 2\), \(a_n = a_{n-1}^2 + a_{n-1}\), determine the smallest positive integer \(k\) such that \(a_k\) is divisible by \(1001\).
1450	0.333333	number_theory	1, 3	Find all positive integers \( n \) such that \( n \) divides \( 2^n + 1 \), and prove your result using combinatorial arguments.
1451	0.333333	algebra	f(x) = 0	Let \( f: \mathbb{R} \to \mathbb{R} \) be a continuous function such that \( f(x) = 0 \) for all irrational \( x \). Suppose that \( f \) is differentiable at every rational point \( x = \frac{p}{q} \) (in lowest terms) and satisfies \( f'...
1452	0.333333	geometry	1	Find all positive integers \( n \) such that the equation \[ x^2 + (n+1)x + 5n = 0 \] has integer roots and the sum of the squares of these roots is equal to the product of the roots.
1453	0.333333	geometry	12	Let \( ABC \) be a triangle with \( AB = 13 \), \( BC = 14 \), and \( CA = 15 \). Let \( P \) be a point inside \( \triangle ABC \) such that the distances from \( P \) to the sides of the triangle are \( x \), \( y \), and \( z \), respec...
1454	0.666667	number_theory	2024	Let $S$ be the set of all real numbers $x$ such that $\lfloor x \rfloor$ divides $x$. Prove that there are exactly $\sqrt{5}$ integers in the interval $[0, 2023]$ that belong to $S$.
1455	0.500000	number_theory	50	Let \( f(n) \) be a function defined for all positive integers \( n \) such that \( f(1) = 1 \) and \( f(n) = n - f(f(n-1)) \) for \( n > 1 \). Determine the value of \( f(100) \).
1456	0.444444	number_theory	21	Find all integers \( n \) such that the equation \[ \frac{1}{x} + \frac{1}{y} = \frac{n}{xy} \] has exactly 20 distinct integer solutions \((x, y)\) where \(x\) and \(y\) are both positive integers.
1457	0.555556	geometry	S_1 + S_2 = S	A circle of radius $r$ is inscribed in a right triangle with legs of lengths $a$ and $b$. A point $P$ lies on the circle, and lines are drawn from $P$ to the vertices of the triangle, dividing it into three smaller triangles and two pairs ...
1458	0.555556	number_theory	(p-1)(p-2)(p-3)	In a finite field $\mathbb{F}_p$, where $p$ is a prime number, consider a function $f: \mathbb{F}_p \rightarrow \mathbb{F}_p$ defined by $f(x) = ax^2 + bx + c$, where $a, b, c \in \mathbb{F}_p$ and $a \neq 0$. Given that $f$ is a permutati...
1459	0.333333	number_theory	24	Let \( f(n) \) be a function defined for all positive integers \( n \) such that \( f(n) \) is the smallest positive integer \( k \) for which \( 2^k - 1 \) is divisible by \( n \). Determine the value of \( f(2023) \).
1460	0.666667	geometry	4	Let \( f(x) \) be a function defined on the set of positive integers such that \( f(1) = 1 \) and for all positive integers \( n \), \[ f(n+1) = f(n) + \left\lfloor \sqrt{f(n)} \right\rfloor. \] Find the smallest positive integer \( n \) s...
1461	0.777778	number_theory	101	In a team-based tournament, each team consists of an equal number of players. If each team is formed with two players, how many players are in the tournament if removing one player results in a decrease of 100 possible team games?
1462	0.333333	number_theory	17	A sequence of real numbers \(a_1, a_2, a_3, \ldots\) is defined by \(a_1 = 1\), and for \(n \geq 1\), \[a_{n+1} = a_n + \frac{1}{a_n^2}.\] If \(S = \sum_{n=1}^{2024} \frac{1}{a_n^2}\), find the integer closest to \(S\).
1463	0.666667	number_theory	1	Find all triples of positive integers (a, b, c) such that the equations a + b = c^2 and a + c = b^3 are simultaneously satisfied. How many such triples exist?
1464	0.444444	number_theory	1, 2, 3, 4, 5, 6, 7, 8, 9	Find all positive integers \( n \) such that \( n \) divides the product of its digits minus the sum of its digits, i.e., \( n \mid (d_1 \cdot d_2 \cdot \ldots \cdot d_k - (d_1 + d_2 + \ldots + d_k)) \), where \( d_1, d_2, \ldots, d_k \) a...
1465	0.555556	number_theory	2022	Let \( P(x) \) be a polynomial with integer coefficients such that \( P(1) = 2023 \) and \( P(2023) = 1 \). If \( P(x) \) has a degree \( d \) where \( d \leq 2023 \), determine the maximum possible value of \( d \) for which there exists ...
1466	0.666667	number_theory	2	Find the smallest positive integer \( n \) such that the polynomial \( P(x) = x^n + x^{n-1} + \cdots + x + 1 \) has a root that is a complex number of the form \( \omega = e^{2\pi i k/m} \), where \( k \) and \( m \) are coprime positive i...
1467	0.333333	number_theory	10	What is the smallest positive integer \( n \) such that the polynomial \( P(x) = x^5 + ax^4 + bx^3 + cx^2 + dx + e \) with integer coefficients has exactly two distinct real roots and all other roots are complex conjugates, and the product...
1468	0.444444	number_theory	(-1, 1), (2, 1), (2, 2)	Find all integer solutions \((x, y)\) to the equation \(x^3 + 2y^2 = 3xy + 4\).
1469	0.333333	number_theory	18	Let \( P(x) \) be a polynomial with integer coefficients such that \( P(1) = 17 \) and \( P(17) = 1 \). Determine the maximum possible value of \( P(0) \).
1470	0.555556	number_theory	1	Find all positive integers \( n \) such that \( n^3 - 3n + 1 \) divides \( n^4 + 5n^2 + 4 \).
1471	0.444444	number_theory	3	Find all positive integers \( n \) such that the polynomial \( P(x) = x^n + x^{n-1} + \cdots + x + 1 \) can be expressed as the product of two non-constant polynomials with integer coefficients.
1472	0.555556	combinatorics	1	Find the number of ways to tile a 2x10 grid with 1x2 dominoes and 2x1 dominoes such that no two dominoes of the same orientation are adjacent, and the grid must start with a vertical domino.
1473	0.444444	number_theory	3	Let \( S \) be a set of \( n \) distinct integers, where \( n \) is a positive integer. Define a function \( f: S \to \mathbb{Z} \) such that for any two distinct elements \( a, b \in S \), the difference \( |f(a) - f(b)| \) is always a pr...
1474	0.555556	combinatorics	n	In a grid of size $n \times n$, where each cell is either black or white, a move consists of choosing a row or a column and flipping the color of each cell in that row or column. Determine the smallest number of moves required to change a ...
1475	0.555556	algebra	1	Let \( P(x) \) be a polynomial of degree \( n \) with real coefficients such that \( P(0) = 1 \) and \( P(x) \) has \( n \) distinct real roots. Define the sequence \( a_k \) for \( k \geq 0 \) by \[ a_k = P(1) + P(2) + \cdots + P(k). \] D...
1476	0.777778	geometry	2	Find the smallest positive integer \( n \) such that there exist integers \( a_1, a_2, \ldots, a_{2n} \) satisfying: 1. \( 1 \leq a_i \leq n \) for all \( i \), 2. The sum of the first \( n \) terms is equal to the sum of the last \( n \) ...
1477	0.333333	geometry	4	In the Cartesian coordinate plane, consider a rectangle with vertices at \((0, 0)\), \((a, 0)\), \((0, b)\), and \((a, b)\), where \(a\) and \(b\) are positive integers. Let \(P\) be a point inside the rectangle such that the distance from...
1478	0.333333	number_theory	\frac{1}{5}	In a finite sequence of numbers, each term after the first is determined by multiplying the previous term by a constant factor and then subtracting the product of the digits of the previous term. If the first term is 13 and the fifth term ...
1479	0.444444	number_theory	5	Find the smallest positive integer \( n \) such that the polynomial \( P(x) = x^n + x^{n-1} + \cdots + x + 1 \) is divisible by \( Q(x) = x^2 - 3x + 1 \).
1480	0.444444	geometry	0	Find all positive integers \( n \) such that \( n^3 + 10n \) is a perfect square.
1481	0.444444	geometry	(2, 2)	In the kingdom of Numbers, there is a magical square where the sum of any three adjacent numbers forms a prime number. If the first row of the square is \(1, 4, x\) and the second row is \(y, 3, 2\), determine all possible values for \(x\)...
1482	0.444444	number_theory	4	Let \( f(x) \) be a polynomial with integer coefficients such that \( f(0) = 1 \) and \( f(1) = 2 \). Suppose further that for every positive integer \( n \), the equation \( f(n) = n! \) has exactly two distinct integer solutions. Determi...
1483	0.444444	number_theory	3	Let \( S \) be the set of all positive integers \( n \) such that the decimal representation of \( \frac{1}{n} \) is a repeating decimal with the smallest possible period. Prove that there exists a positive integer \( m \) such that \( m \...
1484	0.777778	geometry	PA^2 + PB^2 + PC^2 = \frac{3}{2}(AB^2 + BC^2 + CA^2) - 4R^2 - \frac{2\Delta}{R}	Let \( ABC \) be an acute triangle with circumradius \( R \). Let \( P \) be a point inside the triangle such that the distances from \( P \) to the sides \( BC \), \( CA \), and \( AB \) are \( d_a \), \( d_b \), and \( d_c \), respective...
1485	0.555556	number_theory	2	Find all integers \( n \) for which there exists an infinite sequence of positive integers \( a_1, a_2, a_3, \ldots \) satisfying the following conditions: 1. \( a_1 = n \) 2. For all \( k \geq 1 \), \( a_{k+1} = a_k^2 - 2 \) 3. There exis...
1486	0.333333	number_theory	91	Find the number of positive integers \( n \) less than 2024 that can be expressed as the product of two distinct prime numbers \( p \) and \( q \) (i.e., \( n = pq \)), such that \( n \) satisfies the equation \( n^2 - 1 \) being divisible...
1487	0.555556	number_theory	2	Find the smallest positive integer \( n \) such that \( n \) divides \( 12n + 14 \) but does not divide \( 12n + 13 \).
1488	0.444444	number_theory	6	Let \( S \) be the set of all ordered triples \( (a, b, c) \) of positive integers such that \( a^2 + b^2 + c^2 = 2023 \). Define \( T \) as the subset of \( S \) where \( a, b, \) and \( c \) are pairwise coprime. Find the number of eleme...
1489	0.666667	number_theory	3 \times 2^{2020}	Consider all 2023-digit numbers in base 5 with digits 0 or 1. Define a subset \(B\) where each number has exactly two 1s and one 0 in the first three digits. Determine the number of such numbers.
1490	0.555556	geometry	\infty	Let \( P(x) = x^5 + ax^4 + bx^3 + cx^2 + dx + e \) be a polynomial with integer coefficients and five distinct real roots. Suppose that for all \( i \) from 1 to 4, the sum of the squares of the first \( i \) roots of \( P(x) \) is an inte...
1491	0.444444	algebra	1240253	In a geometric sequence, the first term is 2 and the common ratio is 3. After the 10th term, the sequence switches to an arithmetic sequence with a common difference of 5. What is the sum of the first 20 terms of the combined sequence?
1492	0.666667	number_theory	1, 2, 6	Find all positive integers \( n \) such that \( n \) divides \( 2^n + 2 \).
1493	0.444444	number_theory	1	In the complex plane, let $P$ be the set of points that can be expressed as $z^n$ for some complex number $z$ with $|z| = 1$ and integer $n \geq 1$. A subset $S$ of $P$ is called "dense" if every point in $P$ lies within a distance of $0.0...
1494	0.777778	algebra	8	Let $a,b,c$ be positive real numbers with $abc=1$. Prove that for any real number $x$: \[ (a^x + b^x)(b^x + c^x)(c^x + a^x) \geq 8.\]
1495	0.444444	number_theory	(4, 3), (-4, -3), (3, 4), (-3, -4)	Find all the real numbers $x$ and $y$ satisfying both equations $x^2 + y^2 = 25$ and $xy = 12$. Verify if there are integer solutions among them.
1496	0.333333	geometry	(-12, 47)	Find all pairs of integers \( (m, n) \) such that the polynomial \( P(x) = x^3 + mx^2 + nx + m \) has roots that are the sides of a right triangle, with the roots being integers.
1497	0.777778	number_theory	3	Find the smallest positive integer \( n \) such that the sum of the digits of \( n! \) (the factorial of \( n \)) is equal to the sum of the digits of \( (n+1)! \).
1498	0.444444	geometry	30	Let \( ABC \) be an isosceles triangle with \( AB = AC \) and \( \angle BAC = 20^\circ \). Let \( D \) be a point on \( AC \) such that \( \angle ABD = 30^\circ \). Let \( E \) be a point on \( AB \) such that \( \angle ACE = 50^\circ \). ...
1499	0.444444	geometry	10202	Let \( P(x) \) be a polynomial with integer coefficients such that \( P(1) = 100 \), \( P(100) = 1 \), and \( P(101) = 201 \). Given that \( P(x) \) has exactly one real root, find the sum of the squares of the coefficients of \( P(x) \).
1500	0.333333	number_theory	3	Find all positive integers \( n \) such that the equation \[ x^2 + y^2 + z^2 = nxyz \] has infinitely many solutions in positive integers \( x, y, z \).
1501	0.444444	combinatorics	1	In a magical land, there are three types of creatures: dragons, unicorns, and griffins. Dragons always tell the truth, unicorns always lie, and griffins alternate between truth and lies. One day, a traveler meets these creatures and asks e...
1502	0.333333	number_theory	2023	A sequence of positive integers \(a_1, a_2, a_3, \ldots, a_n\) is called "Zephyrian" if it satisfies the following conditions: 1. \(a_1 = 1\) 2. For all \(k \geq 2\), \(a_k\) is the smallest integer greater than \(a_{k-1}\) that does not s...
1503	0.555556	algebra	3	Consider the function $f(x) = x^3 - 3x^2 + 2x + 1$. Determine the number of distinct real roots of the equation $f(f(x)) = 0$. Provide your answer in terms of the number of real roots and their multiplicities.
1504	0.444444	combinatorics	12 \left(1 - \left(\dfrac{11}{12}\right)^{10}\right)	In a mysterious forest, there are 12 different types of magical trees, each bearing a unique fruit. A group of 10 mystical fairies decide to collect fruits from these trees. Each fairy chooses a type of fruit with equal probability, and th...
1505	0.444444	number_theory	2	Find all prime numbers \( p \) for which the equation \[ x^4 - px^3 + x^2 - px + 1 = 0 \] has exactly two distinct real roots.
1506	0.444444	algebra	-1	Let \(f(x)\) be a polynomial of degree 4 such that \(f(x) = x^4 + ax^3 + bx^2 + cx + d\) and it has roots at \(1, 2, 3,\) and \(4\). If the sum of all the coefficients of \(f(x)\) is 10, find the value of \(a + b + c + d\).
1507	0.555556	geometry	2	Find all prime numbers \( p \) such that there exists a natural number \( n \) with the property that \( n^2 + pn + p \) is a perfect square.
1508	0.444444	number_theory	1	A sequence of numbers \(a_1, a_2, a_3, \ldots\) is defined by \(a_1 = 1\) and \(a_{n+1} = \frac{a_n}{a_n + 2}\) for all integers \(n \geq 1\). If \(p_n = a_1 a_2 \ldots a_n\), determine the value of \(\sum_{n=1}^{100} \frac{1}{p_n}\).
1509	0.555556	number_theory	205	What is the smallest positive integer \( n \) such that the number \( n! \) has exactly 50 trailing zeros?
1510	0.444444	number_theory	2	A sequence of numbers \(a_1, a_2, a_3, \ldots\) is defined as follows: \[ a_1 = 1, \] \[ a_{n+1} = a_n^2 - 2 \quad \text{for} \quad n \geq 1. \] Let \(S\) be the set of all possible values of \(a_n \mod 1000\) for \(n \geq 1\). Determine t...
1511	0.666667	geometry	\frac{h^2}{6r^2}	A sphere is inscribed in a right circular cylinder of height $h$ and radius $r$. If the sphere touches the base of the cylinder at exactly one point, what is the ratio of the volume of the sphere to the volume of the cylinder? Express your...
1512	0.555556	number_theory	9	Let \( S \) be a set of integers from 1 to \( n \) inclusive, where \( n \) is a positive integer. Define a function \( f(S) \) as the number of subsets of \( S \) that contain at least one odd number. If \( f(S) = 385 \), find the value o...
1513	0.444444	number_theory	1	Find all positive integers \( n \) such that the polynomial \( P(x) = x^n + x^{n-1} + \cdots + x + 1 \) divides the polynomial \( Q(x) = x^{2n} + x^{2n-1} + \cdots + x + 1 \) in the ring of polynomials with integer coefficients. Prove that...
1514	0.444444	geometry	\emptyset	Let $S$ be the set of all positive integers. Define a function $f: S \to S$ such that $f(n) = n^2 + 2n + 2$ for all $n \in S$. Let $T$ be the set of all positive integers $k$ such that $f(k)$ is a perfect square. Prove that the set $T$ is ...
1515	0.444444	algebra	3	Consider the function \(f(x) = x^5 - 3x^4 + 5x^3 - 7x^2 + 9x - 11\). Determine the number of distinct real roots of \(f(x)\) and find the sum of the absolute values of these roots.
1516	0.666667	algebra	\frac{1}{27}, \frac{512}{27}	Find all real solutions to the equation: \[ \sqrt[3]{x} + \sqrt[3]{19 - x} = 3. \] Note: You may assume that the cubic roots involved are real. Assistant: <question> Find all real solutions to the equation: \[ \sqrt[3]{x} + \sqrt[3]{19 - x...
1517	0.750000	number_theory	-2025!	Let \( P(x) \) be a polynomial of degree 2024 with real coefficients. It is known that the polynomial has roots at \( 1, 2, 3, \ldots, 2025 \) and that \( P(0) = 2025! \). Additionally, \( P(x) \) satisfies the condition that for any integ...
1518	0.555556	other	0	有一个整数序列 \(a_1, a_2, \ldots, a_{10}\)，其中每个 \(a_i\) 都是 \(1\) 到 \(10\) 之间的不同整数。我们定义 \(S\) 为所有 \(a_i\) 的和，\(P\) 为所有 \(a_i\) 的乘积。现在，我们需要找到满足以下条件的序列数量： 1. \(S\) 是 \(P\) 的因子。 2. 序列中的任意两个数之和都不是 \(11\) 的倍数。 请计算符合条件的序列数量。
1519	0.444444	number_theory	1012	Let $S$ be the set of all integers $n$ such that $1 \leq n \leq 2024$ and $n$ can be expressed as the sum of two distinct positive integers $a$ and $b$ where $a^2 + b^2$ is divisible by $n$. Determine the number of elements in $S$.
1520	0.666667	number_theory	1	Let $f(x)$ be a polynomial with integer coefficients such that $f(1) = 2$ and $f(2) = 5$. Define $g(x) = f(f(x))$. Find the number of possible values of $g(3)$.
1521	0.666667	number_theory	8	What is the largest integer $n$ for which $100$ can be expressed as a sum of $n$ consecutive positive integers?
1522	0.333333	algebra	3	Find all real solutions to the equation: \[ \log_2(x^2 - 4x + 5) + \log_2(x^2 + 2x + 3) = 5 \]
1523	0.555556	number_theory	0	Let \( P(x) \) be a polynomial with integer coefficients such that \( P(1) = 2023 \), and for every positive integer \( n \), \( P(n) \) is divisible by \( n \). Determine the maximum possible value of \( P(0) \).
1524	0.375000	geometry	8	Given a sequence of positive integers \(a_1, a_2, a_3, \ldots, a_n\) where \(a_{k+1} = a_k + d_k\) for \(k \geq 1\), and each \(d_k\) is a positive integer less than or equal to 100, find the smallest possible value of \(n\) such that the ...
1525	0.777778	geometry	2024	Given a complex number \( z = x + yi \) where \( x \) and \( y \) are integers, consider the sequence defined by \( a_n = z^n + \overline{z}^n \), where \( \overline{z} \) denotes the complex conjugate of \( z \). Determine the smallest po...
1526	0.555556	geometry	2	In a triangular park, the vertices are at points A, B, and C. The side lengths are given by AB = 13, BC = 14, and CA = 15. A smaller triangular area within the park is created by connecting the midpoints of each side of the original triang...
1527	0.666667	geometry	1	Find the smallest positive integer \( n \) such that the sum of the cubes of the first \( n \) positive integers is a perfect square and the sum of the fourth powers of the first \( n \) positive integers is a perfect cube. That is, find \...
1528	0.375000	number_theory	999	Let \( S \) be the set of all positive integers that can be expressed as the sum of two positive integers \( a \) and \( b \) such that \( a \) and \( b \) are relatively prime (i.e., \(\gcd(a, b) = 1\)). Find the number of elements in the...
1529	0.555556	number_theory	0	In a finite sequence of numbers, each term after the first is determined by the previous term using the recurrence relation $a_{n+1} = 3a_n + 4$. If the initial term $a_1 = 1$, find the remainder when the sum of the first 20 terms of this ...
1530	0.666667	geometry	0	In the complex plane, let \( z_1, z_2, \) and \( z_3 \) be the roots of the polynomial \( P(z) = z^3 + 4z^2 + 5z + 2 \). Compute the area of the triangle formed by the points \( z_1, z_2, \) and \( z_3 \).
1531	0.333333	number_theory	2	Let f(n) be the smallest integer k such that the equation x² + ky + n = 0 has no real solutions for y. Find f(50) + f(2023).
1532	0.555556	number_theory	1	Find all positive integers \( n \) such that the equation \( x^3 + y^3 + z^3 = n \cdot (x + y + z) \) has no solutions in positive integers \( x, y, z \) where \( x, y, \) and \( z \) are not all equal to each other.
1533	0.333333	algebra	10	In a magical forest, there are three types of trees: magical, mystical, and mythical. A young botanist notices that the sum of the ages of all the trees is exactly 1000 years. She also observes that each type of tree has an equal number of...
1534	0.333333	number_theory	4	Let $f(x) = x^4 - 6x^3 + 11x^2 - 6x + 1$ be a polynomial with integer coefficients. Suppose $p$ and $q$ are distinct prime numbers such that $p \equiv q \equiv 1 \pmod{4}$. Define a sequence $(a_n)$ by $a_1 = p$, $a_2 = q$, and for $n \geq...
1535	0.333333	geometry	f(x, y) = x^2 + y^2 - 1	There exists a function \(f(x, y)\) which is continuous and differentiable everywhere in the plane. Let \(P\) be a point on the curve defined by \(f(x, y) = 0\) such that the partial derivative of \(f\) with respect to \(x\) at \(P\) is ze...
1536	0.444444	number_theory	10	Let \( P(x) \) be a polynomial of degree 10 with integer coefficients. Suppose \( P(n) = P(-n) \) for \( n = 1, 2, 3, \ldots, 10 \). Determine the number of distinct integer roots of \( P(x) \).
1537	0.555556	geometry	93	AIME-style problem: Let $S$ be the set of all positive integers that can be expressed as a sum of distinct powers of 3. For example, $10 = 3^2 + 3^0$ is in $S$. If $n$ is the smallest integer greater than 2023 such that $2023 + n$ is a per...
1538	0.777778	other	2018	In a city, there are 2018 distinct roads connecting \(2018\) different neighborhoods. No two roads intersect at more than one neighborhood. It is known that any three neighborhoods can be connected by exactly one of the roads. Determine th...
1539	0.777778	geometry	4	Find the smallest positive integer \( n \) such that the polynomial \( P(x) = x^n + 1 \) has all its non-real complex roots lie on a circle with radius \( \sqrt{2} \) centered at the origin in the complex plane.
1540	0.333333	geometry	6	Let \( ABCD \) be a cyclic quadrilateral with side lengths \( AB = 5 \), \( BC = 6 \), \( CD = 7 \), and \( DA = 8 \). Let \( M \) and \( N \) be the midpoints of sides \( AB \) and \( CD \) respectively. Diagonals \( AC \) and \( BD \) in...
1541	0.444444	number_theory	155	A sequence of positive integers \(a_1, a_2, a_3, \ldots\) is defined by the initial conditions \(a_1 = 1\) and \(a_2 = 2\), and the recursive relation \(a_{n+2} = a_{n+1} + a_n\) for all \(n \geq 1\). Let \(S\) be the sum of all the terms ...
1542	0.333333	number_theory	\infty	Find all integers \( n \) such that the equation \( n^3 + 3n^2 + 3n + 1 = 2k^2 \) holds for some integer \( k \). How many such integers \( n \) are there?
1543	0.777778	geometry	7	A sequence of positive integers is defined recursively as follows: $a_1 = 1$, $a_2 = 2$, and for $n \geq 3$, $a_n = 2a_{n-1} + a_{n-2}$. Find the smallest positive integer $k$ such that $a_k$ is a perfect square.
1544	0.333333	number_theory	0	Let $f(x) = x^4 + ax^3 + bx^2 + cx + d$ be a polynomial with real coefficients, where $a, b, c, d$ are integers. Suppose that $f(x)$ has four distinct real roots, all of which are prime numbers. Furthermore, it is given that $f(1) = 2023$....
1545	0.333333	geometry	0	Find all positive integers \( n \) such that \( n^3 + 2001n^2 + 1 \) is a perfect square.
1546	0.777778	number_theory	2	Find the smallest positive integer \( n \) such that the number of distinct prime factors of \( n \) is equal to the number of distinct prime factors of \( n^2 + n + 1 \).
1547	0.444444	algebra	c \in (0,1)	Let \( f(x) \) be a continuous function on the interval \([0, 1]\) such that \(\int_0^1 f(x) \, dx = 1\) and \(\int_0^1 x f(x) \, dx = \frac{1}{2}\). Prove that there exists at least one \( c \in (0, 1) \) such that \( f(c) = 2c \).
1548	0.333333	number_theory	(1, 2), (2, 1)	Find all pairs of positive integers \((a, b)\) such that \(a^2 + b^2\) is divisible by \(ab - 1\).
1549	0.333333	number_theory	a_N > m	There exists a sequence of positive integers \(a_1, a_2, \ldots, a_n\) such that \(a_1 = 1\) and for every integer \(k\) from 1 to \(n-1\), \(a_{k+1} = a_k^2 + a_k + 1\). Prove that for any positive integer \(m\), there exists an integer \...
1550	0.444444	algebra	0	Let $a, b,$ and $c$ be distinct complex numbers such that $a^3 = b^3 = c^3 = 1$ and $a + b + c = 0$. Find the value of the expression \[ \frac{a^5 + b^5 + c^5}{a + b + c}. \]
1551	0.333333	other	3	在平面上，给定 \(n\) 个点，其中任意三点不共线。从这些点中选出若干个，使得这些点形成一个凸多边形，并且这个凸多边形的面积是所有可能形成的凸多边形中面积最大的。如果存在多个面积最大的凸多边形，选择其中包含点数最多的那个。 具体来说，设 \(P_1, P_2, \ldots, P_n\) 是这 \(n\) 个点的集合。我们需要找到一个凸多边形，它是由这些点中的某些点组成的，并且该凸多边形的面积最大化。如果有多个面积相等的凸多边形，那么我们选择其中包含点数最多的那个。 请给...
1552	0.666667	number_theory	20	Given a sequence of positive integers \(a_1, a_2, a_3, \ldots, a_n\) such that for every \(i = 1, 2, \ldots, n-1\), \(a_{i+1}\) is the smallest positive integer greater than \(a_i\) that is not relatively prime to \(a_i\). Starting with \(...
1553	0.444444	number_theory	65	Find the smallest positive integer \( n \) such that the equation \( x^2 + y^2 = n \) has exactly 5 solutions in positive integers \( (x, y) \), where \( x \) and \( y \) are distinct.
1554	0.555556	geometry	2	In the complex plane, let $A$ be the point represented by the complex number $z$. Suppose there exists a complex number $w$ such that the points $A$, $w$, and $w^2$ are collinear and form an equilateral triangle with $w$ and $w^2$. Given t...
1555	0.333333	geometry	\dfrac{\sqrt{3}}{2} r^2	A regular hexagon is inscribed in a circle of radius $r$. Points are chosen on the circle such that they divide the circle into six equal arcs. If these points are connected to form a star, what is the area of the star in terms of $r$?
1556	0.333333	algebra	-1024	In the complex plane, let $P(z)$ be a polynomial of degree $7$ with real coefficients, and suppose that the roots of $P(z)$ are the vertices of a regular heptagon centered at the origin. If $P(1) = 1024$, find the value of $P(-1)$.
1557	0.555556	geometry	1820	In a circular arrangement of 20 distinct points, how many ways can you select 4 non-consecutive points? The selection must form a smaller circle inside the original circle, ensuring no two selected points are adjacent.
1558	0.777778	number_theory	11	Find the smallest positive integer \( n \) such that the equation \( x^2 - nx + 30 = 0 \) has exactly two distinct integer solutions for \( x \). Prove that no smaller \( n \) exists.
1559	0.666667	number_theory	1	A function \( f: \mathbb{Z} \to \mathbb{Z} \) satisfies the following conditions: 1. \( f(0) = 1 \). 2. For any integers \( x \) and \( y \), \( f(x+y) = f(x)f(y) - f(x) - f(y) + 2 \). Find the value of \( f(10) \).
1560	0.555556	geometry	3	In a 3D coordinate system, consider a sphere centered at the origin with radius \(r\). A plane intersects the sphere creating a circle with radius \(s\). If the plane is tilted such that it makes an angle \(\theta\) with the xy-plane (wher...
1561	0.666667	algebra	0	Let \( f: \mathbb{R} \rightarrow \mathbb{R} \) be a function satisfying the inequality \( |f(x) - f(y)| \leq |x - y|^2 \) for all \( x, y \in \mathbb{R} \). Show that there is a unique fixed point \( x_0 \) for \( f \). Determine \( x_0 \).
1562	0.555556	number_theory	6	Find all positive integers \( n \) such that there exist positive integers \( a, b, \) and \( c \) satisfying the equation \( a^2 + b^2 + c^2 + 3abc = n^2 \).
1563	0.444444	other	4	In a certain network of towns, there are \(10\) towns connected by \(15\) bidirectional roads, such that each town has at least \(3\) roads connecting it to other towns. Prove that there exists a set of \(4\) towns such that every pair of ...
1564	0.666667	other	n	给定一个有\(n\)个顶点的完全图\(K_n\)，其中每个顶点代表一个国家，每条边连接的是两个可以直接通信的国家。现在想要用最小数量的颜色来为这些国家着色，使得任意两个直接通信的国家颜色不同。假设有一个额外条件，即对于任何三元组\((A, B, C)\)，如果\(A\)和\(B\)直接通信且\(B\)和\(C\)直接通信，则\(A\)和\(C\)也必须直接通信。对于所有可能的\(n \geq 4\)，找出满足上述条件的最小着色所需的最少颜色数。
1565	0.333333	geometry	4	In the coordinate plane, let \( A = (0, 0) \), \( B = (3, 4) \), and \( C = (x, y) \) be points such that \( \triangle ABC \) is a right triangle with the right angle at \( C \). Given that the area of \( \triangle ABC \) is 12 square unit...
1566	0.333333	number_theory	6	Find all positive integers \( n \) such that the equation \[ x^3 - y^2 = n \] has exactly three pairs of positive integer solutions \((x, y)\).
1567	0.777778	geometry	1	Find all positive integers \( n \) such that the sum of the squares of the first \( n \) positive integers is a perfect cube. That is, solve for \( n \) in the equation: \[ 1^2 + 2^2 + 3^2 + \cdots + n^2 = k^3 \] for some positive integer ...
1568	0.444444	number_theory	1	Find all positive integers \( n \) such that the polynomial \( P(x) = x^n + 2x^{n-1} + 3x^{n-2} + \cdots + nx + (n+1) \) has at least one integer root.
1569	0.444444	number_theory	2	Find all positive integers \( n \) such that the expression \( \frac{n^3 + 200}{n^2 + 4} \) is an integer and determine the sum of all such \( n \).
1570	0.333333	number_theory	7	Let \( S \) be a finite set of integers. Define \( f(S) \) as the sum of all elements in \( S \), and \( g(S) \) as the product of all elements in \( S \). Suppose \( S \) satisfies the condition \( f(S) + g(S) = 2024 \) and every element ...
1571	0.666667	number_theory	1	Let \( \{a_n\} \) be a sequence defined by \( a_1 = 1 \) and \( a_{n+1} = a_n + \frac{1}{n(n+1)} \) for \( n \geq 1 \). Prove that there exists a positive integer \( k \) such that \( a_k \) is an integer.
1572	0.666667	algebra	\frac{55}{6}	Let $f: \mathbb{R} \to \mathbb{R}$ be a continuous function such that for every positive real number $x$, the following equation holds: $$f\left(\frac{1}{x}\right) + 2f(x) = 3x.$$ Determine $f(2) + f(3)$.
1573	0.333333	number_theory	105625	Determine the number of ordered triples \((a, b, c)\) of positive integers such that \(a \cdot b \cdot c = 6^{24}\) and \(a\), \(b\), and \(c\) are pairwise coprime.
1574	0.666667	geometry	\frac{r\sqrt{13}}{2}	Let \( P \) be a regular hexagon inscribed in a circle of radius \( r \). Let \( A \) and \( B \) be two adjacent vertices of the hexagon, and let \( C \) and \( D \) be the other two vertices adjacent to \( A \) and \( B \), respectively....
1575	0.777778	number_theory	1494	A sequence of numbers starts with 1 and each subsequent number is the sum of all the previous numbers in the sequence plus the smallest prime number that has not yet appeared in the sequence. What is the 10th number in this sequence?
1576	0.555556	number_theory	1	Find all positive integers \( n \) for which the expression \(\left\lfloor\frac{2^{2n+2}}{2^{2n+1} + 2^n + 1}\right\rfloor - 2^{n-1}\) is an integer, where \(\lfloor \cdot \rfloor\) denotes the floor function.
1577	0.444444	number_theory	60	Let \( S \) be the set of all positive integers \( n \) such that there exists a positive integer \( k \) with \( n = k^3 - k \). Find the smallest integer \( m \) such that \( m \in S \) and for every \( n \in S \) with \( n \leq m \), th...
1578	0.333333	number_theory	0	Find all positive integers \( n \) such that the polynomial \( P(x) = x^n + nx^{n-1} + (n-1)x^{n-2} + \cdots + 2x + 1 \) has an integer root.
1579	0.555556	geometry	\frac{8\sqrt{5}}{5}	In the triangle \(ABC\), \(AB = AC = 12\) and \(BC = 16\). A circle is inscribed in the triangle, touching \(BC\) at \(D\). The circle also touches \(AB\) and \(AC\) at \(E\) and \(F\) respectively. Find the length of the segment \(DE\).
1580	0.333333	geometry	\sqrt{8}	In the complex plane, let $z_1 = 1 + i$ and $z_2 = 1 - i$ be the vertices of a square $ABCD$, where $A$ is at the origin and $B$ is at $z_1$. If $C$ and $D$ are chosen such that $ABCD$ is a square oriented counterclockwise and the side len...
1581	0.333333	number_theory	10	Consider a sequence of integers \((a_n)\) defined by \(a_1 = 1\), \(a_2 = 2\), and for \(n \geq 3\), \(a_n\) is the smallest integer greater than \(a_{n-1}\) such that the polynomial \(P(x) = x^3 + a_n x^2 + a_{n-1} x + a_{n-2}\) has three...
1582	0.555556	combinatorics	0	In a tournament with 100 teams, each team plays exactly one game against each of the other teams. The outcomes of the games are completely random, with each team having a 50% chance of winning any game they play. What is the probability th...
1583	0.666667	geometry	0	In the complex plane, consider a square $ABCD$ with vertices $A$, $B$, $C$, and $D$ arranged in counterclockwise order. Let $z_1, z_2, z_3, z_4$ be the complex numbers representing $A, B, C, D$ respectively. If the square rotates $90^\circ...
1584	0.333333	number_theory	1	Let $f(x)$ be a polynomial with integer coefficients such that $f(1) = 2023$ and $f(2023) = 1$. For how many integers $n$ is $f(n) = 0$?
1585	0.333333	number_theory	10	Consider the infinite sequence \( S = \{s_1, s_2, s_3, \ldots\} \) defined by \( s_n = n^2 + 1 \). For each positive integer \( k \), let \( N(k) \) be the number of distinct positive divisors of the product of the first \( k \) terms of t...
1586	0.666667	algebra	4	Let $f : \mathbb{R} \to \mathbb{R}$ be a function satisfying \[f(x + f(y)) = f(x) + f(y) + 2xy\] for all $x, y \in \mathbb{R}$. Find all possible values of $f(2)$.
1587	0.555556	number_theory	1, 2	Find all positive integers \( n \) such that the number of divisors of \( n \) is exactly equal to the sum of the digits of \( n \).
1588	0.555556	number_theory	7	Find all prime numbers \( p \) such that the equation \( p^2 + 1 = 2q^2 \) has a solution for some prime number \( q \). Prove your solution.
1589	0.555556	number_theory	1	Let \( P(x) \) be a monic polynomial of degree \( n \) with real coefficients, and let \( \alpha \) be a real number such that \( P(\alpha) = 0 \). Suppose that for every integer \( k \) with \( 1 \leq k \leq n \), the equation \( P(x) = k...
1590	0.444444	number_theory	6	Find all positive integers \( n \) such that the equation \[ \frac{1}{x} + \frac{1}{y} + \frac{1}{z} = \frac{1}{n} \] has exactly 24 distinct solutions in positive integers \( x, y, z \) where \( x \leq y \leq z \).
1591	0.444444	number_theory	0	Find all integers \( n \) such that the equation \[ x^3 + y^3 + z^3 = n \] has infinitely many solutions in positive integers \( x, y, \) and \( z \).
1592	0.666667	number_theory	1	In the infinite sequence \(\{a_n\}\), each term is the sum of the reciprocals of all positive integers up to \(n\), i.e., \(a_n = \sum_{k=1}^{n} \frac{1}{k}\). Find the smallest positive integer \(n\) such that \(a_n\) is an integer.
1593	0.444444	number_theory	1	Determine the number of positive integers \( k \) such that the equation \( x^3 + y^3 = k \cdot z^3 \) has integer solutions in \( x, y, z \) with \( \gcd(x, y, z) = 1 \).
1594	0.666667	number_theory	1	Let \( f(x) \) be a polynomial with integer coefficients such that \( f(0) = 0 \) and \( f(1) = 1 \). If \( f(n) \) is always divisible by \( n \) for all positive integers \( n \), find the smallest possible degree of \( f(x) \).
1595	0.555556	number_theory	2	Find all integers \( n \) such that the equation \( x^2 - ny^2 = 1 \) has exactly two solutions in positive integers \( (x, y) \).
1596	0.777778	geometry	6	In the Cartesian coordinate system, let $P$ be a point on the ellipse $\frac{x^2}{16} + \frac{y^2}{9} = 1$. Let $A$ be the intersection of the line tangent to the ellipse at $P$ and the $y$-axis. Find the maximum area of $\triangle OPA$.
1597	0.555556	number_theory	9	In a complete graph \( K_{10} \), each vertex is labeled with a distinct integer from 1 to 10. We are allowed to perform the following operation: choose any edge, remove it, and add two new edges connecting the endpoints of the chosen edge...
1598	0.666667	number_theory	1	Consider a sequence of real numbers \( \{a_n\} \) defined by \( a_1 = 1 \) and \( a_{n+1} = \frac{a_n^2}{2} + a_n \) for all \( n \geq 1 \). Let \( S \) be the set of all positive integers \( k \) for which the sequence \( \{a_k\} \) is un...
1599	0.625000	algebra	4092530	Let \(f: \mathbb{R} \to \mathbb{R}\) be a continuous function such that for all \(x, y \in \mathbb{R}\), the following functional equation holds: \[f(x + y) + f(x - y) = 2f(x) + 2f(y)\] Given that \(f(0) = 1\) and \(f(1) = 2\), find the va...
1600	0.666667	number_theory	3	Let \( P(x) \) be a monic polynomial of degree 6 with integer coefficients such that \( P(1) = 2 \), \( P(2) = 4 \), and \( P(3) = 6 \). If \( P(x) \) has a rational root \( r \) that is also an integer, determine the maximum possible valu...
1601	0.777778	number_theory	1	Let $a_1, a_2, \ldots, a_{10}$ be a sequence of positive integers such that $a_1 = 1$ and for each $k \geq 2$, the number $a_k$ is the smallest positive integer that satisfies the equation $a_k + a_{k-1} = 2a_{k-2}$. Find the value of $a_{...
1602	0.555556	geometry	0.02	In the bustling city of Mathopolis, there are three intersecting circular roads, each with a different radius. The first road has a radius of 3 km, the second has a radius of 4 km, and the third has a radius of 5 km. All roads share a comm...
1603	0.666667	number_theory	1, 2	Find all positive integers $n$ for which there exist non-negative integers $a_1, a_2, \ldots, a_n$ such that: \[ a_1 + a_2 + \cdots + a_n = a_1 a_2 \cdots a_n = n^2. \]
1604	0.333333	number_theory	101	Let \( S \) be the set of all positive integers \( n \) such that there exists a positive integer \( k \) satisfying the following conditions: 1. \( n \) divides \( 2^k + 3^k \). 2. \( n \) is not a power of 2. Find the smallest element of...
1605	0.555556	geometry	\frac{\sqrt{1561}}{14}	Let \( ABC \) be a triangle with \( AB = 5 \), \( BC = 7 \), and \( CA = 8 \). Point \( D \) lies on side \( BC \) such that \( BD = 2 \) and \( DC = 5 \). Let \( E \) be the midpoint of \( AD \). Find the length of \( BE \).
1606	0.444444	algebra	f(x) = 0	Find all functions \( f: \mathbb{R} \to \mathbb{R} \) such that for all real numbers \( x \) and \( y \), \[ f(xy) = f(x+y) - f(x) - f(y). \]
1607	0.777778	number_theory	\int_0^1 f(x) \, dx	Let \( f(x) \) be a continuous, non-constant, real-valued function defined on the interval \([0,1]\) such that \( f(0) = f(1) \). For any positive integer \( n \), define \( S_n \) as the sum \[ S_n = \sum_{k=0}^{n-1} f\left(\frac{k}{n}\ri...
1608	0.333333	geometry	3k + 1	Find all positive integers \( n \) such that the sum of the squares of the first \( n \) positive integers is divisible by the sum of the first \( n \) positive integers. Formally, solve for \( n \) where \( \sum_{k=1}^{n} k^2 \) is divisi...
1609	0.444444	geometry	n+1	Let \( n \) be a positive integer. Consider the region in the plane bounded by the lines \( x = 0 \), \( y = 0 \), \( x = n \), and \( y = n \). Define a function \( f(n) \) as the number of lattice points (points with integer coordinates)...
1610	0.333333	number_theory	1	In a small town, there are \( n \) individuals, each having a unique integer IQ score ranging from 1 to \( n \). Every day, the mayor arranges a competition where participants are chosen such that the difference in their IQ scores is exact...
1611	0.333333	geometry	1012	In a magical forest, there are 2023 trees, each with a unique number of leaves ranging from 1 to 2023. A wizard casts a spell that allows him to select a subset of trees such that the product of the number of leaves on any two trees in the...
1612	0.555556	geometry	3	Find all positive integers \( n \) such that there exists a set of \( n \) points in the plane, no three collinear, with the property that every triangle formed by three points from this set has an area of an integer.
1613	0.333333	other	4\sqrt{2}	在三维空间中，有一个正方体ABCD-EFGH，边长为4。点M和N分别是棱AB和CD的中点。如果P和Q分别是平面AMN和平面BCN上的任意两点，那么PM + PN的最小值是多少？
1614	0.555556	number_theory	1, 2, 3, 5, 6	Find all positive integers \( n \) such that \( n^2 + n + 1 \) is a prime number.
1615	0.555556	number_theory	2017	Find the sum of all positive integers \( n \) such that the equation \( x^2 - nx + 2016 = 0 \) has integer solutions and \( n \) is a prime number.
1616	0.333333	number_theory	0	Find all positive integers $n$ such that the equation \[ n^2 + n + 1 = x^2 \] has an integer solution $x$.
1617	0.333333	geometry	1	Suppose you have a regular octagon with vertices labeled from 1 to 8. You want to connect these vertices with straight line segments to form a graph such that every vertex has exactly 2 edges. How many distinct ways can you draw such a gra...
1618	0.555556	number_theory	1	Let $P(x) = x^5 + ax^4 + bx^3 + cx^2 + dx + e$ be a polynomial with integer coefficients, and let $r_1, r_2, r_3, r_4, r_5$ be its five roots. Suppose that $r_1 + r_2 + r_3 + r_4 + r_5 = 0$, and for each $i$, $r_i^2 + r_i + 1$ is an intege...
1619	0.666667	number_theory	0	Find all positive integers \( n \) for which there exists a polynomial \( P(x) \) of degree \( n \) with integer coefficients satisfying the following condition: \[ P(1) = P(2) = P(3) = \cdots = P(n+1) = n! \]
1620	0.444444	geometry	45	In triangle \( ABC \), let \( I \) be the incenter, and let \( P \) be a point on the incircle. Define \( X \) as the intersection of line \( AI \) with the circumcircle of triangle \( ABC \), and define \( Y \) as the intersection of line...
1621	0.555556	number_theory	2023	Let \( P(x) \) be a polynomial with integer coefficients such that \( P(0) = P(1) = 2023 \). Suppose that \( P(x) \) has exactly three distinct integer roots, denoted by \( a \), \( b \), and \( c \). Determine the minimum possible value o...
1622	0.666667	number_theory	1	Let \( P(x) \) be a monic polynomial of degree \( n \) with integer coefficients such that \( P(0) = 1 \) and \( P(1) = n + 1 \). Suppose that for every positive integer \( k \), \( P(k) \) is divisible by \( n + 1 \). Determine all possib...
1623	0.444444	number_theory	3	Find all integers \( n \geq 3 \) for which there exist positive integers \( a_1, a_2, \ldots, a_n \) such that: \[ \sum_{i=1}^n a_i^2 = n^3 - 1 \] and \[ \sum_{i=1}^n a_i = n^2 + 1. \]
1624	0.333333	number_theory	100	A sequence of positive integers \(a_1, a_2, a_3, \ldots\) is defined as follows: \(a_1 = 1\), and for \(n \geq 1\), \(a_{n+1}\) is the smallest integer greater than \(a_n\) such that the set \(\{a_1, a_2, \ldots, a_{n+1}\}\) contains no th...
1625	0.333333	algebra	5184	Consider a tetrahedron \( ABCD \) with vertices \( A, B, C, \) and \( D \). The lengths of the edges are given by \( AB = c, \) \( AC = b, \) \( AD = a, \) \( BC = d, \) \( BD = e, \) and \( CD = f. \) Let \( P \) be a point inside the tet...
1626	0.666667	number_theory	3	Find the smallest positive integer \( n \) such that the equation \[ x^3 + y^3 + z^3 = nxyz \] has exactly two distinct solutions in positive integers \( x, y, z \).
1627	0.444444	number_theory	(1, 1, 1)	Find all triples $(a, b, c)$ of positive integers satisfying the equation $a^2 + b^2 + c^2 = ab + ac + bc + 1$, where $a \leq b \leq c$ and $a + b + c \leq 2023$.
1628	0.666667	other	1	In the mystical land of Numerica, there exists an ancient artifact known as the "Cube of Destiny." Legend has it that the cube is filled with a magical substance that doubles in volume every full moon. The cube, when initially discovered, ...
1629	0.444444	geometry	2	Let \( S \) be the set of all positive integers that can be expressed as the sum of two distinct positive integers whose product is a perfect square. Determine the smallest positive integer \( n \) such that every element of \( S \) is div...
1630	0.444444	number_theory	3	There exists a unique sequence of prime numbers \( p_1, p_2, p_3, \ldots, p_n \) such that the product \( p_1 \cdot p_2 \cdot \ldots \cdot p_n \) is the smallest number greater than 1000 that can be expressed as the sum of exactly two dist...
1631	0.333333	combinatorics	\frac{a_{100}}{3^{100}}	In a magical kingdom, there are 100 wizards, each capable of casting spells that change the color of their hats to any of three colors: red, blue, or green. The wizards decide to wear their hats on a parade. However, to ensure the parade i...
1632	0.666667	number_theory	0	Determine the number of ordered pairs \((a, b)\) of integers that satisfy the system of equations: \[ a^2 + ab + b^2 = 100, \] \[ a^2 + b^2 = 80. \]
1633	0.777778	geometry	3	Consider a sequence of positive integers \( a_1, a_2, a_3, \ldots \) defined by the recurrence relation: \[ a_{n+1} = a_n + \left\lfloor \sqrt{a_n} \right\rfloor \] with \( a_1 = 2 \). Find the smallest \( n \) such that \( a_n \) is a per...
1634	0.444444	geometry	5	A convex pentagon is divided into triangles by drawing non-intersecting diagonals from a single vertex. How many distinct ways can this be done?
1635	0.666667	other	1	In a mystical land, there are four types of magical stones: Ruby, Sapphire, Emerald, and Diamond. Each type of stone can transform into another type when exposed to a specific spell. The transformation follows these rules: 1. A Ruby can tr...
1636	0.444444	number_theory	0.6321	In the bustling city of Mathopolis, a unique lottery system has been introduced. Each week, a distinct 6-digit number is drawn from a pool of all possible 6-digit numbers. The winner of this week's lottery is the person whose ticket contai...
1637	0.444444	number_theory	1, 3, 5, 9, 10	Determine all positive integers \( n \) such that \( \frac{n^2 + 3n + 2}{n + 1} \) is an integer and the sum of its digits is a prime number.
1638	0.666667	algebra	36	Let \( P(x) \) be a polynomial of degree 4 such that \( P(0) = 1 \), \( P(1) = 4 \), \( P(2) = 9 \), \( P(3) = 16 \), and \( P(4) = 25 \). Find the value of \( P(5) \).
1639	0.666667	combinatorics	e	Let $f: \mathbb{R} \to \mathbb{R}$ be a continuous function such that $f(x + y) = f(x) f(y)$ for all $x, y \in \mathbb{R}$. Suppose there exists a sequence of real numbers $(a_n)$ such that $a_{n+1} = a_n + \frac{1}{f(n)}$ for all $n \geq ...
1640	0.555556	geometry	590	Let \( ABC \) be a triangle with sides \( AB = 13 \), \( BC = 14 \), and \( CA = 15 \). Point \( P \) lies inside \( \triangle ABC \) such that \( PA = x \), \( PB = y \), and \( PC = z \). Given that the area of \( \triangle PBC \) is hal...
1641	0.777778	number_theory	0	Find the number of ordered pairs \((a, b)\) of positive integers \(a\) and \(b\) such that \(a^2 + b^2 = 2024\), and neither \(a\) nor \(b\) is divisible by 4.
1642	0.444444	other	3	In the complex plane, let \( z \) be a complex number such that \( |z - 1| + |z + 1| = 4 \). Find the maximum possible value of \( |z - i| \).
1643	0.333333	number_theory	3	Find all positive integers \( n \) such that the polynomial \( P(x) = x^n + x^{n-1} + \cdots + x + 1 \) can be expressed as a product of two non-constant polynomials with integer coefficients.
1644	0.666667	number_theory	(3, 2)	Find all prime numbers \( p \) and \( q \) such that the equation \( p^2 - q^2 + 1 = pq \) holds. Provide a detailed justification for each step in your solution.
1645	0.333333	geometry	0	Given a circle with 20 equally spaced points on its circumference, determine the number of ways to connect these points using chords such that no two chords intersect at more than one point inside the circle, and exactly 5 chords intersect...
1646	0.666667	geometry	\frac{s}{2}	Let \( ABCD \) be a square with side length \( s \). Point \( P \) lies on side \( AB \), and point \( Q \) lies on side \( AD \) such that \( AP = AQ \). The line \( PQ \) intersects the diagonal \( BD \) at point \( R \). If the area of ...
1647	0.777778	algebra	\frac{9}{13}	Let \( a, b, \) and \( c \) be positive real numbers such that \( a + b + c = 1 \). Find the maximum value of the expression \( \frac{a}{1+b+c^2} + \frac{b}{1+c+a^2} + \frac{c}{1+a+b^2} \).
1648	0.666667	geometry	5	Find the smallest integer \( n > 1 \) such that the sum of the first \( n \) positive integers and the sum of the first \( n \) squares minus the sum of the first \( n \) integers, both taken modulo \( n \), results in zero. That is, find ...
1649	0.555556	other	\frac{1}{8}	Given a regular octahedron with vertices \(A, B, C, D, E, F\) such that \(A\) and \(D\) are opposite vertices, a smaller octahedron is inscribed inside the larger one by connecting the midpoints of each edge of the larger octahedron. If th...
1650	0.555556	number_theory	1	In a sequence of positive integers \( a_1, a_2, a_3, \ldots, a_{10} \), each term after the first is either the sum or the product of the previous two terms. If \( a_1 = 1 \) and \( a_{10} = 10000 \), how many different sequences satisfy t...
1651	0.777778	number_theory	3	Find all positive integers \( n \) such that the equation \( x^2 + y^2 + z^2 = nxyz \) has at least one non-trivial solution in positive integers \( x, y, z \), where a non-trivial solution means \( x, y, \) and \( z \) are not all equal t...
1652	0.333333	number_theory	6	Find the smallest positive integer $n$ such that the expression $\sqrt[n]{2^n + 3^n}$ is an integer, and the prime factors of $n$ are all less than 10.
1653	0.555556	geometry	\sqrt{c^2 + b^2}	Consider a right-angled triangle $ABC$ where $\angle BAC$ is the right angle. Points $D$, $E$, and $F$ lie on sides $BC$, $CA$, and $AB$, respectively, such that $AD$, $BE$, and $CF$ are medians of the triangle. If the area of the triangle...
1654	0.444444	geometry	\left( \frac{r}{2}, \frac{r}{2} \right)	In the coordinate plane, consider a circle with center \( O \) at the origin \((0, 0)\) and radius \( r \). Points \( A \) and \( B \) lie on the circle such that the line segment \( AB \) subtends a right angle at \( O \). Let \( C \) be ...
1655	0.666667	algebra	5	In the complex plane, let $P(z)$ be a polynomial with complex coefficients such that $P(0) = 1$ and for any complex number $z$ with $|z| \leq 1$, the inequality $|P(z)| \leq 2|z| + 1$ holds. Determine the maximum possible value of $|P(2i)|...
1656	0.333333	algebra	0	Let \( f(x) \) be a polynomial with real coefficients such that \( f(x) = x^4 + ax^3 + bx^2 + cx + d \) for some real numbers \( a, b, c, d \). It is known that \( f(x) \) has exactly three distinct real roots, two of which are \( 1 \) and...
1657	0.333333	geometry	3	In the triangular lattice formed by equilateral triangles of side length 1, a set of $k$ non-overlapping points is chosen such that no two points are at a distance of less than $\sqrt{3}$ from each other. What is the maximum possible value...
1658	0.777778	number_theory	1	Find all positive integers \( n \) such that the equation \[ n^3 + n^2 + n + 1 = p^2 \] holds for some prime number \( p \).
1659	0.777778	geometry	6	Let \(f(n)\) be the number of ways to arrange \(n\) distinct objects in a circle, such that no two objects that were originally adjacent in a line are adjacent in the circle. Given that \(f(3) = 1\), \(f(4) = 2\), and \(f(5) = 4\), find \(...
1660	0.333333	number_theory	576	Find the smallest positive integer \( n \) such that \( n \) has exactly 21 divisors and all of the divisors of \( n \) are either powers of 3 or products of distinct prime factors from the set \(\{2, 5, 7\}\). Provide the prime factorizat...
1661	0.333333	number_theory	4	A sequence of positive integers \(a_1, a_2, a_3, \ldots\) is defined by \(a_1 = 1\) and for \(n \geq 1\), \[a_{n+1} = a_n^2 + 2a_n + 1\] Find the remainder when \(a_{20}\) is divided by 100.
1662	0.555556	number_theory	(1, 1, \sqrt{2})	Find all integer solutions to the equation \( x^4 + y^4 = z^2 \) where \( x, y, \) and \( z \) are positive integers, and prove that there are no other solutions besides the trivial one \( (x, y, z) = (1, 1, \sqrt{2}) \).
1663	0.333333	number_theory	2	Find all positive integers \( n \) such that the polynomial \( P(x) = x^n + x^{n-1} + \cdots + x + 1 \) has a root that is also a root of the polynomial \( Q(x) = x^3 - 3x + 1 \).
1664	0.666667	number_theory	8	Let \( P(x) \) be a polynomial with integer coefficients such that \( P(1) = 2 \), \( P(2) = 3 \), and \( P(3) = 5 \). If \( P(x) \) has degree 2, find the value of \( P(4) \).
1665	0.444444	algebra	26	Let \( f(x) \) be a polynomial of degree 4 with real coefficients such that \( f(1) = 2, f(2) = 5, f(3) = 10, f(4) = 17 \). Find the polynomial \( f(x) \) and determine the value of \( f(5) \).
1666	0.555556	number_theory	2	In the complex plane, let \( z \) be a complex number such that \( z^2 + z + 1 = 0 \). Let \( S_n \) be the sum of the first \( n \) terms of the sequence defined by \( a_1 = z \) and \( a_{k+1} = z \cdot a_k \) for \( k \geq 1 \). Find th...
1667	0.333333	number_theory	5	Find all prime numbers \( p \) such that the equation \( x^2 + y^2 + z^2 + t^2 = p^2 \) has solutions in integers \( x, y, z, t \) with \( |x|, |y|, |z|, |t| \geq 2 \) and \( x, y, z, t \) are pairwise relatively prime.
1668	0.444444	geometry	8r	A regular octagon \(ABCDEFGH\) is inscribed in a circle with radius \(r\). The vertices of the octagon are labeled sequentially. A point \(P\) is chosen at random inside the octagon. Calculate the expected value of the sum of the distances...
1669	0.777778	sequence	1	Let \( \{a_n\} \) be a sequence defined by \( a_1 = 2 \) and \( a_{n+1} = a_n^2 - a_n + 1 \) for \( n \geq 1 \). Define \( b_n = \frac{1}{a_1} + \frac{1}{a_2} + \cdots + \frac{1}{a_n} \). Find the value of \( b_{10} \).
1670	0.333333	number_theory	Y	In the mystical land of Zephyria, there exists a peculiar species of tree known as the Math Tree. The Math Tree's leaves are numbered from 1 to N, and each leaf has a unique color. Every day, the color of a leaf changes based on a set of r...
1671	0.666667	geometry	1	Consider a set of n distinct points in the plane, no three of which are collinear. Define a "balance point" as a point P such that every line passing through P divides the set of points into two non-empty subsets with an equal number of po...
1672	0.777778	other	\frac{(n-1)!}{2}	Consider a complete graph \( K_n \) with \( n \) vertices. You need to select a set of edges such that the subgraph formed by these edges is a Hamiltonian cycle. A Hamiltonian cycle is a cycle that visits each vertex exactly once. How many...
1673	0.555556	number_theory	(2, 0), (0, -2)	Find all pairs of integers $(m,n)$ such that $m^3 - n^3 = 2mn + 8$.
1674	0.777778	algebra	46	Let \( P(x) = x^3 + ax^2 + bx + c \) be a cubic polynomial with real coefficients. It is known that \( P(1) = 10 \), \( P(2) = 20 \), and \( P(3) = 30 \). Find the value of \( P(4) \).
1675	0.555556	number_theory	9	Consider the sequence defined by \(a_1 = 1\), \(a_2 = 2\), and for \(n \geq 3\), \(a_n = a_{n-1} + a_{n-2} + n\). Determine the smallest positive integer \(k\) such that \(a_k\) is divisible by 100.
1676	0.444444	geometry	36	Let $ABC$ be a triangle with $AB = AC$. On the side $BC$, choose a point $D$ such that $BD = 2DC$. The circle centered at $D$ with radius $DC$ intersects $AC$ at $E$. If $AE = 10$ and $CE = 26$, find the length of $AB$.
1677	0.666667	geometry	11	In a high-dimensional space, consider a regular icosahedron with side length 1 inscribed in a sphere. Determine the smallest integer \( n \) such that the sum of the squares of the distances from the center of the sphere to any vertex of t...
1678	0.555556	number_theory	4	Let \( P(x) \) be a polynomial of degree 5 with integer coefficients, such that \( P(1) = 2 \), \( P(2) = 3 \), and \( P(3) = 5 \). Furthermore, suppose that for all integers \( n \), \( P(n) \) is prime if and only if \( n \) is a prime n...
1679	0.500000	geometry	0	Let \(ABC\) be an equilateral triangle with side length 1. Let \(P\) be a point inside the triangle such that \(PA = x\), \(PB = y\), and \(PC = z\), where \(x, y, z\) are positive real numbers. Determine the number of ordered triples \((x...
1680	0.444444	number_theory	55	Let \( f(n) \) be a function defined for all positive integers \( n \) such that \( f(n) = n^2 + n + 1 \). If \( g(n) \) is the smallest positive integer \( k \) such that \( f(n) \) divides \( f(f(k)) \), find the sum of all \( g(n) \) fo...
1681	0.333333	number_theory	f(x) = 0	Find all functions \( f: \mathbb{Z} \to \mathbb{Z} \) such that for any integers \( a, b, c \) satisfying \( a + b + c = 0 \), the following equality holds: \[ f(a)^2 + f(b)^2 + f(c)^2 = 2f(a)f(b) + 2f(b)f(c) + 2f(c)f(a). \]
1682	0.666667	number_theory	3	Find all prime numbers \(p\) such that there exists a positive integer \(n\) for which \(p^n - 1\) is divisible by \(2^{2024}\).
1683	0.555556	number_theory	2024	A sequence of positive integers \(a_1, a_2, a_3, \ldots\) is defined by \(a_1 = 1\) and \(a_{n+1} = a_n + \frac{a_n^2}{n}\) for all \(n \geq 1\). Determine the smallest integer \(k\) such that \(a_k\) is divisible by 2024.
1684	0.555556	number_theory	(1, 99), (2, 6)	Find all pairs of positive integers $(a, b)$ such that $a^b + b^a = 100$.
1685	0.666667	number_theory	10	A sequence of positive integers \( a_1, a_2, \ldots, a_{10} \) satisfies the following conditions: \( a_1 = 1 \), and for all \( k \geq 2 \), \( a_k \) is the smallest integer not yet in the sequence that can be written as the sum of two d...
1686	0.777778	geometry	40	In triangle $ABC$, the medians $\overline{AD}$ and $\overline{BE}$ intersect at the centroid $G$. If the area of triangle $ABC$ is $120$ square units, and the lengths of $\overline{AD}$ and $\overline{BE}$ are in the ratio $3:4$, find the ...
1687	0.555556	number_theory	1	Find all positive integers \(n\) such that the polynomial \(P(x) = x^n + 3x^{n-1} + 6x^{n-2} + \cdots + 3^{n-1}x + 3^n\) has at least one integer root. Additionally, determine the sum of all such \(n\).
1688	0.333333	geometry	44	Consider a sequence \(\{a_n\}\) defined by the recurrence relation \(a_{n+1} = a_n + \left\lfloor \sqrt{a_n} \right\rfloor\) with the initial condition \(a_1 = 1\). For how many values of \(n \leq 2023\) is \(a_n\) a perfect square?
1689	0.500000	number_theory	1	Let \( S \) be the set of all positive integers \( n \) such that \( n \) divides \( 2^n - 1 \). Prove that the sum of the reciprocals of all elements in \( S \) is finite.
1690	0.777778	number_theory	4	Find the smallest positive integer \( n \) such that the equation \[ x^2 + y^2 + z^2 + 1 = nxyz \] has a solution in positive integers \( x, y, z \).
1691	0.444444	number_theory	c = a^2 + ab + b^2	Let \( p \) be a prime number such that \( p \equiv 1 \pmod{3} \). Suppose there exist integers \( a \) and \( b \) satisfying \( a^3 + b^3 \equiv 0 \pmod{p} \) but \( a + b \not\equiv 0 \pmod{p} \). Prove that there exists an integer \( c...
1692	0.333333	number_theory	2	Consider the sequence \( \{a_n\} \) defined by \( a_1 = 1 \) and \( a_{n+1} = a_n^2 + a_n \) for \( n \geq 1 \). Find the smallest positive integer \( k \) such that \( a_k \) is divisible by \( 10^{100} \).
1693	0.444444	number_theory	2024	Let \( S \) be the set of all positive integers \( n \) for which there exists a positive integer \( m \) such that \( n \) divides \( m^m - 1 \). Find the smallest positive integer \( k \) such that there are at least 2023 distinct intege...
1694	0.666667	geometry	2	A circle with radius $r$ is inscribed in a square. A smaller circle is then inscribed in the segment formed by one of the square's sides and the portion of the larger circle that lies above the side. If the area of the smaller circle is $\...
1695	0.444444	number_theory	16	Let $p$, $q$, and $r$ be distinct prime numbers such that $pqr - 1$ is divisible by $p+q$. Find the smallest possible value of $p + q + r$.
1696	0.333333	number_theory	6	A positive integer \( n \) is called "ideal" if it can be expressed as the sum of two or more consecutive positive integers in exactly one way. For example, \( 9 \) is ideal because \( 9 = 4 + 5 \) and there is no other way to express \( 9...
1697	0.666667	number_theory	2	Find the smallest positive integer \( n \) such that the polynomial \( P(x) = x^n + ax^{n-1} + bx^{n-2} + \cdots + cx + d \) with integer coefficients satisfies \( P(2) = 0 \) and the sum of its roots taken one at a time is zero, where \( ...
1698	0.555556	number_theory	10	Determine all positive integer solutions to the equation \[ n^3 + 2n^2 + 3n = 1200. \]
1699	0.666667	number_theory	1012	Let \( S \) be a set of positive integers with the property that for any two distinct elements \( a \) and \( b \) in \( S \), the sum \( a + b \) is not a power of 2. What is the maximum number of elements that \( S \) can have if \( S \)...
1700	0.555556	geometry	0	Let \( S \) be the set of all positive integers \( n \) for which the number of divisors of \( n \) equals the sum of the squares of the prime factors of \( n \) (counting multiplicity). How many distinct prime factors does the product \( ...
1701	0.444444	algebra	2	Determine the value of \( x \) if the polynomial \( P(x) = x^4 - 4x^3 + 10x^2 - 12x + 4 \) satisfies the equation \( P(P(x)) = 0 \).
1702	0.666667	number_theory	1, 2, 3, 5	Find all positive integers \( n \) such that the sum of the digits of \( 2^n \) is equal to \( n \). Prove that there are no other solutions.
1703	0.777778	number_theory	(0, 1), (1, 0)	Find all pairs of integers \((m, n)\) such that \(m^3 + n^3 + 9mn = 1\).
1704	0.555556	number_theory	10	Let \( S \) be the set of all positive integers that can be represented as the sum of two or more consecutive positive integers. Determine the number of positive integers less than 1000 that are **not** in \( S \).
1705	0.333333	number_theory	109	Let $f(x) = x^4 + ax^3 + bx^2 + cx + d$ be a polynomial with integer coefficients such that $f(1) = 10$, $f(2) = 20$, and $f(3) = 30$. Suppose that $f(x)$ has at least one real root. Find the smallest possible value of $|a| + |b| + |c| + |...
1706	0.333333	number_theory	333	Let \( f(n) \) be a function defined for positive integers \( n \) as follows: \( f(1) = 1 \) and for all \( n > 1 \), \( f(n) = f(n-1) + 2f\left(\left\lfloor \frac{n}{2} \right\rfloor\right) \). Determine the number of positive integers \...
1707	0.444444	geometry	2	In the complex plane, let $z$ be a complex number such that $|z| = 1$. Define $w = z + \frac{1}{z}$. If $w$ lies on the unit circle in the complex plane, find the smallest possible value of $|z + \frac{1}{\overline{z}}|$. *Note: $\overline...
1708	0.777778	number_theory	1	What is the smallest positive integer \( n \) such that \( n^{10} - n^6 + n^2 - 1 \) is divisible by both 7 and 11?
1709	0.444444	number_theory	a_n = 2^{2^{n-1}} + 1	Consider a sequence of positive integers \(a_1, a_2, \ldots, a_n\) such that each term \(a_i\) is defined by the recurrence relation \(a_{i+1} = a_i^2 - a_i + 1\) for \(i = 1, 2, \ldots, n-1\), and \(a_1 = 2\). Prove that for any positive ...
1710	0.555556	geometry	1	Find all positive integers \( n \) such that the sum of the first \( n \) terms of the sequence \( a_1, a_2, a_3, \ldots \), where \( a_k = k^2 - k + 1 \) for all positive integers \( k \), is equal to a perfect square.
1711	0.666667	number_theory	1	Let $S$ be the set of all finite sequences of positive integers where each term in the sequence is strictly less than 10. For any two sequences $a = (a_1, a_2, \ldots, a_m)$ and $b = (b_1, b_2, \ldots, b_n)$ in $S$, define the operation $a...
1712	0.777778	number_theory	2	Find the smallest positive integer \( n \) such that there exists a function \( f: \mathbb{Z} \to \mathbb{Z} \) satisfying \( f(k) + f(k + 1) = f(k + 2)f(k + 3) \) for all integers \( k \). What is \( f(0) \)?
1713	0.333333	geometry	0	Find all positive integers \( n \) such that \( 2^n + 3^n \) is a perfect square.
1714	0.555556	number_theory	2	Let \( S \) be the set of all positive integers that can be expressed as \( n^2 + 2m \), where \( n \) and \( m \) are positive integers. Determine the smallest positive integer \( k \) such that for every \( s \in S \), the number \( s + ...
1715	0.777778	geometry	1	Find all positive integers \( n \) such that there exist positive integers \( a_1, a_2, \ldots, a_n \) satisfying: \[ a_1^3 + a_2^3 + \cdots + a_n^3 = n^4 \] and the sum of the squares of these integers is minimized. What is the smallest p...
1716	0.333333	geometry	0	Consider a sequence of positive integers \(a_1, a_2, a_3, \ldots, a_n\) where each term is defined as follows: \[a_k = \left\lfloor \frac{k}{\sqrt{k+1}} \right\rfloor \text{ for } k = 1, 2, 3, \ldots, n.\] Determine the number of terms in ...
1717	0.555556	number_theory	1	Let $p(x) = x^3 - 3x^2 + 3x - 1$ and $q(x) = x^4 - 4x^3 + 6x^2 - 4x + 1$. Find the smallest positive integer $n$ such that the polynomial $p^n(x) + q(x) = 0$ has at least one real root. Here, $p^n(x)$ denotes the polynomial $p(x)$ composed...
1718	0.333333	number_theory	210	Find all positive integers \( n \) for which there exist positive integers \( a, b, c, d \) such that \[ n^2 = a^2 + b^2 + c^2 + d^2 \] and \[ n \) is the product of four distinct prime numbers.\]
1719	0.375000	other	60^\circ	在一个五边形ABCDE中，AB=BC=CD=DE=EA且∠ABC=∠BCD=∠CDE=∠DEA=∠EAB=108°。点P在BD上，使得∠APD=120°。求∠APB的度数。
1720	0.666667	geometry	3	Find all prime numbers \( p \) such that there exists a positive integer \( n \) satisfying \( p^2 + 2^n + 1 \) is a perfect square.
1721	0.555556	number_theory	1, 9, 10	Find all positive integers \( n \) such that the sum of the digits of \( n \) in base 10 is equal to the sum of the digits of \( n^2 \) in base 10. Additionally, prove that there exists no such \( n \) greater than 999 that satisfies the c...
1722	0.666667	number_theory	100	Consider a sequence of positive integers \(a_1, a_2, \ldots, a_n\) such that \(a_1 = 1\) and for all \(k \geq 2\), \(a_k\) is the smallest positive integer that is not a divisor of \(a_1 \cdot a_2 \cdots a_{k-1}\). Find the value of \(a_{1...
1723	0.333333	number_theory	16	In a sequence of positive integers, each term after the first is equal to the sum of the cubes of the digits of the previous term. What is the smallest positive integer that is not a term in this sequence?
1724	0.555556	number_theory	1	Find the smallest positive integer \( n \) such that \( 2^n + n \) is divisible by \( n \).
1725	0.555556	geometry	756	In a 3D grid space defined by the coordinates (x, y, z) where 1 ≤ x, y, z ≤ 6, each point in the grid is connected to its neighboring points (those sharing a face). A particle starts at the origin (1,1,1) and moves towards the point (6,6,6...
1726	0.444444	number_theory	288	Let \( f(n) \) be the number of ordered pairs of positive integers \((a, b)\) such that \( a^b = n \) and \( b^a = n \). Find the sum of all positive integers \( n \) less than or equal to 1000 for which \( f(n) = 1 \).
1727	0.555556	geometry	0	Let \( S \) be the set of all integers \( n \) such that \( 100 \leq n \leq 999 \) and the digits of \( n \) form an arithmetic sequence. Find the number of integers \( n \) in \( S \) that are also perfect squares.
1728	0.777778	geometry	4047	A sequence of positive integers \( a_1, a_2, a_3, \ldots \) is defined as follows: \( a_1 = 1 \), and for \( n \geq 2 \), \( a_n \) is the smallest positive integer such that the sum \( a_1 + a_2 + \ldots + a_n \) is a perfect square. Find...
1729	0.666667	number_theory	22	Let \( p \) be a prime number such that \( p \equiv 1 \pmod{4} \). Consider the set \( S \) of all positive integers \( n \) such that \( p \) divides \( n^2 + 1 \). Determine the number of elements in the set \( S \) for \( p \leq 100 \).
1730	0.666667	number_theory	2	Find all real numbers \( x \) such that \[ \left( \frac{x}{2} + \sqrt{\frac{x^2}{4} + 1} \right)^n + \left( \frac{x}{2} - \sqrt{\frac{x^2}{4} + 1} \right)^n = \left( \frac{x}{2} + \sqrt{\frac{x^2}{4} + 1} \right)^2 + \left( \frac{x}{2} - \...
1731	0.333333	number_theory	12	Find the smallest positive integer \( n \) such that the equation \( \frac{1}{x} + \frac{1}{y} = \frac{1}{n} \) has exactly 5 distinct solutions in positive integers \( (x, y) \).
1732	0.444444	geometry	6	In the complex plane, consider the set of all complex numbers $z$ that satisfy the equation $|z^3 - 1| = 2|z - 1|$. Determine the number of such complex numbers $z$ that also lie on the circle centered at the origin with radius 2.
1733	0.666667	number_theory	(1, 2), (2, 1), (2, 2)	Find all pairs of positive integers \( (a, b) \) such that the equation \[ a^3 + b^3 = (a + b)^2 \] has exactly three distinct solutions in positive integers \( (a, b) \).
1734	0.444444	geometry	4	Let $ABC$ be a triangle with circumcircle $\Gamma$. A point $P$ inside $\triangle ABC$ is chosen such that the circumcircles of $\triangle ABP$ and $\triangle ACP$ intersect $\Gamma$ again at $D$ and $E$, respectively, and $BP = CP$. If $A...
1735	0.444444	geometry	2	Let \( f(x) \) be a polynomial with integer coefficients such that \( f(1) = 2 \), \( f(2) = 3 \), and \( f(3) = 5 \). If \( f(n) \) is prime for all \( n \in \mathbb{Z} \) except when \( n \) is a perfect square, find the smallest possibl...
1736	0.666667	geometry	2	A circle with radius $r$ is inscribed in a square with side length $s$. The square is then inscribed in another circle with radius $R$. If the ratio of the area of the larger circle to the area of the smaller circle is given by $\frac{A_R}...
1737	0.444444	geometry	M	Let \(ABC\) be an acute triangle with circumcircle \(\Gamma\). Let \(D\), \(E\), and \(F\) be the feet of the altitudes from \(A\), \(B\), and \(C\) respectively. Let \(P\) be a point on the line \(EF\), and let \(Q\) be the isogonal conju...
1738	0.444444	number_theory	1	A polynomial \(P(x)\) with integer coefficients satisfies \(P(0) = 2023\), \(P(1) = 2024\), and for some prime number \(p > 100\), \(P(p) = p^2\). Determine the maximum possible number of integer roots that \(P(x)\) can have.
1739	0.444444	number_theory	1	Consider a sequence \( \{a_n\} \) defined by \( a_1 = 1 \) and for \( n \geq 2 \), \( a_n = a_{n-1} + \frac{1}{n(n+1)} \). Determine the smallest positive integer \( k \) such that \( a_k \) is an integer.
1740	0.555556	number_theory	23	Consider a polynomial \( P(x) \) with integer coefficients such that \( P(1) = 3 \) and \( P(2) = 7 \). Furthermore, suppose that \( P(x) \) satisfies the recurrence relation \( P(x+1) - P(x) = 2x \) for all integers \( x \). Find the valu...
1741	0.666667	number_theory	2023	Let \( P(x) \) be a polynomial with integer coefficients such that \( P(1) = 2023 \). If there exist distinct positive integers \( a \) and \( b \) with \( a < b \) such that \( P(a) = P(b) \), find the smallest possible value of \( P(0) \...
1742	0.333333	number_theory	0	Determine the number of ordered triples of integers $(x, y, z)$ such that $1 \leq x, y, z \leq 10$, and there exists an integer $k$ for which $x^2 + y^2 + z^2 = k^2$ and $x + y + z = k$.
1743	0.333333	number_theory	n \geq 2	Find all positive integers \( n \) such that the polynomial \( P(x) = x^n - x + 1 \) is irreducible over the integers.\
1744	0.750000	number_theory	2023	Let \( f: \mathbb{Z}^+ \to \mathbb{Z}^+ \) be a function satisfying the following conditions: 1. \( f(1) = 1 \) 2. For all positive integers \( n \), \( f(n+1) = f(n) + f(\gcd(n+1, f(n))) \), where \( \gcd \) denotes the greatest common di...
1745	0.777778	geometry	12	Let \( \triangle ABC \) be a triangle with \( AB = 13 \), \( BC = 14 \), and \( CA = 15 \). Let \( D \) be the point where the incircle of \( \triangle ABC \) touches \( BC \). The circle with diameter \( AD \) intersects \( AB \) and \( A...
1746	0.333333	geometry	2	Consider a set \( S \) of \( n \) distinct positive integers, such that the sum of any two distinct elements in \( S \) is a perfect square. Determine the maximum possible value of \( n \) for which this is possible, and provide an example...
1747	0.444444	number_theory	2	Find all integers \( n \geq 2 \) such that every pair of elements \( a, b \) in the set \( S = \{1, 2, \ldots, n\} \) satisfies the equation: \[ a^3 + b^3 \equiv ab \pmod{n} \]
1748	0.555556	number_theory	0	Find all pairs of integers \((a, b)\) such that the equation \(a^2 + ab + b^2 = 2024\) holds. Additionally, determine the number of distinct solutions \((a, b)\) where \(a\) and \(b\) are both prime numbers.
1749	0.666667	geometry	1	Consider a regular octagon \(ABCDEFGH\) inscribed in a circle of radius 1. Let \(P\) be the point inside the octagon such that it is the intersection of the diagonals \(AC\), \(CE\), and \(EH\). Determine the distance from \(P\) to the cen...
1750	0.444444	number_theory	36	In a finite set \( S \) of integers, define a *critical pair* as a pair of integers \( (a, b) \) such that \( a < b \) and the absolute difference \( |a - b| \) is the smallest among all distinct differences in \( S \). Given that the set ...
1751	0.444444	number_theory	3	Let \( S \) be the set of all positive integers \( n \) such that the sum of the digits of \( n \) is equal to 10. Determine the smallest integer \( k \) for which there exist distinct elements \( a, b, c \in S \) satisfying the equation \...
1752	0.666667	number_theory	4046	Let \( f: \mathbb{Z} \to \mathbb{Z} \) be a function such that for all integers \( a \) and \( b \), \[ f(a^2 + b^2) = f(a)^2 + f(b)^2 \] and \( f(1) = 2 \). Determine the value of \( f(2023) \).
1753	0.333333	geometry	4\sqrt{3}	In the Cartesian coordinate system, let \(A\) be the point \((0, 12)\), and \(B\) be a point on the positive x-axis. The line segment \(AB\) is rotated 90 degrees counterclockwise about point \(B\) to form segment \(BC\). If the area of tr...
1754	0.333333	number_theory	1	Let \( P(x) \) be a polynomial with integer coefficients such that \( P(0) = 1 \) and \( P(1) = 2023 \). If \( P(x) \) has exactly three distinct real roots and all coefficients of \( P(x) \) are between \( -1000 \) and \( 1000 \) inclusiv...
1755	0.777778	algebra	0	Let \( P(x) \) be a polynomial of degree 6 with real coefficients, such that \( P(0) = 1 \), \( P(1) = 2 \), and \( P(-1) = 3 \). Suppose that \( P(x) \) has three distinct real roots, one of which is \( r \), and \( r \) is also a root of...
1756	0.777778	number_theory	p-1	Let \( p \) be an odd prime number. Define the sequence \( \{a_n\} \) by \( a_1 = 2 \) and \( a_{n+1} \equiv 3a_n + 1 \pmod{p} \). Find the smallest positive integer \( k \) such that \( a_k \equiv 0 \pmod{p} \).
1757	0.333333	geometry	12	Let \( \triangle ABC \) be a triangle with \( AB = 13 \), \( BC = 14 \), and \( CA = 15 \). Let \( D \) be the point on \( BC \) such that \( AD \) is the angle bisector of \( \angle BAC \). Let \( E \) be the point on \( AD \) such that \...
1758	0.333333	number_theory	3	Find all integers \( n \) such that the polynomial \( P(x) = x^n + x^{n-1} + \cdots + x + 1 \) can be factored into two non-constant polynomials with integer coefficients.
1759	0.777778	algebra	6	Let \( f(x) = x^3 + ax^2 + bx + c \) be a cubic polynomial with real coefficients, and suppose \( f(x) \) has three distinct real roots \( r_1, r_2, r_3 \) such that \( r_1 + r_2 + r_3 = 0 \) and \( r_1 r_2 r_3 = -8 \). Given that \( f(1) ...
1760	0.444444	number_theory	2	Consider the sequence of numbers defined recursively by \(a_1 = 2\) and \(a_{n+1} = a_n^2 - a_n + 1\) for all \(n \geq 1\). Determine the smallest positive integer \(k\) such that \(a_k\) is divisible by \(3^{10}\).
1761	0.666667	number_theory	285	Let \( S \) be the set of all positive integers less than 1000 that are multiples of 5 or 7 but not both. Determine the number of elements in \( S \).
1762	0.333333	number_theory	2	In a magical forest, there exists a tree with \( n \) nodes, where each node is either a fairy or a dragon. A fairy can cast a spell on any adjacent node, turning it into a dragon if it is a fairy, or turning it into a fairy if it is a dra...
1763	0.333333	number_theory	2023	Let $f: \mathbb{N} \rightarrow \mathbb{N}$ be a function such that $f(1) = 1$ and for all $n \geq 2$, $f(n) = n - f(f(n - 1))$. Define a sequence $\{a_k\}_{k=1}^{\infty}$ by $a_1 = f(10)$ and for all $k \geq 2$, $a_k = a_{k-1} + f(a_{k-1})...
1764	0.444444	number_theory	3	Find all positive integers \( n \) such that \( n^2 - 1 \) divides \( n^n + 1 \).
1765	0.444444	geometry	1	Let \( S \) be the set of all positive integers that can be represented as the sum of two distinct positive integers whose product is a perfect square. Define \( T \) as the set of all positive integers that can be represented as the sum o...
1766	0.777778	algebra	f(x) = a^x	Let \( f: \mathbb{R} \to \mathbb{R} \) be a continuous function such that for all real numbers \( x \) and \( y \), \[ f(x + y) = f(x) \cdot f(y) \] and for \( x \neq 0 \), \( f(x) \neq 1 \). Prove that \( f \) is an exponential function o...
1767	0.666667	number_theory	1	Given a sequence of integers \(a_1, a_2, \ldots, a_n\) with \(n \geq 2\), define the function \(f(k)\) for \(1 \leq k \leq n\) as the number of ways to choose \(k\) distinct integers from this sequence such that the sum of these \(k\) inte...
1768	0.777778	geometry	0	In the complex plane, let \( A = 1 + 2i \), \( B = 3 - i \), and \( C = -2 + 4i \). Find the number of distinct points \( P \) such that \( P \) is the centroid of triangle \( ABC \) when rotated about the origin by any angle \( \theta \) ...
1769	0.777778	number_theory	2	Find the smallest positive integer \( n \) such that there exist real numbers \( a_1, a_2, \ldots, a_n \) satisfying the following conditions: 1. \( a_1 + a_2 + \cdots + a_n = 0 \) 2. For any \( 1 \leq i \leq n \), \( a_i^3 = a_i \) 3. The...
1770	0.333333	number_theory	170	Let \( f: \mathbb{Z} \rightarrow \mathbb{Z} \) be a function defined such that for all integers \( a, b, c \) satisfying \( a + b + c = 2024 \), the following holds: \[ f(a) + f(b) + f(c) = abc + 170 \] Determine all possible values of \( ...
1771	0.333333	geometry	\frac{1}{2}	In the coordinate plane, consider a regular hexagon with vertices at lattice points. Let \( A \) and \( B \) be two distinct vertices of the hexagon such that the line segment \( AB \) is parallel to one of the axes. A point \( P \) is cho...
1772	0.777778	geometry	\sqrt{3}	In the coordinate plane, consider a circle centered at the origin with radius 1. Let \( P \) be a point inside the circle such that the distance from \( P \) to the origin is \( \sqrt{\frac{3}{4}} \). A line passing through \( P \) interse...
1773	0.555556	geometry	0	In the coordinate plane, a line passing through the origin intersects the curve defined by $y = x^3 - 3x + 2$ at exactly two distinct points. Find the sum of all possible slopes of such lines.
1774	0.555556	number_theory	9	Find all positive integers \( n \) such that the number \( 12345n \) is divisible by 3 and the number \( 123456789n \) is divisible by 9. Additionally, determine the smallest such \( n \) for which both conditions hold.
1775	0.444444	number_theory	1, 3	Find all positive integers \( n \) such that \( n \) divides \( 2^n + 1 \).
1776	0.444444	number_theory	2	Let \( P(x) \) be a polynomial with integer coefficients such that \( P(0) = 1 \) and \( P(1) = 2023 \). Suppose there exists a positive integer \( n \) for which \( P(n) = 2024 \) and \( P(n+1) = 2025 \). Find the smallest possible value ...
1777	0.444444	geometry	90	Find the smallest positive integer \( n \) such that the equation \[ x^2 - nx + 2024 = 0 \] has integer solutions and the product of these solutions is a perfect square.
1778	0.666667	geometry	25	A point \( P \) is selected at random inside a square with side length 10. From point \( P \), a line segment is drawn perpendicular to each side of the square, forming four right triangles. If the sum of the lengths of these line segments...
1779	0.555556	algebra	2	Find all real numbers \( x \) such that the equation \[ x^3 - 3x^2 + 2x - 1 + \frac{1}{x-1} = 0 \] holds. Prove that any solution must satisfy \( x \in [1, 3] \) and that there is exactly one solution in this interval.
1780	0.444444	number_theory	1	What is the smallest positive integer \( n \) such that the polynomial \( P(x) = x^n + x^{n-1} + \cdots + x + 1 \) has a root modulo \( m \), where \( m \) is a positive integer greater than 1 and not a prime number?
1781	0.333333	number_theory	7	What is the smallest positive integer \( n \) such that \( 2^n - 1 \) is divisible by 7 and the product of all positive integers less than \( n \) that are relatively prime to \( n \) is also divisible by 7?
1782	0.777778	geometry	(0, 0, 0)	Consider a regular octahedron \(O\) with vertices \(A, B, C, D, E, F\) such that \(ABCD\) forms the lower base and \(ABEF\) the upper base. Let \(P\) be a point inside \(O\) such that the sum of the distances from \(P\) to each vertex is m...
1783	0.333333	number_theory	a^2 + b^2 = p	Let \( p \) be a prime number such that \( p \equiv 1 \pmod{4} \). Prove that there exist positive integers \( a \) and \( b \) such that \( a^2 + b^2 = p \).
1784	0.333333	number_theory	2024	Let $S$ be a set of positive integers such that for any $a, b \in S$ with $a < b$, there exists a unique $c \in S$ such that $a + c = b$. Furthermore, let $S$ contain exactly 2023 elements. Find the sum of the smallest and largest elements...
1785	0.444444	number_theory	1	Find all positive integers \( n \) such that the polynomial \( P(x) = x^n + 2017x^{n-1} + 2016x^{n-2} + \dots + 2x^2 + x + 1 \) has all its roots as integers.
1786	0.333333	number_theory	1	Let f(x) be a polynomial with integer coefficients such that f(0) = 0 and f(1) = 1. If for all positive integers n, the value of f(n) is always an odd number, determine the smallest possible degree of f(x).
1787	0.555556	algebra	f(x) = ax	Let \( f: \mathbb{R} \to \mathbb{R} \) be a continuous function such that for all real numbers \( x \) and \( y \), the inequality \( |f(x+y) - f(x) - f(y)| \leq |y| \) holds. Show that there exists a real number \( a \) such that \( f(x) ...
1788	0.444444	geometry	60	Let \( ABCD \) be a convex quadrilateral with \( AB = 8 \), \( BC = 15 \), \( CD = 20 \), and \( DA = 17 \). Diagonals \( AC \) and \( BD \) intersect at point \( E \). Given that the area of \( \triangle ABE \) is \( 60 \), find the area ...
1789	0.333333	combinatorics	5	Consider a 4x4 chessboard. In how many distinct ways can you place 4 indistinguishable rooks on the board such that no two rooks attack each other? Note that two placements are considered the same if one can be obtained by rotating or refl...
1790	0.666667	number_theory	1	In a sequence of positive integers, each term after the first is the sum of the two preceding terms, starting with $1$ and $2$. If the $15^{\text{th}}$ term is a multiple of $11$, how many terms between the $1^{st}$ and the $15^{th}$ (incl...
1791	0.555556	geometry	60	Let \(ABC\) be an acute-angled triangle with \(AB < AC\). Let \(D\) be the foot of the perpendicular from \(A\) to \(BC\). Let \(E\) and \(F\) be points on \(AB\) and \(AC\) respectively, such that \(DE\) and \(DF\) are the angle bisectors...
1792	0.555556	geometry	20	In the enchanted land of Geometria, a magical circle with radius 10 units is inscribed inside a square field. A wizard casts a spell, transforming the square into a regular hexagon while maintaining the circle's center within the new shape...
1793	0.444444	algebra	4	Let $f(x) = x^4 - 20x^3 + 109x^2 - 140x + 50$. Find the number of distinct real solutions to the equation $f(f(x)) = 0$.
1794	0.666667	geometry	900	Find all positive integers \( n \) such that the number of distinct prime factors of \( n \) is exactly 3 and \( n \) is a perfect square.
1795	0.333333	number_theory	3	Find the smallest positive integer $n$ such that there exists a strictly increasing sequence of $n$ positive integers $a_1, a_2, ..., a_n$ satisfying: 1. $a_1 + a_2 + ... + a_n = 2023$, and 2. For all $1 \leq i < j \leq n$, $a_j$ divides $...
1796	0.777778	number_theory	(1, 1)	Find all pairs of positive integers $(m,n)$ such that $m^n + 1 = 2n^m$.
1797	0.444444	number_theory	p^2	Let $p$ be a prime number and $n$ a positive integer such that $p \mid n$. Consider the sequence $\{a_k\}_{k \geq 1}$ defined by $a_1 = n$, and for $k \geq 2$, $a_k$ is the smallest positive integer greater than $a_{k-1}$ that satisfies th...
1798	0.666667	geometry	2	In the complex plane, let \( z \) be a complex number satisfying the equation \[ z^3 + \overline{z}^3 = 2 \] where \( \overline{z} \) is the complex conjugate of \( z \). Find the sum of all possible values of \( z^2 + \overline{z}^2 \).
1799	0.444444	geometry	2	Let $f(x)$ be a polynomial with integer coefficients such that $f(0) = f(1) = 1$ and $f(n)$ is a perfect square for all non-negative integers $n$. Find the smallest possible degree of $f(x)$.
1800	0.444444	geometry	-1	Find all positive integers \( n \) such that the polynomial \( P(x) = x^n + x^{n-1} + \cdots + x + 1 \) has exactly three distinct real roots, and determine the sum of the squares of these roots.
1801	0.333333	number_theory	100	Given a sequence of distinct positive integers \(a_1, a_2, ..., a_{100}\) such that \(a_{i} < a_{i+1}\) for all \(1 \leq i \leq 99\), and the sum of any 50 consecutive terms in this sequence is divisible by 50, find the smallest possible v...
1802	0.777778	algebra	5	Let \( P(x) \) be a polynomial of degree 3 such that \( P(1) = 1, P(2) = 2, P(3) = 3, \) and \( P(4) = 4. \) Determine the value of \( P(5). \)
1803	0.666667	number_theory	1	Find all positive integers \( n \) such that the polynomial \( P(x) = x^n + ax + b \) (where \( a \) and \( b \) are integers) has exactly one real root, and this root is rational.
1804	0.555556	algebra	1	Let \( P(x) \) be a polynomial of degree \( n \) with real coefficients such that \( P(x) = x \) has exactly one real root, \( r \). Suppose further that \( P(x) \) has the property that for any real number \( y \) not equal to \( r \), \(...
1805	0.444444	number_theory	3	Find all positive integers \( n \) such that the equation \[ x^2 - nxy + y^2 = 1 \] has exactly three distinct solutions in positive integers \((x, y)\).
1806	0.777778	geometry	8	In a magical land, there exists a sequence of numbers that follows a unique pattern. The sequence starts with 1, and each subsequent number is the sum of the squares of the digits of the previous number. For example, the first few terms ar...
1807	0.555556	number_theory	3	Find all positive integers \( n \) such that the equation \[ x^2 + y^2 + z^2 = nxyz \] has a solution in positive integers \( x, y, z \).
1808	0.333333	number_theory	5057	A sequence of numbers \( a_1, a_2, a_3, \ldots \) is defined as follows: \( a_1 = 2 \), and for \( n \geq 2 \), \( a_n \) is the smallest positive integer such that \( a_n \) is not a factor of \( a_{n-1} \). Find the sum of the first 2023...
1809	0.555556	number_theory	1	Find all positive integers \( n \) such that \( n \) divides \( 3^{n} - 2^{n} \), and \( n \) is not a power of 3.
1810	0.777778	number_theory	979	A sequence of numbers \(\{a_n\}\) is defined as follows: \(a_1 = 1\), and for \(n \geq 2\), \(a_n = a_{n-1}^2 - 2\). Let \(S\) be the sum of the first 2023 terms of this sequence. Find the remainder when \(S\) is divided by 1000.
1811	0.777778	geometry	1	There is a circle with radius \( r \) and a point \( P \) outside the circle such that the line segment from \( P \) to the center of the circle is perpendicular to the tangent at the point of tangency. If \( PQ \) is the length of the tan...
1812	0.666667	geometry	40	In triangle \( ABC \), point \( D \) is on side \( BC \) such that \( BD : DC = 2 : 1 \). Point \( E \) is on side \( AC \) such that \( AE : EC = 1 : 2 \). The lines \( AD \) and \( BE \) intersect at point \( F \). If the area of triangl...
1813	0.555556	number_theory	1	Let \( p \) be a prime number greater than 3. Consider the sequence of integers defined by \( a_n = n^2 + pn + 1 \). Determine the smallest positive integer \( k \) such that for all \( n \geq k \), the sequence \( a_n \) contains at least...
1814	0.666667	geometry	4	Let \( ABC \) be an equilateral triangle with side length 12. Points \( D, E, \) and \( F \) lie on sides \( BC, CA, \) and \( AB \), respectively, such that \( BD = CE = AF = x \). Let \( G \) be the intersection of \( AD, BE, \) and \( C...
1815	0.777778	number_theory	2	Find all integers \( n \geq 2 \) such that the equation \[ x_1^2 + x_2^2 + \cdots + x_n^2 = x_{n+1}^2 + x_{n+2}^2 \] has integer solutions \( x_1, x_2, \ldots, x_{n+2} \) where none of \( x_1, x_2, \ldots, x_{n+2} \) is divisible by \( n \...
1816	0.555556	number_theory	1275	Let $S$ be the set of all positive integers $n$ for which there exist positive integers $a$, $b$, and $c$ such that the polynomial $P(x) = x^3 + ax^2 + bx + c$ has integer roots and $P(1) = n$. If $S$ contains exactly 50 elements, find the...
1817	0.666667	geometry	q-1	In a finite field \( F \) with \( q \) elements, where \( q = p^n \) for some prime \( p \) and \( n \geq 1 \), consider a polynomial \( P(x) = a_0 + a_1 x + a_2 x^2 + \cdots + a_d x^d \) with coefficients \( a_i \in F \). Suppose that for...
1818	0.777778	number_theory	20	Find the smallest positive integer \( n \) such that \( n \) is divisible by 20, and the sum of the digits of \( n \) is also a divisor of 20.
1819	0.444444	combinatorics	4	In a town, there are four houses in a row. Each house is painted a different color: red, blue, green, or yellow. The blue house is immediately to the left of the green house. The yellow house is not next to the red house. The green house i...
1820	0.555556	algebra	k	Let \( f: \mathbb{R} \to \mathbb{R} \) be a continuous function such that \( f(x) + f(y) = f(x+y) \) for all \( x, y \in \mathbb{R} \). Suppose also that \( f \) is differentiable at \( x = 0 \) with \( f'(0) = k \) for some constant \( k ...
1821	0.333333	other	2^{2023} - 1	在一个无限长的数列 \( a_1, a_2, a_3, \ldots \) 中，每个 \( a_i \) 是 \( 1, 2, 3, \ldots, 2023 \) 中的一个正整数，且对任意的 \( i \neq j \)，\( a_i \neq a_j \)。对于每一个正整数 \( k \) (1 ≤ \( k \) ≤ 2023)，定义 \( S_k \) 为数列中所有出现次数恰好为 \( k \) 的数的集合。给定条件 \( S_k \) 的非空子集 \( T_k \...
1822	0.777778	algebra	1	Let $f: \mathbb{R} \to \mathbb{R}$ be a differentiable function such that for all $x, y \in \mathbb{R}$, we have $f'(x+y) = f'(x)f'(y)$. If $f'(0) = 1$ and $f(0) = 0$, find the value of $f\left(\ln(2)\right)$.
1823	0.444444	number_theory	3	Find all positive integers \( n \) such that the polynomial \( P(x) = x^n + x^{n-1} + \cdots + x + 1 \) can be expressed as the product of two non-constant polynomials with integer coefficients.
1824	0.333333	combinatorics	11	Find the maximum number of subsets that can be included in a collection of subsets of a set with 10 distinct objects such that no subset is a proper subset of another. That is, if $A$ and $B$ are subsets in the collection, then $A \neq B$ ...
1825	0.555556	number_theory	1012	Let $f(x)$ be a function defined on the positive integers such that $f(1) = 1$ and for all positive integers $n$, \[f(n) = n - f(f(n-1)).\] Find the value of $f(2023)$.
1826	0.666667	geometry	1	In a magical forest, there are 100 trees arranged in a straight line. Each tree is either a pine or an oak. A wizard casts a spell that doubles the number of pines and triples the number of oaks every day. If initially there were 30 pines ...
1827	0.555556	number_theory	2	Find all positive integers \( n \) such that the polynomial \( P(x) = x^n + nx^{n-1} + (n-1)x^{n-2} + \cdots + 2x + 1 \) can be factored into the product of two non-constant polynomials with integer coefficients.
1828	0.333333	geometry	168 + 40\sqrt{5}	In the coordinate plane, let \(P\) be the point \((3,4)\) and \(Q\) the point \((7,12)\). Let \(R\) be a point on the circle centered at the origin with radius 5. Determine the maximum value of \(|PR^2 - QR^2|\).
1829	0.444444	combinatorics	5005	Consider the set {1, 2, 3, ..., 20}. How many ways can we select 6 numbers from this set such that any two selected numbers differ by at least 3?
1830	0.777778	number_theory	4046	Consider the sequence of numbers \(a_n\) defined as follows: \(a_1 = 1\), and for \(n \geq 2\), \(a_n\) is the smallest positive integer greater than \(a_{n-1}\) that is not relatively prime to \(a_{n-1}\). For instance, \(a_2 = 2\), \(a_3...
1831	0.444444	number_theory	3	Let \( P(x) \) be a polynomial of degree 5 with integer coefficients such that \( P(1) = 2024 \), \( P(2) = 4048 \), and \( P(3) = 6072 \). It is also known that \( P(x) \) has exactly one real root in the interval \( (1, 3) \). Find the n...
1832	0.777778	number_theory	3	Find the smallest positive integer \( n \) such that the polynomial \( P(x) = x^n + x^{n-1} + \cdots + x + 1 \) can be factored into the product of two non-constant polynomials with integer coefficients.
1833	0.444444	number_theory	3	Find the smallest positive integer \( n \) such that the polynomial \( P(x) = x^n - x^{n-1} - x^{n-2} - \ldots - x - 1 \) has at least one real root greater than 2.
1834	0.444444	other	2	在一个五边形网格中，每个小五边形的面积为1平方单位。已知AB = BC = CD = DE = EF = 1单位，且∠ABC = ∠CDE = ∠DEF = 90°。求整个五边形区域的面积。
1835	0.777778	number_theory	3	What is the largest integer \( n \) such that \( \frac{1}{n} \) can be expressed as a terminating decimal in base 3 with exactly 4 digits after the radix point, and \( n \) is also a prime number?
1836	0.777778	geometry	100	In the convex quadrilateral \(ABCD\), the diagonals \(AC\) and \(BD\) intersect at point \(E\). Let \(M\) and \(N\) be the midpoints of sides \(AD\) and \(BC\) respectively. If the area of triangle \(AEN\) is 20 square units and the area o...
1837	0.555556	geometry	45	A set S consists of 10 distinct integers. We define a pair of distinct integers from S as good if their product is a perfect square. What is the maximum number of good pairs that can exist in S?
1838	0.444444	combinatorics	0	In the complex plane, consider the set of points defined by the equation \( z^4 + 1 = 0 \). Let \( S \) be the set of all points \( z \) that satisfy this equation. If \( P \) is a point chosen uniformly at random from \( S \), what is the...
1839	0.666667	geometry	\frac{1}{2}	In the complex plane, consider a circle centered at the origin with radius 1. A point P is chosen randomly on this circle. Let A and B be two fixed points on the circle such that the arc AB subtends a right angle at the center. What is the...
1840	0.555556	number_theory	11	Let \( f(n) \) be the function defined for all positive integers \( n \) as follows: if \( n \) is even, \( f(n) = \frac{n}{2} \); if \( n \) is odd, \( f(n) = 3n + 1 \). Consider the sequence generated by repeatedly applying \( f \) to th...
1841	0.333333	number_theory	\frac{1}{100}	A positive integer $n$ is chosen at random from the set $\{1, 2, 3, \ldots, 1000\}$. What is the probability that the sum of the digits of $n$ equals the product of the digits of $n$? Express your answer as a reduced fraction.
1842	0.555556	other	10	In a country, there are 100 cities connected by roads. Each city is connected to exactly 10 other cities, and there are no direct road connections between any two cities more than once. A traveler decides to visit as many cities as possibl...
1843	0.333333	number_theory	3	Find all positive integers \( n \) such that the polynomial \( P(x) = x^n + x^{n-1} + \cdots + x + 1 \) can be expressed as the product of two non-constant polynomials with integer coefficients.
1844	0.666667	geometry	3	In the coordinate plane, let \( P \) be the point \((2020, 2021)\) and \( Q \) the point \((2021, 2022)\). A finite sequence of points in the plane \( Q_1, Q_2, \ldots, Q_n \) is called a *harmonious path* from \( P \) to \( Q \) if: 1. \(...
1845	0.777778	algebra	-2	Let \( f(x) \) be a polynomial of degree 3 such that the coefficients of \( x^3 \) and \( x \) are both 1. Given that \( f(x) \) satisfies \( f(x) + f(-x) = 0 \) for all real \( x \), and that \( f(2) = 6 \), find the value of \( f(-1) \).
1846	0.666667	algebra	\frac{2 + \sqrt{10}}{3}	In the geometric sequence $\{a_n\}$ with common ratio $q$, let $S_n$ be the sum of the first $n$ terms. If $(a_1, \frac{3}{4}a_3, 2a_2)$ forms an arithmetic sequence, find the value of $q$.
1847	0.333333	combinatorics	\frac{1}{2}	In the complex plane, let \(A\), \(B\), and \(C\) be the vertices of a regular hexagon with side length \(1\). Let \(D\), \(E\), and \(F\) be the midpoints of \(BC\), \(CA\), and \(AB\) respectively. A point \(P\) is chosen uniformly at ra...
1848	0.444444	geometry	\infty	In the Cartesian plane, let P be the set of points (x, y) that satisfy the equation \[x^2 + y^2 = 1.\] For any non-negative integer n, let A_n be the set of points in P that have at least one coordinate that is rational and whose distance ...
1849	0.333333	number_theory	5	Find the smallest positive integer $n$ such that there exist integers $a$, $b$, and $c$ with $a^2 + b^2 + c^2 = n$ and $ab + bc + ca = 10$.
1850	0.333333	geometry	3	Let \( ABC \) be a triangle with \( AB = 13 \), \( BC = 14 \), and \( CA = 15 \). Points \( D \), \( E \), and \( F \) lie on segments \( BC \), \( CA \), and \( AB \) respectively, such that \( AD \), \( BE \), and \( CF \) are concurrent...
1851	0.555556	geometry	(-1, 1)	In the Cartesian plane, a sequence of points \( P_1, P_2, P_3, \ldots \) is defined as follows: \( P_1 \) is the point \((1,1)\), and for each \( n \geq 1 \), \( P_{n+1} \) is the reflection of \( P_n \) over the line \( y = x \), followed...
1852	0.333333	number_theory	10	Consider a sequence of integers \(a_1, a_2, a_3, \ldots, a_n\) where each term \(a_i\) is defined by the recursive relation: \[a_{i+1} = a_i^2 - a_i + 1\] for \(i = 1, 2, \ldots, n-1\). Given that \(a_1 = 2\), determine the smallest positi...
1853	0.777778	combinatorics	20	In a magical land, there are 6 unique colored coins: red, blue, green, yellow, black, and white. A wizard needs to create a spell using exactly 3 coins, but the spell can only be effective if the coins follow a specific pattern: no two adj...
1854	0.666667	geometry	1	Let \( A \), \( B \), and \( C \) be the vertices of a triangle in the complex plane, with \( A = 0 \), \( B = 1 \), and \( C \) as an arbitrary complex number. Define \( D \) as the midpoint of \( BC \), and let \( E \) be the foot of the...
1855	0.444444	geometry	2^{2023}	In a triangular array of numbers, the top number is 1. Each number below it is the sum of the two numbers directly above it. The base of the triangle consists of 2023 numbers, all initially set to 1. After constructing the entire triangle,...
1856	0.555556	algebra	1	In the complex plane, let \( z \) be a complex number such that \( z^3 = 1 \) and \( z \neq 1 \). Define \( w = z + \frac{1}{z} \). If \( P(x) \) is a polynomial of degree 5 with real coefficients such that \( P(z) = 0 \) for all possible ...
1857	0.666667	algebra	f(x) = ax^2 + bx + c	In the realm of functional equations, consider a function \( f: \mathbb{R} \to \mathbb{R} \) satisfying the equation \( f(x + y) + f(x - y) = 2f(x) + 2f(y) \) for all real numbers \( x \) and \( y \). Prove that \( f(x) = ax^2 + bx + c \) ...
1858	0.666667	geometry	1	Find the smallest positive integer \( n \) such that the sum of the first \( n \) positive integers is a perfect square and the sum of the squares of the first \( n \) positive integers is also a perfect square.
1859	0.444444	geometry	24\sqrt{6}	In the complex plane, let \( P \) be a point such that the distance from \( P \) to the origin is 10. Let \( Q \) be another point in the complex plane such that \( |Q - P| = 12 \) and \( |Q| = 14 \). Find the area of the triangle formed b...
1860	0.444444	geometry	10	Let \(ABC\) be an acute triangle with circumcenter \(O\), and let \(D\), \(E\), and \(F\) be the feet of the altitudes from \(A\), \(B\), and \(C\) respectively. The circle with diameter \(BC\) intersects line \(EF\) at points \(P\) and \(...
1861	0.777778	number_theory	3	Find the smallest positive integer \( n \) such that the polynomial \( P(x) = x^n + x^{n-1} + \cdots + x + 1 \) can be factored into the product of two non-constant polynomials with integer coefficients.
1862	0.777778	number_theory	5	In a game, Alice and Bob play with a sequence of integers \( a_1, a_2, \ldots, a_n \) where each \( a_i \) is a positive integer less than or equal to \( n \). The game proceeds as follows: Alice starts by choosing an index \( i \) and rem...
1863	0.666667	number_theory	f(2023) > 45	Let \( f(n) \) be a function defined on the set of positive integers such that \( f(1) = 1 \) and for all positive integers \( n \), \( f(n+1) = f(n) + \frac{1}{f(n)} \). Prove that \( f(2023) > 45 \).
1864	0.333333	geometry	9	In a triangle \( \triangle ABC \), the lengths of sides \( AB \), \( BC \), and \( CA \) are distinct positive integers. It is given that \( AB \) and \( BC \) are the two shortest sides, and the length of \( CA \) is the sum of \( AB \) a...
1865	0.666667	number_theory	1012	Consider a sequence of positive integers \(a_1, a_2, a_3, \ldots, a_n\) where each term is the smallest integer greater than the previous term and not relatively prime to any of the previous terms. If the first term \(a_1 = 2\), find the s...
1866	0.555556	number_theory	10	Let \( S \) be a set of positive integers such that for any two distinct elements \( a \) and \( b \) in \( S \), the greatest common divisor \( \gcd(a, b) \) is not a prime number. What is the maximum possible number of elements in \( S \...
1867	0.444444	number_theory	6	Find all pairs of positive integers $(m, n)$ such that the polynomial $P(x) = x^3 + mx^2 + nx + m$ has three distinct real roots, all of which are integers. Determine the sum of all possible values of $m$.
1868	0.666667	geometry	0	Find all pairs of integers (x, y) such that x² + y² = 3xy + 1. Prove that the sum of all possible values of x is a perfect square.
1869	0.333333	number_theory	10	Find the number of ordered triples $(a, b, c)$ of positive integers such that $abc = 1000$ and $a \leq b \leq c$.
1870	0.555556	combinatorics	1	Let \( S = \{1, 2, 3, \ldots, 20\} \). Define a function \( f: S \to S \) such that for every subset \( A \subseteq S \) with \( |A| = 5 \), there exists a permutation \( \sigma \in S_5 \) such that \( f(a_1), f(a_2), f(a_3), f(a_4), f(a_5...
1871	0.666667	number_theory	443	A sequence of positive integers $a_1, a_2, a_3, \ldots$ is defined by the following rule: $a_{n+1} = a_n^2 - a_n + 1$ for all $n \geq 1$. If $a_1 = 2$, find the value of $a_{10} \mod 1000$.
1872	0.333333	geometry	2575	In the coordinate plane, let \(P\) be the set of points with integer coordinates. A set of segments \(\mathcal{S}\) is a perfect matching if every point in \(P\) is an endpoint of exactly one segment in \(\mathcal{S}\), and no two segments...
1873	0.500000	other	25	In a country with $n \ge 2$ cities, each city is connected to every other city by either a highway or a direct flight (but not both). A traveler starts in one city and wants to visit each city exactly once, returning to the starting city. ...
1874	0.333333	geometry	\sqrt{3}	In the complex plane, let \( z_1, z_2, z_3 \) be the vertices of an equilateral triangle inscribed in the unit circle, with \( z_1 = 1 \) and \( z_3 = e^{i\pi/3} \). If \( w = z_2 + z_3 \), find the absolute value of the imaginary part of ...
1875	0.777778	number_theory	n \geq 3	Determine all positive integers \( n \) such that there exists a set of \( n \) distinct positive integers \(\{a_1, a_2, \ldots, a_n\}\) where \(\sum_{i=1}^{n} \frac{1}{a_i} = 1\).
1876	0.444444	number_theory	1	Find all positive integers \( n \) such that the polynomial \( P(x) = x^n + (n-1)x + 1 \) can be factored into two non-constant polynomials with integer coefficients.
1877	0.444444	number_theory	10	Let \( S \) be the set of all positive integers that can be expressed as the sum of two or more consecutive positive integers. How many positive integers less than or equal to 1000 are not in \( S \)?
1878	0.666667	number_theory	64	A function \( f \) is defined on the positive integers such that \( f(1) = 1 \) and for all positive integers \( n \), \( f(n + 1) = f(n) + \frac{1}{f(n)} \). Determine the integer closest to \( f(2023) \).
1879	0.444444	number_theory	0	Find all prime numbers \( p \) and \( q \) such that \( p^2 + pq + q^2 = n^2 \) for some integer \( n \). Additionally, determine the number of distinct pairs \((p, q)\) that satisfy this equation.
1880	0.777778	number_theory	100	Let $S$ be a set of integers such that for any $a, b \in S$, the expression $a^3 + b^3 + 1$ is divisible by $a + b + 1$. Find the number of distinct elements in $S$ if $S$ contains all integers from $1$ to $100$ inclusive.
1881	0.333333	geometry	17	A convex quadrilateral \(ABCD\) has side lengths \(AB = 13\), \(BC = 14\), \(CD = 15\), and \(DA = 16\). The diagonals \(AC\) and \(BD\) intersect at point \(P\) such that the areas of triangles \(APB\), \(BPC\), \(CPD\), and \(DPA\) are e...
1882	0.444444	other	3	在一个有限的正整数集合S中，元素个数为n。已知对于所有a,b∈S且a≠b，满足|a-b|也是集合S中的一个元素（除了当a+b>max(S)时，设|a-b|=a-b）。集合S的最大值记为m。现在，求解最大的m值，使得这样的集合S最少有3个不同的元素。
1883	0.444444	number_theory	3	Let \( S \) be a set of 100 positive integers, all less than or equal to 1000. Define \( T \) as the set of all pairwise sums of distinct elements from \( S \). If \( T \) contains exactly 200 elements and all elements of \( T \) are disti...
1884	0.444444	number_theory	1	In a sequence of positive integers \( a_1, a_2, a_3, \ldots, a_{2023} \), each term after the first is the smallest integer greater than the previous term that is relatively prime to all previous terms. Given that \( a_{2023} = 2023 \), fi...
1885	0.777778	number_theory	1	Let \( f(x) \) be a function defined for all real numbers \( x \), such that \( f(x) \) satisfies the functional equation: \[ f(x + y) + f(x - y) = 2f(x)f(y) \] for all \( x, y \in \mathbb{R} \). Furthermore, it is given that \( f(0) = 1 \...
1886	0.444444	geometry	8	In triangle \(ABC\), let \(D\) be the midpoint of \(BC\). The perpendicular bisector of \(BD\) intersects \(AC\) at point \(E\). If \(AB = 10\), \(BC = 14\), and \(CA = 16\), determine the length of segment \(AE\).
1887	0.333333	algebra	\frac{1}{3}	在一个边长为1的正三角形区域内随机放置一个点P。点P的坐标(x, y)满足0 <= x <= 1且0 <= y <= 1。定义函数f(P)为从P到该正三角形顶点的距离平方的平均值。请问f(P)的最小可能值是多少？
1888	0.777778	geometry	-11, -12	Find all integers \( n \) such that \( n^2 + 23n + 133 \) is a perfect square.
1889	0.555556	algebra	40	In the complex plane, let \( P(z) \) be a polynomial of degree 4 with real coefficients, such that \( P(1) = 10, P(2) = 20, P(3) = 30, \) and \( P(0) = 0. \) Find the sum of all possible values of \( P(4). \)
1890	0.333333	number_theory	4	Find the smallest positive integer \( n \) such that the number of integers \( k \) satisfying \( 1 \leq k \leq n \) and \( k^3 \equiv 1 \pmod{n} \) is equal to the number of integers \( m \) satisfying \( 1 \leq m \leq n \) and \( m^2 \eq...
1891	0.555556	number_theory	1	Find the smallest positive integer \( n \) such that the polynomial \( P(x) = x^4 + ax^3 + bx^2 + cx + d \) has exactly two distinct real roots, and these roots are both integers, and the coefficients \( a, b, c, d \) are all integers.
1892	0.666667	number_theory	270	Find the number of ordered triples $(a, b, c)$ of positive integers such that $a \cdot b \cdot c = 1008$ and each of $a, b,$ and $c$ is a divisor of the next one in the sequence. For example, $(12, 84, 1008)$ is one such triple since $1008...
1893	0.666667	number_theory	3	Find all positive integers \( n \) such that the polynomial \( x^n + y^n + z^n - 3xyz \) is divisible by \( (x + y + z) \) for all real numbers \( x, y, z \).
1894	0.333333	number_theory	(0, -1), (-1, 0)	Find all integer solutions \((x, y)\) to the equation: \[ x^3 + y^3 + 1 = 6xy. \]
1895	0.444444	number_theory	3	Find all positive integers \( n \) such that \( n \) divides \( 2^n + 1 \) and \( n + 1 \) divides \( 2^n - 1 \). Prove that if such \( n \) exists, then \( n \) must be a multiple of 3.
1896	0.444444	number_theory	2	Find the smallest positive integer \( n \) such that \( n! \) (n factorial) is divisible by the product of all primes less than \( n \).
1897	0.666667	number_theory	2	Consider a sequence of positive integers \(a_1, a_2, a_3, \ldots, a_n\) such that \(a_1 = 1\) and \(a_{k+1} = a_k^2 - 2\) for \(k \geq 1\). Let \(S_n\) be the sum of the first \(n\) terms of this sequence. Find the smallest positive intege...
1898	0.333333	number_theory	13	Let $a$, $b$, and $c$ be positive integers such that $a^2 + b^2 = c^3$. If $a$ and $b$ are consecutive integers and $c$ is a prime number, find the smallest possible value of $c$ for which this condition holds.
1899	0.333333	number_theory	2	Find the number of positive integers \( n \) such that \( n \) divides \( 2020^n + 1 \) and \( n \) is a prime number less than 1000.
1900	0.777778	number_theory	2	Let \( p \) be a prime number. Determine the number of solutions to the equation \( x^2 - px + p^2 - 1 = 0 \) modulo \( p^2 \) for any given prime \( p \).
1901	0.333333	number_theory	11	In the enchanted forest, there are 12 magical trees, each with a unique number of golden leaves. The total number of golden leaves among all the trees is 132. The number of leaves on each tree is a positive integer, and no two trees have t...
1902	0.333333	number_theory	4	There exists a function \(f: \mathbb{Z} \to \mathbb{Z}\) such that for all integers \(x\) and \(y\), the equation \(f(xy) = f(x)f(y) + x + y\) holds. Moreover, it is given that \(f(2) = 2\). Find the value of \(f(3)\).
1903	0.333333	number_theory	2023	Consider a sequence of integers \(a_n\) defined by the recurrence relation \(a_0 = 2\), \(a_1 = 3\), and \(a_{n+2} = a_{n+1} + a_n\) for all \(n \geq 0\). Let \(p(n)\) denote the number of positive integers less than or equal to \(n\) that...
1904	0.666667	number_theory	9034502890	Consider a sequence of positive integers \(a_1, a_2, \ldots, a_n\) where each \(a_i\) is distinct and satisfies \(a_i \leq 100\) for all \(i = 1, 2, \ldots, n\). Define a function \(f\) that maps each sequence to a positive integer by the ...
1905	0.444444	number_theory	1	Let \( P(x) \) be a polynomial with integer coefficients such that \( P(0) = 0 \) and \( P(1) = 2024 \). Define a sequence \( \{a_n\} \) by \( a_n = P(n) \). Prove that there exists a positive integer \( k \) such that \( a_{2k} = 2a_k \).
1906	0.333333	number_theory	0	A sequence of integers \(a_1, a_2, a_3, \ldots, a_n\) is defined recursively by \(a_1 = 1\) and \(a_{k+1} = a_k^2 - a_k + 1\) for \(k \geq 1\). Find the smallest positive integer \(n\) such that \(a_n\) is divisible by \(1000\).
1907	0.555556	geometry	2	Let \( ABC \) be a triangle with circumradius \( R \) and inradius \( r \). Suppose the perpendicular bisectors of the sides \( AB \) and \( AC \) intersect the circumcircle of \( ABC \) at points \( P \) and \( Q \), respectively. If the ...
1908	0.333333	number_theory	21	Consider the sequence of positive integers \(a_n\) defined by \(a_1 = 1\), \(a_2 = 3\), and for \(n \geq 3\), \(a_n = a_{n-1} + 2a_{n-2}\). Find the smallest \(n\) such that \(a_n\) has exactly 5 distinct prime factors.
1909	0.333333	geometry	1190	In the plane, there are \( n \) points, no three of which are collinear. A circle is drawn around each point that passes through it and one of the other two points. What is the maximum number of intersections of these circles that can be f...
1910	0.333333	number_theory	14	In the kingdom of Mathoria, there exists a magical sequence of numbers, \(M_n\), defined as follows: \(M_1 = 1\), \(M_2 = 2\), and for \(n \geq 3\), \(M_n\) is the smallest positive integer greater than \(M_{n-1}\) that cannot be expressed...
1911	0.666667	geometry	60	In the plane, points $A, B, C, D, E,$ and $F$ are chosen such that $AB = BC = CD = DE = EF = FA$ and $B, D,$ and $F$ are collinear. If $\angle ABC = \theta$ and $\angle ADE = 2\theta$, find the value of $\theta$ for which $\triangle ABC$ a...
1912	0.555556	number_theory	6	Let \( S \) be the set of all positive integers \( n \) for which the polynomial \( P(x) = x^3 - nx + n \) has three distinct integer roots. Find the sum of all elements in \( S \).
1913	0.444444	number_theory	1, 2	Find all positive integers \( n \) such that the polynomial \( P(x) = x^n + ax^{n-1} + bx^{n-2} + \ldots + k \) with integer coefficients has a root that is a rational number, and the sum of the absolute values of all coefficients of \( P(...
1914	0.333333	geometry	\frac{1}{12}	A square $ABCD$ is inscribed in a circle of radius $r$. Points $E$ and $F$ lie on sides $AB$ and $BC$ respectively, such that $AE = 2BE$ and $CF = 3BF$. Find the ratio of the area of triangle $AEF$ to the area of the square $ABCD$.
1915	0.333333	geometry	13	Let \( S \) be a set of \( n \) distinct positive integers. For any two distinct elements \( a, b \in S \), define \( f(a, b) \) as the number of ordered pairs \( (c, d) \) of elements from \( S \) such that \( a \leq c < d \leq b \) and \...
1916	0.444444	number_theory	(2, 3, 5)	Find all triples of prime numbers \( p, q, \) and \( r \) such that \( p + q + r = pqr \).
1917	0.555556	algebra	b	Let \( f(x) \) be a polynomial of degree \( n \) with real coefficients such that \( f(x) \) has \( n \) distinct real roots. Define \( g(x) = f'(x) \). Suppose that for some real number \( a \), the equation \( g(x) = a \) has exactly \( ...
1918	0.333333	geometry	70	Find all positive integers \( n \) such that \( n^4 + 200n^2 + 1 \) is a perfect square.
1919	0.333333	number_theory	333334	There exists a sequence of numbers $a_1, a_2, a_3, \ldots$ defined by the recursion: \[a_1 = 1, \quad a_{n+1} = a_n + \frac{1}{a_n^2}\] for all $n \ge 1$. Find the smallest positive integer $k$ such that $a_k > 100$. If $k$ does not exist,...
1920	0.666667	geometry	8.8	In triangle \(ABC\), the altitude from \(A\) meets \(BC\) at \(D\). Let \(E\) be the point on \(AC\) such that \(DE\) is perpendicular to \(AC\). If \(AD = 8\), \(BD = 5\), and \(CD = 6\), find the length of \(DE\).
1921	0.333333	logic_puzzle	38	In a peculiar town, there are three types of coins: gold, silver, and bronze. A gold coin is worth 5 silver coins, and a silver coin is worth 5 bronze coins. A traveler arrives with 1 gold coin, 2 silver coins, and 3 bronze coins. If he ex...
1922	0.666667	number_theory	1	Find the number of ordered triples \((a, b, c)\) of positive integers such that \(a \leq b \leq c \leq 100\), and the equation \(a^3 + b^3 + c^3 = 3abc + 300\) holds.
1923	0.444444	geometry	2^{2023}	A convex polygon with 2023 sides is given. Each vertex is colored either red or blue, and each side is colored either black or white. It is known that no two adjacent sides have the same color. Moreover, if two vertices are of the same col...
1924	0.444444	algebra	9	Let $f(x) = x^3 - 3x^2 + 2x$. Determine the number of distinct real solutions to the equation $f(f(x)) = 0$.
1925	0.666667	number_theory	\infty	Let \( f: \mathbb{Z} \to \mathbb{Z} \) be a function defined by \( f(n) = n^2 + 2n + 3 \). For how many integers \( k \) is there an integer \( n \) such that \( f(n) = k \) and \( n \) is a prime number?
1926	0.666667	number_theory	k^5 - k	Let $S$ be the set of all positive integers that can be expressed in the form $n^4 + 4n^3 + 6n^2 + 4n + 1$ for some positive integer $n$. Prove that for any positive integer $k$, the number $k^5 - k$ can be expressed as the sum of $k$ dist...
1927	0.333333	logic_puzzle	12	In a magical forest, there are three types of trees: Oak, Maple, and Birch. Each tree type has a unique way of growing new branches. Oak trees grow a branch for every month that passes since the last leaf falls, Maple trees grow a branch f...
1928	0.444444	number_theory	1	In a magical land, there exists a unique species of flowers that bloom in cycles of $1, 2, 3, 4, 5, ...$ days. However, on day $n$, each flower transforms into a new flower with a bloom cycle that is the least common multiple (LCM) of $n$ ...
1929	0.555556	other	n-1	在一个无限长的直线上，有n个点，每个点都有一个值ai。现在，你可以选择一个整数k（1<=k<=n），然后将第i个点和第i+k（或i-k）个点之间的距离变成0。换句话说，你可以将某两个相邻的点“合并”成一个点。求出一种操作方式，使得所有点最终相邻的点之间距离都为0（即所有点都在同一个点上），并且使得最终的合并次数最少。输出最小的合并次数。
1930	0.333333	number_theory	3	What is the least positive integer that can be expressed as the sum of distinct powers of 3 such that the sum is also a prime number?
1931	0.444444	geometry	3	In a unique game of infinite chess, two players take turns moving a single knight on an unbounded chessboard. The first player aims to reach a specific position, while the second player attempts to prevent this. If the first player can rea...
1932	0.555556	other	0	在一个圆桌旁坐着 $n$ 个人，每个人面前都有一个盘子。每个人都会从自己面前的盘子中随机选取一个物品放入另一个盘子中。如果物品数量为偶数，则放入其中任何一个盘子；如果物品数量为奇数，则只能放入面前的盘子。问，当 $n=2023$ 时，恰好 $1012$ 个人的盘子中物品数量相同（包括物品数量为 $0$ 的情况）的概率是多少？
1933	0.666667	geometry	4	In a sequence of positive integers \(a_1, a_2, a_3, \ldots, a_n\), each term is the sum of the squares of its digits. For example, \(a_1 = 23\), \(a_2 = 2^2 + 3^2 = 13\), and \(a_3 = 1^2 + 3^2 = 10\). Determine the smallest positive intege...
1934	0.333333	number_theory	5	Let \( S \) be a finite set of positive integers. Define the set \( T \) as follows: For every positive integer \( n \), if the number of distinct prime factors of \( n \) is even, then \( n \) is in \( T \). If the number of distinct prim...
1935	0.444444	number_theory	2^n	Let $S$ be a set of $n$ distinct positive integers. A subset $T$ of $S$ is called *reversible* if there exists a positive integer $k$ such that for every pair of distinct elements $x$ and $y$ in $T$, either $x$ divides $y$ or $y$ divides $...
1936	0.444444	number_theory	1	What is the smallest positive integer \( n \) for which the equation \[ \left( x - \frac{1}{x} \right)^2 = n \] has at least three distinct real solutions for \( x \)?
1937	0.444444	number_theory	2023	Consider the sequence \( a_1, a_2, a_3, \ldots \) defined by \( a_1 = 1 \) and for \( n \geq 2 \), \[ a_n = a_{n-1} + \frac{1}{a_1 a_2 \cdots a_{n-1}}. \] Find the smallest integer \( k \) such that \( a_k > 2023 \).
1938	0.333333	geometry	40	Given a convex quadrilateral $ABCD$ with diagonals $AC$ and $BD$ intersecting at point $E$, and lengths $AE = 4$, $EC = 6$, $BE = 3$, and $ED = 5$, find the maximum possible value of the area of $ABCD$. Note: Use the Brahmagupta's formula ...
1939	0.555556	combinatorics	4	A sequence of real numbers \(\{a_n\}\) is defined by the recurrence relation \(a_{n+1} = \frac{a_n + a_{n-1}}{2}\) for \(n \geq 2\), with initial conditions \(a_1 = 2\) and \(a_2 = 6\). Find the value of \(a_{2024}\).
1940	0.333333	number_theory	2	Find all positive integers \( n \) such that the equation \[ n^3 - n^2 - 5n + 3 = 2^k \] holds for some non-negative integer \( k \).
1941	0.666667	number_theory	1	Find all positive integers \( n \) for which the equation \[ x^2 + y^2 + z^2 + w^2 = nxy + nyw + nzw + nzx \] has a non-trivial solution in the integers, i.e., a solution where not all of \( x, y, z, w \) are zero. Prove that your list of ...
1942	0.333333	number_theory	1	Find all positive integers \( n \) such that \( 3^n - 1 \) is divisible by \( 2^n + 1 \).
1943	0.333333	geometry	\frac{1}{12}	Let $ABCDEF$ be a regular hexagon with side length $s$. Let $G$ be the midpoint of $AB$, $H$ the midpoint of $BC$, and $I$ the midpoint of $CD$. The lines $GH$ and $HI$ intersect at point $J$. Find the ratio of the area of triangle $GJI$ t...
1944	0.444444	algebra	25	Consider a function \(f(x)\) defined for all positive real numbers \(x\) such that \(f(x) = x^3 + \frac{1}{x^3}\). If \(f(a) = f(b)\) for distinct positive real numbers \(a\) and \(b\), and \(a + b = 10\), find the value of \(ab\).
1945	0.333333	number_theory	\binom{n}{m} \cdot 10^m	Let $A$ be an array of $n$ integers in the range $[-n, n]$, and let $B$ be a subset of $A$ containing exactly $m$ elements where $m \leq n$. Define the weighted sum $S$ of the elements in $B$ as $S = \sum_{i=1}^{m} a_i \cdot w_i$, where $a...
1946	0.555556	number_theory	1	Find the number of positive integers \( n \) such that the polynomial \( P(x) = x^4 + nx^2 + 1 \) can be expressed as a product of two non-constant polynomials with integer coefficients.
1947	0.555556	geometry	PD \perp BC	Let \( P \) be a point inside triangle \( ABC \) such that \( PA = PB \) and \( \angle BPA = 120^\circ \). Let \( D \) be the midpoint of side \( AB \). Prove that \( PD \) is perpendicular to \( BC \).
1948	0.555556	number_theory	1	A sequence of positive integers $a_1, a_2, a_3, \ldots$ is defined by $a_1 = 2023$ and for all $n \geq 2$, $a_n = a_{n-1}^2 - 2a_{n-1} + 2$. Let $S$ be the set of all positive integers that can be expressed as $a_m - a_k$ for some integers...
1949	0.333333	geometry	\frac{5}{3}	A circle is inscribed in an isosceles triangle with sides 13, 13, and 10. A smaller circle is drawn tangent to the larger circle and also tangent to the two legs of the triangle. Find the radius of the smaller circle.
1950	0.333333	number_theory	2	Let $f(n)$ be a function defined on the positive integers, where $f(1) = 1$ and for all $n \ge 2$, $f(n)$ is the smallest positive integer not already in the sequence $f(1), f(2), \ldots, f(n-1)$ that is coprime to $n$. Determine the value...
1951	0.555556	number_theory	0	Find all integers \( n \) such that the equation \[ x^3 - y^3 = n^2 \] has exactly one solution in positive integers \( (x, y) \).
1952	0.666667	geometry	\frac{1}{2}	In the plane, a point \( P \) is chosen at random inside a square with vertices at \((0,0)\), \((10,0)\), \((10,10)\), and \((0,10)\). A circle centered at \( P \) is drawn such that it passes through the point \( (10,10) \). What is the p...
1953	0.444444	number_theory	1	Let $P(x) = x^4 + ax^3 + bx^2 + cx + d$ be a polynomial with integer coefficients. Suppose that $P(1) = 2023$, $P(2) = 2024$, and $P(3) = 2025$. If $r$ is a root of $P(x)$, find the smallest possible positive integer value of $r^2$.
1954	0.777778	number_theory	1	Find the smallest positive integer \( n \) such that the sum of the digits of \( n! \) is divisible by \( n \).
1955	0.444444	geometry	1	Find all positive integers \( n \) such that \( n^4 + 4n^3 + 2n^2 + 4n + 1 \) is a perfect square.
1956	0.625000	number_theory	5	Let \( f(x) \) be a polynomial with integer coefficients such that \( f(1) = 5 \) and \( f(2) = 11 \). If \( f(x) \) can be expressed in the form \( ax^3 + bx^2 + cx + d \), find the smallest possible value of \( |a + b + c + d| \).
1957	0.444444	number_theory	24	Find the smallest positive integer \( n \) such that the number of ordered pairs of positive integers \( (x, y) \) satisfying the equation \( x^2 - y^2 = n \) is exactly 8.
1958	0.333333	geometry	2045253	Let \( S \) be a set of 2023 points in the plane, no three of which are collinear. Each point \( P \) in \( S \) has an associated positive real number \( r_P \), which represents its "radius." Define the "distance" between two points \( P...
1959	0.444444	number_theory	0	Find all positive integers \( n \) such that \( n^2 + n + 1 \) divides \( n! \).
1960	0.555556	number_theory	(2, 2)	Find all prime numbers \( p \) and positive integers \( n \) such that \( p^n + 1 \) divides \( n^p + 1 \).
1961	0.333333	number_theory	1	Find all positive integers \( n \) such that there exists a polynomial \( P(x) \) with integer coefficients satisfying the equation \( P(k) = k^n \) for all positive integers \( k \).
1962	0.777778	algebra	c	Let \( f: \mathbb{R} \to \mathbb{R} \) be a continuous function such that for every \( x \in \mathbb{R} \), the sequence \( \{ f(n x) \}_{n=1}^\infty \) is bounded. Prove that there exists a real number \( c \) such that \( f(x + c) = f(x)...
1963	0.555556	number_theory	5	There exists a positive integer \( n \) such that \( 2^n + 3^n \) is divisible by \( n \). Find the largest possible value of \( n \) that satisfies this condition.
1964	0.666667	algebra	6	Let $f : \mathbb{R} \to \mathbb{R}$ be a function satisfying $f(x+y) = f(x)f(y) - f(xy) + 1$ for all real numbers $x$ and $y$. If $f(1) = 2$, determine the value of $f(5)$.
1965	0.333333	algebra	2	In the complex plane, let \( z \) be a root of the polynomial \( P(z) = z^5 - z^3 + z^2 - 1 \). Find the sum of all possible values of \( \text{Re}(z^2) \), where \( \text{Re} \) denotes the real part of the complex number. Note: The roots...
1966	0.666667	number_theory	17	Let \( S \) be a finite set of positive integers such that for any two distinct elements \( a \) and \( b \) in \( S \), the greatest common divisor of \( a \) and \( b \) is 1. Suppose that for any element \( n \) in \( S \), the product ...
1967	0.555556	number_theory	(1, 2, 2), (2, 1, 2), (2, 2, 1)	Find all triples \((a, b, c)\) of positive integers such that \[ a + b + c = abc + 1 \]
1968	0.555556	number_theory	0	Find all integers $x$ such that the polynomial $x^4 - 16x^3 + 89x^2 - 192x + 147$ can be factored into two quadratic polynomials with integer coefficients. Provide the sum of all such integers $x$.
1969	0.444444	number_theory	-100	Let $f(x) = x^5 + ax^4 + bx^3 + cx^2 + dx + e$ be a polynomial with integer coefficients and exactly five distinct integer roots. Given that the sum of the roots taken two at a time is 20, and the product of the roots taken two at a time i...
1970	0.666667	number_theory	13	Consider the sequence defined by \(a_1 = 1\) and \(a_{n+1} = a_n + \frac{1}{a_n}\) for all \(n \geq 1\). Find the smallest integer \(N\) such that \(a_N > 5\).
1971	0.333333	number_theory	1	Let \( P(x) \) be a polynomial with integer coefficients such that \( P(1) = 2 \) and \( P(2) = 3 \). Suppose that there exists an integer \( k \) for which \( P(k) = k^2 + 1 \). Determine the smallest possible positive value of \( k \) th...
1972	0.333333	number_theory	60	Find the smallest positive integer \( n \) such that the product of the first \( n \) positive integers (i.e., \( n! \)) is divisible by \( 10^{12} \). Prove your answer.
1973	0.444444	number_theory	2	Let $P(x)$ be a polynomial of degree $n$ with integer coefficients such that $P(0) = 1$ and for every positive integer $k$, $P(k)$ is divisible by $k$. Find the smallest possible value of $n$ such that there exists a polynomial $P(x)$ sati...
1974	0.333333	number_theory	5	Let $P(x)$ be a polynomial with integer coefficients such that $P(10) = 1000$ and $P(100) = 100000$. Given that $P(x)$ has a degree of at most $5$, find the number of possible integer roots that $P(x)$ can have.
1975	0.555556	algebra	1	Let \( f: \mathbb{R} \to \mathbb{R} \) be a function defined by \[ f(x) = x^4 - 4x^3 + 6x^2 - 4x + 4. \] Prove that there exists a unique real number \( c \) such that \( f(c) = c \). Moreover, determine the value of \( c \).
1976	0.666667	geometry	0	Find the number of ordered pairs of positive integers \((a, b)\) that satisfy the equation \(a^2 + b^2 = 2024\). Then, prove that if \(a\) and \(b\) are the legs of a right triangle, the hypotenuse is an integer.
1977	0.333333	geometry	2	In a triangular grid, each vertex is connected to its neighboring vertices. Starting from a vertex, a path is formed by moving to adjacent vertices, with the restriction that no vertex can be visited more than once. Given a triangular grid...
1978	0.555556	number_theory	1	Find all positive integers \(n\) for which there exists a permutation \(\sigma\) of the set \(\{1, 2, \ldots, n\}\) such that for every integer \(k\) with \(1 \leq k \leq n\), the following condition holds: \[ \sigma(1) + \sigma(2) + \cdot...
1979	0.666667	number_theory	5	Let $f(x)$ be a polynomial of degree $n$ with integer coefficients such that $f(0) = 1$ and $f(1) = 2$. Suppose further that $f(x)$ has exactly $k$ distinct integer roots. Determine the maximum possible value of $n$ for which it is possibl...
1980	0.666667	combinatorics	1	In a peculiar town, every person either always tells the truth or always lies. On a particular day, each resident makes a statement about the number of truth-tellers in the town. If the number of truth-tellers is n, then the nth truth-tell...
1981	0.666667	number_theory	1	Given a positive integer \( n \), let \( S(n) \) be the sum of its digits, and let \( P(n) \) be the product of its digits. Find all positive integers \( n \) such that \( n = S(n) \times P(n) \).
1982	0.666667	number_theory	3	Find all prime numbers \( p \) such that the equation \( x^2 + xy + y^2 = p \) has integer solutions.
1983	0.333333	geometry	5	What is the smallest positive integer $n$ such that there exists a set of $n$ distinct positive integers where the sum of any three distinct members of the set is a perfect square?
1984	0.333333	algebra	1	Let \( f(x) = x^5 + ax^4 + bx^3 + cx^2 + dx + e \) be a polynomial with real coefficients such that the polynomial \( g(x) = f(x + 1) \) has five distinct real roots, all less than or equal to \(-1\). If the sum of the coefficients of \( f...
1985	0.444444	number_theory	50	In a certain town, there are 100 houses numbered from 1 to 100. Each house has a unique number of pets, ranging from 0 to 9. The sum of the number of pets in all the houses is 450. If the number of pets in each house is a non-negative inte...
1986	0.333333	number_theory	(1, 1)	Find all pairs of positive integers $(x, y)$ such that $x^y + y^x = x! + y!$.
1987	0.333333	combinatorics	4	What is the minimum number of colors needed to color the vertices of a regular icosahedron (a polyhedron with 20 triangular faces) such that no two adjacent vertices share the same color?
1988	0.444444	geometry	2	In the complex plane, let $z_1, z_2, z_3, z_4$ be the vertices of a square with side length $s$, centered at the origin. If the product of all the vertices is given by $z_1z_2z_3z_4 = i$, find the area of the square.
1989	0.444444	number_theory	11	Let \( f(x) \) be a polynomial with integer coefficients such that \( f(1) = 10 \) and \( f(2) = 20 \). Define the sequence \( a_n = f(n) \) for \( n \in \mathbb{N} \). Find the smallest positive integer \( k \) such that \( a_k \) is divi...
1990	0.666667	algebra	f(n) > 2^{n-1}	设 \(f(x)\) 是定义在 \((0, +\infty)\) 上的连续函数，且满足 \(f(x + 1) = 2f(x)\) 对所有 \(x > 0\) 成立。已知 \(f(1) = 1\) 且 \(f\) 在区间 \((0, 1]\) 内连续且严格递增。求证：对于任意正实数 \(n\)，有 \(f(n) > 2^{n-1}\)。
1991	0.555556	number_theory	(1, 1), (1, -1), (-1, 1)	Find all integer solutions \((x, y)\) to the equation \(x^2 + y^2 + xy = x + y + 1\).
1992	0.555556	number_theory	-989x + 10890	A polynomial \( P(x) \) with integer coefficients is such that when divided by \( x - a \) (where \( a \) is an integer), the remainder is \( a \). When \( P(x) \) is divided by \( x - b \) (where \( b \) is an integer), the remainder is \...
1993	0.333333	number_theory	3	Find all positive integers \( n \) such that the equation \[ x^2 + y^2 + z^2 = 3^n \] has exactly \( n \) distinct positive integer solutions \( (x, y, z) \), where \( x, y, z \) are positive integers and \( x \leq y \leq z \).
1994	0.333333	number_theory	(1, 3), (3, 1), (3, 8), (8, 3)	Find all pairs of positive integers \((a, b)\) such that the equation \(a^2 + b^2 = 3ab + 1\) holds.
1995	0.666667	geometry	4	Consider the function \( f: \mathbb{Z}^+ \to \mathbb{Z}^+ \) defined recursively by \( f(1) = 1 \) and for \( n > 1 \), \( f(n) = f(n-1) + \left\lfloor \sqrt{f(n-1)} \right\rfloor \). Determine the smallest positive integer \( k \) such th...
1996	0.444444	number_theory	0, 1, 2, 3, 9	Find all integers \( n \) such that the sum of the digits of \( n^2 \) is equal to \( n \). Provide a proof for your answer.
1997	0.666667	geometry	QR \perp BP	Let \( ABC \) be an acute triangle with circumcircle \( \Gamma \). Let \( P \) be a point inside \( \Gamma \) such that \( \angle PBA = \angle PCA \). Let \( Q \) be the second intersection of line \( AP \) with \( \Gamma \). If \( R \) is...
1998	0.666667	geometry	\frac{r^2}{3}	In the complex plane, consider three distinct points $A, B,$ and $C$ representing complex numbers $a, b,$ and $c$ respectively, such that $|a| = |b| = |c| = r > 0$ and $\arg(a) < \arg(b) < \arg(c)$. If the complex number $d$ is the centroi...
1999	0.555556	other	100	In a certain kingdom, there are 100 cities, and each city is connected to exactly 3 other cities by roads. No road is shared by more than 2 cities. A traveling salesman wants to visit each city exactly once and return to his starting city....
2000	0.444444	combinatorics	4233600	What is the number of ways to arrange the letters in the word COMBINATIONS such that no two vowels are adjacent?
2001	0.444444	combinatorics	0	What is the minimum number of moves required to arrange the numbers \(1\) through \(8\) on a circular board so that no two adjacent numbers differ by more than \(1\)?
2002	0.444444	geometry	20	In the coordinate plane, let $A = (-2, 0)$ , $B = (2, 0)$ , and $C$ be a point in the $x$ -axis such that $C$ lies between $A$ and $B$ . Let $P$ be a point on the curve $y = \sqrt{4 - x^2}$ (the top half of the circle centered at the origi...
2003	0.444444	number_theory	(1, 0)	Find all integer solutions \((x, y)\) to the equation \[ x^3 - y^3 = 3xy + 2. \]
2004	0.777778	number_theory	2023	Let \( f: \mathbb{N} \rightarrow \mathbb{N} \) be a function such that for all natural numbers \( n \) and \( k \), the following conditions hold: 1. \( f(n + k) = f(n) + f(k) - nk \) 2. \( f(n) \) is divisible by \( n \). Determine all po...
2005	0.333333	calculus	36	In a kingdom with an unlimited number of elks and a limited number of officers, there are three types of flowers: Red Roses, Blue Lilies, and White Tulips. Elks, officers, and flowers have a relationship such that a bouquet is considered "...
2006	0.444444	other	\frac{1}{2^{19}}	In the complex plane, consider the point \(P\) at \((1,0)\). A series of points \(P_1, P_2, P_3, \ldots\) are constructed such that each point \(P_{n+1}\) is the midpoint of the segment connecting \(P_n\) and the origin, but only if \(P_n\...
2007	0.444444	algebra	0	Let \( f(x) \) be a polynomial of degree 4 such that the equation \( f(x) = 0 \) has exactly four distinct real roots. Suppose further that the polynomial \( f(x) \) satisfies the condition \( f(x) = f(4 - x) \) for all real numbers \( x \...
2008	0.333333	number_theory	001	There exists a sequence of positive integers \(a_1, a_2, a_3, \ldots\) defined by \(a_1 = 1\) and \(a_{n+1} = a_n^2 + a_n + 1\) for all \(n \geq 1\). Determine the remainder when \(a_{100}\) is divided by 1000.
2009	0.444444	number_theory	2020	In the complex plane, let $S$ be the set of points $z$ such that the imaginary part of $\left(\frac{1}{2020} + z\right)^{2020}$ is a non-negative integer. Find the number of distinct values the imaginary part of $\frac{1}{2020} + z$ can ta...
2010	0.555556	algebra	\frac{1}{2}	Let $f: \mathbb{R}^2 \rightarrow \mathbb{R}$ be a continuously differentiable function such that $f(x,y) = xy$ for all $(x,y) \in \mathbb{R}^2$ with $x^2 + y^2 \leq 1$. Define $g: \mathbb{R} \rightarrow \mathbb{R}$ by $g(t) = f(t, \sqrt{1-...
2011	0.666667	number_theory	2^{2k}	Consider the sequence \( \{a_n\} \) defined by \( a_1 = 1 \) and \( a_{n+1} = a_n^2 - a_n + 1 \) for \( n \geq 1 \). Prove that for any positive integer \( k \), the number \( a_{2^k} - 1 \) is divisible by \( 2^{2k} \).
2012	0.333333	geometry	26	In triangle \(ABC\), \(AB = AC\), \(D\) is the midpoint of \(BC\), and \(E\) is a point on \(AB\) such that \(DE\) is perpendicular to \(AB\). If \(DE = 12\) and the area of triangle \(ABC\) is \(240\), find the length of \(AB\).
2013	0.666667	number_theory	3	Find all integer solutions \((x, y)\) for the equation \(x^3 + y^3 = 9xy + 27\) and determine the maximum value of \(x + y\).
2014	0.444444	geometry	4	In the land of Geometria, there exists a peculiar triangular region $ABC$ where the angles satisfy $\angle A = 2\angle B = 4\angle C$. The area of triangle $ABC$ is exactly 24 square units. What is the length of side $AB$? Given that all v...
2015	0.555556	geometry	1	Consider a complete graph with \( n \) vertices where each edge is colored either red or blue. A *monochromatic triangle* is a set of three vertices where all three edges are the same color. Determine the minimum number of monochromatic tr...
2016	0.666667	number_theory	-10	Let $f(x)$ be a polynomial of degree 4 with integer coefficients such that $f(1) = 17$, $f(2) = 34$, $f(3) = 51$, and $f(4) = 68$. Determine the coefficient of $x^3$ in $f(x)$.
2017	0.777778	number_theory	4	Find all positive integers $n$ such that the equation $x^2 - nx + n = 0$ has integer solutions for $x$, and the sum of these solutions is equal to the product of the solutions.
2018	0.333333	number_theory	0	Let \( p \) be a prime number greater than 3, and consider the set \( S = \{1, 2, 3, \ldots, p-1\} \). Define a function \( f: S \to S \) such that \( f(k) = k^2 \mod p \). Determine the number of functions \( f \) that are bijective (one-...
2019	0.444444	algebra	-1	Let \( f(x) \) be a polynomial of degree 4 with real coefficients, where \( f(x) = x^4 + ax^3 + bx^2 + cx + d \). Given that \( f(x) \) has four real roots, one of which is \( x = 1 \), and the polynomial \( g(x) = f(x) - 4 \) has roots at...
2020	0.444444	number_theory	189	Let \( S \) be the set of all positive integers that are multiples of 3 but not of 5. Define a sequence \( \{a_n\} \) such that \( a_n \) is the smallest element in \( S \) that can be expressed as the sum of \( n \) distinct elements from...
2021	0.333333	combinatorics	60	In a mystical forest, there are 1000 distinct trees, each bearing fruits that change color each year in a unique pattern. The fruits start as red, then turn yellow, and finally become blue, after which they repeat the cycle. At the beginni...
2022	0.333333	geometry	2	In a triangle \(ABC\), the sides \(AB\), \(BC\), and \(CA\) are of lengths \(a\), \(b\), and \(c\) respectively. Points \(D\) and \(E\) are on \(BC\) and \(CA\) such that \(BD = DE = EC = \frac{b}{3}\). Let \(F\) be the intersection of \(A...
2023	0.333333	geometry	1012	In a finite set of positive integers \( S \), each element is less than or equal to 2023, and the sum of the squares of any three distinct elements in \( S \) is not divisible by 2023. What is the maximum number of elements that \( S \) ca...
2024	0.444444	number_theory	547	Consider a sequence of integers \((a_n)_{n=1}^{\infty}\) defined by the recurrence relation \(a_1 = 1\), \(a_2 = 2\), and for \(n \geq 3\), \[a_n = 2a_{n-1} + 3a_{n-2}.\] Let \(S\) be the set of all positive integers that can be expressed ...
2025	0.777778	geometry	51	A sequence of positive integers \((a_n)\) is defined as follows: \(a_1 = 1\), and for \(n \geq 1\), \(a_{n+1}\) is the smallest positive integer such that the sum of the first \(n+1\) terms is a perfect square. Find the smallest \(k\) such...
2026	0.555556	geometry	\dfrac{2304}{49}	Consider a right triangle ABC with legs of length AB = 12 cm and BC = 16 cm. Point D lies on AC such that AD : DC = 3 : 4. Construct a square DEFG with DE on line segment BC and E on AB. Find the area of the square DEFG.
2027	0.555556	number_theory	1	Find the smallest positive integer n such that the sum of the cubes of the first n positive integers is divisible by the product of the first n positive integers.
2028	0.333333	geometry	2	In triangle \(ABC\), point \(D\) is on side \(BC\) such that \(BD:DC = 2:1\). Point \(E\) is on side \(AC\) such that \(AE:EC = 3:1\). Lines \(AD\) and \(BE\) intersect at point \(P\). If the area of triangle \(ABC\) is 100 square units, d...
2029	0.333333	geometry	15	There exists a convex quadrilateral $ABCD$ with side lengths $AB = a$, $BC = b$, $CD = c$, and $DA = d$, where $a, b, c, d$ are positive integers. The quadrilateral is inscribed in a circle, meaning all its vertices lie on the circumferenc...
2030	0.444444	number_theory	77	Let $a$, $b$, $c$ be positive integers such that $a^2 + b^2 + c^2 = 2023$ and $ab + bc + ca = 2023$. Find the value of $a + b + c$.
2031	0.666667	number_theory	\binom{2n}{n} - 1	Let \( n \) be a positive integer. Consider the set \( S = \{1, 2, \dots, n\} \). Define a sequence \( a_1, a_2, \dots, a_n \) where \( a_k \) is the number of distinct subsets of \( S \) that contain exactly \( k \) elements. Determine th...
2032	0.444444	number_theory	1	Find all positive integers \( n \) for which the equation \[ \sum_{k=1}^n \frac{1}{k} = \frac{a}{b} \] has \( n \) and \( a \) as coprime, \( b \) as positive, and \( a < b \), with the additional constraint that \( a^2 + b^2 = n^2 + 1 \)....
2033	0.333333	geometry	1	Find all positive integers \( n \) such that the sum of the squares of the first \( n \) positive integers is divisible by \( n \).
2034	0.555556	geometry	\frac{3r}{2}	A regular hexagon $ABCDEF$ is inscribed in a circle with radius $r$. The midpoints of sides $AB$ and $CD$ are $M$ and $N$ respectively. If $MN$ is parallel to $AD$ and $BC$, find the length of $MN$ in terms of $r$.
2035	0.666667	geometry	\pi	In the complex plane, consider the set of points $z$ such that the product of the distances from $z$ to the points $1$, $i$, and $-1$ is equal to the square of the distance from $z$ to the point $0$. Find the area enclosed by this set of p...
2036	0.333333	geometry	1	In the complex plane, let $A$ be the point corresponding to the complex number $z_1 = \frac{1}{2} + \frac{\sqrt{3}}{2}i$, and $B$ be the point corresponding to $z_2 = -\frac{1}{2} + \frac{\sqrt{3}}{2}i$. Let $C$ be the midpoint of the line...
2037	0.666667	geometry	2	Find the smallest positive integer \( n \) such that \( n^3 - 3n^2 + 2n \) is a perfect square and \( n \) is a prime number.
2038	0.555556	geometry	2	A set of points in the plane is called *symmetric* if it remains unchanged after any 180-degree rotation about its center. If a *symmetric* set contains at least one point on each coordinate axis and has exactly 100 points in total, what i...
