id	score	topic	answer	problem_preview
0	0.666667	geometry	5	A right triangle has a hypotenuse of length 10 and one of its acute angles is twice the size of the other. What is the length of the shorter leg of the triangle?
1	0.333333	number_theory	1	In a small village, there are 20 houses, each with a unique number from 1 to 20. One day, the village decides to paint each house a color based on the sum of its house number's digits. If the sum is even, the house is painted blue; if odd,...
2	0.555556	geometry	96 - 25\pi	A circle with radius 5 cm is inscribed in a right-angled triangle with legs of lengths 12 cm and 16 cm. What is the area of the region inside the triangle but outside the circle? Express your answer in terms of \(\pi\).
3	0.555556	number_theory	3	Find the smallest positive integer \( n \) such that the polynomial \( P(x) = x^n + x^{n-1} + \cdots + x + 1 \) is divisible by the polynomial \( Q(x) = x^2 - x + 1 \).
4	0.666667	number_theory	1	** What is the smallest positive integer \( n \) such that \( 2^n + 3^n \) is divisible by 5?
5	0.333333	combinatorics	7560	How many distinct arrangements of the letters in the word "MATHEMATICS" are there such that all vowels (A, E, A, I) appear consecutively and the two 'M's are not next to each other?
6	0.777778	number_theory	1525	Let \( f \) be a function defined on the set of integers such that \( f(1) = 1 \) and for all integers \( n \geq 1 \), \[ f(n+1) = 2f(n) + n. \] Find the value of \( f(10) \).
7	0.666667	number_theory	16	Let \( S \) be the set of all positive integers \( n \) such that \( n \) can be expressed as the sum of two distinct positive integers, each of which is a product of two distinct primes. For example, \( 10 = 2 \times 3 + 1 \times 5 \). Fi...
8	0.333333	number_theory	13	Given the sequence \( a_1, a_2, a_3, \ldots \) defined by \( a_1 = 1 \) and \( a_{n+1} = a_n + \frac{1}{a_n} \) for \( n \geq 1 \), find the smallest integer \( k \) such that \( a_k > 5 \).
9	0.333333	geometry	\frac{1}{3}	In the complex plane, consider the points $A$, $B$, and $C$ representing the complex numbers $1+2i$, $-1+i$, and $2+3i$ respectively. Let $O$ be the origin. A complex number $z$ is chosen at random such that $|z| = 1$. Find the probability...
10	0.555556	number_theory	5	In a sequence of positive integers \(a_1, a_2, a_3, \ldots\), each term after the first is equal to twice the sum of all previous terms. Given that \(a_6 = 45\), find the value of \(a_4\).
11	0.777778	geometry	6	Consider a convex hexagon \(ABCDEF\) where each side length is a distinct integer from 1 to 6. If the perimeter of the hexagon is 20, find the length of the longest side.
12	0.555556	combinatorics	(0, 0)	In a certain country, the number of registered drivers (D) and the number of cars (C) satisfy the equation $D^2 - 3CD + 2C^2 = 0$. If the number of registered drivers is three times the number of cars, find the total number of registered d...
13	0.444444	number_theory	3	Let \( S \) be a set of \( n \) distinct positive integers such that for any two elements \( a, b \in S \), the sum \( a + b \) is not divisible by 3. Find the maximum possible value of \( n \). Given that each element in \( S \) can be co...
14	0.666667	geometry	120	There are 10 distinct points in a plane, no three of which are collinear. These points are used to form line segments such that no three segments intersect at a single point. How many such non-overlapping triangles can be formed by selecti...
15	0.444444	other	320	In the land of Mathemagica, a wizard has a magical garden where he plants mystical flowers. Each day, the number of flowers in his garden doubles, but every third day, he casts a spell that reduces the number of flowers by 50%. If he start...
16	0.555556	number_theory	7	Let \( f(x) \) be a function defined on the set of positive integers such that \( f(1) = 2 \) and for all positive integers \( n \), \( f(n+1) = f(n)^2 - f(n) + 1 \). Find the smallest positive integer \( k \) such that \( f(k) > 10^{12} \...
17	0.777778	number_theory	3	Find the smallest positive integer \( n \) such that the equation \( x^2 + y^2 + z^2 = nxyz \) has at least one solution in positive integers \( x, y, z \).
18	0.555556	number_theory	625	What is the largest integer less than 1000 that is not prime and has exactly five positive integer divisors?
19	0.777778	geometry	TX \perp AP	Let \(ABC\) be a triangle with \(AB \neq AC\). The circle with diameter \(BC\) intersects \(AB\) and \(AC\) at \(D\) and \(E\) respectively. The tangents to this circle at \(D\) and \(E\) meet at point \(T\). If \(P\) is the midpoint of \(...
20	0.777778	number_theory	170	In a sequence of numbers, each term after the first is formed by adding to the previous term the product of the digits of the previous term. For example, starting with 23, the sequence would be 23, 29, 35, 41, 47, ... Find the 10th term in...
21	0.333333	number_theory	(1, 1),\ (1, -2),\ (-1, 2),\ (-1, -1),\ (2, -1),\ (-2, 1)	Find all integer solutions \( (x, y) \) to the equation \( x^2 + xy + y^2 = 3 \).
22	0.333333	number_theory	3	Find the smallest positive integer $n$ such that the number $n^4 + 4$ is divisible by $13$.
23	0.333333	number_theory	19	A set of five positive integers has an arithmetic mean of 150. A particular number among the five exceeds another by 100. The rest of the three numbers lie between these two numbers and are equal. How many different values can the largest ...
24	0.666667	combinatorics	5000	In a certain math competition, each contestant must solve a set of problems from five different categories: algebra, geometry, number theory, combinatorics, and probability. Each category contains exactly 10 problems, and each contestant m...
25	0.666667	other	s^3 \left( 1 - \frac{\pi}{6} \right)	A sphere is inscribed in a cube with side length \( s \). The sphere is then rotated about an axis passing through its center and two opposite vertices of the cube. Calculate the volume of the region within the cube that is not occupied by...
26	0.444444	number_theory	0	Let \( a \) and \( b \) be positive integers such that \( a^2 + b^2 = 2024 \). Find the number of possible ordered pairs \( (a, b) \) where both \( a \) and \( b \) are integers.
27	0.333333	geometry	2 \sqrt{6}	A regular tetrahedron with side length 1 is inscribed in a sphere of radius \(R\). If the sphere is then inscribed in another tetrahedron with side length \(S\), find the value of \(S/R\).
28	0.555556	algebra	1	Let $P(x)$ be a polynomial with real coefficients such that $P(0) = 1$ and $P(x) = P(1-x)$ for all real $x$. Suppose that the polynomial $Q(x) = P(x)P(-x)$ has $2023$ distinct real roots. Find the sum of all possible values of $P(2023)$.
29	0.666667	geometry	\dfrac{9}{2}	A regular hexagon with side length 1 is divided into six equilateral triangles, each of which has side length 1. A point P is chosen inside the hexagon such that the sum of the squares of the distances from P to each side of the hexagon is...
30	0.666667	geometry	12	In a special board game, a player starts at position 0 on a number line and moves according to the following rules: 1. On the first move, the player moves forward by 3 spaces. 2. On the second move, the player moves backward by 5 spaces. 3...
31	0.333333	number_theory	10	Let \( f(x) \) be a polynomial with integer coefficients such that \( f(0) = 1 \), \( f(1) = 2 \), and \( f(2) = 5 \). If \( f(n) \) is prime for all \( n \geq 0 \), what is the smallest possible value of \( f(3) \)?
32	0.444444	geometry	\frac{3\sqrt{65}}{4}	Let \( ABC \) be a triangle with \( AB = 13 \), \( BC = 14 \), and \( CA = 15 \). Point \( D \) lies on \( BC \) such that \( AD \) is the angle bisector of \( \angle BAC \). If \( E \) is the midpoint of \( AD \), find the length of \( AE...
33	0.666667	geometry	5	Let \( A \) and \( B \) be two sets of integers such that \( A \) contains all positive integers that can be expressed as the sum of two distinct squares of positive integers, and \( B \) contains all integers greater than 1 that cannot be...
34	0.750000	number_theory	8	Let $f(n)$ be the number of ways to express $n$ as the sum of positive integers, where the order of the summands matters. For example, $f(3) = 4$ because $3$ can be expressed as $3, 2+1, 1+2,$ and $1+1+1$. Find the smallest positive intege...
35	0.777778	number_theory	4	A sequence of numbers $a_1, a_2, a_3, \ldots$ is defined by the recurrence relation $a_n = a_{n-1} + \frac{1}{a_{n-1}}$ for all $n \geq 2$, with $a_1 = 1$. Find the integer part of $a_{10}$.
36	0.444444	combinatorics	0	There is a sequence of numbers \( a_1, a_2, a_3, \ldots, a_{100} \) where each \( a_i \) is either 1 or -1. Let \( S \) be the sum of all possible products \( a_i \cdot a_j \) for \( 1 \leq i < j \leq 100 \). Determine the value of \( S \).
37	0.777778	number_theory	32	What is the least positive integer \( n \) such that the sum of the first \( n \) terms of an arithmetic sequence with the first term 1 and common difference 2 is exactly 1000? Hint: The sum of the first \( n \) terms of an arithmetic sequ...
38	0.777778	other	1, 4, 9, 16, 25, 36, 49, 64, 81, 100	There are 100 students in a class. Each student has a unique locker numbered from 1 to 100. Initially, all lockers are closed. A series of 100 passes are made. On the first pass, every student opens every locker. On the second pass, every ...
39	0.333333	geometry	12	Given a triangle with vertices \( A(0,0) \), \( B(4,0) \), and \( C(2,6) \), find the area of the triangle after it is rotated 90 degrees counterclockwise about the point \( B \). Express your answer as a decimal rounded to the nearest ten...
40	0.555556	number_theory	6	A sequence of positive integers \(a_1, a_2, a_3, \ldots\) is defined as follows: \(a_1 = 1\), and for all \(n \geq 1\), \(a_{n+1} = a_n^2 + 1\). Determine the units digit of \(a_{10}\).
41	0.444444	geometry	-3	In the coordinate plane, points A and B are located at (2, 5) and (8, 11) respectively. Point C is chosen on the x-axis such that the area of triangle ABC is minimized. Find the x-coordinate of point C.
42	0.444444	number_theory	3	The sequence \( a_n \) is defined by \( a_1 = 1 \), \( a_2 = 2 \), and for \( n \geq 3 \), \( a_n = 2a_{n-1} + a_{n-2} \). Find the remainder when \( a_{2024} \) is divided by 5.
43	0.333333	algebra	3	A cubic polynomial $p(x)$ with real coefficients satisfies $p(0) = -1$, $p(1) = -5$, and has a local extremum at $x = -1$. Find $p(2)$.
44	0.555556	combinatorics	12	What is the number of distinct ways to arrange the letters in the word "MATH" such that the letter 'M' is never at the beginning or end of the word?
45	0.777778	geometry	10	Given a right triangle with legs of lengths 6 units and 8 units, what is the length of the hypotenuse?
46	0.444444	geometry	25	In the Cartesian coordinate system, a circle is defined by the equation \(x^2 + y^2 = 25\). A point \(P\) lies on this circle. If the tangent line at \(P\) intersects the x-axis at point \(A\) and the y-axis at point \(B\), find the area o...
47	0.444444	combinatorics	6198	In the sequence of numbers \(a_1, a_2, a_3, \ldots, a_n\), each term after the first is determined by the formula \(a_n = 2a_{n-1} + n^2\). If \(a_1 = 1\), what is the value of \(a_{10}\)?
48	0.333333	number_theory	3	Find the number of positive integers \( n \leq 1000 \) such that the equation \( x^2 + y^2 = n \) has exactly 12 solutions in positive integers \( x \) and \( y \).
49	0.375000	number_theory	1000	Consider an arithmetic sequence \( \{a_n\} \) with the first term \( a_1 = 5 \) and common difference \( d = 4 \). Let \( S_n \) denote the sum of the first \( n \) terms of this sequence. Define \( T_n = S_n + 3n^2 \). Find the smallest p...
50	0.444444	algebra	n-1	In a certain kingdom, there are $n$ cities, each with $m$ roads connecting them in such a way that any city can reach any other city by traveling through some number of roads. The kingdom has decided to construct a new road system to minim...
51	0.555556	geometry	72	In a triangular pyramid (tetrahedron) $ABCD$, the faces $ABC$, $ACD$, and $ADB$ are congruent isosceles triangles with bases $BC$, $CD$, and $DA$ respectively. Each of these faces has a height of 6 units and a base length of 8 units. If th...
52	0.500000	number_theory	4	What is the smallest positive integer $n$ for which the equation $x^2 - n = 0$ has exactly two distinct integer solutions, both of which are positive?
53	0.444444	geometry	4	In a game of strategy, two players take turns placing either a red or blue piece on a $3 \times 3$ grid. The first player to form a line of three pieces of the same color horizontally, vertically, or diagonally wins. If Player A starts by ...
54	0.666667	number_theory	34	What is the smallest positive integer \( n \) such that \( 19n \equiv 1 \pmod{43} \)?
55	0.333333	combinatorics	10	In the town of Milto, a unique coin system exists. There are coins worth 3 units and 17 units. A tourist arrives in Milto with an unknown amount of money. She discovers that she can pay for any whole number price from 1 to 100 units withou...
56	0.444444	number_theory	2025	A sequence of positive integers \(a_1, a_2, a_3, \ldots\) is defined such that for each \(n \geq 1\), \(a_{n+1}\) is the smallest positive integer that is not a factor of \(a_n\). Given that \(a_1 = 2023\) and \(a_{2023} = 2024\), find the...
57	0.444444	algebra	137	Suppose $g(x)$ is a quadratic polynomial such that $g(x+1) - g(x) = 4x + 3$, and $g(0) = 1$. Find the value of $g(8)$.
58	0.333333	geometry	1	How many ways are there to place 6 non-attacking rooks on an 8x8 chessboard such that each row and column contains at most one rook, and the rooks are placed on the squares with coordinates (1, 2), (2, 3), (3, 4), (4, 5), (5, 6), and (6, 7...
59	0.333333	number_theory	3900	What is the sum of all positive integers \( n \) such that \( n \) is a multiple of 3, but not a multiple of 5, and \( 100 < n < 200 \)?
60	0.333333	geometry	\frac{1}{2}	A regular hexagon is inscribed in a circle with radius 1. If we randomly select a point on the circumference of the circle, what is the probability that the distance from the selected point to the nearest vertex of the hexagon is less than...
61	0.777778	number_theory	5050	Let \( f \) be a function defined on the set of non-negative integers with the following properties: 1. \( f(1) = 1 \) 2. \( f(a + b) = f(a) + f(b) + ab \) for all non-negative integers \( a \) and \( b \). Find the value of \( f(100) \).
62	0.777778	geometry	10	What is the maximum number of sides a convex polygon can have if the sum of its interior angles is 1440 degrees?
63	0.375000	number_theory	-2	Let $P(x)$ be a polynomial with integer coefficients satisfying $P(1) = 2$, $P(2) = 3$, and $P(3) = 5$. If $P(n) = n^2 + 1$ for some integer $n$, find the smallest possible value of $n$.
64	0.444444	geometry	2r^2	A rectangle is inscribed in a circle of radius $r$. One side of the rectangle lies along the diameter of the circle, and the rectangle has a maximum area. If the length of this side is $2r$, find the area of the rectangle in terms of $r$.
65	0.777778	geometry	8	Let \( ABCD \) be a cyclic quadrilateral with \( AB \) as a diameter of its circumcircle. Let \( P \) be a point on segment \( AC \) such that \( BP \) is perpendicular to \( AC \). If \( AB = 10 \) and \( AP = 6 \), find the length of \( ...
66	0.555556	number_theory	0	Find the number of distinct solutions to the equation \( x^4 + y^4 = 100 \) where \( x \) and \( y \) are integers.
67	0.444444	combinatorics	1	Let \( f(n) \) be the number of ways to write \( n \) as the sum of distinct powers of 2. For example, \( f(10) = 2 \) because 10 can be written as \( 2^3 + 2^1 \) or \( 2^3 + 2^1 + 2^0 \), but note that the second representation is not va...
68	0.777778	geometry	37	Let \(S\) be the set of all positive integers less than \(1000\) that are perfect squares or perfect cubes. How many elements does \(S\) have?
69	0.333333	geometry	9	Let $ABC$ be an isosceles triangle with $AB = AC = 20$ and $BC = 24$. Let $D$ be a point on $BC$ such that $BD = 12$ and $CD = 12$. Let $E$ be the point of intersection of $AD$ and the circumcircle of triangle $ABC$, other than $A$. Find t...
70	0.444444	other	25	In a certain high school, there are 50 students who are part of a mathematics club. Each student is required to complete a unique set of 5 different mathematical challenges from a collection of 10 available challenges. If a challenge is co...
71	0.555556	number_theory	2	Find the smallest positive integer \( n \) such that the polynomial \( x^n - 1 \) can be factored into the product of two non-constant polynomials with integer coefficients, and prove that this is indeed the smallest such \( n \).
72	0.333333	geometry	\frac{25}{13}	In a right-angled triangle \( \triangle ABC \) with \( \angle ACB = 90^\circ \), \( AB = 13 \), and \( AC = 5 \), a circle with diameter \( AC \) intersects \( AB \) at point \( D \). What is the length of \( AD \)? Express your answer as ...
73	0.333333	number_theory	1	Find the smallest positive integer \( n \) such that \( n^2 - 1 \) is divisible by 105.
74	0.444444	number_theory	1001	A sequence of positive integers starts with $a_1 = 1$ and follows the rule that for all $n \geq 1$, $a_{n+1} = a_n^2 - a_n + 1$. Find the smallest positive integer $k$ such that the sum of the first $k$ terms of the sequence is greater tha...
75	0.777778	algebra	1	A function \( f(x) \) satisfies the equation \( f(x) + f\left(\frac{1}{x}\right) = x^2 + \frac{1}{x^2} \) for all non-zero \( x \). Given that \( f(1) = 2 \), find the value of \( f(-1) \).
76	0.444444	algebra	66	Let \( f(x) \) be a polynomial of degree 4 such that \( f(1) = 1, f(2) = 2, f(3) = 3, f(4) = 4 \), and \( f(5) = 15 \). Find the value of \( f(0) + f(6) \).
77	0.444444	geometry	35.0	A convex pentagon has side lengths of 5, 6, 7, 8, and 9 units. What is the smallest possible perimeter of a pentagon inscribed in this pentagon, sharing the same vertices, but with different side lengths? Express your answer as a decimal t...
78	0.555556	algebra	78	Let \( P(x) = x^3 + ax^2 + bx + c \) be a cubic polynomial with real coefficients. Given that \( P(1) = 0 \), \( P(2) = 10 \), and \( P(3) = 34 \), find the value of \( P(4) \).
79	0.333333	geometry	r \sqrt{2 - \sqrt{2}}	A regular octagon is inscribed in a circle of radius $r$. Each vertex of the octagon is connected to the center of the circle, dividing the octagon into eight congruent isosceles triangles. If the area of each triangle is equal to half the...
80	0.444444	geometry	24	A circle is inscribed in a right triangle with legs of lengths 30 and 40. The circle is tangent to the hypotenuse at point \(P\), and to the legs at points \(Q\) and \(R\). If the length of the hypotenuse is 50, find the length of the segm...
81	0.777778	number_theory	nm	In a magical forest, there are \( n \) trees, each with \( k \) branches. The number of fruits on each branch follows a pattern based on its position: the first branch of a tree has 1 fruit, the second has 2 fruits, and so on, with the \( ...
82	0.444444	geometry	1	In triangle \( \triangle ABC \), the lengths of the sides are given by \( AB = 13 \), \( BC = 14 \), and \( CA = 15 \). Point \( D \) lies on side \( BC \) such that \( BD = 5 \) and \( DC = 9 \). Let \( E \) be the point where the incircl...
83	0.333333	geometry	4	A circle with center \( O \) and radius \( OA \) is tangent to the sides of an equilateral triangle at points \( B, C, D \). A perpendicular is drawn from \( O \) to side \( AC \) at point \( E \). If the radius of the circle is 4, find th...
84	0.555556	number_theory	1	There exists a unique sequence of positive integers \(a_1, a_2, a_3, \ldots, a_{2023}\) such that \[a_1 = 1, \quad a_{n+1} = \begin{cases} a_n + n & \text{if } a_n \text{ is odd,} \\ \frac{a_n}{2} & \text{if } a_n \text{ is even.} \end{cas...
85	0.555556	number_theory	4	** What is the smallest positive integer \( n \) such that \( 2^n \) ends with the digit 6?
86	0.777778	geometry	\frac{13}{15}	In triangle $ABC$, $AB = 13$, $BC = 14$, and $CA = 15$. Let $D$ be a point on $\overline{BC}$ such that $\angle BAD = \angle CAD$. If the area of triangle $ABD$ is $x$ and the area of triangle $ACD$ is $y$, find the value of $\frac{x}{y}$.
87	0.555556	sequence	144	In a certain country, the population of rabbits follows the Fibonacci sequence, starting with 1 pair of rabbits in the first month. If a pair of rabbits never dies and starts breeding after 2 months, how many rabbits will there be at the e...
88	0.666667	geometry	5	In the coordinate plane, consider a triangle with vertices at $(0,0)$, $(10,0)$, and $(5, h)$. If the area of the triangle is 25 square units and $h$ is a positive integer, find the value of $h$.
89	0.444444	geometry	\frac{1}{2}	In the Cartesian plane, consider a circle centered at the origin with radius 1. Two distinct points \(A\) and \(B\) lie on this circle such that the line segment \(AB\) subtends an angle \(\theta\) at the center of the circle, where \(0 < ...
90	0.444444	geometry	10\sqrt{2}	A regular hexagon is inscribed in a circle with radius 10. Points \( A, B, \) and \( C \) are three consecutive vertices of the hexagon. Point \( P \) is the midpoint of arc \( BC \). Find the length of the segment \( AP \).
91	0.777778	number_theory	1	A sequence of numbers \(a_1, a_2, a_3, \ldots, a_{100}\) is defined such that \(a_1 = 1\) and for \(n \geq 1\), \(a_{n+1} = a_n^2 - a_n + 1\). Determine the remainder when \(a_{100}\) is divided by 5.
92	0.444444	geometry	30^\circ	A regular hexagon $ABCDEF$ is inscribed in a circle. Points $G$, $H$, and $I$ lie on the circle such that $G$ lies on the extension of $\overline{AB}$, $H$ lies on the extension of $\overline{CD}$, and $I$ lies on the extension of $\overli...
93	0.666667	combinatorics	3	Consider a sequence of real numbers \(a_1, a_2, a_3, \ldots, a_n\) such that for each \(i \geq 2\), \(a_i\) is the average of the first \(i-1\) terms of the sequence. If \(a_5 = 3\), find the value of \(a_4\).
94	0.333333	geometry	3	In a convex quadrilateral \( ABCD \), the diagonals intersect at \( O \). Given that the areas of triangles \( AOB, BOC, COD, \) and \( DOA \) are in the ratio \( 1:2:3:4 \) respectively, and that \( AB = 2 \) units, find the length of \( ...
95	0.333333	number_theory	33	A sequence of positive integers \(a_1, a_2, a_3, \ldots\) is defined by the recurrence relation \(a_{n+1} = 3a_n + 2\) for all \(n \geq 1\), with \(a_1 = 1\). What is the remainder when \(a_{20}\) is divided by 100?
96	0.444444	number_theory	4	What is the smallest positive integer \( n \) such that the sum of the reciprocals of the first \( n \) positive integers, \( H_n = 1 + \frac{1}{2} + \frac{1}{3} + \cdots + \frac{1}{n} \), is greater than 2?
97	0.375000	number_theory	2	Let $f(x) = x^3 + ax^2 + bx + c$ be a cubic polynomial with real coefficients, where $a, b, c$ are integers. Suppose that $f(x)$ has three distinct real roots, one of which is $2$. If the product of the other two roots is equal to $-4$, fi...
98	0.333333	other	5	In a tournament with 10 teams, each pair of teams plays against each other exactly once. After the tournament, a "star team" is defined as any team that has won at least half of its games. Determine the maximum possible number of star team...
99	0.333333	number_theory	21	Let \( f(x) = ax^2 + bx + c \) be a quadratic function where \( a, b, \) and \( c \) are integers. If \( f(2) = 10 \) and \( f(-1) = 1 \), what is the value of \( f(3) \)?
100	0.666667	geometry	OF \perp DE	Let \( ABC \) be an acute triangle with circumcenter \( O \). The circle through \( B \) and \( C \) tangent to \( AC \) intersects \( AB \) at \( D \neq B \), and the circle through \( A \) and \( B \) tangent to \( BC \) intersects \( BC...
101	0.333333	other	\frac{\sqrt{6}}{12} s	A regular tetrahedron $ABCD$ has side length $s$. A point $P$ inside the tetrahedron is such that the distances from $P$ to the faces of the tetrahedron are equal. If the volume of the tetrahedron can be expressed as $\frac{\sqrt{2}}{12}s^...
102	0.444444	number_theory	5, 11	Find all prime numbers \( p \) such that \( p^2 - 5p + 7 \) is also a prime number.
103	0.666667	geometry	4	In a triangle ABC, the lengths of sides AB, BC, and CA are 13, 14, and 15 units respectively. A point P inside the triangle is such that the distances from P to sides AB, BC, and CA are equal. Find the length of these distances. Express yo...
104	0.333333	combinatorics	60	In a small town, there are 120 houses arranged in a perfect 10 by 12 grid. A new road is being planned to connect some pairs of houses directly without passing through any other houses. The road must be straight and can only connect two ho...
105	0.444444	geometry	\frac{\sqrt{3}r}{2}	In a circle with radius \(r\), a chord \(AB\) is drawn such that \(AB = r\). If the distance from the center of the circle to \(AB\) is \(d\), find \(d\) in terms of \(r\).
106	0.777778	number_theory	15	What is the smallest positive integer \( n \) such that \( n! \) (n factorial) is divisible by \( 1000 \)?
107	0.333333	other	6	在一个无限长的数轴上，初始时有一个单位圆心在原点。每次操作可以选择一个实数 \( r \)，然后在数轴上有一个单位圆心与点 \( r \) 重合。每次操作后，观察单位圆与数轴上的整数点是否有交集。请问，经过 \( n \) 次操作后，至少存在多少个整数点与至少一个单位圆相交？给定 \( n = 5 \)，求解该问题的答案。
108	0.666667	geometry	1	Find the smallest positive integer \( n \) such that \( n^2 + 14n + 49 \) is a perfect square.
109	0.777778	number_theory	10	Find the sum of all integers \( n \) such that \( n \) is a divisor of both 120 and 180, and \( n \) is also a prime number.
110	0.555556	number_theory	5	Determine the number of positive integers \( n \) less than 100 that are divisible by 6 and 9.
111	0.555556	geometry	5\sqrt{2}	A square $ABCD$ has a side length of 10 units. A smaller square $EFGH$ is inscribed in $ABCD$ such that $E$ is on $AB$, $F$ is on $BC$, $G$ is on $CD$, and $H$ is on $DA$. The diagonal $EG$ intersects $CD$ at point $I$, and the diagonal $F...
112	0.333333	geometry	5	In the Cartesian coordinate plane, a triangle ABC has vertices A(0, 0), B(6, 0), and C(x, y) such that x and y are positive integers. The area of triangle ABC is 12 square units. How many possible coordinates for point C are there, ensurin...
113	0.333333	number_theory	(0, -1), (-1, 0), (3, 0), (0, 3), (8, 3), (3, 8)	Find all pairs of integers \((x, y)\) that satisfy the equation \(x^2 - 2xy + y^2 - 2x - 2y = 3\).
114	0.777778	geometry	\sqrt{2}	A circle with radius \( r \) is inscribed in a square, and the square is then inscribed in another circle. The region between the two circles is shaded. If the area of the shaded region is equal to the area of the smaller circle, find the ...
115	0.444444	geometry	13	Let \( S \) be the set of all real numbers \( x \) such that the inequality \[ x^2 - 5x + 6 < 0 \] holds. Find the sum of the squares of the smallest and largest integers in \( S \).
116	0.555556	geometry	4092529	A sequence of positive integers \(a_1, a_2, a_3, \ldots\) is defined by \(a_1 = 1\), and for \(n \geq 1\), \(a_{n+1}\) is the smallest positive integer such that \(a_{n+1} > a_n\) and the product \(a_{n+1}a_n\) is a perfect square. Find th...
117	0.333333	geometry	\frac{100\pi}{3}	A circular track has a radius of 100 meters. Two runners start from the same point and run in opposite directions at constant speeds of 5 meters per second and 7 meters per second, respectively. How many seconds will it take for them to me...
118	0.555556	number_theory	120	A positive integer \( n \) is called a **doubly-perfect number** if the sum of its proper divisors (divisors excluding the number itself) is equal to \( 2n \). Find the smallest doubly-perfect number.
119	0.333333	geometry	100	In a special math tournament, each participant is given a unique number from 1 to \( n \) where \( n \) is a positive integer. A rule is established that for any pair of participants with numbers \( a \) and \( b \), where \( a < b \), the...
120	0.333333	geometry	19	In a small village, there are 50 houses. Every house is painted either red or blue. It is known that the number of red houses is a prime number and the number of blue houses is a perfect square. If there are exactly 10 more red houses than...
121	0.555556	geometry	32	In the coordinate plane, a circle with radius $r$ is centered at the origin $(0,0)$. Let $P$ be a point on the circle such that the tangent at $P$ intersects the x-axis at $A$ and the y-axis at $B$. If the area of triangle $OAB$ (where $O$...
122	0.777778	combinatorics	0.20	In a certain high school, there are 100 students in a math club. Each student is either an algebra enthusiast, a geometry enthusiast, or both. It is known that 70 students are algebra enthusiasts and 50 students are geometry enthusiasts. I...
123	0.666667	geometry	1	Let \( A, B, C \) be the angles of a triangle. Suppose that \[ \cos A \cos B = \frac{1}{2}. \] Find the maximum possible value of \( \sin C. \)
124	0.333333	algebra	1	Let \( a, b, \) and \( c \) be real numbers such that the equation \( ax^2 + bx + c = 0 \) has roots that are also the roots of the equation \( x^4 - 2x^3 + x^2 - 2x + 1 = 0 \). Find the value of \( a + b + c \).
125	0.777778	number_theory	1	Find all positive integers \( n \) such that both \( n^2 + 1 \) and \( n^2 + 2 \) are prime numbers.
126	0.555556	number_theory	2080	In a grid of size \( n \times n \), each cell contains a unique integer from 1 to \( n^2 \). A path is defined as a sequence of cells starting from the top-left corner and ending at the bottom-right corner, moving only right or down. What ...
127	0.777778	number_theory	p	Let \( f(x) \) be a function defined for all positive integers \( x \) such that \( f(x) \) is the smallest positive integer \( n \) for which \( \gcd(n, x) = x \). If \( x \) is a prime number \( p \), what is \( f(p) \)?
128	0.444444	geometry	18\pi	A square has a side length of 6 cm. A circle is inscribed in the square, and a smaller circle is circumscribed around the inscribed circle. What is the area of the smaller circle?
129	0.777778	number_theory	1	What is the smallest positive integer \( n \) for which the polynomial \( x^2 - n \) has integer roots, and also satisfies \( n \equiv 1 \pmod{4} \)?
130	0.750000	geometry	\frac{1}{4}	A circle of radius 1 is centered at the origin (0,0) in the coordinate plane. A point (x, y) is randomly selected from the interior of the circle. What is the probability that the distance of the point from the origin is less than or equal...
131	0.333333	algebra	-36	Let \( f(x) \) be a polynomial of degree 3 such that \( f(1) = 0 \), \( f(2) = 4 \), and \( f(3) = 12 \). Additionally, the polynomial satisfies the condition that \( f(x) \) has a local minimum at \( x = 2 \). Find the value of \( f(0) \).
132	0.444444	geometry	6	In the coordinate plane, let \( A = (-3, 0) \), \( B = (0, 4) \), and \( C = (3, 0) \). Point \( P \) is chosen inside the triangle \( ABC \) such that the distances from \( P \) to \( AB \), \( BC \), and \( CA \) are in the ratio \( 1:2:...
133	0.333333	number_theory	30	In a city, there are 100 houses numbered from 1 to 100. Each house is either painted red, blue, or green. It is known that no two adjacent houses (i.e., houses numbered \(n\) and \(n+1\) for any integer \(n\) from 1 to 99) are painted the ...
134	0.777778	number_theory	1	Find all positive integers \( n \) such that \( n^3 + 2n^2 + 3n + 4 \) is divisible by \( n + 1 \).
135	0.555556	geometry	\frac{\pi}{4}	A square region $S$ with side length $4$ units is centered at the origin of the coordinate plane. If a point $(x, y)$ is randomly chosen from region $S$, what is the probability that the distance from the point to the origin is less than $...
136	0.555556	geometry	18	A circle is inscribed in a square, and a smaller square is inscribed in the circle. If the area of the larger square is 36 square units, find the area of the smaller square. Express your answer in simplest radical form.
137	0.555556	other	0	在一个正方形的每个顶点上放置一个力源，每个力源产生的力为与其顶点之间的距离平方成反比。如果每个力源的强度相同且均为单位强度，求在正方形中心点所受合力的模长。
138	0.777778	number_theory	55	Let \( f: \mathbb{Z} \rightarrow \mathbb{Z} \) be a function that satisfies the following conditions: 1. \( f(x + y) = f(x) + f(y) + xy \) for all integers \( x \) and \( y \). 2. \( f(1) = 1 \). Find \( f(10) \).
139	0.777778	other	\sqrt{194}	In the complex plane, let \( z_1 \) and \( z_2 \) be two distinct complex numbers such that \( |z_1| = 5 \) and \( |z_2| = 13 \). If the product \( z_1 z_2 \) is a purely imaginary number, find the value of \( \left| z_1 + z_2 \right| \).
140	0.333333	geometry	10	In the plane, there are 10 points. No three of these points are collinear. A line is drawn through every pair of these points. What is the minimum number of colors needed to color these lines such that no two lines that intersect at the sa...
141	0.375000	number_theory	0	There are 20 identical balls and 6 distinct bins. Each bin can contain at most 5 balls. How many ways are there to distribute the balls among the bins such that the total number of balls distributed is divisible by both 3 and 4, and the di...
142	0.777778	geometry	4	Let \( f(n) \) be a function defined on the positive integers such that \( f(n) = n^2 - 3n + 4 \). Find the smallest positive integer \( k \) such that there exists a positive integer \( n \) for which \( f(n) = k \) and \( k \) is also a ...
143	0.500000	geometry	\dfrac{168}{25}	Given a triangle with side lengths of 7, 24, and 25 units, and knowing that one of its internal angles is not a right angle, determine the length of the altitude drawn to the longest side. Express your answer as a simplified radical expres...
144	0.666667	geometry	PQ \perp AD	Let \(ABC\) be an acute triangle with circumcenter \(O\). The incircle of \(ABC\) touches sides \(BC\) and \(AC\) at points \(D\) and \(E\), respectively. Let \(M\) be the midpoint of \(AB\), and let \(N\) be the midpoint of \(BC\). If the...
145	0.444444	number_theory	0	Determine the number of ordered pairs of integers \((a, b)\) such that \(1 \leq a \leq 100\), \(1 \leq b \leq 100\), and the equation \(a^2 + b^2 = 2023\) holds.
146	0.500000	geometry	0	Find all integers \( n \) such that both \( n+1 \) and \( 2n+1 \) are perfect squares. Prove that there are no other solutions.
147	0.333333	geometry	4	Find the smallest positive integer \( n \) such that there exists a strictly increasing sequence of \( n \) integers where every term is a perfect square, and the sum of any two terms in the sequence is not a perfect square.
148	0.555556	number_theory	100	Suppose you have a sequence of positive integers \(a_1, a_2, a_3, \ldots\) defined recursively by \(a_1 = 1\), and for all \(n \geq 2\), \(a_n\) is the smallest positive integer that does not divide any term in the sequence \(a_1, a_2, \ld...
149	0.555556	number_theory	11	Find the smallest positive integer \( n \) such that the sum of the first \( n \) terms of the harmonic series, defined as \( H_n = 1 + \frac{1}{2} + \frac{1}{3} + \ldots + \frac{1}{n} \), exceeds 3. That is, determine the smallest \( n \)...
150	0.625000	logic_puzzle	18	In a group of 12 people, each person shakes hands with exactly 3 others. How many handshakes occur in total?
151	0.555556	geometry	\frac{1}{4}	In a circular dartboard, two concentric circles with radii of 3 cm and 6 cm are drawn. A dart is thrown randomly at the board, hitting a point uniformly distributed within the board. What is the probability that the dart lands closer to th...
152	0.555556	geometry	1	What is the smallest positive integer \( n \) for which the sum of the first \( n \) positive integers is a perfect square? Given that the sum of the first \( n \) positive integers is \(\frac{n(n+1)}{2}\), find \( n \) such that \(\frac{n...
153	0.555556	geometry	2585	In a certain town, there are $100$ houses numbered from $1$ to $100$. Each house has a unique number of cats, with the total number of cats in all houses being $5050$. If the number of cats in a house is equal to the square of its house nu...
154	0.666667	number_theory	1	What is the smallest positive integer \( n \) such that the polynomial \( P(x) = x^4 - 2x^3 - 7x^2 + 8x + 12 \) can be factored into the product of two non-constant polynomials with integer coefficients, and these factors each have a degre...
155	0.555556	geometry	10	Let \(ABC\) be a triangle with \(AB = AC = 13\) and \(BC = 10\). A circle is inscribed in the triangle, tangent to all three sides. If the circle's radius is \(r\), and \(D\) is the point where the circle is tangent to \(BC\), find the val...
156	0.333333	number_theory	100	A sequence \(a_n\) is defined by \(a_1 = 1\), and for \(n \geq 2\), \(a_n\) is the smallest integer greater than \(a_{n-1}\) such that the set \(\{a_1, a_2, \ldots, a_n\}\) does not contain any three elements \(x, y, z\) satisfying \(x + y...
157	0.625000	geometry	2	A triangle has side lengths of 5, 12, and 13 units. If a circle is inscribed in this triangle, what is the radius of the circle?
158	0.555556	number_theory	42	What is the sum of all positive integers \( n \) such that the product of the roots of the equation \( x^2 + nx + 20 = 0 \) is 20 and the sum of the roots is an integer?
159	0.333333	geometry	10	In a mystical forest, there are \( n \) trees, each with a unique number of magical leaves. The total number of leaves on all trees combined is \( L \). Each tree has at least one leaf. The forest's ancient rules state that if you count th...
160	0.333333	number_theory	0	Find the number of 4-digit positive integers $N$ such that the digits of $N$ in base 10 are in strictly increasing order (from left to right) and the digits of $N$ in base 2 are also in strictly increasing order (from left to right).
161	0.333333	number_theory	171	Find the smallest positive integer \( n \) such that the sum of the digits of \( n \) equals the sum of the digits of \( 2n \), and \( n \) is a palindrome.
162	0.666667	algebra	4	Let \( f: \mathbb{R} \to \mathbb{R} \) be a function defined by \[ f(x) = \begin{cases} \frac{x^2 - 4}{x - 2} & \text{if } x \neq 2, \\ 5 & \text{if } x = 2. \end{cases} \] Determine the value of \( \lim_{x \to 2} f(x) \).
163	0.777778	geometry	4	A circle is inscribed in a right triangle with legs of lengths 6 and 8 units. If the radius of the inscribed circle is \( r \), find the value of \( r^2 \).
164	0.666667	other	3	In a game of Nim, three players Alice, Bob, and Carol start with a pile of 31 stones. They take turns removing 1, 2, or 3 stones from the pile, with the player who takes the last stone winning. Alice plays first, then Bob, then Carol, and ...
165	0.333333	algebra	2	Find all real numbers \(x\) that satisfy the equation \[ \sqrt[3]{x - \sqrt[4]{x - 2}} + 2 = \sqrt[4]{x - \sqrt[3]{x - 2}} + 3. \]
166	0.666667	geometry	\frac{\sqrt{5} + 2\sqrt{15}}{12}	In the rectangular coordinate system, let $P$ be a point on the unit circle such that $\sin \angle POS = \frac{2}{3}$, where $O$ is the origin and $S$ is the point $(1,0)$. If $Q$ is another point on the unit circle such that $\cos \angle ...
167	0.333333	geometry	5.76	Consider a convex pentagon \( ABCDE \) with interior angles \( \angle A = 100^\circ \), \( \angle B = 110^\circ \), \( \angle C = 120^\circ \), \( \angle D = 130^\circ \), and \( \angle E = 140^\circ \). The sides \( AB, BC, CD, DE, \) and...
168	0.375000	number_theory	3	Find all positive integers $n$ such that there exist positive integers $a$ and $b$ satisfying the equation $a^2 + ab + b^2 = n^3$.
169	0.333333	geometry	100	Let \( S \) be a set of points in the coordinate plane such that every point in \( S \) has integer coordinates, and every line passing through two points in \( S \) is horizontal, vertical, or at a 45-degree angle. If \( |S| = 100 \), det...
170	0.555556	geometry	2	Let \(ABC\) be an acute-angled triangle with circumcircle \(\omega\) and orthocenter \(H\). Let \(D, E, F\) be the feet of the altitudes from \(A, B, C\) respectively, and let \(M\) be the midpoint of \(BC\). Suppose that the line \(DM\) i...
171	0.777778	number_theory	0	Let \( f(x) \) be a polynomial of degree 5 with integer coefficients such that \( f(1) = 0 \) and \( f(2) = 10 \). If \( f(x) \) has exactly one real root \( r \) in the interval \( (1, 2) \) and all other roots are non-real, find the sum ...
172	0.750000	number_theory	6	Find the sum of all positive integers \( n \) such that the polynomial \( P(x) = x^3 + ax^2 + bx + c \) with integer coefficients \( a, b, \) and \( c \) satisfies \( P(n) = n^2 \) for exactly three different values of \( n \).
173	0.333333	number_theory	3	What is the smallest positive integer \( n \) such that the equation \( x^3 + y^3 = nz \) has solutions in positive integers \( x \), \( y \), and \( z \) but the equation \( x^2 + y^2 = nz \) has no solutions in positive integers \( x \),...
174	0.666667	algebra	2	Let \(f(x)\) be a polynomial function defined over the real numbers such that \(f(0) = 1\), \(f(1) = 2\), and \(f(2) = 5\). If \(g(x) = f(x^2)\) and it is given that \(g(0) = 1\), find the value of \(g(1)\).
175	0.333333	other	151	In a magical forest, there are three types of trees: oak, pine, and maple. Each tree has a unique property: the number of acorns a oak tree drops is the same as the number of pine trees, the number of pines a pine tree drops is twice the n...
176	0.666667	algebra	\frac{3}{2}	Find all real solutions to the equation \(\sqrt{x + \sqrt{2x - 1}} + \sqrt{x - \sqrt{2x - 1}} = 2\).
177	0.444444	number_theory	28	What is the smallest positive integer that can be expressed as the sum of two distinct positive integers, each raised to the power of three, and also as the product of three distinct positive integers?
178	0.666667	algebra	-2	Let \(f(x)\) be a polynomial of degree 3 with real coefficients such that \(f(0) = 1\), \(f(1) = 2\), and \(f(2) = 5\). If the polynomial \(g(x) = f(x) + kx^2\) where \(k\) is a real number, find the value of \(k\) such that the polynomial...
179	0.555556	geometry	\frac{243 \pi}{5}	A spherical balloon with a radius of 3 units is filled with helium. The balloon is then inflated such that its radius increases linearly from 3 units to 6 units over a period of 5 hours. Calculate the rate of change of the volume of the ba...
180	0.777778	number_theory	1	Find the number of positive integers \( n \) such that \( n \) is a divisor of 1000 and \( n \) is also a perfect eighth power.
181	0.444444	number_theory	10	A sequence of positive integers \(a_1, a_2, a_3, \ldots, a_n\) is defined recursively by \(a_1 = 1\), \(a_2 = 2\), and for all \(n \geq 3\), \(a_n\) is the smallest positive integer that does not divide any of the previous terms \(a_1, a_2...
182	0.555556	number_theory	10	A sequence of positive integers \( a_1, a_2, a_3, \ldots \) is defined by \( a_1 = 1 \) and for \( n \geq 1 \), \( a_{n+1} \) is the smallest positive integer such that \( a_{n+1} \) is not a divisor of \( a_n \) and \( a_{n+1} \) is not a...
183	0.777778	other	173	In a magical kingdom, there are three types of coins: gold, silver, and bronze. A gold coin is worth 10 silver coins, and a silver coin is worth 10 bronze coins. One day, the king decides to mint a special coin called the platinum coin, wh...
184	0.444444	number_theory	6	Let \( A \) be a non-empty set of positive integers. Define \( S \) as the set of all sums of elements from \( A \). If \( A = \{1, 2, 4, 8, 16\} \) and \( B \) is the set of all integers in \( S \) that are multiples of 5, determine the n...
185	0.333333	combinatorics	3	Consider a regular octagon. The vertices of this octagon are connected in pairs to form eight diagonals. If these diagonals are colored such that no two adjacent diagonals share the same color, what is the minimum number of colors required...
186	0.777778	geometry	9\pi	What is the area, in square units, of the region defined by the equation \( x^2 + y^2 + 8x + 6y + 16 = 0 \)?
187	0.777778	number_theory	119	Two distinct positive integers \(a\) and \(b\) satisfy the equation \(a^2 - b^2 = 2023\). If \(a\) and \(b\) are both less than 100, find the sum of \(a\) and \(b\).
188	0.555556	number_theory	0	A sequence of positive integers \(a_1, a_2, a_3, \ldots, a_n\) is defined such that \(a_1 = 1\) and for \(n \geq 2\), \(a_n = a_{n-1} + 2^{n-1}\). Find the number of ways to partition the set \(\{a_1, a_2, \ldots, a_{10}\}\) into two non-e...
189	0.444444	geometry	24	Let \(ABC\) be a triangle with \(AB < AC\). Let \(I\) be the incenter of \(\triangle ABC\), and let \(D\) be the foot of the perpendicular from \(I\) to \(BC\). Suppose \(E\) is the point on \(AC\) such that \(BE\) is the angle bisector of...
190	0.444444	number_theory	203	A sequence of positive integers \( a_1, a_2, a_3, \ldots \) is defined by \( a_1 = 1 \) and \( a_{n+1} = a_n^2 + a_n + 1 \) for \( n \geq 1 \). Find the remainder when \( a_{10} \) is divided by 1000.
191	0.555556	number_theory	2	Let \( S \) be the set of all positive integers \( n \) such that \( n \) can be expressed as the sum of two or more consecutive positive integers. For example, \( 5 = 2 + 3 \) and \( 9 = 2 + 3 + 4 \). Find the smallest integer \( k \) suc...
192	0.555556	geometry	1	Find all positive integers \( n \) such that the sum of the squares of the digits of \( n \) equals \( n \) itself.
193	0.777778	combinatorics	6	In a certain game, a player rolls a fair six-sided die repeatedly until they roll a 6. Let \( X \) be the number of rolls required to roll a 6. What is the expected value of \( X \)?
194	0.333333	number_theory	2023	A sequence of numbers is defined as follows: \(a_1 = 1\), and for \(n \geq 2\), \(a_n\) is the smallest positive integer such that \(a_n\) is not in the set \(\{a_1, a_2, \ldots, a_{n-1}\}\) and the sum of the digits of \(a_n\) is equal to...
195	0.555556	algebra	-1	在一个无限的二维网格中，每个点的位置用坐标 \((x, y)\) 表示，其中 \(x, y\) 是整数。对于每一个点 \((x, y)\)，定义 \(f(x, y) = x^2 + y^2 - xy\)。给定一个点 \((a, b)\)，我们定义一个“幸运点”为满足条件 \(f(a, b) = f(a+1, b+1)\) 的点 \((a, b)\)。求所有这样的“幸运点”中，\(a + b\) 的最小值。
196	0.555556	algebra	4	Let \(a, b, c, d\) be positive real numbers such that \(a^2 + b^2 + c^2 + d^2 = 4\). Prove that: \[ \frac{a}{b} + \frac{b}{c} + \frac{c}{d} + \frac{d}{a} \geq 4. \]
197	0.444444	number_theory	240	Find the smallest positive integer \( n \) such that \( n \) has exactly 10 positive divisors and \( n \) is the product of three distinct prime numbers.
198	0.777778	number_theory	1	Find all positive integers \( n \) such that \( n \) divides \( 2^n - 1 \).
199	0.444444	geometry	\dfrac{6}{25}	A right triangle has legs measuring 6 units and 8 units. What is the length of the hypotenuse, and how does the area of the triangle compare to the area of a square whose side length is equal to the hypotenuse? Express your answer as a rat...
200	0.444444	geometry	105^\circ	Let \( ABC \) be an isosceles triangle with \( AB = AC \). Point \( D \) lies on \( BC \) such that \( BD = DC \). Point \( E \) is on \( AD \) such that \( \angle ABE = \angle EBC \). If \( \angle BAC = 120^\circ \), find the measure of \...
201	0.555556	geometry	3	What is the minimum number of distinct points needed to ensure that at least one of these points lies on a line segment connecting any two other points?
202	0.333333	geometry	1	Find the smallest positive integer \( n \) such that the sum of the squares of the first \( n \) positive integers is divisible by \( n \).
203	0.444444	geometry	2	In the complex plane, consider the transformation $T(z) = z^3 - 3z$. Find the number of points $z$ on the unit circle such that $T(z)$ is a real number.
204	0.444444	number_theory	2	Let $f(x)$ be a polynomial with real coefficients such that $f(0) = 1$, and for all integers $n \geq 0$, $f(n) = n^3$. Find the sum of the coefficients of the polynomial $f(x)$.
205	0.444444	algebra	-15	Let $f(x)$ be a polynomial of degree 4 with real coefficients such that $f(1) = 1$, $f(2) = 2$, $f(3) = 3$, $f(4) = 4$, and $f(5) = 5$. Find the value of $f(-1) + f(-2) + f(-3) + f(-4) + f(-5)$.
206	0.333333	number_theory	1	Given an integer \( n \geq 2 \), find the number of positive integers \( k \) such that \( k \) divides \( n^2 + 1 \) and \( k \) is greater than 1 but less than \( n \).
207	0.444444	algebra	\infty	Consider the function \( f(x) = \frac{x^3 - 3x + 2}{x-1} \). Determine the sum of all possible values of \( f(x) \) for \( x \neq 1 \).
208	0.666667	geometry	19	A sequence of positive integers is defined by \(a_1 = 1\) and for \(n \geq 1\), \(a_{n+1}\) is the smallest integer greater than \(a_n\) such that the sum \(a_1 + a_2 + \cdots + a_{n+1}\) is a perfect square. Find \(a_{10}\).
209	0.444444	algebra	2	Consider the function \( f(x) \) defined on the interval \([0, 1]\) such that \( f(x) = x^2 + \sin(\pi x) \). Determine the number of points in the interval where \( f(x) \) attains a local maximum or minimum.
210	0.555556	algebra	63	In the enchanted forest, there are three species of magical creatures: pixies, unicorns, and dragons. Each creature can transform into any of the other two species once a day. A group of adventurers encounters these creatures at a mystical...
211	0.777778	algebra	2	Let \( f(x) = x^3 + ax^2 + bx + c \) be a cubic polynomial with real coefficients. Given that \( f(1) = 0 \), \( f(2) = 0 \), and the coefficient of \( x^2 \) is twice the coefficient of \( x \), find the value of \( c \).
212	0.666667	number_theory	21	Determine the smallest positive integer \(n\) for which there exist integers \(a_1, a_2, \ldots, a_n\) satisfying the following conditions: 1. \(1 \leq a_i \leq 100\) for all \(i\), 2. \(a_1 + a_2 + \cdots + a_n = 2023\), 3. \(a_1^2 + a_2^...
213	0.333333	combinatorics	4950	In a country with 100 cities, every city is connected to every other city by a road. Each road is uniquely colored and no two roads of the same color share an endpoint. What is the maximum number of colors that can be used for the roads un...
214	0.666667	geometry	(10, 10)	In the Cartesian plane, let \( P = (20, 0) \) and \( Q = (0, 20) \). A line passing through \( P \) intersects the line \( y = x \) at a point \( R \) in the first quadrant, such that the area of triangle \( \triangle PQR \) is a maximum. ...
215	0.444444	geometry	10	A circle with radius 10 units has a chord AB that subtends a central angle of 60 degrees. A point C is chosen on the circle such that the arc ACB is exactly twice as long as the arc AB. Determine the length of the line segment AC.
216	0.444444	combinatorics	10	In the realm of abstract algebra, consider the set of all permutations of the set {1, 2, 3, 4}. A permutation is a bijective function from the set to itself. We define a special subset of permutations, called "self-inverse permutations," a...
217	0.625000	other	30	في غابة مدونه يوجد أربعة أنواع من الأشجار: سماق، سمندل، دواريخ، وجراءج. كل نوع من الأشجار يمكن أن ينمو في أخذ مجموعات. فجأة، قطة عجيبة تقرر عده عدد كل نوع من الأشجار في منطقة من الغابة. تجد القطة أن عدد السماق ضعف عدد السمندل، عدد دواريخ ث...
218	0.777778	geometry	\frac{2}{5}	Let $S$ be the set of all real numbers $x$ such that the equation $x^4 - 4x^3 + 6x^2 - 4x + 1 = 0$ has exactly two distinct real roots. Find the area of the region enclosed by the graph of $y = x^4 - 4x^3 + 6x^2 - 4x + 1$ and the $x$-axis ...
219	0.333333	number_theory	0	Let \( f(x) \) be a polynomial function of degree 4 with integer coefficients such that \( f(1) = 10 \), \( f(2) = 20 \), and \( f(3) = 30 \). If the polynomial has a double root at \( x = 4 \), find the value of \( f(0) \).
220	0.777778	geometry	90^\circ	Let \( ABCD \) be a convex quadrilateral inscribed in a circle with center \( O \). The diagonals \( AC \) and \( BD \) intersect at point \( E \). Given that \( \angle AEB = 90^\circ \), \( \angle BED = 90^\circ \), and \( AB = BC = CD = ...
221	0.333333	geometry	2	If \( n \) is a positive integer, determine the number of positive integers \( k \) such that \( \frac{n}{k} \) is an integer, \( 1 \leq k \leq \sqrt{n} \), and \( \frac{n}{k} \) is also a perfect square.
222	0.333333	number_theory	\frac{40199}{4}	A function \( f: \mathbb{Z} \to \mathbb{Z} \) satisfies the equation \[ f(n) + f(n + 1) = 2n^2 + 3n + 1 \] for all integers \( n \). Find \( f(100) \).
223	0.777778	other	100	There are 100 students at a school. Each student has a unique set of interests, including reading, writing, and mathematics. If every student who likes reading also likes writing, and every student who likes writing also likes mathematics,...
224	0.777778	geometry	\frac{1}{3}	A right circular cylinder with a height of 10 inches and a base radius of 5 inches is filled with water. If the water is poured into a new cylinder that is three times as tall but has the same base radius, what fraction of the new cylinder...
225	0.333333	logic_puzzle	5050	In a small town, there are 100 houses numbered from 1 to 100. Each house has a unique number of pets, ranging from 1 to 100, where no two houses share the same number of pets. The town's peculiar rule states that the total number of pets i...
226	0.777778	number_theory	499	A set of positive integers is called "quarantine-friendly" if every pair of numbers in the set has a greatest common divisor (GCD) greater than 1. For example, the set {6, 9, 10} is quarantine-friendly because GCD(6, 9) = 3, GCD(6, 10) = 2...
227	0.333333	geometry	1	There exists a sequence of non-negative integers \(a_1, a_2, a_3, \ldots, a_n\) such that for each \(i\) from 1 to \(n\), \(a_i\) is either 0 or 1. The sequence satisfies the condition that the sum of the squares of the terms in the sequen...
228	0.333333	geometry	946	Let \(f(n)\) be the number of ways to tile a \(2 \times n\) grid with \(1 \times 2\) and \(2 \times 1\) rectangles. Find the remainder when \(f(20)\) is divided by \(1000\).
229	0.444444	geometry	\frac{12\sqrt{5}}{5}	A circle with radius 3 units has its center at the origin of the coordinate plane. If a line segment starts at the point (3, 0) and ends at a point on the circle such that the slope of the line segment is 1/2, what is the length of the lin...
230	0.777778	geometry	24	In triangle \(ABC\), let \(D\) be the point on \(BC\) such that \(BD:DC = 3:2\). Let \(E\) be the point on \(AC\) such that \(AE:EC = 2:3\). If the area of triangle \(ABC\) is 100 square units, find the area of triangle \(ADE\).
231	0.333333	algebra	16	Let \( a, b, c, d \) be positive real numbers such that \( a + b + c + d = 4 \). Prove that \[ \frac{1}{a^2} + \frac{1}{b^2} + \frac{1}{c^2} + \frac{1}{d^2} + 8abcd \geq 16. \]
232	0.333333	number_theory	2	What is the minimum number of digits in a repeating block of the decimal expansion of \( \frac{1}{n} \), where \( n \) is a prime number greater than 5 and less than 20, and ensure that this number is prime?
233	0.333333	number_theory	200003	What is the sum of all positive integers less than 1000 that are divisible by 3 or 5, but not both?
234	0.444444	number_theory	2	What is the smallest positive integer \( n \) such that the polynomial \( P(x) = x^n + x^{n-1} + \cdots + x + 1 \) is divisible by \( Q(x) = x^2 + x + 1 \)?
235	0.666667	number_theory	24	What is the smallest positive integer \( n \) such that \( n \) is divisible by 24 and \( \gcd(n, 30) = 6 \)?
236	0.666667	number_theory	0	Let \( S \) be the set of all ordered triples of positive integers \( (a, b, c) \) such that \( a^2 + b^2 + c^2 = abc + 1 \). Find the number of elements in \( S \) where \( a, b, \) and \( c \) are all distinct.
237	0.444444	geometry	\frac{r}{2}	Consider a regular hexagon inscribed in a circle of radius \( r \). Each side of the hexagon is of length \( r \). A point \( P \) is chosen inside the hexagon such that the distances from \( P \) to three consecutive vertices of the hexag...
238	0.444444	geometry	r	In a right triangle ABC with a right angle at C, let D be the midpoint of the hypotenuse AB. A circle centered at D is drawn such that it is tangent to both AC and BC. Let E and F be the points of tangency on AC and BC respectively. If the...
239	0.444444	other	3921225	In a kingdom, there are 100 wizards, each with a unique magical power. One day, they decide to form alliances in such a way that every wizard is part of exactly one alliance. Moreover, each alliance must have at least two members and canno...
240	0.333333	number_theory	1	Let \( f(x) \) be a polynomial with integer coefficients such that \( f(1) = 5 \) and \( f(2) = 11 \). Suppose \( g(x) = f(f(x)) \) is a polynomial of degree 4. Find the sum of all possible values of the constant term of \( f(x) \).
241	0.333333	algebra	0	Let \( f: \mathbb{R} \to \mathbb{R} \) be a continuous function such that for all \( x \in \mathbb{R} \), \[ f(x^2 - 1) = f(x) + 2x. \] Determine all possible values of \( f(0) \).
242	0.333333	number_theory	2024, 296, 136	Find all positive integers \(n\) such that the equation \(x^2 + nx + 2023 = 0\) has integer solutions.
243	0.777778	number_theory	1	A sequence of positive integers \(a_1, a_2, a_3, \ldots\) is defined such that \(a_1 = 1\) and for all \(n \geq 1\), \(a_{n+1} = a_n^2 - a_n + 1\). What is the remainder when \(a_{100}\) is divided by 1000?
244	0.666667	number_theory	14	Find the sum of all positive integers \( n \) such that the polynomial \( P(x) = x^3 - 7x^2 + nx - 8 \) has three distinct integer roots.
245	0.444444	geometry	\frac{1}{4}	Three points \( A, B, \) and \( C \) are chosen uniformly at random from the perimeter of a unit square. What is the probability that the three points form a triangle with area at least \( \frac{1}{4} \)?
246	0.555556	geometry	(8, -7)	There is a straight-line path in the Cartesian coordinate system from point \( A(-10, 5) \) to point \( B(20, -15) \). A point \( P(x, y) \) moves along this line at a constant speed. If \( P \) starts at \( A \) and reaches \( B \) in 10 ...
247	0.500000	geometry	45	In a convex quadrilateral $ABCD$, the lengths of the sides $AB$, $BC$, $CD$, and $DA$ are 8, 12, 15, and 17 units, respectively. The diagonals $AC$ and $BD$ intersect at point $E$. If the area of triangle $ABE$ is 24 square units, what is ...
248	0.333333	geometry	\frac{1}{\sqrt{2}}	In the complex plane, let $P$ be a point on the unit circle. Let $Q$ be the point obtained by rotating $P$ counterclockwise by an angle of $\theta$ radians, and let $R$ be the point obtained by rotating $P$ clockwise by an angle of $\phi$ ...
249	0.555556	combinatorics	13	In the town of Cryptoville, a secret message is encoded using a unique algorithm. The message is a sequence of numbers. Each number is the sum of the previous number and the number two places back. The sequence starts with the numbers 1 an...
250	0.444444	geometry	13	A convex polygon has interior angles that sum to a multiple of 360 degrees. If this polygon can be divided into 11 non-overlapping triangles, find the smallest possible number of sides the polygon can have.
251	0.444444	number_theory	1	Determine the sum of all the positive integers \( n \) such that \( n^2 \) is a divisor of \( 3^n + 2^n \).
252	0.444444	number_theory	9	In a certain game, Alice and Bob take turns choosing a number from 1 to 9, without replacement, and place it into one of two piles. Alice starts the game. The game ends when all numbers are placed into the piles. The player with the pile w...
253	0.375000	geometry	\frac{s}{2}	In the plane, consider a regular hexagon \( ABCDEF \) with side length \( s \). Let \( O \) be the center of the hexagon. Points \( P \), \( Q \), and \( R \) are chosen on the sides \( AB \), \( CD \), and \( EF \) respectively, such that...
254	0.666667	number_theory	92	A sequence of numbers is defined as follows: the first term is 2, and each subsequent term is the sum of the cubes of the digits of the previous term. For example, the second term is $2^3 = 8$, and the third term is $8^3 = 512$. What is th...
255	0.333333	number_theory	4	Find the smallest positive integer \( n \) such that the polynomial \( P(x) = x^n - 3x^{n-1} + 2x^{n-2} + \cdots + 2x - 3 \) has a root that is also a root of the polynomial \( Q(x) = x^{n-1} + x^{n-2} + \cdots + x + 1 \).
256	0.333333	geometry	6	In a triangle \( \triangle ABC \) with \( \angle BAC = 60^\circ \), point \( D \) lies on side \( BC \) such that \( BD = 2DC \). If the area of \( \triangle ABD \) is 12 square units and the area of \( \triangle ADC \) is 8 square units, ...
257	0.375000	algebra	2525	In a town, there are 100 houses numbered from 1 to 100. Each house owner decides to plant either a red or a blue flower in front of their house. If the total number of red flowers planted is equal to the sum of the house numbers where blue...
258	0.777778	number_theory	49	Find the smallest positive integer \( n \) such that when \( n \) is divided by 12, the remainder is 1, and when \( n \) is divided by 15, the remainder is 4.
259	0.666667	number_theory	2024	Let \( f: \mathbb{Z} \to \mathbb{Z} \) be a function defined such that for all integers \( x \), \( f(f(x)) = x + 2 \) and \( f(x+1) = f(x) + 1 \). Find the value of \( f(2023) \).
260	0.333333	combinatorics	1	Suppose you have a magical coin that has a special power: if you toss it, it always lands on the side that's less likely to come up next. If you start by tossing it and it lands heads up, what's the probability that the coin will land tail...
261	0.333333	geometry	5.0	In the Cartesian plane, a line segment is defined by the points \((1, 2)\) and \((7, 10)\). If a point \((x, y)\) lies on this line segment, what is the minimum value of \(x^2 + y^2\)? Express your answer as a decimal rounded to the neares...
262	0.666667	number_theory	673	What is the smallest positive integer n such that \(n! \equiv 0 \pmod{2019}\)? (Hint: Consider the prime factorization of 2019 and the nature of factorials.)
263	0.333333	number_theory	1	Find the number of genius numbers less than 1000 in the Fibonacci-like sequence defined by $a_1 = 1$, $a_2 = 2$, and $a_n = a_{n-1} + a_{n-2}$ for $n \geq 3$. A number $N$ is a genius number if $N^2$ equals some term $a_k$ in the sequence,...
264	0.555556	combinatorics	20	In the town of Mathville, there are three types of coins: golden coins, silver coins, and bronze coins. The golden coins are worth $5$ units each, the silver coins are worth $3$ units each, and the bronze coins are worth $1$ unit each. A l...
265	0.714286	geometry	4.6875	A circular dartboard is divided into regions with central angles measured in degrees. The largest region has a central angle of 210 degrees. There are 32 equal-sized regions each adjacent to the largest region. What is the measure of the c...
266	0.777778	geometry	186	In a certain magical forest, there are $n$ trees, each one bearing either red, green, or blue berries. A wizard has cast a spell so that the number of red berries on any tree is always the square of the number of green berries minus twice ...
267	0.333333	number_theory	708	A sequence \( a_1, a_2, a_3, \ldots \) is defined by \( a_1 = 2 \) and for \( n \geq 1 \), \( a_{n+1} = 3a_n + 2^n \). Find the value of \( a_{10} \mod 1000 \).
268	0.444444	number_theory	6	A sequence of positive integers \( a_1, a_2, a_3, \ldots, a_{2023} \) satisfies the condition that for any \( i < j < k \), the product \( a_i \cdot a_j \) is divisible by \( a_k \). Given that \( a_1 = 1 \) and \( a_{2023} = 2023 \), find...
269	0.333333	combinatorics	944784	At the annual Math Olympics, Team Alpha has $12$ members, including a captain and a vice-captain. Each team member, except the captain and vice-captain, must choose one of three advisors to mentor them over the course of the competition. T...
270	0.375000	logic_puzzle	2	In a small town, there are 5 different routes that connect all the major buildings. Each route is used by 2 people per hour on average. If the town decides to add a new route that will reduce the average time spent waiting for the next rou...
271	0.555556	number_theory	111	Find the number of positive integers \( n \) less than 1000 for which the sum of the digits of \( n \) equals the sum of the digits of \( 2n \). Additionally, determine the number of such \( n \) where this property holds modulo 9.
272	0.444444	geometry	1, 2, 3, 6	Find all positive integers \( n \) such that \( n^3 - 4n^2 + 5n - 2 \) is a perfect square.
273	0.333333	number_theory	8	A sequence \(a_n\) is defined by \(a_1 = 1\) and \(a_{n+1} = a_n^2 + a_n\) for \(n \geq 1\). Determine the smallest positive integer \(k\) such that \(a_k\) is divisible by \(10^4\).
274	0.777778	number_theory	5	Let \( p \) be a prime number such that \( p \equiv 1 \pmod{4} \). Prove that there exists an integer \( x \) such that \( x^2 \equiv -1 \pmod{p} \). Find the smallest positive integer \( x \) satisfying this condition for \( p = 13 \).
275	0.375000	geometry	135	In triangle \(ABC\), point \(D\) lies on side \(BC\) such that \(BD:DC = 2:3\). Let \(E\) be a point on \(AC\) such that \(AE:EC = 1:2\). The lines \(AD\) and \(BE\) intersect at point \(P\). If the area of triangle \(PDE\) is 18 square un...
276	0.333333	algebra	x = 1 \pm \sqrt{2} \pm \sqrt{3}	Find all real numbers $x$ such that the function $f(x) = x^4 - 2x^3 - x^2 + 2x + 1$ is equal to zero. Show that the solutions can be expressed in the form of $x = 1 \pm \sqrt{2} \pm \sqrt{3}$.
277	0.333333	number_theory	0	Find the number of ordered triples $(a, b, c)$ of positive integers such that $a \cdot b + c = 100$ and $a + b \cdot c = 120$.
278	0.500000	geometry	\dfrac{1}{3}	Let $S$ be the set of all points $(x, y)$ in the coordinate plane such that both $x$ and $y$ are integers and satisfy the inequality $1 \leq x^2 + y^2 \leq 4$. If a point is randomly selected from $S$, what is the probability that its dist...
279	0.375000	geometry	\dfrac{20\sqrt{3}}{9}	Let $ABC$ be an equilateral triangle with side length $10$. Points $D$ and $E$ lie on sides $AB$ and $AC$, respectively, such that $AD = 4$ and $AE = 5$. The line segment $DE$ intersects the median $AM$ of triangle $ABC$ at point $F$. Find...
280	0.625000	other	190	There are 20 students in a class. Each student shakes hands with every other student exactly once. How many handshakes occur in total?
281	0.444444	geometry	12	In triangle \(ABC\), the angle bisector of \(\angle BAC\) intersects \(BC\) at point \(D\). If \(AB = 13\), \(AC = 14\), and \(BC = 15\), find the length of \(AD\).
282	0.666667	geometry	4	Let $ABC$ be a triangle with $AB = 13$, $BC = 14$, and $CA = 15$. A circle is tangent to $AB$ at $P$, $BC$ at $Q$, and $CA$ at $R$. If $PQ = QR = RP$, find the radius of the circle.
283	0.777778	combinatorics	330	A sequence of numbers \(a_1, a_2, a_3, \ldots, a_n\) is defined by \(a_1 = 1\), \(a_2 = 2\), and for \(n \geq 3\), \(a_n = a_{n-1} + a_{n-2} + n\). What is the value of \(a_{10}\)?
284	0.777778	geometry	-a^2	In the Cartesian plane, a parabola is defined by the equation $y = x^2$. A line, which is tangent to the parabola, intersects the y-axis at a point $(0, b)$. If the x-coordinate of the point of tangency is $a$, find the value of $b$ in ter...
285	0.333333	geometry	3	A circle is inscribed in a right triangle with legs of lengths 6 and 8. A line is drawn tangent to the circle and parallel to one of the legs of the triangle, cutting off a smaller right triangle. If the area of the smaller triangle is one...
286	0.333333	number_theory	45	What is the smallest positive integer \( n \) such that \( n! \) is divisible by \( 2^{20} \) and \( 5^{10} \)?
287	0.750000	number_theory	89	Let \( f(n) \) be the number of ways to write the positive integer \( n \) as a sum of 1's and 2's, where the order of the summands matters. For example, \( f(3) = 3 \) because we can write 3 as \( 1 + 1 + 1 \), \( 1 + 2 \), or \( 2 + 1 \)...
288	0.500000	number_theory	92	Let $S$ be the set of all positive integers that have four digits in base $2$. What is the sum of all elements in $S$ when expressed in base $10$?
289	0.444444	number_theory	10	In the town of Mathville, there are 100 houses numbered from 1 to 100. A new regulation requires that each house must display its house number using a unique combination of digits from the set {0, 1, 2, ..., 9}. However, due to budget cons...
290	0.444444	algebra	-29 - 420i	In the complex plane, let \( z_1 = 3 + 4i \) and \( z_2 = 2 - i \). Define the operation \( z_1 \oplus z_2 = z_1^2 + z_2^2 - z_1z_2 \). Compute \( (z_1 \oplus z_2) \oplus (z_1 \oplus z_2) \) and express the result in the form \( a + bi \),...
291	0.666667	other	100	In a small village, there are 100 families. Each family has either 1, 2, or 3 children. The total number of children in the village is exactly 200. If each family with 2 children has exactly 1 dog, and each family with 3 children has exact...
292	0.555556	number_theory	1	Let \( f: \mathbb{Z} \to \mathbb{Z} \) be a function such that \( f(x+y) + f(xy) = f(x)f(y) + 1 \) for all integers \( x \) and \( y \). Prove that \( f(0) = 1 \).
293	0.666667	geometry	200	A rectangle has a length that is twice its width. If the perimeter of the rectangle is 60 cm, what is the area of the rectangle?
294	0.444444	algebra	2024	Let \( f(x) \) be a polynomial of degree 2023 with real coefficients, and suppose that \( f(x) \) has exactly 1012 distinct real roots. If the polynomial \( g(x) = f(x^2 - 1) \) has exactly 2023 distinct real roots, find the number of dist...
295	0.444444	geometry	60	In triangle \(ABC\), let \(D\) be the foot of the altitude from \(A\) to \(BC\). Let \(E\) and \(F\) be the midpoints of \(BD\) and \(CD\), respectively. The line through \(E\) parallel to \(AC\) intersects the line through \(F\) parallel ...
296	0.777778	number_theory	-2	A sequence of numbers is defined recursively by \( a_1 = 1 \) and \( a_{n+1} = a_n + \frac{1}{a_n} \) for \( n \geq 1 \). If \( a_{20} = k \), find the integer value of \( k^2 - a_{21}^2 \).
297	0.333333	number_theory	(1, 1)	Find all pairs of positive integers \((x, y)\) such that \(x^2 + y^2 + 1 = 2^{x + y}\).
298	0.666667	number_theory	100	Find the smallest positive integer \( n \) such that \( n! \) (n factorial) is divisible by \( 1000000 \), and express \( n \) in base 5.
299	0.666667	combinatorics	4	In a certain town, there are 100 houses numbered from 1 to 100. Each house is painted one of three colors: red, blue, or green. It is known that no two adjacent houses (i.e., houses whose numbers differ by 1) are painted the same color. If...
300	0.555556	geometry	3	What is the smallest positive integer \( n \) such that \( n^2 \) is a perfect square and \( n \) is congruent to 3 modulo 4? Further, if \( n \) can be expressed as the sum of two squares, what are the possible values of \( n \)?
301	0.555556	number_theory	4	What is the smallest positive integer n such that n² + 1 is divisible by 17?
302	0.444444	geometry	1	Find all positive integers \( n \) such that the expression \( n^4 + 4n^3 + 4n^2 + n \) is a perfect square.
303	0.333333	algebra	1	Let \( f(x) = x^3 - 3x + 2 \). Find the value of \( f^{-1}(4) + f^{-1}(-2) \).
304	0.444444	algebra	32	Let $a, b,$ and $c$ be positive real numbers satisfying $abc = 8$. Find the minimum value of \[a^2 + 4ab + 4b^2 + 2c^2.\]
305	0.666667	geometry	4049	Let \( f(n) \) be a function defined for all positive integers \( n \) such that \( f(n) \) is the smallest positive integer \( m \) for which \( n^2 + m \) is a perfect square. Find \( f(2024) \).
306	0.375000	number_theory	1, 3, 9, 27, 81, 243, 729	Find all positive integers \( n \) such that \( n \) divides \( 2^n + 1 \) and \( n \) is less than 1000.
307	0.777778	number_theory	\infty	Let \( f: \mathbb{N} \to \mathbb{N} \) be a function defined by \( f(n) = n^2 + 3n + 1 \). Find the number of positive integers \( n \) such that \( f(n) \) is divisible by 5.
308	0.444444	number_theory	0	Find the number of ordered pairs of positive integers $(a, b)$ such that $a^2 + b^2 = 2021$ and $a \equiv b \pmod{5}$.
309	0.666667	geometry	\frac{65}{8}	In a triangular park with sides of lengths 13, 14, and 15 meters, a circular fountain is to be placed such that its center is equidistant from all three vertices of the triangle. Find the radius of the fountain.
310	0.375000	geometry	\left(1 - \frac{\sqrt{2}}{2}, \frac{\sqrt{2}}{2}\right)	Consider a regular octagon \(ABCDEFGH\) inscribed in a circle of radius 1. Let \(P\) be the intersection of lines \(AC\) and \(BD\). If the coordinates of \(A\) are \((1, 0)\) and \(B\) are \(\left(\cos\left(\frac{\pi}{4}\right), \sin\left...
311	0.333333	geometry	17	A circular dartboard is divided into sectors of equal area, labeled with consecutive integers starting from 1 up to \( n \). If a player throws a dart and it lands in sector \( k \), they score \( k^2 \) points. Given that the expected val...
312	0.750000	geometry	5	A square and a rectangle share the same perimeter. The length of the rectangle is twice its width, and the diagonal of the rectangle is $\sqrt{100}$ units. If the area of the square is denoted by $A_s$ and the area of the rectangle by $A_r...
313	0.333333	number_theory	2	Find the smallest positive integer \( n \) such that the polynomial \( P(x) = x^n + ax^{n-1} + bx^{n-2} + \cdots + k \) with integer coefficients satisfies the condition that \( P(1) = 2024 \) and \( P(-1) = -2024 \). Additionally, \( P(x)...
314	0.444444	geometry	12	A convex polygon has an interior angle that is 3 times smaller than the next largest interior angle. If the sum of the interior angles of the polygon is 1800 degrees, find the number of sides of the polygon.
315	0.444444	number_theory	18	What is the smallest positive integer n such that when 245n is divided by 23, the remainder is 17?
316	0.666667	geometry	2	What is the smallest positive integer \( n \) such that \( n^2 + 10n + 12 \) is a perfect square?
317	0.555556	algebra	3	Consider the function \( f(x) = x^3 - 3x + 1 \). Let \( \alpha, \beta, \gamma \) be the roots of \( f(x) = 0 \). Define \( g(x) = x^3 - px + q \) where \( p = \alpha \beta + \beta \gamma + \gamma \alpha \) and \( q = \alpha \beta \gamma \)...
318	0.333333	geometry	0	In the plane, consider a set of 2023 points such that no three points are collinear and the convex hull of the set has 2022 vertices. A triangulation of the convex hull is a division of the convex hull into triangles by drawing diagonals b...
319	0.666667	number_theory	1	Find the smallest positive integer \( n \) such that the polynomial \( P(x) = x^n + x^{n-1} + \cdots + x + 1 \) has a real root.
320	0.666667	other	36	In a magical forest, there are three types of trees: oak, pine, and maple. The number of oak trees is twice the number of pine trees, and the number of maple trees is three times the number of pine trees. If there are 6 pine trees in the f...
321	0.555556	number_theory	1332	What is the sum of all possible three-digit numbers that can be formed using the digits 1, 2, and 3, if each digit can be used only once in each number?
322	0.555556	geometry	39	A sequence of numbers \( a_1, a_2, a_3, \ldots \) is defined as follows: \( a_1 = 1 \), and for each \( n \geq 1 \), \( a_{n+1} \) is the smallest positive integer such that the sum \( a_1 + a_2 + \cdots + a_{n+1} \) is a perfect square. F...
323	0.444444	number_theory	2	Find the smallest positive integer \( n \) such that the equation \[ x^3 - nx^2 + (n+1)x - n = 0 \] has at least one integer solution.
324	0.777778	number_theory	720	A secret code consists of six digits where each digit is a number from 1 to 9. However, no digit may appear more than once in the code, and the code must not contain the numbers 1, 3, or 7. How many possible secret codes are there?
325	0.375000	geometry	\frac{b}{c}	In triangle \( ABC \), let \( D \) be a point on side \( BC \) such that \( AD \) is the angle bisector of \( \angle BAC \). Let \( E \) be the midpoint of \( AD \). If \( BE \) intersects \( AC \) at \( F \), find the ratio \( \frac{AF}{F...
326	0.444444	geometry	\frac{1}{3}	In a tetrahedron $ABCD$, the lengths of the edges $AB$, $AC$, and $AD$ are all equal, and the dihedral angle between any two adjacent faces is a constant angle $\theta$. If the side length of the tetrahedron is 1, find the value of $\cos \...
327	0.333333	geometry	10	A regular hexagon $ABCDEF$ is inscribed in a circle with radius $r$. Diagonals $AD$ and $CE$ intersect at point $G$. Given that $r = 10$, calculate the length of segment $CG$.
328	0.333333	geometry	\frac{13}{15}	Let \(ABC\) be a triangle with circumcenter \(O\) and incenter \(I\). The incircle of \(\triangle ABC\) touches sides \(BC\), \(CA\), and \(AB\) at points \(D\), \(E\), and \(F\) respectively. Let \(P\) be the intersection of line \(ID\) w...
329	0.444444	geometry	1	Let f(n) be the number of ways to partition the integer n into distinct positive integers. Find the smallest positive integer n such that f(n) is a perfect square.
330	0.777778	number_theory	4500	What is the smallest positive integer that is a multiple of both 36 and 125?
331	0.555556	geometry	4\sqrt{13}	In triangle \( ABC \), \( \angle A = 90^\circ \), \( AB = 24 \) cm, and \( AC = 18 \) cm. Point \( D \) lies on \( BC \) such that \( BD = 2CD \). Find the length of \( AD \).
332	0.444444	number_theory	(3,3,3)	Find all triples of positive integers (a, b, c) such that \(a^3 + b^3 + c^3 = 27abc\).
333	0.375000	algebra	2	In the complex plane, let $z_1, z_2, \ldots, z_n$ be the complex numbers such that $|z_k| = 1$ for all $1 \leq k \leq n$, and $z_1 + z_2 + \ldots + z_n = 0$. If $P(z) = z^n + a_{n-1}z^{n-1} + \ldots + a_1z + a_0$ is a polynomial with real ...
334	0.750000	algebra	2000	AIME2019/15: A nonzero polynomial with rational coefficients has all of the numbers \[1+\sqrt{2}, \; 2+\sqrt{3}, \;3+\sqrt{4},\; \dots, \;1000+\sqrt{1001}\] as roots. What is the smallest possible degree of such a polynomial?
335	0.666667	geometry	\frac{9}{25}	A point $P$ is chosen at random in the interior of a circle with radius $5$. What is the probability that the distance from $P$ to the center of the circle is less than $3$?
336	0.666667	number_theory	3	A sequence \( a_1, a_2, a_3, \ldots \) is defined recursively by \( a_1 = 2 \), \( a_2 = 3 \), and for \( n \geq 3 \), \( a_n \) is the smallest prime factor of \( a_{n-1} + a_{n-2} \). Find the 2024th term of the sequence.
337	0.333333	geometry	-9, -7	Find all integers \( n \) such that \( n^2 + 16n + 72 \) is a perfect square.
338	0.333333	geometry	\dfrac{\sqrt{73}}{3}	In a right triangle \(ABC\) with \( \angle C = 90^\circ \), \( AC = 3 \), \( BC = 4 \). Point \(D\) lies on the hypotenuse \(AB\). If \(AD = 2 \cdot BD \), find the length of \(CD\).
339	0.333333	geometry	x = 12	In a right triangle, the lengths of the two legs are consecutive integers, and the hypotenuse is 17 units long. What is the length of the shorter leg?
340	0.444444	number_theory	29	A sequence of positive integers \(a_1, a_2, a_3, \ldots\) is defined as follows: \(a_1 = 2\), and for \(n \geq 2\), \(a_n\) is the smallest positive integer such that the greatest common divisor of \(a_n\) and all previous terms in the seq...
341	0.444444	geometry	22	What is the smallest positive integer \( n \) such that the sum of the squares of its digits is a perfect cube and \( n \) is a multiple of 11?
342	0.777778	geometry	2\sqrt{5}	In the coordinate plane, let $P$ be the point $(a, b)$ where $a$ and $b$ are positive integers such that $a^2 + b^2 = 50$. Let $Q$ be the point $(c, d)$ where $c$ and $d$ are positive integers such that $c^2 + d^2 = 50$ and $c \neq a$, $d ...
343	0.500000	geometry	\frac{\pi}{4}	A circle with center \(O\) is inscribed in a square \(ABCD\), touching all four sides of the square at points \(P\), \(Q\), \(R\), and \(S\) respectively. If the area of the square is 100 square units and a point \(X\) is chosen randomly i...
344	0.333333	geometry	4	In a triangle \(ABC\) with \(AB = 13\), \(BC = 14\), and \(CA = 15\), let \(D\) be the point on \(BC\) such that \(BD = 5\) and \(DC = 9\). The incircle of triangle \(ABD\) touches \(BD\) at \(E\), and the incircle of triangle \(ACD\) touc...
345	0.333333	geometry	200	A square is inscribed in a circle with a radius of 10 units. Each corner of the square touches the circle. If a smaller square is inscribed in the same circle such that its corners touch the midpoints of the sides of the larger square, fin...
346	0.444444	number_theory	7	A sequence of positive integers is defined recursively by the following rules: $a_1 = 1$, $a_2 = 2$, and for $n \geq 3$, $a_n = 2a_{n-1} + 3a_{n-2}$. Find the remainder when the $2023^{\text{rd}}$ term of the sequence is divided by $10$.
347	0.625000	algebra	27.00	If a function $f(x)$ is defined as $f(x) = 2x^3 - 5x^2 + 7x - 3$ and we are interested in the interval $[1, 3]$, calculate the maximum value of the function $f(x)$ on this interval using calculus. Round your answer to two decimal places.
348	0.444444	number_theory	2	Find the smallest positive integer $n$ such that the polynomial $P(x) = x^n - 2x^{n-1} + 3x^{n-2} - \cdots + (-1)^{n+1}x - 1$ has exactly $n$ distinct real roots.
349	0.777778	number_theory	2	Find the smallest positive integer \( n \) such that \( 2^n + 1 \) is divisible by 5.
350	0.555556	algebra	0	Consider the function \(f(x) = x^3 - 3x + 1\). Let \(a\) and \(b\) be the roots of \(f(x)\) in the interval \([-2, 2]\). Find the value of \(\sqrt[3]{a} + \sqrt[3]{b}\).
351	0.444444	geometry	n - 2	An idempotent matrix \( A \) is defined as a square matrix that satisfies the equation \( A^2 = A \). Given an \( n \times n \) matrix \( A \) where \( A = I - 2 \mathbf{u} \mathbf{u}^T \) and \( \mathbf{u} \) is a unit vector in \( \mathb...
352	0.333333	geometry	\frac{1}{4}	In triangle \(ABC\), \(AB = 13\), \(BC = 14\), and \(CA = 15\). Point \(P\) is on side \(BC\) such that \(BP = 9\) and \(CP = 5\). Let \(D\) and \(E\) be the midpoints of \(AP\) and \(BC\), respectively. Compute the ratio of the area of tr...
353	0.428571	number_theory	9	A circular dartboard is divided into six equal sectors, each labeled with a different positive integer. If the sum of the integers in any three adjacent sectors is always 18, what is the largest possible integer that could be on one of the...
354	0.666667	algebra	4	Determine all functions \( f: \mathbb{R} \to \mathbb{R} \) that satisfy the functional equation \( f(x + y) + f(x - y) = 2f(x) + 2f(y) \) for all \( x, y \in \mathbb{R} \), and additionally, find the value of \( f(2) \) given that \( f(0) ...
355	0.444444	number_theory	0	Determine the number of ordered pairs of positive integers \((a, b)\) such that the equation \(ab = a^2 + b^2\) holds true and \(a, b \leq 100\).
356	0.333333	geometry	DM \perp EF	Let \( ABC \) be a triangle with \( AB = 13 \), \( BC = 14 \), and \( CA = 15 \). The incircle of \( \triangle ABC \) is tangent to \( BC \) at \( D \), to \( CA \) at \( E \), and to \( AB \) at \( F \). Let \( M \) be the midpoint of \( ...
357	0.750000	algebra	108	Let \( f(x) = x^3 - 3x + 1 \). Suppose \( a \), \( b \), and \( c \) are the roots of \( f(x) = 0 \). Find the value of \[ \left( a^2 + b^2 + c^2 \right) \left( a^4 + b^4 + c^4 \right). \]
358	0.444444	geometry	19	Consider a sequence of 10 positive integers \( a_1, a_2, \ldots, a_{10} \) such that \( a_1 = 1 \) and for all \( n \geq 2 \), \( a_n \) is the smallest positive integer such that the sum of the first \( n \) terms is a perfect square. Fin...
359	0.375000	geometry	P	Let $ABC$ be an acute triangle with $AB \neq AC$. Let $D$ be the foot of the altitude from $A$ to $BC$. Points $E$ and $F$ are on the sides $AB$ and $AC$ respectively such that $BE = CF$. Let $P$ be the intersection of $DF$ and $CE$, and l...
360	0.444444	number_theory	4	What is the smallest positive integer \( n \) such that the sum of the cubes of the first \( n \) positive integers is a multiple of 100?
361	0.777778	sequence	0	Consider the sequence defined by \(a_1 = 1\) and \(a_{n+1} = \frac{1}{2}a_n + \frac{1}{2n}\) for \(n \geq 1\). Determine whether this sequence converges, and if so, find its limit.
362	0.555556	geometry	1	Find the smallest positive integer \( n \) such that \( n^2 - 3n + 2 \) is a perfect square.
363	0.777778	number_theory	90	In a certain town, there are three types of coins: A, B, and C. The value of each type of coin is an integer, and it is known that 1 A coin is worth 3 B coins, and 2 B coins are worth 5 C coins. If a shopkeeper receives 12 A coins as payme...
364	0.500000	geometry	\dfrac{1}{2}	In a triangle \(ABC\), the lengths of the sides are given by \(AB = 13\), \(BC = 14\), and \(CA = 15\). Point \(D\) lies on \(BC\) such that \(BD = 7\) and \(DC = 7\). The angle bisector of \(\angle BAC\) intersects \(BC\) at point \(E\). ...
365	0.444444	combinatorics	3^{120} \times 2^{240}	In a magical forest, there are 120 mystical trees. Each tree can communicate with exactly 3 other trees. Every year, each tree sends a message to one of its connected trees. This year, the forest had a special rule: no tree can send a mess...
366	0.444444	number_theory	9,729	What is the smallest positive integer that is divisible by both 23 and 47, and whose sum of digits is also divisible by 9?
367	0.666667	geometry	8	In the complex plane, consider the curve defined by the equation $z^4 + 16 = 0$. Let $z_1, z_2, z_3, z_4$ be the four complex roots of this equation. Find the area of the quadrilateral formed by connecting the points corresponding to $z_1,...
368	0.333333	geometry	1	Let \(P(x, y)\) be a point in the plane such that the sum of the squares of its coordinates is equal to 1, i.e., \(x^2 + y^2 = 1\). If the line passing through \(P\) and the origin has a slope \(m\) that is also a rational number, and the ...
369	0.500000	number_theory	1012	Let \( P(x) \) be a polynomial with integer coefficients such that \( P(1) = 2023 \) and \( P(2023) = 1 \). Suppose that \( P(x) \) has no rational roots. Find the smallest possible value of \( P(1012) \).
370	0.777778	geometry	\frac{7}{36}	A fair six-sided die is rolled twice. What is the probability that the sum of the two rolls is a perfect square?
371	0.333333	number_theory	46491	In the sequence of positive integers, each term after the first two is the sum of the previous two terms. If the first two terms are 3 and 4, and the 20th term is 222, find the 24th term.
372	0.444444	number_theory	0	Let \( P(x) \) be a polynomial with integer coefficients such that \( P(1) = 2 \) and \( P(2) = 3 \). For how many integers \( n \) in the range \( 1 \leq n \leq 1000 \) is the expression \( P(n) - n \) a prime number?
373	0.333333	number_theory	0	Find the number of positive integers \( n \) less than 1000 such that \( 2^n + 2 \) divides \( n! \).
374	0.777778	number_theory	1	What is the smallest positive integer \( n \) such that \( 2^n + 1 \) is divisible by 3?
375	0.666667	number_theory	(2, 2)	Determine all prime numbers \( p \) and \( q \) such that \( p \mid q^2 + 4 \) and \( q \mid p^2 + 4 \).
376	0.444444	number_theory	2	Determine the number of pairs of positive integers \( (a, b) \) such that \( a^b = b^a \) and \( a \neq b \).
377	0.777778	geometry	2	In a coordinate plane, consider a triangle formed by the points (0,0), (a,0), and (a,b), where \(a\) and \(b\) are positive integers. A circle is inscribed within this triangle. Find the radius \(r\) of the inscribed circle in terms of \(a...
378	0.333333	geometry	\frac{1}{4}	In the complex plane, let $A$ be the point representing the complex number $1 + i$, and let $B$ be the point representing the complex number $-2 + 3i$. A complex number $C$ is chosen uniformly at random in the complex plane such that the d...
379	0.333333	geometry	10	In a peculiar game, a player starts at point \(A\) on a number line and moves to the right or left by a distance that is a perfect square. Each move must result in a new position that is a multiple of 3. If the player starts at \(A = 3\) a...
380	0.444444	combinatorics	44.721	A sequence of numbers \(a_1, a_2, a_3, \ldots\) is defined as follows: \(a_1 = 1\), and for \(n \geq 1\), \(a_{n+1} = a_n + \frac{1}{a_n}\). Find the value of \(a_{1000}\) expressed as a decimal rounded to the nearest thousandth.
381	0.666667	geometry	48	In the diagram, the small square has a side length of 4 units, and the large square has a side length of 8 units. The region inside the large square and outside the small square is shaded. What is the area of the shaded region?
382	0.666667	geometry	19	Given a sequence of positive integers \(a_1, a_2, a_3, \ldots, a_n\) such that the sum of the first \(k\) terms is a perfect square for all \(1 \leq k \leq n\), find the smallest possible value of \(a_n\) if \(n = 10\) and \(a_1 = 1\).
383	0.333333	geometry	1	Let \( S \) be a set of integers such that every integer \( n \in S \) satisfies the condition \( n^2 + 1 \) is a perfect square. Prove that \( S \) can contain at most one positive integer.
384	0.444444	number_theory	8	Let $S$ be the set of all $2 \times 2$ matrices with integer entries. Find the number of matrices $M \in S$ such that $M^2 = I$, where $I$ is the $2 \times 2$ identity matrix.
385	0.333333	geometry	99!	In a mystical forest, there are 100 magical trees arranged in a circle. Each tree is home to a unique type of enchanted bird. A young wizard must pass by each tree exactly once, feeding each bird a different type of magical seed. He starts...
386	0.444444	number_theory	100	A sequence of positive integers \(a_1, a_2, a_3, \ldots\) is defined such that \(a_1 = 1\) and for \(n \geq 2\), \(a_n\) is the smallest positive integer not occurring earlier in the sequence such that \(a_n\) is coprime with \(a_{n-1}\). ...
387	0.555556	geometry	7	In triangle \( ABC \), \( AB = 13 \), \( BC = 14 \), and \( CA = 15 \). A circle is inscribed in the triangle, touching \( AB \) at \( D \), \( BC \) at \( E \), and \( CA \) at \( F \). Find the length of the segment \( AD \).
388	0.625000	geometry	1, -\frac{1}{2} + i\frac{\sqrt{3}}{2}, -\frac{1}{2} - i\frac{\sqrt{3}}{2}	In the complex plane, let $z$ be a complex number such that $|z| = 1$ and $z^3 + \overline{z}^3 = 2$. Find all possible values of $z$.
389	0.333333	number_theory	11	A sequence of positive integers \(a_1, a_2, a_3, \ldots\) is defined by the recurrence relation \(a_{n+1} = a_n + 2^n\) for all \(n \geq 1\), with the initial term \(a_1 = 1\). What is the smallest positive integer \(k\) such that \(a_k\) ...
390	0.333333	geometry	-1, -2	Find all integers \( n \) such that \( n^2 + 3n + 2 \) is a perfect square.
391	0.375000	other	5	In a magical kingdom, there are three types of mystical creatures: dragons, unicorns, and phoenixes. Each dragon has 4 wings, each unicorn has 2 wings, and each phoenix has 1 wing. The kingdom holds an annual festival where these creatures...
392	0.777778	combinatorics	4	There are 12 balls in a bag: 4 red, 4 blue, and 4 green. If you draw balls one at a time without replacement, what is the minimum number of draws required to ensure that you have at least 2 balls of the same color?
393	0.444444	combinatorics	34440	Consider a sequence of numbers defined recursively by $a_1 = 1$ and $a_{n+1} = 3a_n + n$ for $n \geq 1$. Find the value of $a_{10}$.
394	0.571429	geometry	4 \sqrt[3]{4}	A right circular cone has a base radius of 6 units and a height of 8 units. A smaller, similar right circular cone is cut from the top of the larger cone so that the volume of the remaining frustum is exactly half the volume of the origina...
395	0.555556	number_theory	1	What is the smallest positive integer \( n \) such that the polynomial \( P(x) = x^3 - 6x^2 + 11x - 6 \) has exactly three distinct real roots, and each root is an integer?
396	0.333333	algebra	c	A function \(f(x)\) is defined for all real numbers \(x\) such that \(f(x) = f(x+1)\) and \(f(x) = f(x-1)\). If \(f(x)\) is a polynomial of degree 3, find the value of \(f(2.5)\).
397	0.555556	combinatorics	1	A fair six-sided die is rolled repeatedly until a six appears. Let \( P(n) \) be the probability that the number of rolls is exactly \( n \). Find the value of \( n \) for which \( P(n) \) is maximized.
398	0.777778	geometry	AR \parallel PQ	Let \( ABC \) be an acute triangle with circumcircle \( \Gamma \). Let \( M \) be the midpoint of \( BC \), and let \( P \) and \( Q \) be the feet of the altitudes from \( B \) and \( C \), respectively. Suppose that the line \( PQ \) int...
399	0.333333	algebra	-\frac{1}{2}	Find the value of \( x \) for which the expression \( \sqrt{x^2 + 4x + 16} - \sqrt{x^2 - 2x + 13} \) achieves its maximum value, and prove that this is indeed the maximum.
400	0.666667	geometry	4	A sequence of numbers is defined recursively as follows: \( a_1 = 1 \), and for all \( n \geq 2 \), \( a_n = a_{n-1} + \left\lfloor \sqrt{a_{n-1}} \right\rfloor \). Find the smallest positive integer \( k \) such that \( a_k \) is a perfec...
401	0.555556	geometry	1680	Let \(S\) be the set of all ordered triples of integers \((a, b, c)\) such that \(1 \leq a, b, c \leq 10\). Each triple in \(S\) represents a coordinate in a 3D space. We define a *special path* as a sequence of moves from one point in \(S...
402	0.555556	number_theory	52	What is the smallest positive integer \( n \) such that when \( n \) is divided by 3, the remainder is 1, when \( n \) is divided by 5, the remainder is 2, and when \( n \) is divided by 7, the remainder is 3?
403	0.333333	geometry	12.5	A circle is inscribed in a right triangle with legs of lengths 15 and 20. A point \( P \) is chosen on the hypotenuse such that it divides the hypotenuse into segments of lengths \( a \) and \( b \). If the area of the triangle formed by \...
404	0.666667	geometry	12	In triangle \(ABC\), the sides are given by \(a\), \(b\), and \(c\) respectively, with \(a < b < c\). The angle opposite to side \(a\) is \(30^\circ\) and the angle opposite to side \(b\) is \(60^\circ\). Given that the area of the triangl...
405	0.333333	combinatorics	45	In a magical kingdom, there are 100 wizards. Each wizard has a unique power level, ranging from 1 to 100, inclusive. The King has decided to challenge the wizards by organizing a tournament where each wizard can choose to either duel anoth...
406	0.333333	number_theory	\{1, 2\}	Find all positive integers \( n \) such that there exists a permutation \( (a_1, a_2, \ldots, a_n) \) of the numbers \( \{1, 2, \ldots, n\} \) such that for each \( i \) (with \( 1 \leq i \leq n \)), either \( a_i \mid (a_{i+1} + a_{i+2}) ...
407	0.333333	algebra	49	Let \( p(x) \) be a polynomial of degree 4 such that \( p(x) = x^2 \) for \( x = 1, 2, 3, 4 \). Find \( p(5) \).
408	0.333333	geometry	9	Consider the expression \( x^2 - 19x + 99 \). What is the smallest positive integer value of \( x \) for which this expression is a perfect square?
409	0.555556	number_theory	2023	A sequence of numbers \(a_1, a_2, a_3, \ldots\) is defined recursively by \(a_1 = 1\), \(a_2 = 2\), and for \(n \geq 3\), \(a_n\) is the smallest positive integer such that \(a_n\) is not a divisor of any of the previous terms \(a_1, a_2, ...
410	0.555556	geometry	1	What is the smallest positive integer \( n \) such that \( n^2 + 14n + 49 \) is a perfect square?
411	0.500000	other	\sqrt{58}	在平面直角坐标系xOy中，已知点A(2, 3)和点B(-1, -4)，求向量AB的坐标，并计算该向量的模长。
412	0.666667	number_theory	165	Find the sum of all two-digit positive integers whose digits multiply to 12.
413	0.444444	number_theory	7	What is the largest integer value of \( n \) such that \( n^2 - 14n + 48 \) is negative and \( n \) is a divisor of 72?
414	0.333333	geometry	176400	Find the smallest positive integer \( n \) such that \( n \) is divisible by every integer from 1 to 10 and \( n \) is also a perfect square.
415	0.333333	number_theory	7	What is the smallest positive integer \( n \) such that \( n^2 - 1 \) is divisible by 24 and \( n^3 - 1 \) is divisible by 27?
416	0.444444	geometry	5	In triangle ABC, angle BAC is a right angle, and the lengths of sides AB and AC are 6 and 8, respectively. A semicircle with diameter BC is drawn such that it is tangent to sides AB and AC. Find the radius of the semicircle.
417	0.333333	geometry	7	What is the smallest positive integer \( n \) such that the decimal representation of \( \frac{n}{7} \) consists entirely of the digit 1, i.e., \( \frac{n}{7} = 0.\overline{1}111\ldots \)?
418	0.777778	number_theory	4	The sequence \(a_n\) is defined by \(a_1 = 1\) and \(a_{n+1} = 2a_n + (-1)^n n\) for \(n \geq 1\). Find the smallest positive integer \(k\) such that \(a_k\) is divisible by 5.
419	0.555556	number_theory	305	Find the number of distinct prime factors of \( 2024! \).
420	0.666667	geometry	PQ \perp BC	Let \(ABC\) be an acute-angled triangle with circumcenter \(O\). Let \(D, E,\) and \(F\) be the midpoints of the sides \(BC, CA,\) and \(AB\) respectively. The circumcircles of triangles \(AFD\) and \(BEC\) intersect at \(P\) on the opposi...
421	0.444444	number_theory	5001	A sequence of numbers \(a_1, a_2, a_3, \ldots\) is defined recursively by \(a_1 = 1\) and \(a_{n+1} = a_n + \frac{1}{a_n}\) for all positive integers \(n\). Find the smallest positive integer \(k\) such that \(a_k > 100\).
422	0.777778	number_theory	20	Given a sequence of positive integers \(a_1, a_2, a_3, \ldots, a_n\) such that \(a_1 = 1\) and \(a_{k+1} = a_k + \left\lfloor \sqrt{a_k} \right\rfloor\) for \(k \geq 1\), find the value of \(a_{10}\).
423	0.625000	geometry	3	In the coordinate plane, let $P$ be a point with coordinates $(a, b)$, where $a$ and $b$ are positive integers. A line segment $\overline{PQ}$ is drawn from $P$ to a point $Q$ with coordinates $(2023, 0)$, such that $\overline{PQ}$ is perp...
424	0.444444	algebra	25	Let \( f(x) \) be a polynomial of degree 3 with real coefficients such that \( f(1) = 1 \), \( f(2) = 4 \), \( f(3) = 9 \), and \( f(4) = 16 \). Find the value of \( f(5) \).
425	0.333333	number_theory	1	Find all positive integers \( n \) such that the equation \( x^2 + y^2 = nz^3 \) has infinitely many solutions in positive integers \( x, y, z \).
426	0.777778	geometry	\frac{3\sqrt{3}}{2\pi}	A regular hexagon is inscribed in a circle of radius \( r \). If the side length of the hexagon is \( s \), express the ratio of the area of the hexagon to the area of the circle in terms of \( r \) and \( s \).
427	0.555556	number_theory	(1, 1, 1)	Find all integers \(x, y, z\) such that the following system of equations holds: \[ x^3 + 2y^3 + 4z^3 = 6xyz + 1 \] \[ x^2 + y^2 + z^2 = 3xy + 3yz + 3zx \]
428	0.777778	geometry	6	A right triangle has side lengths \(x\), \(x+1\), and \(x+2\). Find the area of the triangle if it is a right triangle.
429	0.444444	geometry	324	In the land of Mathemagica, there are magical numbers called "Perfect Squares" that have a unique property: the sum of the digits of each Perfect Square is also a Perfect Square. For example, 49 (which is 7^2) is a Perfect Square, and the ...
430	0.375000	logic_puzzle	0	In the enchanted forest, a magical tree grows apples that double in number every day. On the first day of the month, the tree had 1 apple. If a forest elf picks 10 apples on the fifth day, how many apples will the tree have at the end of t...
431	0.777778	geometry	10	Let \( ABC \) be a triangle with \( \angle BAC = 90^\circ \). A circle with diameter \( BC \) intersects \( AB \) and \( AC \) at points \( D \) and \( E \), respectively. If \( AD = 3 \), \( AE = 4 \), and the area of triangle \( ABC \) i...
432	0.333333	combinatorics	55	In a magical kingdom, there are 12 wizards who can each cast one of three types of spells: Fire, Water, or Air. Each wizard must choose one spell, and no two wizards can cast the same spell. On a particular day, a king declares that the to...
433	0.777778	geometry	3	Find all positive integers \( n \) such that \( n^3 - 7n + 3 \) is a perfect square.
434	0.555556	geometry	3	In a right-angled triangle $ABC$, where $\angle ACB = 90^\circ$, $AC = 8$ units, and $BC = 15$ units, a point $D$ is chosen on $AB$ such that $AD = DB$. If a circle is inscribed in triangle $ABC$, touching all three sides, find the radius ...
435	0.777778	combinatorics	\frac{25}{144}	A circular spinner is divided into three regions labeled \(A\), \(B\), and \(C\). The probability of the spinner landing on region \(A\) is \(\frac{1}{3}\), and the probability of landing on region \(B\) is \(\frac{1}{4}\). If the spinner ...
436	0.666667	number_theory	2	A function \( f \) is defined on the positive integers as follows: \( f(1) = 1 \) and for \( n > 1 \), \( f(n) = n - f(f(n-1)) \). Find the smallest positive integer \( k \) such that \( f(k) = 1 \).
437	0.500000	algebra	143	<problem>Find the sum of the first 10 terms of the sequence defined by $x_1 = 1$, $x_2 = 1$, and $x_n = x_{n-1} + x_{n-2}$ for $n \ge 3$.{/problem} <a>34</a> <b>55</b> <c>89</c> <d>144</d> <e>233</e>
438	0.555556	algebra	50	Let \( f(x) \) be a polynomial of degree 4 with real coefficients such that \( f(x) = x^4 + ax^3 + bx^2 + cx + d \). Given that \( f(1) = 10 \), \( f(2) = 20 \), \( f(3) = 30 \), and \( f(4) = 40 \), find the value of \( f(5) \).
439	0.333333	geometry	\frac{\sqrt{3}}{4}	A regular hexagon ABCDEF has side length 1. Points G, H, and I are the midpoints of sides AB, CD, and EF, respectively. The hexagon is divided into six equal triangles by drawing segments from each vertex to the midpoint of the opposite si...
440	0.333333	number_theory	6	Find all positive integers \( n \) such that the equation \[ \frac{1}{x} + \frac{1}{y} = \frac{1}{n} \] has exactly three distinct solutions in positive integers \( (x, y) \) where \( x \neq y \).
441	0.333333	geometry	4	In the complex plane, consider the unit circle centered at the origin. Let \(z_1, z_2, \dots, z_n\) be \(n\) distinct points on the unit circle such that the product of any two of these points is a real number. If \(n\) is a positive integ...
442	0.333333	geometry	\frac{5000}{9}	A farmer has a rectangular field with a perimeter of 100 meters. If the length is twice the width, find the maximum area that can be enclosed by the field.
443	0.777778	geometry	12	A circle with center \( O \) and radius \( r \) is inscribed in an equilateral triangle \( ABC \). If the area of the triangle is \( 36 \sqrt{3} \) square units and the radius of the inscribed circle is 3 units, find the length of the side...
444	0.333333	number_theory	101	A sequence of positive integers \( a_1, a_2, a_3, \ldots, a_n \) is defined such that \( a_1 = 1 \) and for \( n \geq 2 \), \( a_n \) is the smallest positive integer such that \( a_n \) is not a divisor of \( a_{n-1} \) and \( a_n \neq 1 ...
445	0.666667	algebra	d = -a - b - c	Given a function \( f: \mathbb{R} \to \mathbb{R} \) defined by \( f(x) = ax^3 + bx^2 + cx + d \) where \( a, b, c, \) and \( d \) are real numbers, find the condition on \( a, b, c, \) and \( d \) such that \( f(x) \) is an increasing func...
446	0.625000	algebra	f(x) = cx	Let \( f: \mathbb{R} \to \mathbb{R} \) be a continuous function such that \( f(x + y) = f(x) + f(y) \) for all \( x, y \in \mathbb{R} \). Prove that \( f(x) = cx \) for some constant \( c \).
447	0.555556	geometry	70	Let \( ABCD \) be a convex quadrilateral with sides \( AB \), \( BC \), \( CD \), and \( DA \). Suppose that the diagonals \( AC \) and \( BD \) intersect at point \( E \) such that \( AE = EC \) and \( BE = ED \). If the area of \( \trian...
448	0.777778	geometry	25\pi	A square and a circle share the same center. The side of the square is equal to the diameter of the circle. If the area of the square is 100 square units, what is the area of the circle? Express your answer in terms of $\pi$.
449	0.666667	geometry	4	A right circular cone has a base radius of 6 units and a height of 8 units. A smaller cone, similar to the original, is inscribed within the original cone such that its vertex is at the top of the original cone and its base is parallel to ...
450	0.666667	algebra	8	Problem: Let \( f(x) = x^2 + ax + b \) be a quadratic polynomial with real coefficients. If \( f(1) = 0 \) and \( f(2) = 3 \), find the value of \( f(3) \).
451	0.375000	number_theory	2	What is the smallest positive integer \( n \) such that the number \( 2^n \) can be expressed as the sum of two positive integers, neither of which is divisible by 4? Furthermore, what is the sum of these two integers?
452	0.444444	algebra	\frac{6100}{3}	Given the polynomial \( P(x) = x^3 + ax^2 + bx + c \) with real coefficients, it is known that \( P(1) = 2023 \), \( P(2) = 2024 \), and \( P(-1) = 2022 \). Find the value of \( P(3) \).
453	0.777778	algebra	36	Let \( f(x) \) be a polynomial of degree 4 such that \( f(1) = 1 \), \( f(2) = 4 \), \( f(3) = 9 \), \( f(4) = 16 \), and \( f(5) = 25 \). Determine \( f(6) \).
454	0.333333	geometry	V = \frac{1}{3}	In a three-dimensional Cartesian coordinate system, let \( P \) be the point \( (0,0,1) \), \( Q \) be the point \( (1,1,2) \), \( R \) be the point \( (2,0,1) \), and \( S \) be the point \( (2,2,2) \). Determine the volume of the tetrahe...
455	0.333333	geometry	182	Find the smallest positive integer \( n \) such that the product of the digits of \( n \) is a perfect square and \( n \) itself is the product of two consecutive positive integers.
456	0.444444	geometry	72	A circle is inscribed in a square, and a square is inscribed in this circle. If the area of the larger square is 144 square units, what is the area of the smaller square?
457	0.666667	combinatorics	35	In a unique sequence of numbers, each term is derived by adding the previous two terms, with the first term being 1 and the second term being 2. However, for every third term, an additional 2 is subtracted before adding the previous two te...
458	0.777778	geometry	260	A rectangular garden is divided into four smaller rectangles by two straight paths, one horizontal and one vertical. The paths are 2 feet wide and run the entire length of the garden. If the total area of the garden (including the paths) i...
459	0.666667	algebra	37	Let \( f(x) \) be a polynomial of degree 4 such that \( f(1) = 2 \), \( f(2) = 5 \), \( f(3) = 10 \), \( f(4) = 17 \), and \( f(5) = 26 \). Determine the value of \( f(6) \).
460	0.444444	combinatorics	1,058,400	Find the number of ways to arrange the letters in the word "MATHEMATICS" such that no two vowels are adjacent. The word "MATHEMATICS" contains 11 letters, with the vowels being A, A, E, I.
461	0.777778	algebra	58	A function \( f \) is defined on the set of real numbers such that for all real numbers \( x \) and \( y \), \[ f(x + y) = f(x) \cdot f(y) + xy. \] Given that \( f(1) = 2 \), determine the value of \( f(5) \).
462	0.500000	geometry	100\sqrt{3}	A rectangle is inscribed in a circle of radius 10. If the diagonal of the rectangle is twice the length of one of its sides, find the area of the rectangle.
463	0.500000	geometry	16	A triangle \(ABC\) has vertices at coordinates \(A(0,0)\), \(B(8,0)\), and \(C(4,6)\). A line through point \(C\) intersects \(AB\) at point \(D\) such that \(AD:DB = 2:1\). Calculate the area of the quadrilateral \(ACD\). Find the area of...
464	0.555556	number_theory	0	What is the number of ordered pairs of positive integers $(x, y)$ that satisfy the equation $x^2 - y^2 = 2023$ and $x < y$?
465	0.555556	number_theory	1	Let \( f(x) = x^2 + 2x + 1 \). Find the number of integer pairs \((a, b)\) such that \( f(a) = f(b) \) and \( a + b = 10 \).
466	0.666667	geometry	\frac{1}{2}	A circle is inscribed in a square of side length 2, and a smaller square is inscribed in this circle. Find the ratio of the area of the smaller square to the area of the larger square, expressed as a common fraction in lowest terms.
467	0.500000	geometry	0.25	In a circular dartboard with radius 1, a dart is thrown randomly. Let A be the event that the dart lands closer to the center of the dartboard than to the edge. What is the probability of A occurring?
468	0.500000	combinatorics	\dfrac{3}{16}	In a game, a player flips a fair coin repeatedly until either heads appears three times or tails appears three times. What is the probability that the game ends after exactly five flips?
469	0.444444	number_theory	1002	There exists a unique function \( f: \mathbb{N} \rightarrow \mathbb{N} \) satisfying the following property for all positive integers \( n \): \[ f(n) = n - f(f(n-1)) \] and \( f(1) = 1 \). Determine \( f(2003) \).
470	0.428571	combinatorics	35	How many different ways can 6 identical red balls and 4 identical blue balls be arranged in a row such that no two blue balls are adjacent?
471	0.375000	number_theory	975	Let $a$ and $b$ be positive integers such that $a+b=1000$ and $\gcd(a, b) = 25$. Find the minimum possible value of $\lcm(a, b)$.
472	0.666667	combinatorics	19600	How many ways can 10 books be selected from a set of 20 different books, consisting of 8 math books, 7 science books, and 5 history books, so that there are 3 math books, 4 science books, and 3 history books?
473	0.444444	number_theory	2	Let \( S \) be the set of all positive integers \( n \) such that \( n \) divides \( 2^n + 1 \). Determine the largest integer \( k \) for which there exists a sequence of distinct positive integers \( n_1, n_2, \ldots, n_k \) in \( S \) s...
474	0.625000	number_theory	(6, 5)	Find all pairs of positive integers \( (x, y) \) such that \( x^3 - y^3 = xy + 61 \).
475	0.500000	algebra	|f(x)| \leq |x|	Let \( f: \mathbb{R} \to \mathbb{R} \) be a continuous function satisfying the following property: for all \( x, y \in \mathbb{R} \), if \( x^2 + y^2 \leq 1 \), then \( |f(x) - f(y)| \leq |x - y| \). Prove that for all \( x \in \mathbb{R} ...
476	0.555556	number_theory	9	Let $S_n$ be the sum of the first $n$ terms of the sequence defined by $a_n = \frac{1}{n^2 + n}$. Prove that for any positive integer $n$, $S_n$ can be expressed as a difference of two simple fractions whose numerators are integers and den...
477	0.777778	geometry	9.8	In the triangle \(ABC\), \(D\) is a point on \(BC\) such that \(AD\) is the angle bisector of \(\angle BAC\). If \(AB = 10\), \(AC = 14\), and \(BD = 7\), find the length of \(DC\).
478	0.333333	combinatorics	96	How many ways can you color the vertices of a regular hexagon with 3 colors such that no two adjacent vertices have the same color?
479	0.666667	combinatorics	84	In a group of 15 people, each person can shake hands with any other person exactly once. If the probability that any two people shake hands is 0.8, what is the expected number of handshakes in the group?
480	0.444444	combinatorics	256	In a sequence of numbers, each term after the first is equal to the sum of all the preceding terms. Given that the first term is 1 and the seventh term is 128, what is the tenth term of the sequence?
481	0.333333	other	2	在一个圆桌旁有10个人，每个人手中拿着一枚硬币。如果每个人可以观察到与自己相邻的两个人手中的硬币面值，那么在圆桌旋转一圈后，至少有几个人手中的硬币面值相同？假设每个人手中的硬币面值为正面或反面，且所有硬币初始状态随机。
482	0.333333	number_theory	99	Find all integers \( n \) for which the polynomial \( P(x) = x^3 - 3nx^2 + 3n^2x - n^3 \) has integer roots, and determine the number of such integers \( n \) that are less than 100.
483	0.777778	geometry	x^2 + y^2 = R^2	A rectangle is inscribed in a circle of radius \( R \). The length of one side of the rectangle is \( 2x \) and the length of the other side is \( 2y \). Given that the diagonal of the rectangle is equal to the diameter of the circle, find...
484	0.750000	geometry	4	In the complex plane, the point $A$ represents the complex number $z = 2 + 3i$. A point $B$ is chosen such that it lies on the circle centered at the origin with radius 5. If the midpoint of the segment $AB$ is at the point $C(1 + 2i)$, fi...
485	0.777778	geometry	120 - 16\pi	A circle with radius \( r \) is inscribed in a right triangle with legs of lengths 10 and 24. Find the radius \( r \) of the inscribed circle and determine the area of the triangle not covered by the circle.
486	0.444444	geometry	0	In the coordinate plane, consider the point \( P \) with coordinates \( (x, y) \) such that \( x \) and \( y \) are positive integers. Define the distance function \( d(P) \) as the sum of the squares of the coordinates of \( P \), i.e., \...
487	0.666667	number_theory	1	Find all positive integers \( n \) such that the equation \[ n^2 + 1 = 2^k \] has exactly one solution for some integer \( k \).
488	0.555556	geometry	608	A positive integer is considered square-free if it is not divisible by any perfect square greater than 1. For instance, 10 is square-free because it is not divisible by any perfect square (other than 1), but 18 is not square-free because i...
489	0.333333	geometry	84	Given a convex quadrilateral \(ABCD\) with \(AB = 5\), \(BC = 12\), \(CD = 13\), and \(DA = 14\), and the diagonals \(AC\) and \(BD\) intersect at point \(E\) such that the ratio \(AE:EC = 2:1\) and \(BE:ED = 3:1\). Find the area of quadri...
490	0.333333	geometry	2	In the land of Puzzlia, the wise mathematician, Professor Numble, has devised a game to challenge the young minds of the kingdom. The game board is an infinite grid of squares, with each square numbered according to its row and column, sta...
491	0.555556	number_theory	2	Find all positive integers \( n \) such that \( n^2 + 1 \) divides \( 3n + 4 \).
492	0.333333	number_theory	2499	What is the smallest positive integer \( n \) such that \( \sqrt{n} + \sqrt{n + 1} < 100 \)?
493	0.777778	number_theory	3	Find all prime numbers \( p \) such that \( p^2 + 11 \) has exactly six distinct positive divisors.
494	0.555556	number_theory	12	What is the smallest positive integer \( n \) such that the number of divisors of \( n^2 \) is exactly 15?
495	0.500000	logic_puzzle	48	In a magical forest, there are three types of trees: Apple, Banana, and Cherry trees. Each day, each type of tree grows by a certain number of fruits. An Apple tree grows 2 more fruits than the previous day, a Banana tree grows 3 more frui...
496	0.555556	geometry	1	Consider the sequence defined by \( a_1 = 1 \) and \( a_{n+1} = a_n^2 + 2a_n + 1 \) for \( n \geq 1 \). Find the smallest positive integer \( k \) such that \( a_k \) is a perfect square.
497	0.444444	geometry	m_a \cdot m_b \leq \frac{2}{3} \sqrt{abc}	Let \( ABC \) be a triangle with side lengths \( AB = c, BC = a, \) and \( CA = b \). The medians of the triangle intersect at the centroid \( G \). The medians divide the triangle into six smaller triangles of equal area. If the length of...
498	0.444444	combinatorics	1	In a certain kingdom, the royal family has a peculiar tradition: every year, they plant a tree. Each tree is either an apple tree, a pear tree, or an orange tree. A new law states that no two consecutive years should have the same type of ...
499	0.777778	logic_puzzle	25	In a peculiar town, there are four main streets: Maple, Oak, Pine, and Elm. Each street has a different number of houses, and the total number of houses is 100. The number of houses on Pine Street is twice the number of houses on Elm Stree...
500	0.333333	geometry	0.5	Let \( ABC \) be a triangle with \( AB = 13 \), \( BC = 14 \), and \( CA = 15 \). Let \( D \) be a point on side \( BC \) such that \( AD \) is the angle bisector of \( \angle BAC \). Let \( E \) be the point where the incircle of \( \tria...
501	0.777778	number_theory	0	Find the number of ordered pairs of integers $(x, y)$ such that $x^2 + y^2 = 2023$.
502	0.777778	geometry	2	A sequence of numbers is generated such that the first term is 1, and each subsequent term is the sum of the squares of the digits of the previous term. For instance, the second term is 1^2 = 1, the third term is 1^2 = 1, and so on. Howeve...
503	0.333333	geometry	2	In the Cartesian coordinate system, a point \( P \) moves from the origin \( O \) to the point \( (a, b) \) in a straight line. The path is divided into \( n \) equal segments. At each segment endpoint (excluding \( O \) and \( (a, b) \)),...
504	0.444444	geometry	\frac{1}{2}	A circle with radius 10 units is inscribed in a square, then a smaller square is inscribed in this circle such that each vertex of the smaller square touches the circle. A point is randomly chosen inside the larger square. What is the prob...
505	0.555556	geometry	2023	What is the minimum number of unit squares needed to create a convex polygon with an area of 2023 square units, where each unit square must touch at least one other unit square along an entire side?
506	0.666667	number_theory	443	A sequence of positive integers \( a_1, a_2, a_3, \ldots, a_n \) is defined recursively as follows: \[ a_1 = 2 \] \[ a_{n+1} = a_n^2 - a_n + 1 \] for \( n \geq 1 \). Find the remainder when \( a_{10} \) is divided by 1000.
507	0.555556	geometry	10	Consider a sequence of numbers where each term is the sum of the squares of the digits of the previous term, starting with a two-digit number \( N \). For example, if \( N = 23 \), the sequence starts as \( 23, 13, 10, 1, 1, \ldots \). Fin...
508	0.333333	number_theory	2	What is the smallest positive integer $n$ such that the polynomial $P(x) = x^4 - 4x^3 + 6x^2 - 4x + 1$ has at least one real root with multiplicity greater than 1?
509	0.777778	algebra	0	Let \( p(x) = x^3 - 3x + 1 \). Find the sum of all real solutions to the equation \( p(p(x)) = 0 \).
510	0.666667	number_theory	4	What is the minimum number of weights needed to measure any integer weight from 1 to 40 pounds, using a balance scale? Each weight can be placed on either side of the scale.
511	0.555556	geometry	180\sqrt{3}	A regular hexagon and an equilateral triangle share a side. If the side of the hexagon is $12$ units, find the area of the shaded region that lies outside the equilateral triangle but inside the hexagon.
512	0.666667	algebra	a = 0, b = -7, c = 6	Let \( P(x) = x^3 + ax^2 + bx + c \) be a cubic polynomial with real coefficients. It is known that \( P(1) = 0 \), \( P(2) = 0 \), and \( P(-3) = 0 \). Find the values of \( a \), \( b \), and \( c \).
513	0.666667	geometry	\sqrt{6}	In a circle of radius \( r \), a regular hexagon is inscribed. If the area of the hexagon is \( 9\sqrt{3} \), find the value of \( r \).
514	0.333333	algebra	99	In a small town, there are 100 houses numbered from 1 to 100. Each house owner has a unique number of pets, ranging from 0 to 100. The total number of pets in the town is exactly 5050. If the sum of the house numbers of the houses with an ...
515	0.555556	number_theory	195	Find the smallest positive integer \( n \) such that \( n \) is a multiple of \( 15 \) and the sum of its digits is equal to \( 15 \).
516	0.555556	geometry	0	Consider a function $f : \mathbb{N} \to \mathbb{N}$ defined by $f(n) = n^2 + n + 1$. Find the number of positive integers $n \leq 1000$ such that $f(n)$ is a perfect square.
517	0.666667	number_theory	2023	A sequence of positive integers \(a_1, a_2, a_3, \ldots, a_n\) is defined as follows: \(a_1 = 1\), \(a_2 = 2\), and for \(n \geq 3\), \(a_n\) is the smallest positive integer not among \(a_1, a_2, \ldots, a_{n-1}\) such that \(a_n\) is rel...
518	0.750000	geometry	\angle APQ = \angle AQP	Let $ABC$ be a triangle with circumcircle $\omega$. Let $D$ be a point on the arc $BC$ not containing $A$ in $\omega$. The tangents to $\omega$ at $B$ and $D$ intersect at $E$. If $P$ and $Q$ are the feet of the perpendiculars from $A$ to ...
519	0.444444	geometry	1	A circle is inscribed in a square with side length 2. Points A, B, and C are the midpoints of three consecutive sides of the square, starting from the top left corner. What is the area of the triangle formed by connecting points A, B, and ...
520	0.777778	other	0	In a magical kingdom, there are three types of coins: gold, silver, and bronze. A gold coin is worth 7 silver coins, and a silver coin is worth 11 bronze coins. A wizard needs to purchase a potion that costs 385 bronze coins. He has 5 gold...
521	0.333333	number_theory	3	What is the smallest positive integer \( n \) such that the polynomial \( x^n + x + 1 \) has exactly three distinct real roots?
522	0.555556	geometry	2, 3	Find all positive integers \( n \) such that \( n^2 - 5n + 6 \) is a perfect square.
523	0.444444	geometry	4	In the coordinate plane, consider the points $A(0,0)$, $B(4,0)$, and $C(0,3)$. Let $D$ be a point on segment $BC$ such that $BD:DC = 2:1$. Line $AD$ is extended to meet the x-axis at point $E$. Find the length of segment $BE$.
524	0.444444	geometry	0	In the complex plane, let $A$, $B$, and $C$ be the vertices of an equilateral triangle with side length $4$. Let $D$ be the point on the real axis such that $AD$ is perpendicular to $AB$. If $z$ is a complex number such that $z^2 + 16$ has...
525	0.500000	combinatorics	0.242	There are 5 red balls, 3 blue balls, and 4 green balls in a bag. If you randomly draw 4 balls without replacement, what is the probability that you will draw exactly 2 red balls, 1 blue ball, and 1 green ball? (Round your answer to the nea...
526	0.444444	number_theory	101	In the sequence of positive integers, each term after the first is defined as the smallest prime number greater than the previous term, but only if that prime is not already in the sequence. If the sequence starts with 1 and continues unti...
527	0.555556	number_theory	70	A sequence of numbers is defined recursively as follows: \(a_1 = 1\) and for all \(n \geq 2\), \(a_n = a_{n-1} + n^2\). What is the remainder when \(a_{20}\) is divided by 100?
528	0.333333	other	10	在一个笼子里，有鸡和兔子共 \( 36 \) 只，共有脚 \( 92 \) 只。求笼子里有多少只鸡，多少只兔子？
529	0.555556	number_theory	11	Let \( S \) be the set of all natural numbers \( n \) such that there exists a positive integer \( k \) for which \( n \) divides \( k^k - 1 \). Determine the smallest element of \( S \) that is greater than 10.
530	0.777778	number_theory	(1, 1)	Find all pairs of positive integers $(a, b)$ such that $a^2 + b^2 = a^3b + ab^3$.
531	0.444444	logic_puzzle	24	In the land of Mathoria, a magical garden grows enchanted flowers that multiply in a peculiar way. Each day, every flower doubles its number. On the first day of spring, there were 3 flowers. On the second day, there were 6 flowers, and so...
532	0.555556	geometry	400 - 106.25\pi	A circle with radius 10 is inscribed in a square. A smaller circle is inscribed in one of the right triangles formed by the square and the larger circle. If the radius of the smaller circle is one-quarter of the radius of the larger circle...
533	0.555556	geometry	7	In the plane, a set of points is given such that every three points form a triangle with an area of at least 1. What is the maximum number of points that can be placed in the plane such that the distance between any two points is at least ...
534	0.333333	other	\frac{4^{1012} - 1}{3}	在一个无限的数列中，数列的第一项为1，从第二项开始，每一项都是其前一项的两倍。现在我们考虑所有位于数列前2023个数之中的奇数项。请问这些奇数项的和是多少？
535	0.375000	geometry	37182145	What is the smallest positive integer $n$ such that the sum of the first $n$ prime numbers is a perfect square, and $n$ is a multiple of 5, and $n$ is a multiple of 7, and $n$ is a multiple of 11, and $n$ is a multiple of 13, and $n$ is a ...
536	0.555556	geometry	3	Find the smallest positive integer \( n \) such that the product of the first \( n \) terms of the sequence defined by \( a_k = k^2 + 1 \) is a perfect square.
537	0.333333	number_theory	4	What is the smallest positive integer $n$ such that the expression $\frac{n^2 - 3n + 2}{n - 1}$ is an integer and the sum of its digits is a prime number?
538	0.333333	algebra	3	Find all real numbers \( x \) such that the equation \( \log_{10}(x^2 - 3x + 2) = \log_{10}(x - 1) + \log_{10}(x - 2) \) holds. Provide the sum of all such \( x \).
539	0.777778	geometry	\frac{1}{4}	A circular dartboard has a radius of 10 inches. If a dart lands randomly within the dartboard, what is the probability that the distance from the dart to the center of the board is less than 5 inches? Express your answer as a common fracti...
540	0.428571	other	\frac{49}{3}	一个数的1/3加上它本身等于3。这个数的15%是17/15。如果一个数乘以它的3/7等于7，那么这个数是7/3。
541	0.555556	algebra	2026	Let \( P(x) = x^4 + ax^3 + bx^2 + cx + d \) be a polynomial with real coefficients. Suppose that \( P(1) = 2023 \), \( P(2) = 2024 \), and \( P(3) = 2025 \). Determine the value of \( P(4) \).
542	0.333333	number_theory	6	What is the smallest positive integer \( n \) such that the polynomial \( P(x) = x^n + x^{n-1} + \cdots + x + 1 \) is divisible by both \( x^2 + x + 1 \) and \( x^3 - 1 \)?
543	0.500000	geometry	243	In a quadrilateral \( ABCD \), the diagonals \( AC \) and \( BD \) intersect at point \( O \). Given that \( AO = 6 \), \( BO = 9 \), \( CO = 12 \), and \( DO = 18 \), find the area of quadrilateral \( ABCD \).
544	0.444444	geometry	\frac{R^2}{2r^2}	A right circular cone with base radius \(R\) and height \(H\) is inscribed in a sphere of radius \(r\). If the cone's apex is at the center of the sphere, find the ratio of the volume of the cone to the volume of the sphere in terms of \(R...
545	0.777778	number_theory	0	Find the number of ordered pairs \((a, b)\) of positive integers such that \(a\) and \(b\) satisfy the equation \(a^2 + b^2 = 2ab + 3\).
546	0.555556	geometry	525	\nA rectangular garden is surrounded by a fence. The length of the garden is 5 meters more than twice its width. If the perimeter of the garden is 100 meters, what is the area of the garden in square meters?\n
547	0.666667	number_theory	9901	A function f is defined on the set of positive integers and satisfies the following properties: 1. f(1) = 1 2. For all positive integers n, f(n + 1) = f(n) + 2n Find the value of f(100).
548	0.333333	geometry	18	Let \( f(n) \) be the function defined by \( f(n) = n^3 - 3n^2 + 3n - 1 \). Find the sum of all positive integers \( n \) such that \( f(n) \) is a perfect square.
549	0.444444	number_theory	541	A sequence of positive integers \(a_1, a_2, a_3, \ldots\) is defined recursively by \(a_1 = 2\), and for \(n \geq 2\), \(a_n\) is the smallest integer greater than \(a_{n-1}\) such that no term \(a_k\) (for \(1 \leq k < n\)) divides \(a_n\...
550	0.666667	algebra	1	Let \( a, b, \) and \( c \) be positive real numbers satisfying \( abc = 1 \). Prove that: \[ \frac{a^3}{a^2 + b^2 + c^2} + \frac{b^3}{a^2 + b^2 + c^2} + \frac{c^3}{a^2 + b^2 + c^2} \geq 1. \]
551	0.375000	geometry	\frac{38}{3}	Find the area of the region enclosed by the curves \( y = x^2 - 4 \) and \( y = 2x - x^2 \), where \( x \) ranges from -1 to 3. Evaluate the integral of the absolute value of the difference of the two functions over this interval.
552	0.444444	number_theory	2023	A sequence of positive integers \(a_1, a_2, a_3, \ldots\) is defined by \(a_1 = 1\), \(a_2 = 2\), and for \(n \geq 3\), \(a_n\) is the smallest integer greater than \(a_{n-1}\) that is not in the set \(\{a_1 + a_2 + \ldots + a_{n-1}, a_1 \...
553	0.555556	number_theory	0	How many distinct four-digit numbers can be formed using the digits 1, 2, 3, and 4 without repetition, such that the number is divisible by 3?
554	0.444444	number_theory	100	A sequence of positive integers \(a_1, a_2, a_3, \ldots\) is defined recursively as follows: - \(a_1 = 1\) - For \(n \geq 2\), \(a_n\) is the smallest positive integer that does not divide \(a_1 \cdot a_2 \cdot \ldots \cdot a_{n-1}\). Find...
555	0.444444	geometry	8	Let \(ABC\) be a triangle with circumcircle \(\omega\). Let \(D\) be a point on side \(BC\) such that \(BD = CD\). The angle bisector of \(\angle BAC\) intersects \(\omega\) again at point \(P\). The line \(DP\) intersects the circumcircle...
556	0.333333	combinatorics	4	There is a game played with $n$ stones, where the player to move must remove at least one stone and at most twice as many as the previous player removed. First player starts. What is the smallest number of stones $n$ such that the second p...
557	0.555556	geometry	5	In a triangle \( ABC \), let \( D \) be a point on side \( BC \) such that \( BD = 2DC \). Let \( E \) be the intersection point of the line \( AD \) with the circumcircle of \( ABC \). If \( \angle BAC = 60^\circ \) and \( AB = 5 \), find...
558	0.666667	number_theory	4	A sequence of numbers \(a_1, a_2, a_3, \ldots, a_{10}\) is defined such that \(a_1 = 1\), and for all \(n \geq 1\), \(a_{n+1} = a_n + \frac{1}{a_n}\). Find the integer part of \(a_{10}\).
559	0.333333	geometry	30	A square ABCD has a side length of 10 units. Point P lies inside the square such that the distances from P to sides AB and CD are 3 units and 4 units, respectively. Find the area of triangle PCD.
560	0.333333	number_theory	1, 3	** Find all positive integers \( n \) such that the equation \( x^2 + y^2 + z^2 = n \cdot xy \cdot z \) has integer solutions.
561	0.666667	other	\frac{3}{5}	在一个圆形的果盘中，有12个苹果和8个橙子。如果随机取出一个水果，它不是橙子的概率是多少？
562	0.333333	number_theory	2	If a function \(f(x)\) is defined such that \(f(x + y) = f(x) + f(y)\) for all real numbers \(x\) and \(y\), and \(f(1) = 2\), find the value of \(f(3) + f(4)\). Prove that if \(f(0) = c\) and \(f(x + y) = f(x) + f(y)\) for all real number...
563	0.333333	geometry	8	In the land of Mathville, there are two types of coins: square coins with a side length of 1 unit and circular coins with a diameter of 1 unit. Alice and Bob play a game where they take turns placing these coins on a large, flat, square su...
564	0.333333	algebra	3	Let \( f(x) = x^3 - 3x + 2 \). Determine the number of distinct real roots of the equation \( f(f(x)) = 0 \).
565	0.333333	number_theory	74	A polynomial \( P(x) \) of degree 4 with integer coefficients is given by \( P(x) = x^4 + ax^3 + bx^2 + cx + d \). It is known that \( P(1) = 10 \), \( P(2) = 20 \), \( P(3) = 30 \), and \( P(4) = 40 \). Determine the value of \( P(5) \).
566	0.777778	geometry	50\pi	A circle with radius 5 units is inscribed in a square, which is then inscribed in a larger circle. What is the area of the larger circle? Express your answer in terms of \(\pi\).
567	0.777778	number_theory	1	Find all positive integers \( n \) such that \( n^4 + 4^n \) is prime.
568	0.333333	number_theory	0	Two positive integers \(a\) and \(b\) are chosen such that their greatest common divisor is 1. Let \(c\) be the smallest positive integer that can be written as \(ac + bd\) for some integers \(c\) and \(d\). Find the number of ordered pair...
569	0.555556	algebra	x \geq -2	Find all real numbers \( x \) such that \( \sqrt{x^2 + 4x + 4} = x + 2 \).
570	0.444444	number_theory	144	What is the smallest positive integer \( n \) such that \( n \) has exactly 15 positive divisors and none of the divisors are divisible by 5?
571	0.555556	geometry	2r	In the coordinate plane, a circle with radius \( r \) is centered at the origin \( O(0,0) \). A line \( L \) passes through the origin and makes an angle \( \theta \) with the positive x-axis. If the line intersects the circle at two point...
572	0.555556	geometry	90^\circ	Let \( ABC \) be a triangle with \( AB = AC \). Point \( D \) lies on the extension of \( BC \) beyond \( C \) such that \( CD = BC \). Point \( E \) lies on the extension of \( AB \) beyond \( B \) such that \( BE = AB \). Let \( F \) be ...
573	0.777778	geometry	\frac{35\sqrt{6}}{24}	Given a triangle \( ABC \) with sides \( AB = 5 \), \( BC = 6 \), and \( CA = 7 \), find the radius of the circumcircle of triangle \( ABC \).
574	0.333333	geometry	9	A sequence of positive integers \(a_1, a_2, a_3, \ldots, a_n\) is defined recursively as follows: \(a_1 = 1\) and for \(n \geq 2\), \(a_n = a_{n-1} + \lfloor \sqrt{a_{n-1}} \rfloor\). Find the smallest \(n\) such that \(a_n\) is a perfect ...
575	0.666667	geometry	4	Consider the sequence \(a_n\) defined by \(a_1 = 1\) and for \(n \geq 2\), \[a_n = a_{n-1} + \left\lfloor \sqrt{a_{n-1}} \right\rfloor.\] Find the smallest positive integer \(k\) such that \(a_k\) is a perfect square.
576	0.333333	combinatorics	2	Consider a sequence of numbers \(a_1, a_2, \ldots, a_n\) where each number is either 1 or -1. The sequence has the property that the sum of any consecutive subsequence (starting from any \(a_i\) and ending at \(a_j\) where \(i \leq j\)) is...
577	0.666667	geometry	1	A sequence of numbers starts with 1 and each subsequent number is the sum of the squares of the digits of the previous number. For example, the first few numbers in the sequence are 1, 1, 1, 1, 1, ... and so on. What is the 20th number in ...
578	0.333333	number_theory	0	Find the sum of all positive integers \( n \) such that \( n \) is less than 1000 and the product of the digits of \( n \) is equal to \( \frac{n}{10} \).
579	0.555556	geometry	a + b + c + d + e + f	A convex hexagon \(ABCDEF\) has all its interior angles equal. The lengths of its sides are \(AB = a\), \(BC = b\), \(CD = c\), \(DE = d\), \(EF = e\), and \(FA = f\). If the sum of the lengths of the non-adjacent sides is equal to the sum...
580	0.777778	number_theory	1	Find all positive integers \( n \) such that \( n \) divides \( 2^n - 1 \).
581	0.666667	geometry	5	A circle is inscribed in a right-angled triangle with sides of lengths 15, 20, and 25. Find the radius of the inscribed circle.
582	0.500000	number_theory	3	Find all positive integers \( n \) for which the equation \[ x^2 + y^2 + z^2 = nxyz \] has positive integer solutions \((x, y, z)\) such that \( x \leq y \leq z \). Additionally, determine the smallest value of \( n \) for which this equat...
583	0.333333	geometry	60	In a triangle \(ABC\) with integer side lengths, the inradius is 4 and the circumradius is 13. Find the minimum possible perimeter of triangle \(ABC\).
584	0.500000	number_theory	1	What is the smallest positive integer \( n \) such that \( n^2 + 5n + 6 \) is a multiple of 6 and \( n^3 - n \) is a multiple of 3?
585	0.666667	geometry	\angle BFC = 90^\circ	Let \( ABC \) be an acute triangle with circumcircle \( \Gamma \). Let \( D \) be the intersection of the tangent to \( \Gamma \) at \( A \) with line \( BC \). Let \( E \) be the midpoint of segment \( AD \), and let \( F \) be the inters...
586	0.666667	geometry	1	Find the number of ordered pairs of positive integers $(m,n)$ such that the sum of the squares of $m$ and $n$ equals the sum of the cubes of $m$ and $n$. Express your answer as a common fraction.
587	0.750000	number_theory	3	Find all prime numbers \( p \) such that \( p^2 + 2 \) is also a prime number. Prove that your solution is complete.
588	0.666667	number_theory	0	Find the number of ordered pairs $(x, y)$ of positive integers such that $x^2 + y^2 = 3x^2y^2$.
589	0.666667	geometry	\frac{1}{8}	A right circular cone has a base radius of 6 cm and a height of 8 cm. A smaller, similar cone is cut from the top, such that the radius of the smaller cone's base is 3 cm. What is the ratio of the volume of the smaller cone to the volume o...
590	0.444444	number_theory	500001	A sequence of numbers is defined by the following recurrence relation: \(a_1 = 1\), and for \(n \geq 2\), \(a_n = a_{n-1} + \frac{1}{a_{n-1}}\). Determine the smallest positive integer \(k\) such that \(a_k > 1000\).
591	0.777778	number_theory	15	In a convex pentagon \(ABCDE\), each side has a length equal to 1 unit. Let \(P\) be a point inside the pentagon such that the distances from \(P\) to each of the vertices \(A, B, C, D,\) and \(E\) are distinct integers. What is the smalle...
592	0.333333	geometry	2\sqrt{2}	In the coordinate plane, consider the following set of points: \[A(0, 0), B(1, 0), C(0, 1), D(1, 1)\] Let \(P\) be a point inside the square formed by these four points. Define the function \(f(P)\) as the sum of the distances from \(P\) t...
593	0.444444	geometry	\frac{25}{4}	In the complex plane, a right-angled triangle \( \triangle ABC \) has vertices \( A(0), B(3), \) and \( C(0+4i) \). A point \( P \) is chosen on the hypotenuse \( BC \) such that the area of \( \triangle ABP \) is equal to the area of \( \...
594	0.333333	geometry	100\pi - 200	A square is inscribed in a circle of radius 10. Find the area of the region inside the circle but outside the square. Express your answer in terms of π.
595	0.444444	number_theory	5, 8	Find all integers \( n \) such that the number of positive divisors of \( n \) is equal to \( \left\lfloor \frac{n}{2} \right\rfloor \).
596	0.555556	geometry	3.5	A circle is inscribed in an equilateral triangle with side length $12$ units. If the circle is tangent to the midpoints of the sides of the triangle, what is the radius of the circle? Express your answer as a decimal to the nearest tenth.
597	0.444444	algebra	23	In the complex plane, let \( z_1 \) and \( z_2 \) be the roots of the quadratic equation \( z^2 - (3+4i)z + (1+i) = 0 \). Find the value of \( |z_1|^2 + |z_2|^2 \).
598	0.666667	number_theory	405	Find the smallest positive integer \( n \) such that \( n! \) (the factorial of \( n \)) ends in exactly 100 zeros.
599	0.444444	number_theory	25	Let \( f: \mathbb{Z} \to \mathbb{Z} \) be a function such that \( f(x + y) = f(x) + f(y) + 2xy \) for all integers \( x \) and \( y \). Find the value of \( f(5) \).
600	0.666667	number_theory	45	Find the smallest positive integer \( n \) such that \( n! \) is divisible by \( 10^{10} \).
601	0.666667	number_theory	0	Find all integers $n$ such that $n^2 + 1$ divides $n^3 + n + 1$.
602	0.666667	geometry	2\sqrt{97}	In triangle \(ABC\), the median from vertex \(A\) to the midpoint \(M\) of side \(BC\) has length \(10\). If the lengths of sides \(AB\) and \(AC\) are \(13\) and \(15\), respectively, find the length of \(BC\).
603	0.555556	algebra	1213.8	Let \( f: \mathbb{R} \to \mathbb{R} \) be a function such that \( f(x) + 2f(2x) = 3x \) for all real numbers \( x \). Find the value of \( f(2023) \).
604	0.500000	number_theory	1001	What is the smallest positive integer \( n \) such that \( n^2 - n \) is divisible by 7, 11, and 13?
605	0.666667	algebra	\frac{a^2}{b} + \frac{b^2}{c} + \frac{c^2}{a} \geq a + b + c + \frac{3}{a + b + c}	Let \(a, b, c\) be positive real numbers such that \(abc = 1\). Prove that: \[ \frac{a^2}{b} + \frac{b^2}{c} + \frac{c^2}{a} \geq a + b + c + \frac{3}{a + b + c} \]
606	0.625000	number_theory	233	In a sequence of positive integers, every term after the first two is the sum of the two preceding terms, and the sequence starts with 1 and 2. If the 10th term of the sequence is 89, what is the 12th term?
607	0.555556	geometry	1	A circle with radius 5 units is inscribed in a right triangle with legs of lengths 6 units and 8 units. A smaller circle is tangent to the two legs of the triangle and also tangent to the inscribed circle. Find the radius of the smaller ci...
608	0.375000	other	123	In a magical forest, there are three types of trees: acorns, birch, and cedars. Each acorn tree produces acorns that double in number each year. Birch trees produce a constant number of 120 birch seeds per year, and cedars produce cedar co...
609	0.555556	number_theory	0	What is the number of distinct integer solutions to the equation $x^2 + y^2 = 2021$, where $x$ and $y$ are integers?
610	0.333333	geometry	0	In the coordinate plane, consider the circle with center at \((2, -3)\) and radius \(5\). A line passing through the point \((7, 0)\) intersects the circle at two points, \(A\) and \(B\). If the length of segment \(AB\) is an integer, find...
611	0.333333	geometry	2	A regular tetrahedron has four equilateral triangle faces. If the edge length of the tetrahedron is 2 units, and each face is painted with a unique color, how many different ways can the tetrahedron be painted if rotations of the tetrahedr...
612	0.333333	geometry	50	A rectangle is inscribed in a circle with radius 5. If the diagonal of the rectangle is equal to the diameter of the circle, what is the area of the rectangle?
613	0.555556	number_theory	1, 5	Find all positive integers \( n \) such that \( n \) divides \( 2^n + 3^n \).
614	0.555556	geometry	12	A square garden is divided into 49 smaller square plots of equal size. If you start at one corner of the garden and move in a straight line to the opposite corner, passing through as few plot borders as possible, what is the minimum number...
615	0.333333	number_theory	0	Let \( A \) be the set of all positive integers that are powers of 2, and let \( B \) be the set of all positive integers that are powers of 3. How many positive integers less than 1000 are in both sets \( A \) and \( B \)?
616	0.777778	combinatorics	3	A sequence of numbers $a_1, a_2, a_3, \ldots, a_{10}$ is defined by the following rules: 1. $a_1 = 2$ 2. For $n \geq 2$, $a_n = a_{n-1}^2 - a_{n-1} + 1$ Determine the last digit of the 10th term in the sequence, $a_{10}$.
617	0.375000	number_theory	2023	Let $f(n)$ be the number of ways to write the positive integer $n$ as a sum of powers of 2, where each power can be used multiple times. For example, $f(4)=4$ because 4 can be written as $2^2$, $2+2$, $4$, and $1+1+1+1$. Find the smallest ...
618	0.555556	number_theory	5	What is the smallest positive integer \( n \) such that \( 2^n + 3^n + 5^n + 7^n \) is divisible by 11?
619	0.777778	algebra	1	Let \( f(x) \) be a function defined on the interval \([0, 1]\) such that \( f(0) = 0 \) and \( f(1) = 1 \). Suppose \( f \) is continuous and differentiable on \((0, 1)\), and \( f'(x) \) is the derivative of \( f \) with respect to \( x ...
620	0.333333	geometry	t = 0	Let \( G \) be the set of polynomials of degree at most 4, with real coefficients, such that \[ p(1) + p(2) + p(3) + p(4) + p(5) = 0. \] Find the remainder when any polynomial in \( G \) is divided by \( x^2 - x - 1 \). To solve this, cons...
621	0.666667	geometry	4\sqrt{3}	There are two concentric circles with radii \( r \) and \( R \) (\( R > r \)). A chord of the larger circle is tangent to the smaller circle and has length \( 2r \). If the area of the region between the two circles is \( \pi (R^2 - r^2) =...
622	0.375000	geometry	M	Let \(ABC\) be a triangle with \(AB \neq AC\). Let \(D\) be the foot of the perpendicular from \(A\) to \(BC\), and let \(E\) and \(F\) be the feet of the perpendiculars from \(B\) and \(C\) to \(CA\) and \(AB\), respectively. The circumci...
623	0.555556	geometry	60	In a triangle \( \triangle ABC \) with \( \angle BAC = 60^\circ \), the angle bisectors of \( \angle ABC \) and \( \angle ACB \) intersect \( AC \) and \( AB \) at points \( D \) and \( E \), respectively. If the area of \( \triangle ABC \...
624	0.555556	number_theory	k	Let \( P(x) \) be a polynomial of degree 5 with integer coefficients, such that \( P(0) = 2023 \) and \( P(1) = 2024 \). Prove that there exists an integer \( k \) such that \( P(k) = 0 \).
625	0.333333	combinatorics	\infty	Consider a sequence of functions \(f_n(x)\) defined on the interval \([0, 1]\) as follows: \(f_1(x) = x\), and for \(n \geq 2\), \(f_n(x) = f_{n-1}(x) + \frac{x}{n}\). If the sequence converges uniformly to a function \(f(x)\) on \([0, 1]\...
626	0.777778	number_theory	1	Find all positive integers \( n \) such that \( n^2 + 1 \) is divisible by \( n + 1 \).
627	0.500000	number_theory	5	Suppose you and your friend want to send a secret message using a simplified version of the RSA cryptosystem. You choose two prime numbers, \( p = 11 \) and \( q = 17 \), to generate the public and private keys. Calculate the following: a)...
628	0.555556	geometry	10	In triangle \(ABC\), let \(D\) be a point on side \(BC\) such that \(BD:DC = 2:1\). Let \(E\) be the midpoint of \(AD\). If the area of triangle \(ABC\) is 60 square units, what is the area of triangle \(AEC\)?
629	0.555556	geometry	50\pi	A circle with radius \( r \) is inscribed in a square. The square is then inscribed in another circle. If the area of the larger circle is 100\(\pi\) square units, what is the area of the smaller circle?
630	0.666667	algebra	\frac{3}{4}	Let \(a, b, c\) be positive real numbers such that \(a + b + c = 1\). Find the minimum value of the expression: \[ \frac{a}{1+a} + \frac{b}{1+b} + \frac{c}{1+c} \]
631	0.555556	geometry	7, 10	Determine all positive integers \( n \) such that the polynomial \( n^2 - 17n + 71 \) is a perfect square.
632	0.333333	algebra	0	Let a,b,c be distinct nonzero real numbers such that (a + b - 1)² = (a - b)², and (b + c - 1)² = (b - c)², and (a + c - 1)² = (a - c)². Find the value of 1/(a + b - 1) + 1/(b + c - 1) + 1/(a + c - 1).
633	0.555556	number_theory	61	In a sequence of numbers, each term after the first is generated by multiplying the previous term by a fixed integer and then adding a fixed integer. If the first term is 1, the second term is 5, and the third term is 13, find the fifth te...
634	0.333333	number_theory	0	Let $a$, $b$, and $c$ be positive integers such that $a + b + c = 100$. Find the number of ordered triples $(a, b, c)$ such that $a$, $b$, and $c$ are in a geometric progression.
635	0.555556	geometry	3	In a square grid of size \( n \times n \), each cell is either black or white. A move consists of selecting a row or a column and flipping the color of every cell in that row or column (i.e., black cells become white, and white cells becom...
636	0.444444	geometry	0	In the coordinate plane, a line \( l \) passes through the point \( (4, 5) \) and has a slope of \( -\frac{3}{4} \). Line \( m \) is perpendicular to \( l \) and intersects it at the origin. What is the area of the triangle formed by the x...
637	0.444444	combinatorics	30	In a small town, there are 100 houses numbered from 1 to 100. Each house is painted either red, blue, or green. It is known that: 1. No two adjacent houses (for example, houses 1 and 2, or houses 99 and 100) can be the same color. 2. The f...
638	0.555556	geometry	4	A sequence \( S \) of positive integers is defined as follows: - \( S_1 = 1 \) - For \( n \geq 2 \), \( S_n = S_{n-1} + \left\lfloor \sqrt{S_{n-1}} \right\rfloor \) Find the smallest \( n \) such that \( S_n \) is a perfect square.
639	0.375000	number_theory	677	A sequence of positive integers $a_1, a_2, a_3, \ldots$ is defined recursively by: \[a_1 = 1, \quad a_{n+1} = a_n^2 + 1 \quad \text{for } n \geq 1.\] What is the remainder when $a_{100}$ is divided by 1000?
640	0.555556	geometry	1	Find all positive integers \( n \) such that there exists a positive integer \( k \) satisfying both \( n^k + n - 1 \) and \( n^k - n + 1 \) are perfect squares.
641	0.666667	geometry	52.5	In triangle \(ABC\), let \(D\) be the midpoint of \(BC\). The line through \(D\) parallel to \(AB\) intersects \(AC\) at \(E\). If \(AB = 10\) and \(AC = 14\), and the area of triangle \(ABC\) is 70 square units, find the area of quadrilat...
642	0.666667	number_theory	20	Find the smallest positive integer \( n \) such that \( n \) is a multiple of 5, \( n+1 \) is a multiple of 7, and \( n+2 \) is a multiple of 11. What is the value of \( n \)?
643	0.333333	combinatorics	714013	A sequence of numbers $a_1, a_2, a_3, \ldots$ is defined recursively by $a_1 = 2$, $a_2 = 5$, and for $n \geq 3$, $a_n = a_{n-1} + 2a_{n-2}$. Let $b_n = a_n^2 - 4a_{n-1}a_{n-2}$. Find the value of $b_{10}$.
644	0.333333	logic_puzzle	66	In a group of 12 people, each person shakes hands with every other person exactly once. What is the total number of handshakes that take place?
645	0.333333	sequence	24	In a small town, there are three roads connecting the town center to the three different villages surrounding it. Each road is one-way and can accommodate only one vehicle at a time. A delivery truck must make exactly four trips to deliver...
646	0.555556	geometry	2	In a certain town, there are 100 houses arranged in a circle. Each house is painted either red or blue. It is observed that no two adjacent houses are painted the same color. A curious rule also applies: if a house is blue, then the next h...
647	0.777778	number_theory	5	A function \( f \) is defined on the positive integers such that \( f(1) = 1 \) and for all positive integers \( n \), \( f(2n) = f(n) + 2 \) and \( f(2n+1) = f(n) \). Find the value of \( f(19) \).
648	0.333333	number_theory	10	A sequence of numbers \( a_1, a_2, a_3, \ldots, a_n \) is defined by \( a_1 = 2 \), and for \( n \geq 2 \), \( a_n = 3a_{n-1} + 2^n \). Find the smallest \( n \) for which \( a_n \) is a multiple of 1000.
649	0.333333	combinatorics	The German owns the fish.	In a small town, there are five houses, each painted a different color. Each house has a resident with a unique nationality, each resident drinks a different beverage, smokes a different brand of cigar, and keeps pets of different kinds. T...
650	0.666667	geometry	\frac{1}{2}	In the cartesian coordinate plane, let \( P \) be a point inside the unit circle centered at the origin. The coordinates of \( P \) are \((x, y)\) where \(x^2 + y^2 < 1\). If a line is drawn from \( P \) to the point \((1, 0)\) on the x-ax...
651	0.333333	number_theory	2023	A sequence of numbers is defined as follows: \(a_1 = 1\), and for \(n \geq 1\), \(a_{n+1}\) is the smallest integer greater than \(a_n\) such that the equation \(x^2 + a_{n+1} = a_n x\) has no real solutions. What is \(a_{2023}\)?
652	0.666667	geometry	37	In a sequence of positive integers, each term after the first is the sum of the squares of the digits of the previous term. For example, starting with 23, the sequence is 23, 13, 10, 1, 1, 1, ... If the sequence starts with 75, what is the...
653	0.333333	geometry	2025	A convex polygon $P$ with $n$ sides is drawn on the coordinate plane such that all vertices have integer coordinates. Let $S$ be the set of all points with integer coordinates inside or on the boundary of $P$. If the area of $P$ is $2023$,...
654	0.333333	geometry	7	Let \( ABCD \) be a convex quadrilateral with \( AB = 7 \), \( BC = 10 \), \( CD = 15 \), and \( DA = 12 \). Diagonals \( AC \) and \( BD \) intersect at point \( E \). If the area of quadrilateral \( ABCD \) is 110 square units, find the ...
655	0.555556	geometry	2.0	A right circular cone has a height of $10$ cm and a base radius of $5$ cm. A smaller cone, similar to the larger cone, is cut from the top, leaving a frustum whose height is $6$ cm. If the volume of the frustum is $200\pi$ cubic centimeter...
656	0.333333	algebra	1	Find the value of \(x\) if the equation \(\frac{3}{x} + \frac{4}{x^2} = \frac{7}{x^3}\) holds true.
657	0.444444	number_theory	11	Find all positive integers \( n \) such that the sum of the reciprocals of the first \( n \) positive integers is greater than 3. That is, find all \( n \) satisfying \( \frac{1}{1} + \frac{1}{2} + \cdots + \frac{1}{n} > 3 \).
658	0.333333	other	15	In a magical land, there are three types of coins: gold, silver, and bronze. Each gold coin is worth 5 silver coins, and each silver coin is worth 7 bronze coins. A wizard has a chest containing a total of 150 coins, valued at 1050 bronze ...
659	0.444444	algebra	5	Consider a function \(f: \mathbb{R} \rightarrow \mathbb{R}\) defined by \(f(x) = x^3 - 3x^2 + 2x\). Let \(g(x) = f(f(x))\). Determine the number of distinct real roots of the equation \(g(x) = 0\).
660	0.444444	geometry	10	Consider a sequence of numbers where each number is the sum of the squares of its digits. For example, the number 15 has a sum of squares of its digits as $1^2 + 5^2 = 26$. Starting with the number 15, find the smallest positive integer $n...
661	0.625000	other	20	In a magical kingdom, there are three types of coins: gold, silver, and bronze. A gold coin is worth 5 silver coins, and a silver coin is worth 7 bronze coins. If a wizard needs to pay 675 bronze coins for a potion but only has gold coins,...
662	0.333333	algebra	79	In a magical forest, a wizard casts spells that change the number of magical creatures according to a sequence. The sequence starts with 1 creature on the first day and follows the pattern where the number of creatures on day \(n\) is the ...
663	0.333333	geometry	50000	In a distant solar system, a planet orbits its sun in a perfectly circular path with a radius of 50,000 kilometers. The gravitational force between the planet and the sun follows an inverse-square law, and the planet's orbital speed is 20 ...
664	0.555556	geometry	1260^\circ	A convex polygon has 9 sides. How many diagonals does it have? What is the sum of the interior angles of this polygon?
665	0.777778	other	43	In a magical kingdom, there are three types of coins: gold, silver, and bronze. A gold coin is worth 3 silver coins, and a silver coin is worth 2 bronze coins. A merchant has a bag containing 5 gold coins, 3 silver coins, and 7 bronze coin...
666	0.444444	number_theory	2	Find all prime numbers \( p \) such that the quadratic equation \( x^2 - px + p = 0 \) has integer roots.
667	0.444444	geometry	78	In a certain city, there are three types of bus routes: single-line, two-line, and multiple-line. Single-line routes have only one connection point where all buses from different routes stop. Two-line routes have two connection points, whi...
668	0.375000	geometry	50\sqrt{2}	A regular octagon is inscribed in a circle of radius 5 units. Find the area of the octagon. Express your answer in simplest radical form.
669	0.555556	number_theory	0	Find the number of positive integers \( n \) less than 1000 such that the polynomial \( x^3 - nx^2 + (n-1)x + 2 \) has three distinct positive integer roots.
670	0.333333	number_theory	10	What is the remainder when the sum of the first 2023 positive integers raised to the power of 2023 is divided by 11?
671	0.666667	number_theory	1023132	The positive integers \( x \) and \( y \) satisfy \( x < y \) and \( x + y = 2023 \). What is the maximum possible value of the product \( xy \)? What is the maximum possible value of the product \( xy \)?
672	0.777778	other	50	In a certain city, the number of bicycles and cars is in the ratio 3:5. If the total number of vehicles is 80, how many cars are there in the city?
673	0.444444	other	20	At a certain school, 70 students are enrolled in the Math Club, 80 students are in the Science Club, and 50 students are in both clubs. If 120 students are in either the Math Club or the Science Club or both, how many students are not enro...
674	0.666667	number_theory	5	There exists a sequence of positive integers \( a_1, a_2, a_3, \ldots, a_n \) such that for each \( i \) (where \( 1 \leq i \leq n-1 \)), the number \( a_{i+1} \) is the smallest positive integer not appearing in the previous terms and not...
675	0.333333	geometry	H	Let \(ABC\) be an acute triangle with orthocenter \(H\). The circle with diameter \(AH\) intersects the circumcircle of \(ABC\) again at point \(D\). The circle with diameter \(BH\) intersects the circumcircle of \(ABC\) again at point \(E...
676	0.444444	algebra	-1	Let \( f(x) \) be a polynomial of degree 4 such that \( f(x) = x^4 + ax^3 + bx^2 + cx + d \). Given that \( f(1) = 0 \), \( f(-1) = 0 \), and \( f(2) = 0 \), find the value of \( a + b + c + d \).
677	0.333333	algebra	3	Let \( f(x) = x^3 - 3x + 1 \). Find the number of distinct real roots of the equation \( f(f(x)) = 0 \).
678	0.444444	number_theory	1	Find all positive integers \( n \) such that the polynomial \( P(x) = x^n + 2x^{n-1} + 3x^{n-2} + \cdots + (n+1)x + (n+2) \) has a rational root.
679	0.444444	number_theory	n = 1	What is the smallest positive integer \( n \) such that the sum of the digits of \( n \) in base 10, the sum of the digits of \( n \) in base 12, and the sum of the digits of \( n \) in base 16 are all equal to each other?
680	0.666667	geometry	\frac{3}{4}	In the coordinate plane, consider a circle \(C\) centered at the origin with radius \(r\). A point \(P\) is chosen at random inside the circle \(C\). Let \(Q\) be the point on the circumference of \(C\) that is closest to \(P\). What is th...
681	0.555556	geometry	0	Find the sum of all positive integers \( n \) less than 200 such that \( n \) is a perfect square and \( n+1 \) is a perfect cube.
682	0.444444	number_theory	1	Find the number of distinct ordered triples \((a, b, c)\) of positive integers satisfying the equation \(a^2 + b^2 + c^2 = abc + 1\), where \(a \leq b \leq c\).
683	0.666667	combinatorics	1	In the town of Digitville, the mayor has decided to decorate the main street with colorful flags. Each flag is either red, blue, or green, and the sequence of flags must alternate colors. If the first flag is red, how many different ways c...
684	0.444444	other	2\pi	A regular hexagon has sides of length 2. A circular arc is drawn from the midpoint of one side to the midpoint of the opposite side, passing through the center of the hexagon. What is the length of this arc? Express your answer in terms of...
685	0.444444	other	1	In the complex plane, let \( z_1 = 2 + 2i \) and \( z_2 = -1 + i\sqrt{3} \). If \( z \) is a complex number such that \( |z - z_1| = |z - z_2| \) and \( |z| = 3 \), find the real part of \( z \).
686	0.555556	geometry	2.5	A right triangle has legs of lengths 3 and 4. A semicircle is constructed on the hypotenuse of the triangle, and a smaller semicircle is constructed on the other side of the triangle's legs. The areas of the two semicircles are equal. Find...
687	0.666667	geometry	0	Let \( n \) be a positive integer such that \( n^2 + 1 \) is a perfect square. If \( n \) is also a prime number, find the sum of all possible values of \( n \).
688	0.333333	number_theory	2	What is the smallest positive integer \( n \) such that the polynomial \( P(x) = x^n + ax^{n-1} + \dots + az + a \) has all distinct integer roots, where \( a \) is a given positive integer and each root is greater than \( a \)?
689	0.444444	algebra	3	Find the value of \( x \) if \( 2\log_2(x-1) + \log_2(3x-5) = 3 \).
690	0.333333	algebra	\frac{2\ln(2)}{3} - \frac{5}{18}	Determine the value of the integral \(\int_{0}^{1} x^2 \ln(1 + x) \, dx\).
691	0.777778	geometry	20000\pi	In the land of Mathlandia, there is a magical lake shaped as a perfect circle with a radius of 100 meters. A group of 100 wise wizards plans to plant magical trees along the circumference of the lake. Each wizard starts at a point on the l...
692	0.777778	combinatorics	853	A sequence of numbers \( a_1, a_2, a_3, \ldots, a_n \) is defined recursively by the rule: \( a_1 = 2 \), \( a_2 = 3 \), and for \( n \geq 3 \), \( a_n = a_{n-1} + 2a_{n-2} \). Find the value of \( a_{10} \).
693	0.444444	number_theory	1	A sequence of positive integers \(a_1, a_2, a_3, \ldots\) is defined recursively by \(a_1 = 1\) and for \(n \geq 2\), \[a_n = \begin{cases} a_{n-1} + 3 & \text{if } n \text{ is even}, \\ a_{n-1} + 2n & \text{if } n \text{ is odd}. \end{cas...
694	0.444444	geometry	50	In the coordinate plane, let \( A = (0, 0) \), \( B = (10, 0) \), and \( C = (5, 10) \). Find the area of triangle \( ABC \) using vector cross product methods.
695	0.555556	number_theory	1	What is the smallest positive integer \( n \) for which the number \( 123456789 \times 10^{9n} + 1 \) is divisible by 11?
696	0.777778	geometry	\angle BPD = \angle CPD	Let \(ABC\) be an acute triangle with circumcircle \(\omega\). Let \(P\) be the foot of the altitude from \(A\). A line \(\ell\) passing through \(A\) intersects \(\omega\) again at \(D\). Prove that \(\angle BPD = \angle CPD\).
697	0.333333	geometry	8	A square of side length $8$ is inscribed in a circle. Points $A$, $B$, and $C$ are chosen on the circumference of the circle such that $A$, $B$, and $C$ are consecutive vertices of a regular hexagon inscribed in the same circle. Let $D$ be...
698	0.555556	number_theory	2024	Consider a sequence of integers \(a_1, a_2, a_3, \ldots, a_n\) such that for any positive integer \(k \leq n\), the sum of the first \(k\) terms is congruent to the \(k\)-th term modulo \(k\), i.e., \(\sum_{i=1}^{k} a_i \equiv a_k \pmod{k}...
699	0.666667	combinatorics	5040	In a certain game, a player has a set of 8 distinct colored marbles: Red, Orange, Yellow, Green, Blue, Indigo, Violet, and White. The player must arrange these marbles in a circular pattern. How many unique arrangements are possible if rot...
700	0.625000	other	10	In a small country, there are 100 cities connected by a network of roads. Each road has a unique length in kilometers. The government wants to optimize the transportation network by constructing new roads that will reduce the average trave...
701	0.444444	number_theory	2, 3, 6	A set of three different integers has a product of 36 and their sum is a prime number. What are the three integers and what is their sum?
702	0.444444	logic_puzzle	4	In the enchanted forest, there are three types of magical trees: Silver Oaks, Gold Maples, and Crystal Pines. Each type of tree grows at a different rate: a Silver Oak grows 2 feet per year, a Gold Maple grows 1.5 feet per year, and a Crys...
703	0.444444	geometry	7.5	In triangle $ABC$, $AB = 13$, $BC = 14$, and $CA = 15$. Point $D$ lies on $\overline{BC}$ such that $BD = 7$ and $DC = 7$. Let $M$ be the midpoint of $\overline{AD}$ and $N$ be the midpoint of $\overline{CD}$. Find the length of $\overline...
704	0.333333	geometry	2\pi	A circle of radius 1 rolls around the outside of a semicircle of radius 2, always remaining tangent to it. The point \(P\) on the circumference of the smaller circle that starts at the top of the larger semicircle completes one full rotati...
705	0.444444	geometry	a^2 + b^2 + c^2 + d^2 + e^2 = 5r^2	A regular pentagon is inscribed in a circle with radius r. If P is a point inside the pentagon such that the distances from P to the vertices of the pentagon are \(a\), \(b\), \(c\), \(d\), and \(e\) respectively, prove that: \[ a^2 + b^2 ...
706	0.333333	geometry	90	A positive integer is said to be interesting if the sum of the squares of its digits is a multiple of 10. For instance, 19 is interesting because \(1^2 + 9^2 = 1 + 81 = 82\), which is a multiple of 10. Determine how many integers between 1...
707	0.777778	algebra	25	Let \( f(x) \) be a polynomial of degree 3 such that \( f(1) = 1 \), \( f(2) = 4 \), \( f(3) = 9 \), and \( f(4) = 16 \). Find the value of \( f(5) \).
708	0.777778	geometry	4	A circle with center \( O \) is inscribed in a right triangle \( ABC \) with \( \angle C = 90^\circ \). The circle touches \( AB \) at point \( D \), \( BC \) at point \( E \), and \( AC \) at point \( F \). Given that \( AB = 26 \), \( BC...
709	0.666667	number_theory	\frac{7a^3 \sqrt{2}}{96}	A regular tetrahedron with edge length \(a\) has a smaller regular tetrahedron with edge length \(\frac{a}{2}\) placed inside it, with the bases coinciding. If the larger tetrahedron is colored and then cut along planes parallel to the bas...
710	0.500000	geometry	1012	There are 2023 points placed on a circle. Some points are colored red, and the rest are colored blue. It is known that among any four points placed consecutively on the circle, there are always at least two points of the same color. What i...
711	0.666667	geometry	100	A square has side length \( s \). A circle is inscribed in the square, touching all four sides. A second, smaller square is inscribed in the circle, with its vertices on the circumference of the circle. If the area of the smaller square is...
712	0.444444	algebra	2	Let \( f(x) \) be a function defined for all positive real numbers such that \( f(x) = x^3 - 3x^2 + 2x \). Suppose \( g(x) \) is the inverse function of \( f(x) \), and let \( h(x) = f(g(x)) \). Given that \( h(x) \) can be expressed in th...
713	0.444444	geometry	7	In the town of Mathville, there are 120 houses numbered from 1 to 120. Each house has a unique set of three-digit house numbers. A mailman has to deliver letters to houses whose numbers are perfect squares. However, due to a new policy, on...
714	0.333333	algebra	\{-1 + \sqrt{2}, -1 - \sqrt{2}\}	Find all real numbers \(x\) such that the equation \((x^2 + 2x + 1)^2 - (x^2 + 2x + 1) - 2 = 0\) holds true. Express your answer in interval notation.
715	0.333333	geometry	\frac{a + b}{c}	In a triangle \( ABC \), the lengths of the sides opposite to vertices \( A \), \( B \), and \( C \) are \( a \), \( b \), and \( c \) respectively. If \( a^2 + b^2 = c^2 \), find the value of \( \sin A + \sin B \).
716	0.666667	geometry	2	A square is inscribed in a circle. A smaller square is then inscribed in the same circle such that one side of the smaller square is also a side of the larger square. If the area of the circle is \( \pi \), find the area of the smaller squ...
717	0.333333	number_theory	3	What is the smallest positive integer that, when multiplied by 15, results in a product whose digits are all distinct and sum up to a multiple of 9?
718	0.625000	combinatorics	Alice	In a special set of 12 balls, each ball is painted with one of the following colors: red, blue, green, or yellow. It is known that there are exactly 3 balls of each color. Two players, Alice and Bob, play a game where they alternately take...
719	0.444444	combinatorics	6	Consider the sequence of numbers defined recursively by \( a_1 = 1 \) and \( a_{n+1} = a_n^2 + a_n \) for \( n \geq 1 \). What is the units digit of \( a_{2023} \)?
720	0.444444	geometry	4	Find the smallest positive integer \( n \) such that \( n \cdot 2^{25} \) is a perfect cube and \( n \cdot 3^{12} \) is a perfect square.
721	0.555556	number_theory	3	What is the smallest positive integer \( n \) such that there exists a polynomial \( P(x) \) of degree \( n \) satisfying the following conditions: \( P(1) = 1 \), \( P(2) = 2 \), \( P(3) = 3 \), and for all integers \( k \geq 4 \), \( P(k...
722	0.333333	geometry	\frac{\sqrt{3}}{4}	A regular hexagon \(ABCDEF\) is inscribed in a circle with radius \(r\). Let \(G\), \(H\), and \(I\) be the midpoints of sides \(AB\), \(CD\), and \(EF\) respectively. If the area of the triangle \(GHI\) can be expressed as \(k \cdot r^2\)...
723	0.555556	geometry	30^\circ	In triangle \( ABC \), \( AB = AC \) and \( \angle BAC = 20^\circ \). Point \( D \) lies on \( AB \) such that \( AD = BC \). Determine the measure of \( \angle BCD \).
724	0.333333	number_theory	1	What is the smallest positive integer \( n \) such that \( n \cdot 13824 \) is a perfect cube?
725	0.777778	number_theory	1225	What is the sum of all positive integers \( n \) for which \(\frac{n^2 + 3n + 2}{n+1}\) is an integer, and \( n \) is less than 50?
726	0.500000	geometry	17	In a unique game of treasure hunting, Alice finds a sequence of numbers written on stones arranged in a line. The numbers on these stones follow a pattern: each number is the sum of the squares of the two preceding numbers in the sequence....
727	0.666667	geometry	1	Let \( f(x) = x^2 + bx + c \) be a quadratic function with real coefficients \( b \) and \( c \). Suppose \( f(1) = 0 \), \( f(3) = 0 \), and the vertex of the parabola described by \( f(x) \) is \( (h, k) \). 1. Find the values of \( b \)...
728	0.666667	geometry	54\sqrt{3}	A regular hexagon is inscribed in a circle. If the radius of the circle is 6 units, find the area of the hexagon. Express your answer in simplest radical form.
729	0.750000	number_theory	0	Find the number of ordered pairs of positive integers (x, y) such that x^2 + y^2 = 2024 and both x and y are prime numbers.
730	0.777778	geometry	1000	A rectangular garden has a length that is twice its width. A fence is built around the garden, and the total length of the fence is 60 meters. If the garden is to be covered with grass, and the cost of grass is \$5 per square meter, how mu...
731	0.666667	number_theory	1	Let \( p \) be a prime number such that \( p > 3 \). Consider the sequence defined by \( a_1 = p \) and \( a_{n+1} = a_n^2 - 2 \) for \( n \geq 1 \). If \( p = 5 \), find the smallest positive integer \( k \) such that \( a_k \) is divisib...
732	0.375000	geometry	50	A square garden has a side length of 10 meters. A smaller square flower bed is to be placed inside the garden such that its corners touch the midpoint of the sides of the garden. What is the area of the flower bed in square meters?
733	0.333333	logic_puzzle	255	There exists a magical garden where plants grow at different rates. Each plant starts with a single leaf and grows in such a way that each day the number of its leaves doubles. If a new plant is added to the garden every day, and each new ...
734	0.666667	number_theory	0	A sequence of numbers is defined recursively as follows: \(a_1 = 1\), \(a_2 = 2\), and for \(n \geq 3\), \(a_n = a_{n-1} + a_{n-2} + a_{n-3}\). What is the remainder when \(a_{10}\) is divided by 5?
735	0.555556	algebra	0	Let \( f(x) \) be a function defined on the interval \([0, 1]\) such that for any \( x \in [0, 1] \), \( f(x) \) is a polynomial of degree 3 with rational coefficients, and \( f(x) = x \) has exactly one real root in the interval. Determin...
736	0.333333	number_theory	0	How many ordered triples \((a, b, c)\) of positive integers satisfy \(a + b + c = 2021\) and \(a, b,\) and \(c\) are all distinct primes?
737	0.375000	other	6	在一个3x3的棋盘上，放置黑棋和白棋，使得任意两个同色的棋子之间至少有一个不同色的棋子。求最多可以放置多少个棋子？
738	0.444444	algebra	36	Let \( P(x) \) be a polynomial of degree 3 with real coefficients such that \( P(1) = 4 \), \( P(2) = 9 \), \( P(3) = 16 \), and \( P(4) = 25 \). Find the value of \( P(5) \).
739	0.333333	geometry	10	Consider a square grid of size \(10 \times 10\) where each cell can either be black or white. A move consists of selecting a row or a column and flipping the color of every cell in that row or column. What is the minimum number of moves re...
740	0.777778	algebra	\frac{4}{3}	Let \( a, b, c, d \) be four positive real numbers such that \( a + b + c + d = 12 \) and \( abcd = 27 \). Find the minimum value of the expression \( \frac{1}{a} + \frac{1}{b} + \frac{1}{c} + \frac{1}{d} \).
741	0.444444	number_theory	1991	Consider a sequence of positive integers \( a_1, a_2, a_3, \ldots \) defined by the recurrence relation \( a_{n+2} = 3a_{n+1} - 2a_n + n \) for \( n \geq 1 \), with initial conditions \( a_1 = 1 \) and \( a_2 = 3 \). Determine the value of...
742	0.375000	other	500	In a small town, there are three types of coins: gold, silver, and bronze. Each gold coin is worth 5 silver coins, and each silver coin is worth 10 bronze coins. One day, the mayor decides to distribute 100 coins of these three types among...
743	0.555556	geometry	100 - 9\pi	A square garden has a side length of 10 meters. If a circular fountain with a radius of 3 meters is placed exactly in the center of the garden, what is the area of the garden that is not covered by the fountain? Express your answer in term...
744	0.666667	number_theory	0	Let $S$ be the set of all integers $n$ for which the polynomial $f(x) = x^3 - x + n$ has at least one rational root. What is the sum of all elements in $S$?
745	0.444444	algebra	0	Let $f(x) = x^4 - 6x^2 + 8x + 1$. Find the sum of the real roots of the equation $f(f(x)) = 1$.
746	0.444444	number_theory	6	In the complex plane, let \( z_1 \) and \( z_2 \) be two distinct complex numbers such that \( |z_1| = |z_2| = 1 \). Define a sequence \( \{z_n\} \) by \( z_{n+1} = z_n \cdot z_{n-1} + z_{n-2} \) for \( n \geq 2 \), with initial conditions...
747	0.444444	combinatorics	\frac{3}{11}	There are 5 red balls, 3 blue balls, and 4 green balls in a bag. If you draw three balls without replacement, what is the probability that you will draw one ball of each color? **Hint:** Use the hypergeometric distribution formula and cons...
748	0.666667	geometry	0	A set of 10 distinct positive integers is arranged in a circle. We define a "good" arrangement if for every pair of adjacent integers, their product is divisible by the sum of the remaining 8 integers. How many such "good" arrangements exi...
749	0.666667	other	32	在三角形数列中，每行的第 \( n \) 个数字等于其上方两数字之和。若数列第一行的第一个数为 1，则第二行的两个数也为 1，以此类推。已知数列第 10 行的和为 \( S \)，数列第 15 行的和为 \( T \)，求 \( \frac{T}{S} \) 的比值。
750	0.555556	algebra	\pm \frac{\sqrt{65}}{2}	Find all real numbers \(x\) such that \(\sqrt{4x^2 - 1} + \sqrt{4x^2 - 1} = 16\).
751	0.625000	geometry	72	If a square is inscribed in a circle and the area of the circle is 36π, what is the area of the square?
752	0.375000	algebra	\frac{9}{10}	Let \( a, b, c \) be positive real numbers such that \( a + b + c = 1 \). Prove that: \[ \frac{a}{1 + bc} + \frac{b}{1 + ac} + \frac{c}{1 + ab} \leq \frac{9}{10} \]
753	0.333333	algebra	20	In a certain advanced mathematics class, there are 20 students. Each student is required to solve problems from three different domains: algebra, geometry, and combinatorics. The class rule states that a student must solve at least one pro...
754	0.333333	number_theory	100	A sequence of positive integers \(a_1, a_2, \ldots, a_n\) is defined recursively by \(a_1 = 1\) and for \(n \geq 2\), \(a_n\) is the smallest positive integer such that \(a_n\) is not a divisor of any of the previous terms in the sequence....
755	0.666667	geometry	\frac{26}{27}	A right circular cone with height \( h \) and base radius \( r \) is filled with water. A smaller cone, which is similar to the larger cone, is inscribed within the larger cone such that the vertex of the smaller cone coincides with the ve...
756	0.555556	algebra	18	Let \( f(x) = x^4 - 2x^3 + 3x^2 - 4x + 5 \). Find the value of \( f(1) + f(-1) \).
757	0.777778	number_theory	0	How many 6-digit numbers \(N\) exist that satisfy the following properties: 1. Every digit of \(N\) is even. 2. The product of all digits of \(N\) is equal to 9.
758	0.555556	geometry	54 * sqrt(3)	A regular hexagon is inscribed in a circle of radius 6. What is the area of the hexagon?
759	0.333333	algebra	5	In a small town, there are 5 different bus routes that each connect to exactly 3 different bus stops. Each bus stop is served by at least one of the routes. If a bus stop is served by exactly 3 routes, it is considered a "hub." Given that ...
760	0.777778	number_theory	101	Find the smallest positive integer \( n \) such that the sum of the first \( n \) terms of the sequence defined by \( a_k = \left\lfloor \frac{100k}{101} \right\rfloor \) is greater than 5000.
761	0.444444	number_theory	1	Let \( f(x) \) be a polynomial with integer coefficients such that \( f(1) = 2023 \) and \( f(n) \) is divisible by \( n \) for every positive integer \( n \). Determine the maximum possible number of integer roots that \( f(x) \) can have.
762	0.333333	geometry	\frac{1}{2}	A circle with radius 1 is inscribed in a right triangle with legs of lengths 3 and 4. A point P on the hypotenuse is chosen at random. What is the probability that the line segment from P to the center of the circle divides the triangle in...
763	0.555556	other	89	In a magical land, there are three types of magical coins: gold, silver, and bronze. Each gold coin is worth 5 silver coins, and each silver coin is worth 7 bronze coins. A wizard has a bag containing 1 gold coin, 3 silver coins, and 4 bro...
764	0.333333	number_theory	1500	A sequence of numbers \(a_1, a_2, a_3, \ldots\) is defined by the recurrence relation \(a_{n+2} = a_{n+1} + a_n\) for all \(n \geq 1\), with initial conditions \(a_1 = 1\) and \(a_2 = 2\). Find the smallest positive integer \(n\) such that...
765	0.444444	geometry	2025	What is the smallest positive integer \( n \) such that \( n \) is divisible by 15, the number of positive divisors of \( n \) is 15, and \( n \) is a perfect square?
766	0.333333	geometry	1	Find the smallest positive integer \( n \) such that the polynomial \( P(x) = x^n + ax^{n-1} + bx^{n-2} + \cdots + kx + l \) with integer coefficients has a root that is both an integer and a perfect square.
767	0.333333	other	1650	In a small town, there are three bakeries that each make different types of pies. Bakery A makes cherry pies, Bakery B makes apple pies, and Bakery C makes blueberry pies. Each bakery can bake 100 pies in a day, but due to a special promot...
768	0.333333	geometry	4.8	In the coordinate plane, let \( \triangle ABC \) be a right triangle with \( \angle C = 90^\circ \), \( AC = 6 \), and \( BC = 8 \). Point \( D \) lies on the hypotenuse \( AB \) such that \( CD \) is the geometric mean of \( AD \) and \( ...
769	0.777778	geometry	120^\circ	In a convex hexagon, the measures of the interior angles form an arithmetic sequence with a common difference of \(3^\circ\). If the smallest angle is \(105^\circ\), what is the measure of the largest angle?
770	0.333333	number_theory	11	Find the smallest positive integer \( n \) such that the sum of the first \( n \) terms of the harmonic series \( 1 + \frac{1}{2} + \frac{1}{3} + \cdots + \frac{1}{n} \) exceeds 3.
771	0.333333	geometry	1	What is the smallest positive integer \( n \) such that the sum of the squares of the first \( n \) positive integers is a perfect cube?
772	0.666667	number_theory	10	A sequence of numbers \( a_1, a_2, a_3, \ldots, a_n \) is defined by \( a_1 = 1 \), and for all \( n \geq 2 \), \( a_n \) is the smallest positive integer such that \( a_n \neq a_{n-1} \) and \( a_n \) is not equal to any of the sum of any...
773	0.333333	logic_puzzle	25\%	In a small town, there are three different flavors of ice cream available: vanilla, chocolate, and strawberry. A local survey found that: 1. 40% of the town's population prefers vanilla. 2. 35% of the town's population prefers chocolate. 3...
774	0.555556	number_theory	5	What is the smallest positive integer \( n \) such that the sum of the digits of \( 2^n \) equals the sum of the digits of \( n \)?
775	0.333333	geometry	25\pi	A circle is inscribed in a square with side length 10 units. Four smaller circles are tangent to the inscribed circle and also to two sides of the square. Find the total area of the four smaller circles combined.
776	0.666667	number_theory	2	Let \( f(x) \) be a function defined for all real numbers \( x \) such that \( f(x) = x^3 - 3x^2 + 3x - 1 \). Consider the sequence \( a_n \) defined by \( a_1 = 2 \) and \( a_{n+1} = f(a_n) \) for \( n \geq 1 \). Find the smallest positiv...
777	0.400000	geometry	2 \sqrt{3}	An equilateral triangle has a circle inscribed in it. This circle touches one of the sides at a point. If the length of the side of the triangle is 12 units, find the radius of the inscribed circle.
778	0.444444	number_theory	47	In a sequence of integers, each term after the first two is defined as the sum of the two preceding terms. Given that the third term is 7 and the fourth term is 11, find the seventh term in the sequence.
779	0.333333	algebra	0	Let \( f(x) \) be a polynomial of degree 3 with real coefficients, and let \( f(x) = x^3 + ax^2 + bx + c \). Given that \( f(x) \) has roots \( \alpha, \beta, \gamma \) such that: \[ \alpha + \beta = \gamma \quad \text{and} \quad \alpha \b...
780	0.666667	geometry	\frac{9}{4}	In a triangle \( \triangle ABC \), the angles \( A \), \( B \), and \( C \) satisfy the equation \( \cos A + \cos B + \cos C = \frac{3}{2} \). If \( \sin A = \sin B = \sin C \), find the value of \( \sin^2 A + \sin^2 B + \sin^2 C \).
781	0.500000	other	4	In the plane, there are 10 distinct points. Each point is either red or blue. If every red point is connected to exactly three blue points, and every blue point is connected to exactly two red points, how many red points are there in the p...
782	0.333333	number_theory	4	Find all positive integers \( n \) such that there exists a positive integer \( k \) satisfying the equation \[ \frac{2n}{k} + \frac{2k}{n} = n. \]
783	0.625000	geometry	\frac{4 \sqrt{3}}{9}	A circle with radius $r$ is inscribed in an equilateral triangle with side length $s$. The circle is then inscribed in a square such that the circle's diameter is equal to the side length of the square. What is the ratio of the area of the...
784	0.333333	number_theory	9	A sequence of numbers is defined as follows: the first term is 1, the second term is 2, and each subsequent term is the sum of the two preceding terms. What is the remainder when the 100th term of this sequence is divided by 10?
785	0.555556	number_theory	8	Find the smallest positive integer \( n \) such that the polynomial \( P(x) = x^n + x^{n-1} + \cdots + x + 1 \) is divisible by \( x^2 + 1 \).
786	0.333333	geometry	\frac{1}{2}	A square is inscribed in a circle of radius 1. A point $P$ is chosen at random inside the circle. What is the probability that the distance from $P$ to the center of the circle is less than the distance from $P$ to the closest side of the ...
787	0.555556	number_theory	0	Find the number of ordered pairs of integers $(x, y)$ that satisfy the equation $x^2 + y^2 = 2023$.
788	0.444444	geometry	2(\sqrt{2} + 1)	A regular octagon has side length 1. Points \( A \) and \( B \) are chosen on two adjacent sides of the octagon such that \( AB \) is parallel to the opposite side of the octagon. If the length of \( AB \) is \( \frac{1}{3} \), find the ar...
789	0.375000	geometry	\frac{35}{128}	Consider a square grid of \( n \times n \) cells, where each cell is initially colored either black or white. The colors of the cells are chosen uniformly at random. Define a "magic path" as a path starting from the top-left cell and endin...
790	0.444444	number_theory	1	Find the smallest positive integer \( n \) such that \( 2^n + 1 \) is divisible by \( 3^n \).
791	0.777778	geometry	36\sqrt{2}	A rectangular garden is divided into two smaller rectangular plots by a fence running parallel to one of its shorter sides. The longer side of the garden is twice the length of the shorter side. If the area of each plot is equal and the to...
792	0.333333	number_theory	38	Find the smallest positive integer \( n \) such that the product of the digits of \( n \) is equal to \( 24 \), and the sum of the digits of \( n \) is a prime number.
793	0.333333	number_theory	12344	What is the smallest positive integer \( n \) such that the sum of the first \( n \) positive integers is divisible by \( 12345 \)?
794	0.625000	geometry	40	In triangle ABC, points D, E, and F are on sides BC, CA, and AB respectively, such that AD, BE, and CF are medians. If the area of triangle DEF is 10, find the area of triangle ABC.
795	0.444444	algebra	2 - \frac{b}{2a}	For the quadratic function \( f(x) = ax^2 + bx + c \) with \( a, b, c > 0 \), find all values of \( x \) such that the first derivative of \( f(x) \) equals twice the second derivative of \( f(x) \). Express your answer in terms of \( a \).
796	0.333333	geometry	60	Let \( ABCD \) be a convex quadrilateral with \( AB = 6 \), \( BC = 7 \), \( CD = 8 \), and \( DA = 9 \). Diagonals \( AC \) and \( BD \) intersect at point \( E \). If the area of triangle \( ABE \) is \( 15 \), find the area of quadrilat...
797	0.777778	number_theory	3	A function $f: \mathbb{Z} \to \mathbb{Z}$ is defined such that $f(n) = n^2 + 2n + 3$ for all integers $n$. Define a sequence $(a_n)$ where $a_1 = f(1)$ and $a_{n+1} = f(a_n)$ for all $n \geq 1$. Find the smallest positive integer $k$ such ...
798	0.444444	geometry	4	In a triangle $ABC$, the lengths of the sides are $AB = 13$, $BC = 14$, and $CA = 15$. A point $D$ is chosen on side $BC$ such that $BD = 7$ and $DC = 7$. A circle is drawn tangent to sides $AB$ and $AC$ at points $P$ and $Q$ respectively,...
799	0.333333	geometry	0	A duck is randomly placed on a 6-by-8 weighing scale. The scale is square-shaped and an integer grid with every grid point with weight 1 and the sum of the weights of all the grid points is 48. The duck's mass is 4.611111111111111 units. W...
800	0.444444	other	4	In a magical forest, there are three types of trees: lapis, emerald, and ruby. Each type of tree has a different number of branches, and each branch holds a unique number of golden apples. The number of branches on a lapis tree is 7 more t...
801	0.444444	geometry	19	A right triangle \(ABC\) has legs of lengths \(a\) and \(b\), with \(a > b\). A circle is inscribed within the triangle, touching \(BC\) at point \(D\), \(AC\) at point \(E\), and \(AB\) at point \(F\). If the area of the triangle \(ABC\) ...
802	0.444444	geometry	1	Consider a right triangle ABC, where angle ACB is a right angle. If AC = 3 units and BC = 4 units, find the radius of the circle that can be inscribed in the triangle (inradius). Express your answer as a simplified fraction.
803	0.555556	geometry	10	In a triangle \(ABC\), the angle bisectors of \(\angle A\), \(\angle B\), and \(\angle C\) meet the opposite sides at points \(D\), \(E\), and \(F\) respectively. If the lengths of the segments \(AD\), \(BE\), and \(CF\) are given as 6 cm,...
804	0.555556	algebra	3	Let \( S \) be the set of all real numbers \( x \) such that the polynomial \( P(x) = x^4 - 6x^3 + 13x^2 - 12x + 4 \) has at least one real root. Determine the sum of all elements in \( S \).
805	0.625000	other	80	In a magical forest, there are 100 trees. Each tree bears a certain number of golden apples. The first tree bears 1 apple, the second tree bears 2 apples, and so on until the 100th tree, which bears 100 apples. A wizard casts a spell such ...
806	0.666667	number_theory	43	What is the remainder when \(7^{2023}\) is divided by 100?
807	0.333333	sequence	0	In a magical land, there are three types of coins: gold (G), silver (S), and bronze (B). A spell has been cast such that when two different types of coins are placed together, they transform into the third type. For instance, G and S trans...
808	0.777778	number_theory	1	A sequence of integers \(a_1, a_2, a_3, \ldots, a_{10}\) is defined by the following conditions: \(a_1 = 1\), \(a_2 = 2\), and for all \(n \geq 3\), \(a_n = a_{n-1} + 2a_{n-2}\). What is the remainder when \(a_{10}\) is divided by 7?
809	0.444444	geometry	1	What is the smallest positive integer \( n \) such that \( n^2 - 19n + 99 \) is a perfect square?
810	0.555556	other	\frac{n(n+1)}{2}	在一个无限长的数轴上，有一个机器人从原点出发，第一次移动一步到1，第二次移动两步到3，第三次移动三步到6，以此类推。那么，机器人在第n步时，它距离原点的距离是多少？
811	0.555556	number_theory	100	Find the smallest positive integer \( n \) such that \( n \) is divisible by 10, \( n^2 \) is divisible by 200, and \( n^3 \) is divisible by 5000.
812	0.666667	combinatorics	2023	Consider a sequence of numbers \( a_1, a_2, a_3, \ldots \) defined as follows: - \( a_1 = 1 \) - For \( n \geq 1 \), \( a_{n+1} = a_n + \frac{a_n}{n} \) Find the value of \( a_{2023} \) rounded to the nearest whole number.
813	0.555556	other	3	In the complex plane, the points \( A \), \( B \), and \( C \) are represented by the complex numbers \( z_1 \), \( z_2 \), and \( z_3 \) respectively, such that \( z_1 + z_2 + z_3 = 0 \) and \( |z_1| = |z_2| = |z_3| = 1 \). If \( z_1^2 + ...
814	0.444444	combinatorics	\frac{13}{204}	Alice has a deck of 52 cards, consisting of 13 hearts, 13 spades, 13 diamonds, and 13 clubs. She shuffles the deck and draws cards one by one without replacement. What is the probability that she will draw at least one heart followed immed...
815	0.333333	geometry	300	A square ABCD has a side length of 10 units. Inside this square, a circle is inscribed such that it touches all four sides of the square. Now, consider a point P on the circumference of the circle. If we draw a line from P to each of the v...
816	0.444444	geometry	6	Let \( ABCD \) be a rectangle with \( AB = 12 \) and \( AD = 5 \). Let \( M \) be the midpoint of \( AB \). A circle with radius 3 is drawn centered at \( M \). A line through \( A \) that is perpendicular to \( AB \) intersects the circle...
817	0.500000	number_theory	10	A sequence of positive integers \( a_1, a_2, \ldots, a_n \) is defined such that \( a_{k+1} = a_k^2 - a_k + 1 \) for all \( k \geq 1 \) and \( a_1 = 2 \). What is the smallest \( n \) for which \( a_n \) is divisible by 1000?
818	0.333333	algebra	\frac{a}{b} + \frac{b}{c} + \frac{c}{a} \geq 3 + \frac{(a - b)^2}{ab} + \frac{(b - c)^2}{bc} + \frac{(c - a)^2}{ca}	Let \( a, b, c \) be positive real numbers such that \( a + b + c = 1 \). Prove that: \[ \frac{a}{b} + \frac{b}{c} + \frac{c}{a} \geq 3 + \frac{(a - b)^2}{ab} + \frac{(b - c)^2}{bc} + \frac{(c - a)^2}{ca} \]
819	0.333333	geometry	\frac{abcd}{4K}	A convex quadrilateral \( ABCD \) is inscribed in a circle. Given that \( AB = a \), \( BC = b \), \( CD = c \), and \( DA = d \), and the area of \( ABCD \) is \( K \), find the radius \( R \) of the circumscribed circle in terms of \( a ...
820	0.444444	geometry	50	In a small town, there are 100 houses numbered from 1 to 100. Each house has a unique number of chickens, ranging from 1 to 100. The sum of the squares of the number of chickens in the houses is equal to the square of the sum of the number...
821	0.555556	geometry	4	In triangle \( ABC \), \( AB = AC = 5 \) and \( BC = 6 \). If \( D \) is a point on \( BC \) such that \( BD = 3 \), find the length of \( AD \).
822	0.777778	geometry	50	In the Cartesian plane, a circle with center (3, 4) passes through the origin. A square is inscribed in this circle such that two of its vertices lie on the y-axis. Find the area of the square.
823	0.444444	algebra	\pm \sqrt{2017}	What is the value of $x$ in the equation $(x-1)(x+1) = 2016$?
824	0.444444	number_theory	5954	Let \(a, b, c, d\) be positive integers such that \(a + b + c + d = 100\) and \(ab + ac + ad + bc + bd + cd = 2023\). Find the minimum possible value of \(a^2 + b^2 + c^2 + d^2\).
825	0.777778	number_theory	5	A sequence of positive integers \(a_1, a_2, a_3, \ldots, a_n\) is defined by the following rules: 1. \(a_1 = 2\) 2. For \(n \geq 2\), \(a_n = a_{n-1}^2 - a_{n-1} + 1\) Determine the number of terms in this sequence up to and including the ...
826	0.333333	geometry	84	Let \( ABCD \) be a convex quadrilateral with \( AB = 5 \), \( BC = 7 \), \( CD = 9 \), and \( DA = 11 \). Diagonals \( AC \) and \( BD \) intersect at \( P \) such that \( AP : PC = 2 : 3 \) and \( BP : PD = 1 : 3 \). Find the area of qua...
827	0.666667	geometry	1089	Let \( S \) be the set of all positive integers that can be expressed as the sum of three consecutive positive integers. If \( n \) is an element of \( S \) and \( n \) is also a perfect square, find the smallest possible value of \( n \) ...
828	0.333333	number_theory	(2, 2)	Find all pairs of positive integers \((a, b)\) such that the equation \[a^2 + b^2 = ab + 4\] has exactly three distinct solutions in positive integers.
829	0.555556	geometry	\frac{1}{2}	A square with side length 10 units is divided into four smaller squares by drawing two lines, one horizontal and one vertical, through the center of the square. Each of these smaller squares is then divided into two equal parts by drawing ...
830	0.750000	number_theory	101	A sequence of numbers starts with 1, and each subsequent term is obtained by adding to the previous term the smallest prime number that has not been used yet. The first few terms are 1, 2, 4, 7, 12, 19, 28, 39, 52, 67, ... What is the 10th...
831	0.666667	number_theory	6	Consider a sequence of 10 binary digits (0s and 1s). How many such sequences are there such that the number of 1s is exactly 5, and no two 1s are adjacent?
832	0.444444	number_theory	124	Find the smallest positive integer \( n \) such that \( n \cdot 2^n + n^2 \cdot 2^n \) is divisible by 1000.
833	0.555556	algebra	\frac{a}{b+c} + \frac{b}{a+c} + \frac{c}{a+b} \geq \frac{3}{2}	Let \(a\), \(b\), and \(c\) be positive real numbers such that \(a + b + c = 3\). Prove that: \[ \frac{a}{b+c} + \frac{b}{a+c} + \frac{c}{a+b} \geq \frac{3}{2} \]
834	0.333333	combinatorics	2	In a unique town, there are three different colored houses: red, blue, and green. Each house on the street follows a specific pattern: every fifth house is red, every tenth house is blue, and every fifteenth house is green. If the street h...
835	0.555556	geometry	0	Let \( a, b, \) and \( c \) be positive integers such that \( a + b + c = 2024 \). Define \( S \) as the sum of the squares of the remainders when \( a, b, \) and \( c \) are divided by 4. Determine the minimum possible value of \( S \).
836	0.333333	number_theory	14	In the sequence \( a_n \), where \( a_1 = 1 \) and \( a_{n+1} = a_n + \frac{1}{a_n} \) for \( n \geq 1 \), determine the integer part of \( \sqrt{2a_{100}} \).
837	0.555556	geometry	\dfrac{1}{12}	In the cartesian plane, let A(0,0), B(1,0), and C(0,1) be three vertices of a right-angled triangle ABC. Point D is chosen randomly on the line segment BC. A line parallel to AC is drawn through point D, intersecting line AB at point E. Wh...
838	0.777778	algebra	6	Let \(a\), \(b\), and \(c\) be positive real numbers such that \(a + b + c = 3\). Find the minimum value of \[ \frac{a}{b} + \frac{b}{c} + \frac{c}{a} + \frac{ab}{c} + \frac{bc}{a} + \frac{ca}{b}. \]
839	0.666667	number_theory	7	Find all prime numbers \( p \) such that \( p^2 + 2p + 1 \) is a perfect cube.
840	0.333333	number_theory	120	Let $S$ be the set of all ordered triples of integers $(a_1,a_2,a_3)$ with $1 \le a_1,a_2,a_3 \le 10$ and $a_1 < a_2 < a_3$. Each ordered triple in $S$ generates a cubic equation $x^3 - a_3x^2 + a_2x - a_1 = 0$. Find the number of these eq...
841	0.777778	algebra	\frac{3}{5}	Let \( a \), \( b \), and \( c \) be positive real numbers such that \( a + b + c = 1 \). Prove that: \[ \frac{a}{1 + b + c} + \frac{b}{1 + c + a} + \frac{c}{1 + a + b} \geq \frac{3}{5} \]
842	0.444444	number_theory	3	What is the smallest positive integer \( n \) for which the polynomial \( P(x) = x^n + x^{n-1} + \cdots + x + 1 \) is divisible by \( x^2 - x + 1 \)?
843	0.666667	other	30	在一个神奇的森林里，有三种树：橡树、松树和枫树。森林被施了魔法，使得橡树的数量正好是松树数量的两倍，而枫树的数量则是松树数量的三倍。如果森林里总共有180棵树，那么松树有多少棵？
844	0.333333	geometry	12	In a 2024 high school mathematics competition, a club has 45 members, each of whom excels in at least one of three areas: algebra, geometry, or number theory. It is known that 30 members excel in algebra, 25 in geometry, and 20 in number t...
845	0.555556	number_theory	1366	What is the sum of the digits of the number \( 2^{1000} \)?
846	0.777778	number_theory	3	Given the sequence \(a_n\) defined by \(a_1 = 1\) and \(a_{n+1} = a_n + \frac{1}{a_n}\) for all \(n \geq 1\), find the smallest integer \(k\) such that \(a_k > 2\).
847	0.444444	other	2	In a magical land, there are three types of coins: gold (G), silver (S), and bronze (B). A spell has been cast such that when a gold coin is flipped, it turns into two silver coins. When a silver coin is flipped, it turns into two bronze c...
848	0.500000	number_theory	2	Find the smallest positive integer \( n \) such that \( n^2 + 1 \) is divisible by 5.
849	0.333333	algebra	\sqrt{21} + 2\sqrt{5}	Find the value of \( x \) if \( x^2 + \frac{1}{x^2} = 82 \) and \( x > 0 \).
850	0.750000	geometry	0	What is the remainder when the sum of the squares of the first 2023 positive integers is divided by 2023?
851	0.666667	number_theory	4	Find the smallest positive integer \( n \) such that \( n^2 + 5n + 6 \) is divisible by 7.
852	0.555556	combinatorics	1058400	Determine the number of ways to arrange the letters in the word "MATHEMATICS" such that no two vowels (A, E, I, O, U) are adjacent to each other.
853	0.444444	geometry	199	A sequence of positive integers \( a_1, a_2, a_3, \ldots \) is defined such that \( a_1 = 1 \) and for all \( n \geq 1 \), \( a_{n+1} \) is the smallest positive integer greater than \( a_n \) such that the sum of the first \( n+1 \) terms...
854	0.555556	other	0	In a city with 2021 neighborhoods, every pair of neighborhoods is connected by exactly one of two types of roads: paved or dirt. For each neighborhood, the number of paved roads connected to it is distinct. If it is known that there are a ...
855	0.444444	number_theory	47	Find the smallest positive integer \( n \) such that \( n! \) (n factorial) is divisible by \( 10^{10} \). Additionally, if \( n \) is a prime number, find the next smallest positive integer \( m \) such that \( m! \) is divisible by \( 10...
856	0.666667	geometry	0, 6	Find all integers \( n \) such that \( 2^n + n^2 \) is a perfect square.
857	0.444444	geometry	20	In a triangular park, the vertices are at points A, B, and C. A new circular fountain is to be constructed such that it is tangent to two sides of the triangle at points D and E on sides AB and BC respectively, and also tangent to the circ...
858	0.666667	number_theory	2	There exists a positive integer \( n \) such that \( n^2 + 5n + 6 \) is divisible by a prime \( p \). Find the smallest value of \( p \).
859	0.555556	algebra	9	Let \( f(x) = x^3 - 3x + 1 \). Find the number of real solutions to the equation \( f(f(x)) = 0 \).
860	0.333333	geometry	BD = 6.5, \quad DC = 7.5	Let $ABC$ be a triangle with $AB = 13$, $BC = 14$, and $CA = 15$. Point $D$ is on $BC$ such that $AD$ is the angle bisector of $\angle BAC$. Find the length of $BD$ and $DC$.
861	0.777778	number_theory	363	A sequence of numbers \(a_1, a_2, a_3, \ldots, a_n\) is defined by the recurrence relation \(a_{n+1} = 2a_n + a_{n-1}\) for all \(n \geq 2\), with initial conditions \(a_1 = 1\) and \(a_2 = 3\). What is the remainder when \(a_{10}\) is div...
862	0.333333	geometry	\frac{1}{6}	Consider a regular hexagon $ABCDEF$ with side length $s$. Points $G$, $H$, and $I$ are the midpoints of sides $AB$, $CD$, and $EF$, respectively. A circle is inscribed within the hexagon, tangent to all sides. What is the ratio of the area...
863	0.333333	geometry	A	Which of the following integers is a perfect square? A) 121 B) 122 C) 123 D) 124 E) 125
864	0.333333	number_theory	100	A sequence of positive integers \(a_1, a_2, a_3, \ldots\) is defined as follows: \(a_1 = 1\) and for \(n \geq 1\), \(a_{n+1}\) is the smallest positive integer such that \(a_{n+1} > a_n\) and \(a_{n+1} \nmid a_k\) for all \(k \leq n\). Fin...
865	0.777778	number_theory	0	Let \( f(x) \) be a polynomial with real coefficients such that \( f(2+i) = 0 \) and \( f(1) = 0 \). If \( f(x) \) has a degree of 4, what is the sum of all possible integer values of the constant term \( c \) in \( f(x) = x^4 + ax^3 + bx^...
866	0.333333	geometry	\frac{1}{2}	A circle of radius 1 is inscribed in a right triangle with legs of lengths 3 and 4. A smaller circle is inscribed in the triangle formed by the two tangents from the right angle to the smaller circle and the hypotenuse of the original tria...
867	0.333333	geometry	7.8	Let \( ABC \) be a triangle with sides \( AB = 13 \), \( BC = 14 \), and \( CA = 15 \). Point \( D \) lies on side \( BC \) such that \( BD = 5 \) and \( DC = 9 \). The angle bisector of \( \angle BAD \) intersects \( AC \) at point \( E \...
868	0.333333	geometry	2	Consider a sequence of positive integers \(a_1, a_2, a_3, \ldots, a_n\) such that each term is the sum of the squares of its digits. For example, \(a_1 = 5\) gives \(a_2 = 5^2 = 25\) and \(a_3 = 2^2 + 5^2 = 29\). Find the smallest positive...
869	0.555556	geometry	AP \parallel BC	Let \( ABC \) be an acute triangle with \( AB \neq AC \). The circle with diameter \( BC \) intersects \( AB \) and \( AC \) at \( D \) and \( E \), respectively. The line \( DE \) intersects the circumcircle of \( \triangle ABC \) at poin...
870	0.444444	geometry	2x	Consider a square \(ABCD\) with side length \(s\). Point \(P\) is chosen on side \(AB\) such that \(AP = x\) and point \(Q\) is chosen on side \(BC\) such that \(BQ = y\). If the area of triangle \(APD\) is equal to the area of triangle \(...
871	0.333333	algebra	-21	In the small town of Mathville, a unique festival is celebrated where every participant must wear a hat with a number on it. The numbers on the hats follow a specific pattern: the first hat has the number 1, the second hat has the number 2...
872	0.444444	geometry	(6, 0)	A function f(x) is defined as f(x) = x^2 - 12x + 36. Find the vertex of the parabola represented by f(x).
873	0.333333	number_theory	1	Find all positive integers \( n \) such that the sum of the first \( n \) positive integers, plus the sum of the first \( n \) odd positive integers, equals \( n^2 \).
874	0.444444	number_theory	\frac{1109}{2024}	A positive integer \( n \) is chosen at random from the set \(\{1, 2, 3, \ldots, 2024\}\). Compute the probability that \( n \) is divisible by 3, 5, or 7. Express your answer as a fraction in simplest form.
875	0.571429	geometry	\frac{1}{63}	A right circular cone has a base radius of \( r \) and a height of \( h \). A smaller cone is inscribed within it such that its vertex touches the vertex of the larger cone, and its base lies on the base of the larger cone. If the height o...
876	0.666667	geometry	360^\circ	Consider a regular octagon \(ABCDEFGH\). Let \(O\) be the center of the octagon. The sum of all the interior angles of the octagon is \(1080^\circ\). Calculate the sum of the angles \(\angle AOB + \angle BOC + \angle COD + \angle DOE + \an...
877	0.555556	number_theory	4	What is the value of \(x\) in the equation \(\sqrt{x + 5} - \sqrt{x - 3} = 2\), where \(x\) is a non-negative integer?
878	0.555556	number_theory	3	In the sequence of all positive integers, every term after the first is determined by the following rule: if the current term is even, the next term is half of the current term; if the current term is odd, the next term is three times the ...
879	0.428571	number_theory	0	What is the remainder when the product of the first 100 positive integers that are not divisible by 5 is divided by 100?
880	0.777778	number_theory	1	A sequence of numbers is defined as follows: a_1 = 1, and for all n ≥ 2, a_n = 2a_{n-1} + (-1)^n. What is the remainder when a_10 is divided by 11?
881	0.777778	geometry	20	In triangle \(ABC\), let \(D\), \(E\), and \(F\) be the midpoints of sides \(BC\), \(CA\), and \(AB\) respectively. The lines \(AD\), \(BE\), and \(CF\) intersect at the centroid \(G\) of the triangle. If the area of triangle \(ABC\) is 12...
882	0.666667	algebra	9	Let \(f(x) = x^3 - 3x + 1\). Find the number of distinct real roots of the equation \(f(f(x)) = 0\).
883	0.666667	number_theory	137	A positive integer \( n \) has the property that when divided by 11, it leaves a remainder of 5, and when divided by 13, it leaves a remainder of 7. What is the smallest possible value of \( n \) that satisfies these conditions?
884	0.375000	other	3	What is the minimum number of cuts required to divide a rectangular cake into 7 identical pieces using straight cuts only?
885	0.777778	geometry	60^\circ	In triangle \( ABC \), points \( D, E, \) and \( F \) are located on sides \( BC, CA, \) and \( AB \) respectively such that \( BD = DE = EF = FA = AE = DC \). Find the measure of angle \( BAC \) in degrees.
886	0.428571	geometry	10 - 5\sqrt{2}	A circle with radius 5 is inscribed in a square. A smaller circle is inscribed in a quarter of the square adjacent to one of its sides. Find the radius of the smaller circle.
887	0.666667	algebra	\frac{\sqrt{6}}{2}	Let \( a, b, \) and \( c \) be positive real numbers such that \( a + b + c = 1 \). Find the minimum value of the expression \[ \frac{a}{\sqrt{a + b}} + \frac{b}{\sqrt{b + c}} + \frac{c}{\sqrt{c + a}}. \]
888	0.333333	geometry	\infty	A convex polygon with an odd number of sides is divided into triangles by drawing non-intersecting diagonals. If the number of triangles formed is $n$, and the number of sides of the polygon is $m$, find the number of distinct values of $\...
889	0.333333	geometry	2\pi - 4	A square with side length 2 units is inscribed inside a larger square. The larger square has its corners touching the midpoints of the smaller square's sides. A circle is inscribed in the larger square. What is the area of the shaded regio...
890	0.555556	geometry	0	In the complex plane, the roots of the polynomial \(P(z) = z^3 + az^2 + bz + c\) are \(1 + i\), \(1 - i\), and \(1\). If the area of the triangle formed by these roots as vertices is \(A\), find the value of \(A^2\).
891	0.444444	number_theory	3	In a sequence of \(n\) positive integers where each integer is greater than 1, the product of any two distinct elements is not divisible by the third. Find the maximum possible value of \(n\).
892	0.777778	algebra	\frac{52}{11}	If $f(x) = \frac{2x + 3}{x - 1}$, what is the value of $f(f(f(2)))$?
893	0.333333	number_theory	5	Let \( S \) be the set of all positive integers \( n \) such that there exists a positive integer \( k \) with \( n = k^2 + k + 1 \). Find the number of elements in the set \( S \) that are less than 1000 and can be expressed as the sum of...
894	0.666667	number_theory	1	** Let \( S \) be the set of all positive integers. Define a function \( f: S \to S \) such that \( f(n) = n^2 + 1 \). If \( T \) is the set of all numbers of the form \( f(n) \), find the smallest positive integer \( k \) such that every ...
895	0.750000	geometry	8	A circle is inscribed in a right-angled triangle with sides of lengths 6, 8, and 10 units. A square is inscribed in this circle. Find the area of the square.
896	0.333333	geometry	\frac{\sqrt{3}}{4} s^2	A regular hexagon $ABCDEF$ has side length $s$. Let $P$ be the intersection of diagonals $AD$ and $BE$, and let $Q$ be the intersection of diagonals $BD$ and $CE$. Determine the area of triangle $PQF$ in terms of $s$.
897	0.666667	other	804	In a magical land, there are three types of trees: Oak, Pine, and Maple. Each Oak tree has 42 branches, each Pine has 36 branches, and each Maple has 48 branches. One day, a magic spell is cast that makes all trees double their number of b...
898	0.333333	geometry	\frac{2}{3}	There is a regular hexagon inscribed in a circle with radius $r$. Two points are chosen randomly on the circle. What is the probability that the distance between the two points is at least equal to the side length of the hexagon?
899	0.777778	number_theory	2024	A positive integer \( n \) is called a "Petrov number" if the sum of its digits is divisible by 4. Find the smallest Petrov number greater than 2023.
900	0.333333	geometry	1	Find all positive integers \( n \) such that \( n^3 - 3n^2 + 2n + 1 \) is a perfect square.
901	0.666667	number_theory	28440	What is the sum of all positive integers less than 1000 that are divisible by both 3 and 5, but not by 7?
902	0.333333	number_theory	4	In the sequence defined by \(a_1 = 1\), \(a_2 = 2\), and \(a_n = 3a_{n-1} - 2a_{n-2}\) for \(n \geq 3\), find the smallest \(k\) such that \(a_k\) is divisible by 1000.
903	0.555556	logic_puzzle	16	In a group of 20 friends, each person has a unique collection of four favorite sports: football, basketball, soccer, and tennis. It is known that: - 15 people like football. - 12 people like basketball. - 8 people like soccer. - 6 people l...
904	0.666667	number_theory	40	In the sequence defined by \( a_n = n^2 + n + 41 \), find the smallest positive integer value of \( n \) for which \( a_n \) is not a prime number.
905	0.428571	other	9	In a kingdom, there are three types of coins: gold, silver, and bronze. A gold coin is worth 10 silver coins, and a silver coin is worth 10 bronze coins. A traveler has a bag containing a total of 100 coins, with at least one of each type....
906	0.555556	number_theory	2^{2023} - 1	A sequence of positive integers \( a_1, a_2, a_3, \ldots \) is defined recursively by \( a_1 = 1 \) and for \( n \geq 1 \), \[ a_{n+1} = \begin{cases} 2a_n + 1 & \text{if } a_n \text{ is odd}, \\ \frac{a_n}{2} & \text{if } a_n \text{ is ev...
907	0.333333	geometry	0	In the coordinate plane, consider the equation \(x^2 + y^2 = 25\), which represents a circle centered at the origin with radius 5. If \(P\) is a point on the circle such that the line segment from the origin to \(P\) makes an angle of \(60...
908	0.666667	geometry	\frac{\pi}{16}	A circle with radius 10 units is inscribed in a square. A point P is chosen at random inside the square. What is the probability that the distance from P to the center of the circle is less than 5 units?
909	0.444444	number_theory	1	Find the smallest positive integer \( n \) such that \( n^3 - 1 \) is divisible by 15.
910	0.777778	number_theory	3	Find the smallest positive integer $n$ such that the number $10^n - 1$ is divisible by $37$.
911	0.333333	number_theory	1	Find all positive integers \( n \) such that there exists a permutation \( (a_1, a_2, \ldots, a_n) \) of the set \( \{1, 2, \ldots, n\} \) satisfying the equation \[ a_1 + a_2 + \cdots + a_k = k \cdot a_{k+1} \] for all \( k = 1, 2, \ldots...
912	0.333333	number_theory	100	A sequence of positive integers \(a_1, a_2, a_3, \ldots\) satisfies \(a_{n+1} = a_n + d_n\) for all \(n \geq 1\), where \(d_n\) is the greatest common divisor of \(a_n\) and \(n\). If \(a_1 = 1\), what is the smallest possible value of \(a...
913	0.666667	algebra	13	In a high school math club with 25 members, each member can either solve algebra problems, geometry problems, or both. If 18 members can solve algebra problems and 20 can solve geometry problems, how many members can solve both algebra and...
914	0.666667	geometry	\frac{R^2}{2} \sin(2A + 2B + 2C)	Let \( ABC \) be a triangle with circumcenter \( O \) and orthocenter \( H \). The circumcircle of triangle \( ABC \) has radius \( R \). Suppose that the feet of the altitudes from \( A \), \( B \), and \( C \) are \( D \), \( E \), and \...
915	0.777778	other	3	What is the minimum number of weighings needed to identify the single defective ball among 12 identical-looking balls, where the defective ball is either heavier or lighter than the others, using a balance scale?
916	0.333333	number_theory	4	Let \( S \) be the set of all integers \( n \) such that \( 1 \leq n \leq 1000 \) and \( n \) has the property that \( n^2 \equiv 1 \pmod{1000} \). Determine the number of elements in \( S \).
917	0.333333	geometry	2000	In a right triangle, the lengths of the legs are integers, and the length of the hypotenuse is 65 units. If the area of the triangle is 1000 square units, find the product of the lengths of the legs.
918	0.333333	geometry	2	Let \( ABCD \) be a rectangle with side lengths \( AB = 4 \) and \( BC = 6 \). A semicircle with diameter \( AB \) is drawn inside the rectangle. Let \( P \) be a point on the semicircle such that the distance from \( P \) to \( AD \) is 3...
919	0.500000	geometry	\sqrt[3]{3}	In a geometric sequence \( \{a_n\} \) with positive terms, the first term \( a_1 = 1 \) and the common ratio is \( r \). If the sum of the first three terms is \( \frac{9}{2} \), and the product of the second and third terms is 3 times the...
920	0.555556	geometry	n=1	Find all positive integers \( n \) such that the sum of the squares of the first \( n \) positive integers is equal to the product of the \( n \)-th Fibonacci number and the \( (n+1) \)-th Fibonacci number. That is, solve for \( n \) in th...
921	0.555556	number_theory	288	Given the sequence of numbers \(a_n\) defined by \(a_1 = 1\), \(a_2 = 2\), and for \(n \geq 3\), \(a_n = a_{n-1} + 2a_{n-2}\). Find the remainder when \(a_{20}\) is divided by 1000.
922	0.777778	number_theory	42	Let \( f(n) \) be the number of ways to express a positive integer \( n \) as a sum of positive integers where the order of the summands does not matter. For example, \( f(4) = 5 \) because \( 4 \) can be expressed as \( 4, 3+1, 2+2, 2+1+1...
923	0.444444	geometry	2	A circle with radius $r$ is inscribed in a square. A second circle is then inscribed tangent to two sides of the square and the first circle. If the radius of the first circle is $4$, what is the radius of the second circle?
924	0.666667	geometry	1080	In a unique polygon, every side is perpendicular to its next side in the cyclic order, and all interior angles are either 90° or 270°. If this polygon has 8 sides and one of its interior angles is 270°, what is the maximum possible sum of ...
925	0.444444	number_theory	1	There is a sequence of numbers that follows a unique pattern: starting with 1, each subsequent term is generated by squaring the sum of its digits. For example, the first term is 1, and the second term is \(1^2 = 1\). The third term is \((...
926	0.444444	geometry	\frac{1}{4}	In the coordinate plane, let \( P \) be a point inside the unit circle centered at the origin. Draw a line segment from \( P \) to the point \( A = (1, 0) \) on the x-axis. Let \( Q \) be the midpoint of this segment. Reflect point \( Q \)...
927	0.500000	combinatorics	1	There are 5 people standing in a row, numbered 1 to 5 from left to right. Each person is either a truth-teller or a liar. A truth-teller always tells the truth, while a liar always lies. Person 1 says, "There are exactly two truth-tellers ...
928	0.555556	combinatorics	3263443	A sequence of numbers is defined recursively by \(a_1 = 2\), and for \(n \geq 2\), \(a_n = a_{n-1}^2 - a_{n-1} + 1\). Find the value of \(a_6\).
929	0.666667	algebra	2022	** Let \( P(x) \) be a polynomial with real coefficients such that \( P(x) = x^3 + ax^2 + bx + c \). It is given that \( P(1) = 2023 \) and \( P(-1) = -2023 \). Determine the value of \( a + b + c \).
930	0.333333	number_theory	1	A positive integer \( n \) is called **special** if for any positive integer \( k \), the number \( n^2 + k \) is not divisible by 2021. Find all special numbers.
931	0.333333	combinatorics	45927	In a certain kingdom, the king has decreed that every year, each family must choose one of the three local festivals to celebrate, with no restrictions on how many times a family can choose the same festival in consecutive years. However, ...
932	0.555556	number_theory	26	Let \( f(x) \) be a polynomial of degree 4 with integer coefficients such that \( f(1) = 2 \), \( f(2) = 5 \), \( f(3) = 10 \), and \( f(4) = 17 \). Find the value of \( f(5) \).
933	0.333333	number_theory	1	** What is the smallest positive integer \( n \) such that \( n^2 - 1 \) is divisible by 10 and \( n^3 - 1 \) is divisible by 12?
934	0.375000	number_theory	1	Find all positive integers \( n \) such that the polynomial \( P(x) = x^n + nx^{n-1} + \binom{n}{2}x^{n-2} + \cdots + \binom{n}{k}x^{n-k} + \cdots + n \) has a root that is a rational number.
935	0.333333	number_theory	126	Consider a sequence of integers \( a_1, a_2, a_3, \ldots, a_{10} \) such that for each \( i \), \( 1 \leq i \leq 9 \), the difference \( a_{i+1} - a_i \) is either 1 or -1. If the sequence starts with \( a_1 = 1 \) and ends with \( a_{10} ...
936	0.555556	other	21	在一个正方体的每个面上写一个自然数，使得任意两个相邻面的数字之和等于这两个面对应的数字的乘积。如果正方体的六个面分别为a, b, c, d, e, f，且a=1, b=2, c=3, d=4, e=5, f=6，那么计算所有面的数字之和是多少？
937	0.500000	geometry	30^\circ	In an isosceles triangle \(ABC\) with \(AB = AC\) and \(\angle BAC = 20^\circ\), point \(D\) is on \(AB\) such that \(AD = BC\). Additionally, point \(E\) is on \(AC\) such that \(AE = BD\). Find the measure of \(\angle ACD\).
938	0.444444	geometry	24	A cube has a side length of 6 units. A plane cuts through the cube, parallel to one of its faces, at a distance of 2 units from that face. The plane then cuts through the cube along a line that intersects the midpoints of two opposite edge...
939	0.444444	geometry	0	In a mystical land, there are 100 cities arranged in a circle. Each city is connected to its two neighboring cities by a road. A traveler starts at a city and wishes to visit every other city exactly once before returning to the starting c...
940	0.777778	number_theory	6	Let \( P(x) = x^3 - ax^2 + bx - c \) be a cubic polynomial with integer coefficients such that \( P(1) = 17 \), \( P(2) = 34 \), and \( P(3) = 51 \). Find the value of \( c \).
941	0.500000	algebra	0	Let \( S \) be the set of all complex numbers \( z \) such that \( z^{2023} = 1 \). Define the function \( f(z) = z^2 + \frac{1}{z^2} \). Determine the sum of all values of \( f(z) \) for \( z \in S \).
942	0.777778	number_theory	7	Find the smallest positive integer \( n \) such that \( n^3 + 2n^2 + 3n \) is divisible by 7.
943	0.444444	geometry	10	Find the smallest positive integer $n$ such that the product of its digits in base 10 is a perfect square and $n$ is a multiple of 10.
944	0.444444	algebra	32	Let \( f(x) \) be a polynomial of degree 3 such that \( f(1) = 0 \), \( f(2) = 2 \), \( f(3) = 8 \), and \( f(4) = 18 \). Find the value of \( f(5) \).
945	0.444444	geometry	\frac{1}{8}	In the diagram below, we have a regular octagon \(ABCDEFGH\) with side length \(2\). Diagonals \(AC\) and \(DF\) intersect at point \(I\). What is the area of triangle \(AIC\), expressed as a fraction of the total area of the octagon? \[\t...
946	0.666667	algebra	18	Let $f(x)$ be a function defined for all real numbers $x$ such that $f(1) = 3$, $f(2) = 6$, and $f(3) = 11$. If for all $x$, $f(x) = x^2 + ax + b$, find the value of $f(4)$.
947	0.777778	algebra	1	Let \( f: \mathbb{R} \to \mathbb{R} \) be a function such that \( f(x + f(y)) = f(x) + y \) for all \( x, y \in \mathbb{R} \). Find all possible values of \( f(1) \).
948	0.555556	geometry	15	<content> There are 10 points on a circle, and each point is connected to exactly 3 other points. If a point is connected to two others, how many lines are drawn through the circle? Assume no three points are collinear. </content>
949	0.444444	number_theory	\frac{1}{2}	Let \( f(x) \) be a continuous function defined on \([0, 1]\) such that \( f(0) = 0 \) and \( f(1) = 1 \). Suppose that for all \( x \in [0, 1] \), \( f(x) \) satisfies the equation \( f(x) = f(1 - x) \). Furthermore, let \( S \) denote th...
950	0.714286	other	27	Given A, B, C are 2x2 matrices with tr(A) = tr(B) = tr(C) = 2 and det(A) = det(B) = det(C) = 3, if A^2 + B^2 + C^2 = \begin{pmatrix} 8 & 0 \\ 0 & 8 \end{pmatrix}, find det(ABC).
951	0.666667	algebra	124900	Find the sum of the first 50 terms of the sequence defined by \( a_n = n^3 - (n-1)^3 \) for \( n \geq 1 \).
952	0.666667	algebra	50.5	In a small village, there are 100 houses. Each house has a unique number from 1 to 100. Every night, the wizard of the village casts a spell on each house, changing the number on its door by either adding or subtracting 3 from the original...
953	0.333333	other	0	In the kingdom of Mathland, there are three types of coins: gold (G), silver (S), and bronze (B). The exchange rate between these coins is such that 1 gold coin is equivalent to 5 silver coins, and 1 silver coin is equivalent to 7 bronze c...
954	0.555556	geometry	r	A regular hexagon is inscribed in a circle with radius \(r\). If the hexagon is rotated about its center by an angle \(\theta\) such that \(0^\circ < \theta < 60^\circ\), find the minimum value of \(r\) for which the rotated hexagon still ...
955	0.777778	geometry	4\sqrt{13}	In a right-angled triangle \( ABC \) with \( \angle C = 90^\circ \), the lengths of the sides opposite to angles \( A \), \( B \), and \( C \) are \( a \), \( b \), and \( c \) respectively. If \( a + b = 20 \) and the area of the triangle...
956	0.333333	geometry	50	In a regular octagon \(ABCDEFGH\), vertices \(A\), \(C\), \(E\), and \(G\) are joined to form a smaller square inside the octagon. If the area of the octagon is 100 square units, what is the area of the smaller square?
957	0.444444	geometry	32400	Find the smallest positive integer \( n \) such that \( n \) is a perfect square and \( n \) is also a multiple of 2160.
958	0.333333	other	9	In a magical kingdom, there are three types of coins: gold, silver, and bronze. Each gold coin is worth 10 silver coins, and each silver coin is worth 10 bronze coins. A young adventurer finds a chest containing a total of 100 coins. If th...
959	0.777778	geometry	24	There exists a regular polygon where each exterior angle measures 15 degrees. How many sides does this polygon have?
960	0.555556	geometry	\left( \frac{\sqrt{2}}{2}, \frac{\sqrt{2}}{2} \right)	In the coordinate plane, a circle centered at the origin has radius 1. Points \(A\) and \(B\) lie on the circle such that the line segment \(AB\) passes through the origin and forms a \(60^\circ\) angle with the positive x-axis. Point \(C\...
961	0.555556	geometry	60^\circ	In triangle \( ABC \), points \( D \), \( E \), and \( F \) are on sides \( AB \), \( BC \), and \( CA \) respectively, such that \( AD = BE = CF \). If the angles at \( D \), \( E \), and \( F \) are \( \angle ADC = \angle BEC = \angle CF...
962	0.333333	geometry	40\sqrt{3}	In a triangle \( \triangle ABC \), the lengths of sides \( AB \) and \( AC \) are 10 and 14, respectively, and the length of the median from \( A \) to \( BC \) is 8. Find the area of the triangle \( \triangle ABC \).
963	0.555556	number_theory	(507, 505), (255, 251), (57, 35), (45, 1)	Find all integer solutions \((x, y)\) to the equation \(x^2 - y^2 = 2024\), where \(x\) and \(y\) are positive integers and \(x > y\).
964	0.666667	geometry	\frac{9\sqrt{2}}{2}	A circle with a radius of 9 units is inscribed in a square. A smaller square is inscribed within the circle such that its corners touch the circle. Find the side length of the smaller square if its diagonal is equal to the radius of the ci...
965	0.444444	geometry	2:1	In triangle ABC, points D, E, and F are on sides BC, CA, and AB respectively, such that AD, BE, and CF are concurrent at point P. If the lengths of the segments BD, DE, EF, and FA are given by \( x, y, z, \) and \( w \) respectively, and t...
966	0.444444	geometry	5\sqrt{29}	A circle with center \( O \) has radius 10 units. A point \( P \) lies on the circle, and a line segment \( PQ \) is drawn from \( P \) to a point \( Q \) on the extension of the diameter \( OP \) such that \( PQ = 15 \) units. If a point ...
967	0.333333	combinatorics	1310720	In a small village, there are 10 houses, each colored differently. The village has decided to host a yearly festival where each house decorates its exterior in a unique way. There are 5 decorations available, each representing a different ...
968	0.444444	geometry	(1, 1)	Find all pairs of positive integers $(x, y)$ such that $x^2 + 3y$ and $y^2 + 3x$ are both perfect squares. Prove that there are no other pairs satisfying this condition.
969	0.666667	other	40	A high school has 100 students. Each student is either a member of the chess club or the math club, or both. The chess club has 40 members, and the math club has 60 members. If the number of students who are members of both clubs is equal ...
970	0.777778	number_theory	1	What is the smallest positive integer $n$ for which $\sqrt{\frac{n}{2} + \frac{n}{3} + \frac{n}{6}}$ is an integer?
971	0.444444	geometry	22	In a magical forest, there are 100 different types of trees. Each tree has a unique number of leaves, and the number of leaves on each tree is a positive integer. It is known that no tree has fewer than 100 leaves or more than 1000 leaves....
972	0.777778	geometry	2	Let \( S \) be the set of all positive integers \( n \) such that \( n^3 + 5n^2 + 4n \) is a perfect square. Find the sum of all elements in \( S \).
973	0.666667	number_theory	210	What is the smallest positive integer $n$ such that $n^2$ is divisible by 9, 49, and 100?
974	0.555556	other	3	In a magical land, there are three types of coins: gold (G), silver (S), and bronze (B). A spell has been cast such that when two different types of coins are placed together, they transform into the third type. For example, a gold and a s...
975	0.444444	geometry	2	In the coordinate plane, consider a sequence of points \((P_n)\) where \(P_1\) is at \((0,0)\) and for \(n \geq 1\), \(P_{n+1}\) is the midpoint of the line segment joining \(P_n\) and the point \((2^n, 0)\). Let \(S\) be the set of all po...
976	0.666667	number_theory	10	Find the smallest positive integer \( n \) such that \( n \) is divisible by 10 and the product of its digits is also divisible by 10.
977	0.555556	geometry	60	A rectangular garden is to be enclosed by a fence. The length of the garden is twice its width, and the total area of the garden is 200 square meters. What is the perimeter of the garden in meters?
978	0.333333	number_theory	28	For a positive integer \( n \), define \( f(n) \) as the sum of the digits of \( n \) when \( n \) is written in base 10. For example, \( f(123) = 1 + 2 + 3 = 6 \). Find the smallest positive integer \( n \) such that \( f(n) = 10 \) and \...
979	0.666667	number_theory	8	What is the smallest positive integer that can be expressed as the sum of two distinct prime numbers and the product of two different integers, where both integers are greater than 1?
980	0.333333	algebra	\frac{3}{2}	Let \( a, b, \) and \( c \) be positive real numbers such that \( a^2 + b^2 + c^2 = 1 \). Prove that: \[ \frac{a^2}{b+c} + \frac{b^2}{a+c} + \frac{c^2}{a+b} \geq \frac{3}{2}. \]
981	0.333333	number_theory	\frac{19}{55}	In a certain game, you have a set of cards numbered from 1 to 12. You select three distinct cards at random. What is the probability that the sum of the numbers on the three cards is divisible by 3?
982	0.777778	geometry	15	In the coordinate plane, points \(A(0,0)\), \(B(20,0)\), and \(C(20,10)\) form a triangle. A line segment \(DE\) is drawn parallel to \(BC\) and \(DE\) intersects \(AB\) at \(D\) and \(AC\) at \(E\), such that the area of triangle \(ADE\) ...
983	0.333333	geometry	2	Let \( ABC \) be a triangle with \( AB = AC \). Point \( D \) lies on \( BC \) such that \( BD = 2DC \). The incircle of triangle \( ABD \) touches \( AB \) and \( AD \) at points \( P \) and \( Q \) respectively, while the incircle of tri...
984	0.555556	algebra	36	A polynomial \( P(x) \) satisfies the equation \( P(x+1) - P(x) = 2x + 3 \) for all real numbers \( x \). Given that \( P(0) = 1 \), find \( P(5) \).
985	0.777778	geometry	OR \perp PQ	Let \(ABC\) be a triangle with circumcenter \(O\) and incenter \(I\). The incircle touches \(BC\), \(CA\), and \(AB\) at \(D\), \(E\), and \(F\) respectively. Let \(P\) be the intersection of \(AI\) and \(DE\), and \(Q\) be the intersectio...
986	0.666667	logic_puzzle	2772	In the magical forest, there are two types of mystical trees: Whispering Willows and Enchanted Elms. Whispering Willows grow in a unique pattern: they double in number every year, starting with 2 trees. Enchanted Elms also grow in a peculi...
987	0.444444	geometry	\frac{1}{6}	In a triangle \( ABC \), let \( D \) be a point on \( BC \) such that \( BD:DC = 2:1 \). Let \( E \) be a point on \( AC \) such that \( AE:EC = 1:1 \). The line \( DE \) intersects the circumcircle of \( ABC \) again at point \( F \). If ...
988	0.333333	geometry	1	In the Cartesian plane, consider points $A(0, 0)$, $B(1, 0)$, and $C(0, 1)$. A point $P(x, y)$ is chosen such that it lies on the line segment $AB$ and the area of triangle $APC$ is equal to the area of triangle $BPC$. If $P$ also satisfie...
989	0.555556	geometry	125	In triangle \( ABC \), the angle bisectors of \( \angle BAC \) and \( \angle ABC \) intersect at point \( I \). If \( \angle BAC = 50^\circ \) and \( \angle ABC = 60^\circ \), find the measure of \( \angle AIC \) in degrees.
990	0.777778	geometry	1	Find the smallest positive integer \( n \) such that \( n^2 + 14n + 49 \) is a perfect square.
991	0.555556	combinatorics	1	Consider the function \( f(x) \) defined on the interval \( [0, 1] \) such that \( f(x) = x^2 + 2bx + c \) where \( b \) and \( c \) are constants. Suppose that for any \( x \) in the interval, the value of \( f(x) \) is always less than o...
992	0.333333	number_theory	98	Find the number of ordered pairs of integers $(x, y)$ such that $1 \leq x, y \leq 50$ and the equation $x^2 + y^2 = 2xy + 1$ holds.
993	0.666667	number_theory	2	What is the remainder when \( 5^{2024} + 7^{2024} \) is divided by 9?
994	0.444444	other	\infty	Find the value of \( x \) such that \( \left(1 + \frac{1}{x}\right)^{x+1} = e \).
995	0.444444	geometry	4\sqrt{10}	In a triangle \(ABC\), the sides are \(AB = 13\), \(BC = 14\), and \(CA = 15\). Point \(D\) is on \(BC\) such that \(BD = 9\) and \(DC = 5\). Find the length of the line segment \(AD\).
996	0.777778	combinatorics	1023	Let \( S \) be the set of all non-empty subsets of the set \( \{1, 2, 3, \ldots, 10\} \). A subset \( A \) of \( S \) is called "valid" if there exists an element \( x \) in \( A \) such that \( x \) is the smallest element in \( A \). Let...
997	0.444444	geometry	1	What is the smallest positive integer \( n \) such that the sum of the first \( n \) positive integers is a perfect square, and \( n \) itself is also a perfect square?
998	0.625000	geometry	\frac{1}{6}	In the Cartesian plane, let \( A = (0, 0) \), \( B = (1, 0) \), and \( C = (0, 1) \). A point \( P \) inside triangle \( ABC \) is chosen such that the distances from \( P \) to the sides \( BC \), \( CA \), and \( AB \) are in the ratio \...
999	0.333333	geometry	60	In a triangle \(ABC\), point \(D\) is on side \(BC\) such that \(BD:DC = 2:3\). Point \(E\) is on side \(AC\) such that \(AE:EC = 1:4\). If the area of triangle \(ABC\) is 100 square units, find the area of quadrilateral \(ABDE\).
1000	0.375000	geometry	\frac{1}{3}	In the complex plane, let $A$, $B$, and $C$ be the vertices of an equilateral triangle with side length $10$. A complex number $z$ is chosen randomly from the interior of this triangle. What is the probability that $z$ is closer to $A$ tha...
1001	0.333333	number_theory	10	A sequence of integers \(a_1, a_2, a_3, \ldots\) is defined by \(a_1 = 1\) and for \(n \geq 2\), \(a_n\) is the smallest positive integer such that \(a_n\) is not a divisor of \(a_{n-1}\) and \(a_n\) is not a multiple of any previous term ...
1002	0.333333	combinatorics	32	A sequence of numbers starts with 1 and each subsequent number is the sum of all the previous numbers in the sequence. If the 5th number in the sequence is 31, what is the 7th number in the sequence?
1003	0.666667	algebra	0	If \( x \) is a real number such that \( x^3 + 2x + 3 = 0 \) and \( y \) is a real number such that \( y^3 - 2y + 3 = 0 \), find the value of \( x + y \).
1004	0.555556	geometry	a^2 + b^2 - r^2	In the coordinate plane, a circle is defined by the equation \(x^2 + y^2 = r^2\), where \(r\) is the radius. A point \((a, b)\) lies outside this circle. If a line passing through \((a, b)\) intersects the circle at two distinct points \((...
1005	0.333333	number_theory	7	Consider a sequence of positive integers \(a_1, a_2, \ldots, a_n\) such that each term is defined as follows: \(a_{k+1} = 3a_k + k^2\) for \(k = 1, 2, \ldots, n-1\), and \(a_1 = 2\). Find the remainder when \(a_{10}\) is divided by \(100\).
1006	0.333333	number_theory	1	Find all positive integers \( n \) such that the number of positive divisors of \( n^2 \) is exactly \( n \). Prove that these are the only possible values of \( n \).
1007	0.666667	geometry	-3	Let \( f(x) = x^3 - 3x^2 + 2 \) and \( g(x) = 2x - 1 \). Find the number of points where the graph of \( f(x) \) intersects the graph of \( g(x) \) and determine the product of these points' x-coordinates.
1008	0.777778	geometry	\frac{s^2}{2}	A circle is inscribed in a square, and a smaller square is inscribed in the circle such that its vertices touch the circle at the midpoints of the circle's circumference. If the side length of the larger square is \( s \), find the area of...
1009	0.555556	sequence	1	In the sequence \(a_1, a_2, a_3, \ldots, a_{100}\), where each term is either 0 or 1, it is known that the number of consecutive pairs of 1's is exactly 50. For example, if \(a_1 = a_2 = 1\), \(a_3 = a_4 = 0\), \(a_5 = a_6 = 1\), and so on...
1010	0.777778	geometry	128	In the triangular pyramid $PQRS$, the base $PQR$ is an isosceles triangle with $PQ = PR = 10$ and $QR = 12$. The height from $P$ to the base $PQR$ is $8$. Find the volume of the pyramid.
1011	0.444444	algebra	\frac{74}{3}	Let \( f(x) \) be a function defined for all real numbers \( x \) such that \( f(x) = x^3 + ax^2 + bx + c \), where \( a, b, \) and \( c \) are real constants. It is given that \( f(1) = 0 \), \( f(-1) = 2 \), and \( f(2) = 6 \). Determine...
1012	0.500000	geometry	30	A right triangle has legs of lengths \(a\) and \(b\), and a hypotenuse of length \(c\). If \(a\), \(b\), and \(c\) are positive integers and \(a + b + c = 30\), find the area of the triangle.
1013	0.333333	number_theory	n\equiv 1,3 \pmod 4	Find all positive integers \( n \) such that the number \( 2^n + 3^n \) is divisible by 5.
1014	0.500000	geometry	18	What is the maximum possible area of a quadrilateral with side lengths 1, 4, 7, and 8 units, assuming that the quadrilateral is cyclic (i.e., it can be inscribed in a circle)?
1015	0.444444	geometry	6	Let \( ABC \) be an isosceles triangle with \( AB = AC \). Point \( D \) lies on side \( BC \) such that \( BD = DC \). Point \( E \) lies on side \( AC \) such that \( \angle ADE = 90^\circ \). If \( AD = 10 \) and \( DE = 8 \), find the ...
1016	0.555556	combinatorics	5	What is the minimum number of times you must flip a fair coin so that the probability of obtaining at least one head is at least 95%?
1017	0.666667	sequence	\dfrac{10}{89}	Let \( F_n \) denote the \( n \)-th Fibonacci number, defined by \( F_1 = 1 \), \( F_2 = 1 \), and \( F_{n} = F_{n-1} + F_{n-2} \) for \( n \geq 3 \). Calculate the infinite series: \[ S = \sum_{n=1}^{\infty} \frac{F_n}{10^n}. \]
1018	0.555556	number_theory	1	What is the number of distinct positive integer values of \( n \) such that the equation \[ x^2 - 3x + n = 0 \] has integer solutions for \( x \)?
1019	0.666667	geometry	1011	In a triangle \(ABC\), the sides opposite to angles \(A\), \(B\), and \(C\) are denoted as \(a\), \(b\), and \(c\) respectively. Given that \(a^2 + b^2 = 2023c^2\), find the value of \(\frac{\cot C}{\cot A + \cot B}\).
1020	0.333333	geometry	9	A right circular cone has a base radius of 12 units and a height of 36 units. Inside this cone, a sphere is inscribed such that it touches the cone’s base and lateral surface. What is the radius of the sphere? Express your answer in simple...
1021	0.444444	other	3	A group of 15 students is participating in a mathematics competition. They are divided into three categories: Algebra, Geometry, and Number Theory. Each category has five students. The students are assigned numbers from 1 to 15, and they a...
1022	0.555556	number_theory	1	Find the smallest positive integer \( n \) such that the polynomial \( P(x) = x^n + x^{n-1} + \cdots + x + 1 \) has a real root.
1023	0.333333	geometry	60^\circ	Three points $A$, $B$, and $C$ lie on a circle with center $O$. The points $D$ and $E$ are the midpoints of $AB$ and $BC$, respectively. If $\angle AOC = 120^\circ$ and $\angle BOD = 90^\circ$, find the measure of $\angle AED$.
1024	0.666667	combinatorics	6765	In a special sequence of numbers, each term after the first two is the sum of the previous two terms. The first two terms are 1 and 1. What is the 20th term in this sequence?
1025	0.666667	combinatorics	0	In a sequence of numbers, each term after the first is the product of the previous term and 2, divided by 5, and then rounded to the nearest whole number. If the first term of the sequence is 10, what is the value of the 10th term?
1026	0.333333	combinatorics	2^n - 1	Given the sequence of numbers defined by \(a_1 = 1\) and \(a_{n+1} = a_n + 2^n\) for \(n \geq 1\), find the sum of the first 10 terms of this sequence. Additionally, determine a closed-form expression for the \(n\)-th term \(a_n\).
1027	0.444444	number_theory	7	What is the sum of all distinct prime numbers that divide the number of 5-letter words that can be formed using the letters A, B, C, D, E, F, and G, with repetition allowed, where the first letter is always A?
1028	0.777778	algebra	0	Let \( f(x) \) be a polynomial with real coefficients such that \( f(0) = 1 \), \( f(2) + f(3) = 125 \), and \( f(x) \) has a double root at \( x = 1 \). Find the value of \( f(1) \).
1029	0.444444	geometry	3	What is the smallest positive integer \( n \) such that \( 1! + 2! + 3! + \cdots + n! \) is a perfect square?
1030	0.666667	number_theory	2	Find all positive integers \( n \) such that \( n^3 - 3n^2 + 4 \) is a perfect cube.
1031	0.666667	number_theory	24	Find the smallest positive integer \( n \) such that the equation \( n^2 + 14n + 24 = 0 \) has a solution in terms of a rational number, and determine the product of all possible values of \( n \).
1032	0.555556	combinatorics	\frac{2}{n}	A deck of \(n\) cards, numbered from 1 to \(n\), is shuffled randomly. What is the probability that the card numbered 1 appears in the first or last position of the deck? Express your answer as a simplified fraction.
1033	0.333333	geometry	4	In a triangle \( ABC \), \( AB = 13 \), \( BC = 14 \), and \( CA = 15 \). A point \( P \) inside the triangle is such that the sum of the distances from \( P \) to the sides of the triangle is minimized. Find the value of this sum.
1034	0.666667	algebra	0, 2	Find all real numbers \( x \) that satisfy the equation \( \sqrt{x + \sqrt{x + \sqrt{x + \cdots}}} = x \).
1035	0.444444	geometry	1536	In a unique village, each house is painted one of three colors: red, blue, or green. The village has a rule that no two adjacent houses can be of the same color. If the village is arranged in a straight line with 10 houses, how many differ...
1036	0.714286	number_theory	260	In a certain kingdom, there are three types of coins: gold, silver, and bronze. A gold coin is worth 5 silver coins, and a silver coin is worth 3 bronze coins. If a merchant has a collection of 10 gold coins, 15 silver coins, and 45 bronze...
1037	0.333333	number_theory	1	Find the number of positive integers \( n \) such that the equation \( x^2 - (n+1)x + 2024 = 0 \) has integer roots, and the product of these roots is a multiple of 10.
1038	0.666667	other	100	In a mystical kingdom, there are 100 wizards, each of whom can cast a unique spell. The king decides to hold a tournament where wizards will face off in a knockout format. However, each wizard can only participate in the tournament once. I...
1039	0.444444	geometry	1	Find all positive integers \( n \) such that \( n^3 + n^2 + n + 1 \) is a perfect square.
1040	0.333333	geometry	\frac{1}{12}	Given a regular hexagon $ABCDEF$, let $M$ be the midpoint of $CD$, $N$ be the midpoint of $EF$, and $P$ be the point on segment $AM$ such that $\angle BNP = 45^\circ$. Find the ratio of the area of $\triangle ABP$ to the area of the hexago...
1041	0.444444	algebra	1	Let \(f(x) = x^2 - 3x + 4\) and consider the function \(g(x) = f(f(x))\). Find the number of distinct real solutions to the equation \(g(x) = x\).
1042	0.375000	number_theory	2^{1007}	Find the smallest positive integer \( n \) such that \( 2^{2015} + 1 \) divides \( n^2 + 1 \).
1043	0.666667	number_theory	3	What is the smallest positive integer \( n \) such that the expression \( \frac{n^2 + 2n + 1}{n^2 - 3n + 2} \) is an integer?
1044	0.333333	number_theory	25	In a magical forest, there are three types of trees: Oak, Pine, and Maple. Each tree has a unique height. An Oak tree is taller than a Pine tree, and a Maple tree is shorter than a Pine tree. If the total height of all trees is 100 meters ...
1045	0.444444	number_theory	4	What is the smallest positive integer \( n \) such that the polynomial \( P(x) = x^n - 2x^{n-1} + 3x^{n-2} - \cdots + (-1)^{n+1}(n+1) \) has exactly \( n \) distinct real roots, and the sum of the roots is equal to \( n^2 \)?
1046	0.333333	number_theory	(3, 2)	Find all pairs of positive integers \( (x, y) \) such that \( x^2 + 3xy + y^2 = 7x + 5y \).
1047	0.444444	number_theory	87	What is the remainder when \( 3^{3^{3^3}} \) is divided by 100?
1048	0.555556	other	55	In a small town, the mayor has decided to plant trees along the main street. The street is divided into segments, each 100 meters long, and the mayor plants a tree at the start of each segment. On the first day, the mayor plants 1 tree. On...
1049	0.333333	geometry	2\sqrt{2}	A circle is inscribed in a right triangle with legs of lengths 6 and 8. A point \( P \) lies on the hypotenuse of the triangle such that the tangent segments from \( P \) to the circle divide one leg into segments of length 2 and 4, and th...
1050	0.625000	number_theory	4	What is the minimum number of weights, each with an integer number of grams from 1 to 40, needed to measure all integer weights from 1 to 40 grams on a balance scale?
1051	0.444444	number_theory	(0, 5), (0, -5), (3, 4), (3, -4), (-3, 4), (-3, -4), (4, 3), (4, -3), (-4, 3), (-4, -3), (5, 0), (-5, 0)	Find all pairs of integers \((x, y)\) such that \(x^2 + y^2 = 25\).
1052	0.333333	number_theory	360	What is the smallest positive integer that is divisible by both 8 and 15, and also leaves a remainder of 3 when divided by 7?
1053	0.333333	number_theory	1	Consider a sequence of positive integers \( a_1, a_2, a_3, \ldots, a_n \) such that each \( a_i \) is a prime number and the sum of the first \( k \) terms is a multiple of \( k \) for all \( k = 1, 2, \ldots, n \). If the smallest term in...
1054	0.555556	number_theory	12	What is the smallest positive integer \( n \) such that the number of distinct positive divisors of \( n^2 \) is exactly 15?
1055	0.333333	geometry	1	In a unique board game, players use a special set of tokens shaped like regular polygons. The game starts with tokens of 3 sides (triangles), 4 sides (squares), and 5 sides (pentagons). Each player takes turns adding or removing tokens fro...
1056	0.555556	algebra	15	Let \( f(x) \) be a function defined for all real numbers \( x \) such that \( f(x+y) = f(x) + f(y) + xy \) for all real numbers \( x \) and \( y \). Given that \( f(1) = 1 \), find the value of \( f(5) \).
1057	0.777778	geometry	0	In the coordinate plane, let \( A \) be the point \((1, 2)\), \( B \) be the point \((5, 6)\), and \( C \) be the point \((9, 10)\). Find the area of the triangle formed by the points \( A \), \( B \), and \( C \).
1058	0.333333	number_theory	0	Given two distinct positive integers \( a \) and \( b \), define the operation \( a \oplus b \) as the minimum of the sum \( a + b \) and the product \( a \times b \). For how many pairs \((a, b)\) where \( 1 \leq a, b \leq 100 \), is \( a...
1059	0.500000	geometry	\frac{1}{2} n r^2 \sin\left(\frac{2\pi}{n}\right)	A regular polygon with \( n \) sides is inscribed in a circle of radius \( r \). Find the area of the polygon in terms of \( n \) and \( r \).
1060	0.555556	geometry	5	A circle with center \( O \) is inscribed in a square \( ABCD \) with side length 10. A point \( P \) is chosen on the circumference of the circle such that the tangent at \( P \) to the circle intersects \( BC \) at \( T \). If \( PT = 5 ...
1061	0.666667	number_theory	19	Find the smallest positive integer \( n \) such that the sum of the digits of \( n \) and the sum of the digits of \( n^2 \) both equal to 10.
1062	0.333333	algebra	1	What is the value of the expression $\left(\frac{2023}{2022}\right)^{2023} - \left(\frac{2022}{2023}\right)^{2022}$?
1063	0.666667	geometry	2ab	What is the area of the largest rectangle that can be inscribed in the ellipse given by the equation \(\frac{x^2}{a^2} + \frac{y^2}{b^2} = 1\), where \(a\) and \(b\) are positive constants?
1064	0.666667	number_theory	0	A sequence of integers is defined as follows: \( a_1 = 2 \), and for \( n \geq 2 \), \( a_n = a_{n-1}^2 - a_{n-1} + 1 \). Find the number of positive integers \( k \leq 100 \) such that \( a_k \) is divisible by 100.
1065	0.333333	other	63504	在一个无限大的正方形格子棋盘上，一个棋子从左下角出发，每次只能向右或向上移动一步，直到到达右上角。求棋子恰好经过格子 (5, 5) 的不同路径数。
1066	0.777778	other	360	In a magical forest, there are two types of trees: Sun Trees and Moon Trees. Each Sun Tree has a number of golden apples, and each Moon Tree has a number of silver apples. The total number of trees in the forest is 120. If the ratio of Sun...
1067	0.666667	number_theory	20	Consider the sequence \(a_n\) defined by the recurrence relation \(a_1 = 1\), \(a_2 = 2\), and for \(n \geq 3\), \(a_n = a_{n-1} + a_{n-2}\). Let \(S\) be the sum of the first 2023 terms of the sequence, \(S = a_1 + a_2 + \cdots + a_{2023}...
1068	0.555556	number_theory	65	Find the smallest positive integer \( n \) such that \( n! \) (the factorial of \( n \)) ends with exactly 15 zeros.
1069	0.444444	geometry	3	Find all positive integers \( n \) such that \( n^3 + 2n^2 + n + 1 \) is a perfect square.
1070	0.555556	geometry	0^\circ	A circle with radius 1 is inscribed in an equilateral triangle. The triangle is then rotated about its center by an angle θ. Find the smallest value of θ (in degrees) such that the area of the region inside the triangle but outside the cir...
1071	0.555556	geometry	\frac{1}{3} \pi (128 - 41\sqrt{7})	A spherical soap bubble with a radius of 4 cm is submerged in a tank of water. A plane cuts through the center of the sphere, creating two identical spherical caps. Calculate the volume of each spherical cap if the plane also has a radius ...
1072	0.777778	geometry	36	In a triangle \(ABC\), the sides are in the ratio \(AB:BC:CA = 3:4:5\). Point \(D\) is on side \(BC\) such that \(BD:DC = 1:2\). If the area of triangle \(ABD\) is 12 square units, find the area of triangle \(ABC\).
1073	0.333333	geometry	8	What is the smallest positive integer \( n \) such that the sum of the squares of the first \( n \) positive integers, when divided by 20, leaves a remainder of 4?
1074	0.666667	geometry	4	Consider a sequence of positive integers \(a_1, a_2, a_3, \ldots, a_n\) such that each term in the sequence is defined as the sum of the squares of the digits of the previous term. Starting with \(a_1 = 23\), find the smallest \(n\) for wh...
1075	0.444444	number_theory	(2, 4)	Find all pairs of positive integers \((a, b)\) such that the equation \(a^b = b^a\) holds, where \(a \neq b\).
1076	0.666667	number_theory	8	Let \( f(n) \) be the number of ways to write the positive integer \( n \) as a sum of positive integers, where the order of the summands matters. For example, \( f(3) = 4 \) because 3 can be written as 3, 2+1, 1+2, or 1+1+1. Find the smal...
1077	0.444444	number_theory	3	Let \( S \) be a set of positive integers such that for any \( x, y \in S \), \( x \neq y \), the number \( xy + x + y \) is also in \( S \). If 12 is in \( S \), determine the smallest possible number of elements in \( S \).
1078	0.555556	geometry	50\sqrt{3}	In a regular hexagon, each side is of length 10 units. Points \(A\) and \(B\) are adjacent vertices. A circle is drawn with center \(A\) and passing through \(B\). Another circle is drawn with center \(B\) and passing through \(A\). These ...
1079	0.555556	number_theory	1	Let \( P(x) \) be a polynomial with integer coefficients such that \( P(0) = 1 \), \( P(1) = 2 \), and \( P(2) = 3 \). If \( P(x) \) is monic (the leading coefficient is 1), find the smallest possible degree of \( P(x) \).
1080	0.666667	number_theory	6	Let \( n \) be a positive integer such that the number \( 2017 + n \) is divisible by 17. Find the smallest possible value of \( n \).
1081	0.666667	number_theory	28	What is the sum of all prime numbers between 1 and 100 that are also palindromes?
1082	0.666667	combinatorics	1	In a certain town, there are 100 houses numbered from 1 to 100. Every house is painted either red or blue. It is known that no two adjacent houses (i.e., houses with consecutive numbers) are painted the same color. Furthermore, the 10th ho...
1083	0.777778	algebra	-5	Let $f(x) = x^3 + ax^2 + bx + c$ be a cubic polynomial with real coefficients. Suppose that $f(0) = 1$, $f(1) = 3$, and $f(2) = 7$. Determine the value of $f(-1)$.
1084	0.666667	geometry	16	Consider a right triangle with legs of lengths \(a\) and \(b\), and hypotenuse \(c\). If the area of the triangle is \(60\) square units, and the ratio of \(a\) to \(b\) is \(3:4\), find the length of the hypotenuse \(c\). Round your answe...
1085	0.444444	algebra	156	A function \(f(x)\) is defined for all real numbers \(x\) and satisfies the following conditions: 1. \(f(0) = 1\) 2. \(f(x + 1) = f(x) + 3x + 2\) What is \(f(10)\)?
1086	0.666667	number_theory	8	What is the smallest positive integer \( n \) such that \( n^3 - 3n^2 + 3n - 1 \) is divisible by 7?
1087	0.333333	number_theory	2, 3, 4, 7	Find all positive integers \( n \) such that \( n^2 + 3n + 2 \) is divisible by \( n - 1 \).
1088	0.750000	geometry	2	Let \( A, B, C \) be three distinct points in the plane such that \( AB = 1 \), \( BC = 2 \), and \( CA = 3 \). Let \( D \) be the midpoint of \( BC \). Find the length of the line segment \( AD \).
1089	0.666667	geometry	\frac{35}{4}	In a triangle \(ABC\), the angle bisector of \(\angle BAC\) intersects \(BC\) at point \(D\). If \(BD = 4\), \(DC = 5\), and \(AB = 7\), find the length of \(AC\). Express your answer as a common fraction in simplest form.
1090	0.375000	geometry	x^2 + y^2 - \frac{32}{3}x + 2y + \frac{55}{3} = 0	In the coordinate plane, a point \( P \) moves such that its distance to the point \( (0, 3) \) is always twice the distance to the point \( (4, 0) \). What is the equation of the path traced by point \( P \)?
1091	0.666667	number_theory	1	A sequence of numbers is defined recursively as follows: \( a_1 = 1 \), and for \( n \geq 2 \), \( a_n = 2a_{n-1} + n \). What is the remainder when \( a_{10} \) is divided by 5?
1092	0.777778	number_theory	1	Consider a sequence of numbers defined as follows: $a_1 = 1$, and for $n \geq 1$, $a_{n+1} = a_n^2 - a_n + 1$. If $a_{100}$ is written in decimal form, how many digits does it contain?
1093	0.444444	geometry	\frac{\sqrt{3}r^2}{4}	There is a regular hexagon inscribed in a circle of radius $r$. The hexagon is divided into 6 equilateral triangles. Point $P$ is chosen inside the hexagon such that it is the centroid of all the triangles. What is the area of triangle for...
1094	0.333333	number_theory	1	Consider the sequence of positive integers \( a_1, a_2, a_3, \ldots \) defined recursively by \( a_1 = 1 \) and \( a_{n+1} = a_n^2 + 1 \) for \( n \geq 1 \). Let \( b_n \) be the number of distinct prime factors of \( a_n \). Determine \( ...
1095	0.333333	algebra	9	在平面直角坐标系中，设点P(x,y)满足以下条件： 1. x 和 y 都是整数； 2. x 和 y 的最大公约数为1（即互质）； 3. x 和 y 的平方和小于等于100。 现在，你已经知道点P(x,y)满足上述条件，但不知道具体是哪一点。如果你可以告诉我点P(x,y)在一个特定的矩形区域内，那么我们可以确定这个点。请问，为了能够唯一确定点P(x,y)，这个矩形的最小面积应该是多少？
1096	0.777778	number_theory	29	Consider a sequence of positive integers where each term is the smallest integer greater than the previous term that is relatively prime to all preceding terms. If the first term of the sequence is 2, what is the 10th term of the sequence?
1097	0.555556	number_theory	674	Let \( S \) be the set of all integers \( n \) such that \( 1 \leq n \leq 2023 \) and \( n \) can be expressed as the sum of two or more consecutive positive integers. How many elements of \( S \) are divisible by 3?
1098	0.777778	algebra	2	Let \( a, b, c, \) and \( d \) be positive real numbers such that \( abcd = 1 \). Prove that: \[ \frac{1}{a(1+b)} + \frac{1}{b(1+c)} + \frac{1}{c(1+d)} + \frac{1}{d(1+a)} \geq 2 \]
1099	0.777778	combinatorics	48	In a peculiar town, every house is painted in one of three colors: red, blue, or green. A local rule states that no two adjacent houses can be of the same color. If there are five houses in a row, how many different ways can they be painte...
1100	0.666667	geometry	\frac{75\sqrt{3}}{4}	What is the area of the largest equilateral triangle that can be inscribed in a circle with a radius of 5 units? Provide your answer in simplest radical form.
1101	0.625000	geometry	5	In a small town, there are exactly four roads leading out of the main square, named Road A, Road B, Road C, and Road D. Each road can either be open or closed every day. For each day, the town council decides the status of each road indepe...
1102	0.333333	number_theory	996	In a magical forest, there are 1000 trees, each bearing a unique type of fruit. A wizard casts a spell that causes each tree to bear either 1, 2, or 3 fruits, with equal probability, independently of other trees. After the spell, a fairy w...
1103	0.444444	geometry	176400	What is the smallest positive integer that is a multiple of both 24 and 35, and whose square root is also an integer?
1104	0.666667	number_theory	2024	In a magical kingdom, there are three types of magical creatures: dragons, unicorns, and phoenixes. Each creature has a unique magical power represented by a positive integer. The sum of the powers of a dragon, a unicorn, and a phoenix is ...
1105	0.444444	algebra	0	Find the sum of all distinct real numbers \( x \) that satisfy the equation \[ \sin\left(\frac{\pi x}{4}\right) \sin\left(\frac{\pi x}{6}\right) \sin\left(\frac{\pi x}{8}\right) = \sin\left(\frac{\pi x}{5}\right) \sin\left(\frac{\pi x}{10}...
1106	0.444444	geometry	72	A regular pentagon ABCDE is inscribed in a circle. Point P is chosen inside the pentagon such that triangles APB, BPC, CPD, DPE, and EPA are all isosceles. If AP = BP, BP = CP, CP = DP, DP = EP, and EP = AP, find the measure of angle BPC.
1107	0.666667	geometry	\frac{15}{2}	A circle is inscribed in an isosceles triangle \(ABC\) where \(AB = AC = 25\) units and \(BC = 30\) units. The circle touches \(BC\) at point \(D\), \(AC\) at point \(E\), and \(AB\) at point \(F\). If \(AD = BD\), find the radius of the c...
1108	0.777778	geometry	\frac{25}{49}	Two circles with radii 5 and 7 are externally tangent to each other. A square is inscribed in the larger circle, and a smaller square is inscribed in the smaller circle such that each square is centered at the point of tangency of the two ...
1109	0.625000	number_theory	2	Find the smallest positive integer $n$ such that $\frac{n^2}{n+2}$ is an integer.
1110	0.333333	geometry	10	In the diagram below, squares $ABCD$ and $EFGH$ are drawn such that point $H$ lies on $BC$ and point $E$ lies on $CD$. If $AD = 10$ units and the area of square $ABCD$ is 100 square units, what is the length of segment $EF$? [asy] draw((0,...
1111	0.777778	geometry	\pi r^2	A sphere with radius \( r \) is inscribed in a right circular cylinder such that the diameter of the sphere equals the height and the diameter of the base of the cylinder. A plane cuts through the cylinder parallel to its base and at a hei...
1112	0.444444	geometry	18	In the coordinate plane, a square $ABCD$ has vertices $A(0,0)$, $B(0,6)$, $C(6,6)$, and $D(6,0)$. A point $P$ is chosen inside the square such that the distances from $P$ to the sides of the square are $p$, $q$, $r$, and $s$ where $p + q =...
1113	0.666667	geometry	\frac{\pi \sqrt{3}}{9}	A circle is inscribed in an equilateral triangle with side length \( s \). If a point is randomly selected from inside the triangle, what is the probability that it lies within the circle?
1114	0.428571	other	24	There are 7 students at my school, labeled A through G, and each student has a specific number of "friendship connections" with other students. Student A has 3 connections, student B has 4 connections, student C has 1 connection, student D...
1115	0.444444	other	5	考虑一个等边三角形 \(ABC\)，边长为 15。在边 \(AB\) 上选取点 \(D\)，使得 \(AD = 5\)。在边 \(AC\) 上选取点 \(E\)，使得 \(AE = 10\)。线段 \(DE\) 与边 \(BC\) 相交于点 \(F\)。求线段 \(BF\) 的长度。
1116	0.666667	number_theory	0	Let $f(x)$ be a polynomial with integer coefficients. Suppose that there exists an integer $a$ such that $f(a) = 0$, and for every integer $b \neq a$, we have $f(b) \geq 1$. What is the smallest possible value of $a$ such that there exists...
1117	0.555556	geometry	0	Let \( S \) be the set of all positive integers \( n \) such that \( n^2 \) is a perfect square and \( n^2 + 1 \) is divisible by 19. How many elements of \( S \) are less than 1000?
1118	0.375000	geometry	90	In a circular park, three friends, Alice, Bob, and Carol, decide to play a game using a unique scoring system. Each friend places a flag on the circumference of the park, which they then move around the circle at a constant speed. The circ...
1119	0.500000	number_theory	2	In a sequence of numbers, the \( n \)-th term is defined as \( a_n = \log_2(n) \). Find the smallest positive integer \( k \) such that the sum of the first \( k \) terms of the sequence, \( S_k = a_1 + a_2 + \cdots + a_k \), is an integer.
1120	0.375000	geometry	-2	What is the largest integer \( n \) such that \( n^2 + 5n + 6 \) is a perfect square for some integer \( k \)?
1121	0.750000	geometry	5	Find all prime numbers \( p \) such that \( p^2 \) can be expressed as the sum of the squares of two consecutive integers.
1122	0.555556	other	12	In a small town, there are 12 different clubs each with a unique membership number from 1 to 12. Each club decides to send two members to a regional competition. However, to prevent conflicts of interest, no two clubs can send a member wit...
1123	0.555556	combinatorics	\frac{1}{8}	A circular dartboard is divided into 8 equal sectors, each painted in a different color. If a dart is thrown randomly at the board and lands on one of the sectors, what is the probability that the dart lands on a sector painted in a red co...
1124	0.666667	geometry	\frac{65}{9}	In triangle \( ABC \), let \( D \) be a point on side \( BC \) such that \( AD \) is the angle bisector of \( \angle BAC \). If \( AB = 13 \), \( AC = 14 \), and \( BC = 15 \), find the length of \( BD \).
1125	0.555556	algebra	\frac{3}{2}	Let \(a, b, c\) be positive real numbers such that \(abc = 1\). Find the minimum value of the expression \[ \frac{1}{a^3(b+c)} + \frac{1}{b^3(c+a)} + \frac{1}{c^3(a+b)}. \]
1126	0.333333	geometry	68	Let \( f(n) \) be the sum of the squares of the digits of \( n \). For example, \( f(123) = 1^2 + 2^2 + 3^2 = 14 \). Find the smallest positive integer \( n \) such that \( f(n) = 100 \).
1127	0.444444	algebra	50	Let $f(x)$ be a polynomial with real coefficients such that $f(1) = 10$, $f(2) = 20$, $f(3) = 30$, and $f(4) = 40$. Find the value of $f(5)$.
1128	0.666667	number_theory	7	What is the smallest positive integer \( n \) such that \( 2^n \equiv 3 \pmod{25} \)?
1129	0.444444	geometry	100	A rectangular garden is divided into four smaller rectangular plots by two straight paths. The paths are perpendicular to each other and divide the garden into four plots of equal area. If the entire garden measures 60 meters in length and...
1130	0.444444	number_theory	3	Consider a sequence where \(a_1 = 1\), \(a_2 = 2\), and for \(n > 2\), \(a_n = a_{n-1} + a_{n-2} + a_{n-3}\). Find the remainder when \(a_{2023}\) is divided by 7.
1131	0.666667	number_theory	1	What is the smallest positive integer \( n \) such that \( 2^n + 1 \) is divisible by \( 3 \)?
1132	0.666667	logic_puzzle	1	In a grid of size \( n \times n \), each cell can be either black or white. Two cells are considered adjacent if they share a side. Starting from a single black cell, each minute, a cell turns black if it has exactly three black adjacent c...
1133	0.444444	geometry	\frac{3 \sqrt{3}}{4} R^2	In the plane, let \( P \) be a point inside a circle with radius \( R \). Consider all triangles \( \triangle ABC \) with \( A, B, \) and \( C \) on the circumference of the circle, such that \( P \) is the centroid of \( \triangle ABC \)....
1134	0.333333	number_theory	6	A sequence of positive integers is called "super cool" if it satisfies the following conditions: 1. Each term of the sequence is less than 100. 2. The sequence starts with the number 1. 3. Every term after the first is either double the pr...
1135	0.555556	geometry	\frac{4}{3} - \frac{4}{3}i	In the complex plane, let \( A \), \( B \), and \( C \) be points corresponding to the complex numbers \( z_1 \), \( z_2 \), and \( z_3 \) respectively, where \( z_1, z_2, z_3 \in \mathbb{C} \) and \( z_1 = 1 + i \), \( z_2 = -1 - i \), an...
1136	0.333333	geometry	\frac{2}{3}	A circle is inscribed in a right triangle with legs of lengths 6 and 8 units. A smaller circle is then inscribed in the sector formed by one of the right angles and the arc of the larger circle subtending this angle. What is the radius of ...
1137	0.333333	geometry	-2	Find the sum of the coordinates of the intersection point of the lines given by the equations \(x^2 - 3x - 5 = y\) and \(y^2 - 3y + 5 = x\).
1138	0.333333	geometry	2024	There exists a sequence of positive integers \(a_1, a_2, a_3, \ldots, a_{2024}\) such that: 1. \(a_1 = 1\), 2. For each \(n \geq 1\), \(a_{n+1}\) is the smallest positive integer not yet in the sequence such that \(a_{n+1} \cdot a_n + 1\) ...
1139	0.666667	other	161700	在平面上有100个点，每个点都与其它所有点用直线相连。假设没有三条直线相交于同一点。问最多能形成多少个三角形？
1140	0.333333	geometry	25	Find the smallest positive integer \( n \) such that \( n \) is the sum of the squares of two positive integers, and \( n+1 \) is also the sum of the squares of two positive integers.
1141	0.555556	geometry	\frac{14}{3}	In the coordinate plane, points \(A(0,0)\), \(B(6,0)\), and \(C(0,8)\) form triangle \(ABC\). A point \(P(x,y)\) is chosen inside triangle \(ABC\) such that the areas of triangles \(PAB\), \(PBC\), and \(PCA\) are equal. Find the value of ...
1142	0.666667	algebra	\frac{79}{3}	Let \( f(x) = x^3 + ax^2 + bx + c \) be a cubic polynomial with real coefficients. Suppose \( f(1) = 5 \), \( f(2) = 11 \), and \( f(-1) = -3 \). Find the value of \( f(3) \).
1143	0.444444	number_theory	13	Let \( f(n) \) be the number of ways to write a positive integer \( n \) as the sum of positive integers, where the order of the summands does not matter. For example, \( f(4) = 5 \) because 4 can be written as 4, 3+1, 2+2, 2+1+1, and 1+1+...
1144	0.666667	number_theory	36	Find all positive integers \( n \) such that the product of the digits of \( n \) is equal to \( \frac{n}{2} \).
1145	0.444444	geometry	1	There exists a regular hexagon $ABCDEF$ inscribed in a circle of radius $r$. A point $P$ is chosen at random inside the circle. What is the probability that the distance from $P$ to at least one of the hexagon's vertices is less than the s...
1146	0.777778	other	291	In a magical forest, a wizard has planted three types of mystical trees: Sun Trees, Moon Trees, and Star Trees. Each type of tree has a unique property: Sun Trees double the number of magical stones every day, Moon Trees add 3 stones every...
1147	0.777778	number_theory	93	What is the sum of all possible positive integer values of \( n \) for which \( \frac{n + 50}{n} \) is an integer?
1148	0.444444	number_theory	25	Find the smallest positive integer \( n \) such that \( n^3 - n \) is divisible by 2400.
1149	0.333333	number_theory	13	A sequence of numbers is defined as follows: \(a_1 = 1\), \(a_2 = 2\), and for \(n \geq 3\), \(a_n = a_{n-1} + a_{n-2} + a_{n-3}\). Find the smallest \(n\) for which \(a_n\) is a multiple of 5.
1150	0.555556	geometry	22500	In a triangular park, three friends, Alice, Bob, and Charlie, decide to place their picnic tables at the vertices of a triangle. They agree to walk around the perimeter of the park to meet at the centroid of the triangle where the picnic t...
1151	0.555556	number_theory	439	A function \( f \) is defined on the integers such that \( f(1) = 1 \) and for all integers \( n \geq 1 \), \[ f(n+1) = f(n) + n^2 + 3n + 2. \] Find the value of \( f(10) \).
1152	0.777778	number_theory	4	What is the smallest positive integer \( n \) such that the polynomial \( P(x) = x^n - 2024x + 2024 \) has no real roots?
1153	0.333333	algebra	8	If \( f(x) = x^3 + ax^2 + bx + c \) is a cubic polynomial with real coefficients and its roots are \( \alpha \), \( \beta \), and \( \gamma \) such that \( \alpha + \beta + \gamma = 0 \) and \( \alpha \beta \gamma = -8 \), what is the valu...
1154	0.777778	geometry	2	In a right-angled triangle \(ABC\) with \(AB = AC\), let \(D\) be the point on \(BC\) such that \(AD\) is perpendicular to \(BC\). If \(BD = 1\), \(DC = 4\), and the length of the altitude from \(A\) to \(BC\) is 2, find the length of \(AD...
1155	0.777778	number_theory	1	Find all positive integers \( n \) such that \( n^2 + 1 \) divides \( n^3 + 1 \).
1156	0.777778	combinatorics	512	A sequence of numbers \(a_1, a_2, a_3, \ldots\) is defined by \(a_1 = 1\), \(a_2 = 2\), and for \(n \geq 3\), \(a_n = 3a_{n-1} - 2a_{n-2}\). Determine the value of \(a_{10}\).
1157	0.333333	geometry	1	A sequence of positive integers \( a_1, a_2, a_3, \ldots, a_n \) is defined by the recurrence relation: \[ a_{n+1} = a_n + \left\lfloor \frac{a_n}{10} \right\rfloor \] where \( \lfloor x \rfloor \) denotes the greatest integer less than or...
1158	0.444444	geometry	(1, 1)	Find all pairs of positive integers $(m, n)$ such that $m^2 + 3n$ and $n^2 + 3m$ are both perfect squares.
1159	0.333333	sequence	50	In a magical land, there are three types of coins: gold (G), silver (S), and bronze (B). Each gold coin is worth 10 silver coins, and each silver coin is worth 10 bronze coins. A wizard has 10 gold coins, 10 silver coins, and 10 bronze coi...
1160	0.777778	algebra	1	Given the function $f(x) = x^3 - 3x^2 + 4x - 12$, determine the number of distinct real roots that the equation $f(x) = 0$ has.
1161	0.333333	number_theory	23	A set of 10 distinct integers \( \{a_1, a_2, \ldots, a_{10}\} \) has a unique property: for every pair of distinct integers \( i \) and \( j \) in the set, the product \( a_i a_j \) is a prime number. Given that the sum of all the integers...
1162	0.666667	geometry	\dfrac{3\sqrt{2}}{2}	Let \(a, b, c\) be the sides of a triangle such that \(a^2 + b^2 + c^2 = 1\). Prove that \(\sqrt{1 - a^2} + \sqrt{1 - b^2} + \sqrt{1 - c^2} \leq \frac{3\sqrt{2}}{2}.\)
1163	0.777778	geometry	5	In the complex plane, let \( P \) be the point corresponding to the complex number \( 3 + 4i \). A line \( L \) is drawn through \( P \) such that it makes an angle of \( 45^\circ \) with the positive real axis. Find the distance from the ...
1164	0.666667	algebra	2	Let \(f(x)\) be a polynomial of degree 3 such that \(f(0) = 1\), \(f(1) = 2\), \(f(2) = 5\), and \(f(3) = 10\). Find the sum of the coefficients of \(f(x)\) if \(f(x) = ax^3 + bx^2 + cx + d\).
1165	0.625000	geometry	4	Find the value of \( k \) such that the polynomial \( P(x) = x^3 - 6x^2 + kx - 8 \) has a triple root. Then, determine the coordinates of the point where the tangent line to the curve \( y = P(x) \) at this root intersects the y-axis. Fina...
1166	0.444444	other	\frac{\sqrt{6}}{12}	Consider a regular tetrahedron with side length \( a \). Points \( A \), \( B \), \( C \), and \( D \) are the vertices of the tetrahedron. A point \( P \) is chosen inside the tetrahedron such that the distances from \( P \) to each face ...
1167	0.666667	number_theory	2023	A sequence of numbers is defined recursively as follows: \(a_1 = 1\), and for all \(n \geq 2\), \(a_n\) is the smallest positive integer such that \(a_n \neq a_i\) for all \(i < n\) and \(a_n \equiv i \pmod{n}\) for some \(i < n\). What is...
1168	0.555556	geometry	130	A convex pentagon has interior angles that form an arithmetic sequence with a common difference of 10 degrees. If the smallest angle is 90 degrees, what is the measure of the largest angle?
1169	0.333333	combinatorics	\sqrt{2}	A sequence of numbers \(a_1, a_2, a_3, \ldots\) is defined as follows: \(a_1 = 1\), and for \(n \geq 1\), \(a_{n+1} = \frac{a_n}{2} + \frac{1}{a_n}\). What is the value of \(a_{2023}\)? Express your answer as a common fraction.
1170	0.750000	geometry	1	What is the smallest positive integer \( n \) such that the sum of the first \( n \) squares is a perfect cube?
1171	0.555556	geometry	3	A sequence of numbers is defined as follows: \(a_1 = 1\), and for \(n \geq 1\), \(a_{n+1} = a_n + \text{the sum of the digits of } a_n\). What is the smallest \(n\) for which \(a_n\) is a perfect square?
1172	0.333333	other	35	在一个由10个点组成的圆圈中，每两点之间可以画一条线段。如果这些线段不能相交，那么最多可以画出多少条线段？
1173	0.555556	geometry	11	A sequence \( a_1, a_2, a_3, \ldots \) is defined by \( a_1 = 1 \), \( a_2 = 2 \), and for \( n \geq 3 \), \( a_n = a_{n-1} + a_{n-2} \). Find the smallest \( n \) for which \( a_n \) is a perfect square and \( n \) is a prime number.
1174	0.333333	algebra	6	Find the number of functions \( f: \{1, 2, 3\} \to \{1, 2, 3\} \) such that \( f(1) + f(2) + f(3) = 6 \).
1175	0.333333	geometry	\frac{3\sqrt{3}}{4}r^2	A triangle is inscribed in a circle of radius $r$. One of the vertices of the triangle is fixed at the point $(r,0)$ on the circumference. The other two vertices are movable along the circumference. If the sum of the distances from the cen...
1176	0.444444	other	362880	In a small town, there are 10 houses, each connected to every other house with a unique path. A delivery person must visit each house exactly once and return to the starting house without crossing his own path. How many distinct routes can...
1177	0.333333	geometry	4	Let $ABC$ be an acute triangle with circumcircle $\omega$. Let $D$ be a point on segment $BC$ such that $AD$ is tangent to $\omega$. Suppose that $E$ is a point on $\omega$ distinct from $A$ such that $DE$ is tangent to $\omega$. Let $F$ b...
1178	0.555556	number_theory	0	Let $f(x) = x^2 + bx + c$ be a quadratic function where $b$ and $c$ are integers. It is given that $f(x)$ takes the values $1$ and $2$ at two distinct integer values of $x$, and that $f(x)$ takes the value $10$ at one integer value of $x$....
1179	0.500000	number_theory	37	Consider a sequence of positive integers \( a_1, a_2, a_3, \ldots \) where each term \( a_n \) is defined as the sum of the digits of \( n \) multiplied by \( n \). For example, \( a_{12} = (1+2) \times 12 = 36 \). Find the smallest positi...
1180	0.444444	number_theory	0	Let $P(x)$ be a polynomial with integer coefficients such that $P(100) = 100$ and $P(0) = 200$. Suppose $P(x)$ has the property that for all positive integers $n$, $P(n)$ is divisible by $n$. Find the smallest possible value of $P(200)$.
1181	0.444444	combinatorics	\frac{1}{2}	In the complex plane, let $P$ be the point representing the complex number $z = 3 + 4i$. Let $Q$ be the point representing the complex number $w = -2 - 3i$. A complex number $u$ is chosen uniformly at random on the complex plane, such that...
1182	0.333333	number_theory	9	Let $p$ be a prime number such that $p \equiv 1 \pmod{4}$, and let $n$ be the smallest positive integer such that $n^2 \equiv -1 \pmod{p}$. If $p = 41$, find the value of $n$.
1183	0.444444	geometry	\frac{4\sqrt{101}}{21}	In the coordinate plane, let $A = (0, 0)$, $B = (10, 0)$, and $C = (10, 5)$. Point $D$ lies on line segment $BC$ such that $BD:DC = 1:4$. Let $E$ be the midpoint of $AD$. A line passing through $E$ and perpendicular to $AD$ intersects line...
1184	0.777778	number_theory	10	A sequence of integers \(a_1, a_2, a_3, \ldots, a_n\) is defined by the recurrence relation \(a_{n+1} = 2a_n + 1\) for \(n \geq 1\), with the initial term \(a_1 = 1\). Find the smallest positive integer \(n\) such that \(a_n\) exceeds 1000.
1185	0.777778	combinatorics	46	In a certain sequence of numbers, the first term is \(a_1 = 2\), and each subsequent term is defined by the recurrence relation \(a_{n+1} = 3a_n - 2n\). What is the value of \(a_5\)?
1186	0.555556	algebra	1	Let \( f(x) \) be a polynomial of degree 3 such that \( f(x) = x^3 - 3x^2 + 4x - 2 \). Define the function \( g(x) \) by \( g(x) = f(f(x)) \). Find the number of distinct real roots of the equation \( g(x) = 0 \).
1187	0.666667	number_theory	0	Find the number of ordered pairs of positive integers $(x, y)$ such that $x^2 + y^2 = 2024$.
1188	0.333333	number_theory	19	In a fictional country, there are 20 cities connected by roads such that from any city, one can reach any other city. The government decides to build some new roads and wants to ensure that there are still multiple paths between any two ci...
1189	0.333333	number_theory	2047198	What is the sum of all integers \( n \) such that \( 0 \leq n < 2024 \) and \( n! \) is divisible by \( 1001 \)?
1190	0.375000	geometry	10	Determine the number of distinct triangles that can be formed with integer side lengths \( a \), \( b \), and \( c \) such that \( a + b + c = 20 \) and \( a \leq b \leq c \). The triangle inequality \( a + b > c \) must also hold.
1191	0.666667	number_theory	2519	Find the smallest positive integer $n$ such that when $n$ is divided by any integer from 1 to 10, the remainder is always one less than the divisor.
1192	0.444444	number_theory	(2, 2), (2, 0), (0, 2), (0, 0)	Find all pairs of integers \( (a, b) \) such that \( a^2 + b^2 = 2(a + b) \).
1193	0.333333	number_theory	450	Let $S$ be the set of all positive integers $n$ such that the sum of the digits of $n$ is equal to the sum of the digits of $2n$. For example, $21$ is in $S$ because $2 + 1 = 4$ and $4 + 2 = 6$, and $4 \neq 6$. However, $18$ is not in $S$ ...
1194	0.444444	geometry	\frac{20}{3}	In a right triangle $ABC$ with $\angle ABC = 90^\circ$, the lengths of the sides are $AB = 12$ and $BC = 16$. Point $D$ is on $AC$ such that $BD$ is perpendicular to $AC$. If the area of triangle $ABD$ is $\frac{1}{3}$ of the area of trian...
1195	0.555556	algebra	8	Let \( f(x) \) be a polynomial of degree 3 such that \( f(0) = 2 \), \( f(1) = 3 \), \( f(2) = 5 \), and \( f(3) = 7 \). Find the value of \( f(4) \).
1196	0.444444	geometry	6	A sequence of numbers \( a_1, a_2, a_3, \ldots \) is defined such that each term after the first is the sum of the squares of the digits of the previous term. For example, \( a_1 = 17 \), so \( a_2 = 1^2 + 7^2 = 50 \), and \( a_3 = 5^2 + 0...
1197	0.555556	geometry	1	Find all positive integers \( n \) such that the sum of the squares of the digits of \( n \) equals \( n \).
1198	0.777778	number_theory	1, 2, 7, 14	Find all positive integers \( n \) such that \( n \) divides \( n^2 + 14 \).
1199	0.444444	number_theory	(1, 2022)	Find all pairs of positive integers \((a, b)\) such that \(a^b + b^a = 2023\).
1200	0.333333	number_theory	1	Let $P(x)$ be a polynomial of degree $3$ with integer coefficients such that $P(1) = P(2) = P(3) = P(4) = P(5) = 1$. Find the value of $P(6)$.
1201	0.333333	algebra	26	Let $f(x)$ be a polynomial of degree 4 such that $f(0) = 1$, $f(1) = 2$, $f(2) = 5$, $f(3) = 10$, and $f(4) = 17$. Find the value of $f(5)$.
1202	0.777778	algebra	5	Consider the polynomial \(P(x) = x^5 - 5x^3 + 10x^2 - 5x + 1\). Let \(r_1, r_2, r_3, r_4, r_5\) be its roots. Prove that \[ \frac{1}{r_1} + \frac{1}{r_2} + \frac{1}{r_3} + \frac{1}{r_4} + \frac{1}{r_5} = 5. \]
1203	0.444444	geometry	\frac{1}{4}	A square $ABCD$ with side length 1 is folded along the diagonal $AC$. Points $E$ and $F$ are the midpoints of sides $AB$ and $BC$ respectively. When the square is folded, the folded part overlaps the unfolded part, creating a new shape. De...
1204	0.555556	number_theory	2	Find all positive integers \( n \) such that the equation \[ x^2 - ny^2 = 1 \] has exactly three distinct solutions in positive integers \( (x, y) \).
1205	0.625000	geometry	\frac{31}{6}	Let \( S \) be the set of all real numbers \( x \) such that \( x^2 - 5x + 6 \leq 0 \). If \( A \) is the area of the region bounded by the parabola \( y = x^2 - 5x + 6 \) and the \( x \)-axis for \( x \in S \), and \( B \) is the sum of t...
1206	0.666667	number_theory	2	Determine the number of positive integers $n$ less than 1000 such that the equation $x^2 - 2nx + 60 = 0$ has integer solutions.
1207	0.333333	number_theory	987	A sequence of positive integers \( a_1, a_2, a_3, \ldots \) is defined by \( a_1 = 1 \) and \( a_{n+1} = a_n^2 + a_n + n \) for all \( n \geq 1 \). Find the remainder when \( a_{2024} \) is divided by 1000.
1208	0.444444	number_theory	d = 2, a_1 = 3	Let \( a_1, a_2, a_3, \ldots, a_n \) be an arithmetic sequence with the common difference \( d \). Define \( S_k = a_1 + a_2 + a_3 + \ldots + a_k \) for any positive integer \( k \). Given that \( S_3 = 15 \) and \( S_{10} = 120 \), find t...
1209	0.777778	geometry	72	In a certain geometric configuration, a circle is inscribed in a square, and another smaller square is inscribed in this circle. If the area of the larger square is 144 square units, find the area of the smaller square.
1210	0.444444	number_theory	6	Consider a sequence of positive integers \(a_1, a_2, a_3, \ldots, a_n\) where each term satisfies the relation \(a_{i+1} = a_i^2 - a_i + 1\). If \(a_1 = 2\), find the smallest \(n\) for which \(a_n > 10^6\).
1211	0.555556	geometry	125	In a triangle \(ABC\), the angle bisectors of angles \(A\) and \(B\) intersect at point \(O\). If the measure of angle \(C\) is \(70^\circ\), find the measure of angle \(BOC\) in degrees.
1212	0.333333	geometry	6	In triangle $ABC$, point $D$ is on side $BC$ such that $BD:DC = 2:1$. Point $E$ is on side $AC$ such that $AE:EC = 3:1$. Lines $AD$ and $BE$ intersect at point $F$. Given that the area of triangle $ABC$ is 36, find the area of triangle $DE...
1213	0.666667	number_theory	4	What is the smallest positive integer \( n \) such that \( 2^n - 1 \) is divisible by 15?
1214	0.444444	algebra	2\sqrt{3}	Let \( f(x) = x^3 - 3x + 1 \). If \( a \) and \( b \) are distinct real numbers such that \( f(a) = f(b) \), find the maximum possible value of \( |a - b| \).
1215	0.777778	number_theory	0	Consider the function \( f(x) = x^3 + ax^2 + bx + c \), where \( a \), \( b \), and \( c \) are integers. Given that \( f(1) = 2 \) and \( f(-1) = -2 \), determine the value of \( a \).
1216	0.428571	algebra	248	geometric sequence There are two geometric sequences: the first starts with 3 and has a common ratio of 2, and the second starts with 5 and also has a common ratio of 2. Find the sum of the first five terms of each sequence and then determ...
1217	0.555556	algebra	4	Let \( a, b, c, \) and \( d \) be positive real numbers such that \( a^2 + b^2 + c^2 + d^2 = 4 \). Determine the maximum value of the expression \( ab + bc + cd + da \).
1218	0.625000	combinatorics	222	Consider a sequence of numbers where each term \( a_n \) is defined by the recursive formula: \[ a_{n+2} = a_{n+1} + a_n + n \] with initial conditions \( a_1 = 1 \) and \( a_2 = 2 \). Determine the value of \( a_{10} \).
1219	0.750000	geometry	EG \parallel AF	Let \( ABC \) be an acute-angled triangle with circumcircle \( \Gamma \). Let \( D \) be the midpoint of the arc \( BC \) not containing \( A \). The lines \( AD \) and \( BC \) intersect at \( E \). Let \( F \) be the foot of the perpendi...
1220	0.666667	geometry	1	A sequence of numbers \(a_1, a_2, a_3, \ldots\) is defined by \(a_1 = 1\) and \(a_{n+1} = a_n^2 + a_n\) for all \(n \geq 1\). Find the smallest positive integer \(k\) such that \(a_k\) is a perfect square.
1221	0.666667	algebra	2	A function \( f(x) \) is defined by \( f(x) = \sqrt{x} \). Find the value of \( f(4) \).
1222	0.777778	geometry	6.5	In a triangle $ABC$, the length of side $AB$ is 13 units, side $BC$ is 14 units, and side $CA$ is 15 units. A point $D$ lies on side $BC$ such that $AD$ is the angle bisector of $\angle BAC$. If the area of triangle $ABD$ is 39 square unit...
1223	0.333333	other	\frac{27\sqrt{2}}{4}	A cube has side length 3 units. A smaller cube is inscribed inside it such that its vertices touch the midpoints of the edges of the larger cube. What is the volume of the smaller cube?
1224	0.666667	geometry	48	Let \(ABC\) be a triangle with \(AB = 13\), \(BC = 14\), and \(CA = 15\). The incircle of \(\triangle ABC\) touches \(BC\), \(CA\), and \(AB\) at points \(D\), \(E\), and \(F\) respectively. Let \(I\) be the incenter of \(\triangle ABC\). ...
1225	0.666667	number_theory	2	Find the smallest positive integer \( n \) such that the equation \( x^3 + y^3 = nz^3 \) has a solution in positive integers \( x, y, z \).
1226	0.444444	geometry	288	A regular octahedron is inscribed in a sphere such that each vertex of the octahedron touches the sphere. If the radius of the sphere is 6 units, find the volume of the octahedron. Express your answer as a common fraction in terms of $\pi$.
1227	0.666667	algebra	f(x) = x + 1	Let \( f: \mathbb{R} \to \mathbb{R} \) be a continuous function such that \( f(x) + f(y) = f(x + y) + 1 \) for all \( x, y \in \mathbb{R} \). Show that \( f(x) = x + 1 \) for all \( x \in \mathbb{R} \). Additionally, determine if there exi...
1228	0.333333	number_theory	50	In the sequence of positive integers, every third number is replaced by the next prime number. What is the 50th number in this sequence?
1229	0.777778	number_theory	3	Find the smallest positive integer \( n \) such that \( 2^n + 3^n \) is divisible by 7.
1230	0.555556	number_theory	\infty	Find the number of ordered pairs \((a, b)\) of integers such that the equation \[ x^2 + ax + b = 0 \] has integer roots and the sum of the roots is a multiple of 10.
1231	0.333333	number_theory	12354	In the sequence of positive integers \(1, 2, 3, \ldots\), let \(S(n)\) denote the sum of the digits of \(n\) when \(n\) is written in base \(10\). Define a function \(T(n)\) as the smallest positive integer \(k\) such that \(S(k) = S(n)\) ...
1232	0.555556	geometry	1	What is the smallest positive integer \( n \) such that the sum of the squares of the first \( n \) positive integers is a perfect cube?
1233	0.555556	number_theory	1	A function \( f \) is defined on the set of positive integers such that \( f(n) = 2^{f(n-1)} \) for all \( n \geq 2 \). Given that \( f(1) = 3 \), find the smallest positive integer \( k \) for which \( f(k) \) is a prime number.
1234	0.333333	geometry	1	A sequence of numbers starts with 1 and each subsequent number is the sum of the squares of the digits of the previous number. For example, the sequence starts as \( 1, 1, 1, 1, \ldots \). What is the smallest positive integer \( n \) such...
1235	0.500000	number_theory	6	What is the smallest positive integer \( n \) such that \( n^2 \equiv 1 \pmod{7} \) and \( n^3 \equiv -1 \pmod{7} \)?
1236	0.333333	geometry	4\sqrt{3}	Let \(ABC\) be an equilateral triangle with side length \(12\). Points \(D\), \(E\), and \(F\) are chosen on sides \(BC\), \(CA\), and \(AB\) respectively such that \(BD = CE = AF = 4\). Segments \(AD\), \(BE\), and \(CF\) intersect at poi...
1237	0.375000	algebra	1	Let \(a, b, c\) be positive real numbers such that \(a + b + c = 3\). Prove that: \[ \frac{a^2}{a + 2b} + \frac{b^2}{b + 2c} + \frac{c^2}{c + 2a} \geq 1. \]
1238	0.333333	algebra	\frac{27}{2}	Let \(a, b, c\) be positive real numbers such that \(a + b + c = 1\). Find the minimum value of \[ \frac{1}{a^2 + b^2} + \frac{1}{b^2 + c^2} + \frac{1}{c^2 + a^2}. \]
1239	0.333333	number_theory	3	Find all positive integers \( n \) such that \( n \) divides \( 2^n + 1 \) and \( n \) is not a power of 2.
1240	0.555556	number_theory	360	Find the smallest positive integer $n$ such that the number of positive divisors of $n$ is exactly $24$ and $n$ is divisible by $120$.
1241	0.333333	other	5	In a magical land, there are three types of coins: gold (G), silver (S), and bronze (B). A spell has been cast so that when two different types of these coins are placed together in a magic pot, they transform into the third type. For exam...
1242	0.333333	number_theory	99	Let \( f(n) \) be a function that satisfies \( f(n) = n + 1 \) for all \( n \geq 1 \), and for all integers \( k \geq 1 \), let \( g(k) \) be defined as the sum of \( f(n) \) for \( n \) ranging from 1 to \( k \). Find the remainder when \...
1243	0.555556	geometry	10\sqrt{3}	在一个平面直角坐标系中，点 \(A\) 位于原点 \(O(0,0)\)，点 \(B\) 位于 \(x\) 轴正半轴上的某一点，点 \(C\) 位于 \(y\) 轴正半轴上的另一点。已知 \(AB = AC = 10\)，且 \(\angle BAC = 120^\circ\)。求线段 \(BC\) 的长度。
1244	0.666667	combinatorics	385	A sequence of numbers is defined as follows: $a_1 = 1$, and for $n \geq 2$, $a_n = a_{n-1} + n^2$. What is the value of $a_{10}$?
1245	0.333333	geometry	1	Find all positive integers \( n \) such that the sum of the first \( n \) positive integers is equal to the square of the sum of the first \( k \) positive integers, where \( k \) is the largest integer such that \( k \leq \sqrt{n} \). Det...
1246	0.750000	other	62	在一个无限长的数列中，第一个数是1，之后的每一个数都是前一个数加上其数字之和。例如，第一个数为1，第二个数为1 + 1 = 2，第三个数为2 + 2 = 4，第四个数为4 + 4 = 8，以此类推。请找到这个数列中前10个数中最大的数。
1247	0.666667	logic_puzzle	6	In a particular town, the population grows geometrically. On the first day, the population is 1000. By the third day, the population has tripled. Assuming the growth continues at the same rate, on which day will the population be at least ...
1248	0.555556	number_theory	7	What is the smallest positive integer \( n \) such that \( \frac{3^n}{2} \) is an integer and \( \frac{3^n}{2} \) is greater than 1000?
1249	0.444444	geometry	40	A circle with radius 10 units is inscribed in a right triangle with legs of lengths 24 units and 32 units. Find the length of the hypotenuse of the triangle.
1250	0.571429	geometry	0	A hyperbolic plane is defined by the equation \(x^2 - y^2 + z^2 = 1\). A line segment is drawn from the point \((1, 0, 0)\) to the point \((0, 1, 0)\) on this hyperbolic plane. Determine the length of this line segment using the hyperbolic...
1251	0.444444	number_theory	17	Let \( n \) be a positive integer. Consider the sequence defined by \( a_1 = n \), \( a_2 = n + 1 \), and for \( k \geq 3 \), \( a_k = a_{k-1} + a_{k-2} \). Suppose that \( a_7 = 233 \). Find the smallest possible value of \( n \). Hint: R...
1252	0.333333	number_theory	2	Determine the smallest positive integer \( n \) such that there exists an integer \( k \) for which the expression \( n^3 + k^3 + 9 \) is a perfect cube.
1253	0.555556	algebra	3	What is the value of the product of the roots of the equation $x^2 - 4x + 3 = 0$?
1254	0.500000	geometry	\frac{(n+m)!}{n!m!}	Find the number of different paths from the origin (0, 0) to the point (n, m) on the coordinate plane, where each path consists only of moves to the right or up one unit at a time. How many such paths exist?
1255	0.444444	geometry	1	Consider a sequence of positive integers \( a_1, a_2, a_3, \ldots, a_n \) such that \( a_1 = 1 \) and \( a_{n+1} = 3a_n + 1 \) for all \( n \geq 1 \). Determine the smallest positive integer \( k \) such that \( a_k \) is a perfect square.
1256	0.333333	number_theory	53	Find the smallest positive integer $n$ such that when $n$ is divided by 2, the remainder is 1; when $n$ is divided by 3, the remainder is 2; when $n$ is divided by 5, the remainder is 3; and when $n$ is divided by 7, the remainder is 4.
1257	0.500000	algebra	728	In a geometric sequence, the first term is 2 and the common ratio is 3. What is the sum of the first six terms of the sequence?
1258	0.375000	combinatorics	\frac{5}{44}	There are 12 marbles in a bag: 5 green, 4 blue, and 3 red. If you draw two marbles from the bag without replacement, what is the probability that the first marble is green and the second marble is red?
1259	0.555556	number_theory	144	In the sequence of positive integers, each term after the first two is the sum of the two preceding ones (like in the Fibonacci sequence). If the 7th term of this sequence is 34 and the 9th term is 89, what is the 10th term?
1260	0.333333	other	11	Alice and Bob play the following game on a board. Alice starts with the number 1, and on each turn, she can double the number or add 1 to the number. Bob wins if he can make the number exactly 2024 on his turn. What is the smallest number ...
1261	0.555556	other	N	在一个无限长的赛道上，有N只蚂蚁，每只蚂蚁初始位置可以任意（假设蚂蚁之间没有相互作用力）。每只蚂蚁以恒定速度向赛道左端或右端爬行，方向由其初始位置和赛道边缘确定。假设赛道宽度为W，蚂蚁的速度为v。请问，如果所有蚂蚁都在赛道上以匀速爬行，那么在任意时刻，赛道上的蚂蚁总数最多是多少？
1262	0.666667	number_theory	2	Find all positive integers \( n \) such that \( n^3 + 3n^2 + 2n + 1 \) is divisible by \( n^2 + 1 \).
1263	0.666667	geometry	2	In a game where players take turns selecting numbers from the set \(\{1, 2, 3, \ldots, 100\}\), the goal is to avoid being the player who selects a number such that the sum of all selected numbers is a perfect square. If the first player s...
1264	0.555556	geometry	4	Consider a sequence of positive integers defined recursively as follows: \(a_1 = 1\), and for \(n \geq 2\), \(a_n = a_{n-1} + \lfloor \sqrt{a_{n-1}} \rfloor\). Determine the smallest positive integer \(k\) such that \(a_k\) is a perfect sq...
1265	0.666667	algebra	2	Find the minimum value of the function \( f(x) = x^2 + \frac{1}{x^2} \) for \( x > 0 \). Give your answer as a simplified fraction.
1266	0.750000	geometry	220	A convex polygon has 12 sides. How many distinct triangles can be formed by choosing 3 vertices from these 12 vertices? Prove that your answer is correct.
1267	0.333333	geometry	r/2	A circle is inscribed in a square with side length \(s\). A second circle is tangent to the first circle and two sides of the square. If the radius of the first circle is \(r\), find the radius of the second circle.
1268	0.333333	algebra	f(x) = cx^2	Let \( f: \mathbb{R} \to \mathbb{R} \) be a function such that for all \( x, y \in \mathbb{R} \), the following functional equation holds: \[ f(x + y) + f(x - y) = 2f(x) + 2f(y) \] Determine all possible functions \( f \) that satisfy this...
1269	0.444444	number_theory	3	Find the smallest positive integer \( n \) such that the equation \[ \frac{1}{x_1} + \frac{1}{x_2} + \cdots + \frac{1}{x_n} = 1 \] has a solution in distinct positive integers \( x_1, x_2, \ldots, x_n \).
1270	0.333333	geometry	2	What is the smallest positive integer \( n \) such that there exists a sequence of distinct positive integers \( a_1, a_2, \ldots, a_n \) satisfying the following conditions: 1. \( a_1 = 1 \) 2. For each \( i \) from 2 to \( n \), \( a_i \...
1271	0.555556	number_theory	16	Let \( P(x) \) be a polynomial of degree 4 with integer coefficients such that \( P(1) = P(3) = P(5) = P(7) = a \) and \( P(2) = P(4) = P(6) = P(8) = b \), where \( a \) and \( b \) are integers. Find the sum of the roots of \( P(x) = 0 \).
1272	0.666667	number_theory	45	What is the smallest positive integer \( n \) such that \( n! \) is divisible by \( 10^{10} \)?
1273	0.571429	geometry	\frac{224\pi}{3}	A spherical water tank has a radius of 6 meters. If the tank is filled to a depth of 4 meters, what is the volume of water in the tank? Express your answer in terms of π.
1274	0.333333	other	2^{100}	在一个无限长的数列中，每个数都是前一个数的两个倍数之一。如果这个数列的第一个数是2，且数列中没有任何两个数相同，那么这个数列的第100项是什么？
1275	0.333333	number_theory	a_1 = a_2 = a_3	In a certain game, a player is given a sequence of positive integers \(a_1, a_2, \ldots, a_n\), where \(n \geq 3\), and is asked to perform the following operation repeatedly: choose any three distinct indices \(i, j, k\) such that \(1 \le...
1276	0.777778	number_theory	6	A positive integer \( n \) is called super-decomposable if \( n \) can be written as \( n = ab \), where \( a \) and \( b \) are integers greater than 1 such that \( \gcd(a, b) = 1 \). What is the smallest super-decomposable number?
1277	0.666667	number_theory	1	Let $f(x) = x^4 - 4x^3 + 6x^2 - 4x + 1$ be a polynomial. For how many integers $x$ in the range $-100 \leq x \leq 100$ is $f(x) = 0$?
1278	0.500000	geometry	10^\circ	Let $ABC$ be an isosceles triangle with $AB = AC$ and $\angle BAC = 20^\circ$. Point $D$ is on side $BC$ such that $BD = DC$. Find the measure of $\angle BAD$.
1279	0.555556	geometry	\dfrac{16}{25}	In a coordinate plane, there is a circle centered at the origin with radius \(5\). A point \(P\) is chosen at random inside the circle. What is the probability that the distance from \(P\) to the point \((3, 4)\) is less than or equal to \...
1280	0.571429	combinatorics	12	How many ways are there to arrange 4 different books on a shelf if the algebra book must always be next to the geometry book?
1281	0.444444	geometry	4	A sequence of numbers \(a_1, a_2, a_3, \ldots, a_n\) is defined by the recurrence relation \(a_{k+1} = a_k + \left\lfloor \sqrt{a_k} \right\rfloor\) for \(k \geq 1\), with the initial term \(a_1 = 1\). Find the smallest value of \(n\) for ...
1282	0.555556	geometry	50	A circle is inscribed in a square with side length 10 units. Another square is inscribed in this circle such that its vertices touch the circle at the midpoints of the sides of the larger square. Calculate the area of the smaller square.
1283	0.375000	combinatorics	false	In the land of Mathoria, there are two types of magical creatures: Zephyrs and Nymphs. Zephyrs can fly and are always truthful, while Nymphs can fly and are always deceitful. Each creature either knows about the existence of a hidden treas...
1284	0.666667	number_theory	2021	Let \( f: \mathbb{N} \to \mathbb{N} \) be a function satisfying the following properties for all positive integers \( n \): 1. \( f(n) \) is a positive integer. 2. \( f(f(n)) = n + 2 \). 3. \( f(1) = 3 \). Determine the smallest positive i...
1285	0.555556	algebra	\frac{a}{b} + \frac{b}{c} + \frac{c}{a} \geq a + b + c	Let \(a, b,\) and \(c\) be positive real numbers such that \(abc = 1\). Prove that: \[ \frac{a}{b} + \frac{b}{c} + \frac{c}{a} \geq a + b + c. \]
1286	0.555556	number_theory	43	A sequence of positive integers \(a_1, a_2, a_3, \ldots, a_{10}\) satisfies the condition \(a_{n+1} = a_n^2 - a_n + 1\) for \(n = 1, 2, \ldots, 9\). If \(a_1 = 2\), find the remainder when \(a_{10}\) is divided by 100.
1287	0.333333	number_theory	2073	Find the smallest positive integer \( n \) such that the equation \(\left\lfloor \frac{n}{2} \right\rfloor + \left\lfloor \frac{n}{3} \right\rfloor + \left\lfloor \frac{n}{7} \right\rfloor = 2023\), where \(\left\lfloor x \right\rfloor\) d...
1288	0.500000	algebra	0	Let \( P(x) \) be a polynomial of degree 3 such that \( P(1) = 3 \), \( P(2) = 8 \), \( P(3) = 15 \), and \( P(4) = 24 \). If \( P(5) = 33 \), find the value of \( P(0) \).
1289	0.666667	combinatorics	24	In a certain city, there are 120 houses arranged in a perfect 12x10 grid. The mayor of the city has decided to install streetlights under certain conditions: Each streetlight illuminates exactly 5 houses, and no two streetlights can illumi...
1290	0.444444	geometry	6	Let \(ABC\) be a triangle with \(AB = AC\). Let \(D\) be a point on \(BC\) such that \(BD = DC\). Let \(E\) be the midpoint of \(AD\). If the area of \(\triangle ABC\) is 48 and the area of \(\triangle ADE\) is 12, find the length of \(BD\...
1291	0.333333	number_theory	14	What is the smallest positive integer $n$ such that when $n$ is divided by 3, the quotient is 4, and when $n$ is divided by 7, the quotient is 2?
1292	0.444444	other	30	In a certain magical land, there are 120 magical creatures, all of which are either unicorns, dragons, or both. It is known that exactly 80 creatures are unicorns and exactly 70 are dragons. How many creatures are both unicorns and dragons?
1293	0.625000	number_theory	14	There exists a sequence \(\{a_n\}\) defined as: \[ a_1 = 1, \quad a_{n+1} = a_n + \frac{1}{a_n} \quad \text{for} \quad n \geq 1. \] Find the greatest integer less than or equal to \(a_{100}\).
1294	0.333333	geometry	\frac{400}{3}^\circ	A convex hexagon $ABCDEF$ has angles $A = 110^\circ$, $B = 95^\circ$, and $C = 115^\circ$. Angles $D$, $E$, and $F$ are all equal. Determine the measure of $\angle D$.
1295	0.444444	geometry	10	Let \( ABCD \) be a convex quadrilateral with \( AB = 5 \), \( BC = 6 \), \( CD = 7 \), and \( DA = 8 \). Diagonals \( AC \) and \( BD \) intersect at point \( E \). If the area of quadrilateral \( ABCD \) is 24, find the length of \( AC \...
1296	0.555556	number_theory	3	A sequence of numbers is defined by the recurrence relation \(a_{n+1} = a_n + \frac{1}{a_n}\) with the initial term \(a_1 = 1\). What is the smallest integer \(k\) such that \(a_k > 2\)?
1297	0.555556	number_theory	457	Determine the number of positive integers less than 1000 that are not divisible by 3, 5, or 7.
1298	0.333333	geometry	0	In the complex plane, let $P(z) = z^5 - 6z^4 + 11z^3 - 6z^2 + z + 1$ and $Q(w) = w^3 - 3w^2 + 3w - 1$. Determine the number of complex roots of the polynomial $P(z)Q(w)$ that lie strictly inside the circle with radius 1 centered at the ori...
1299	0.375000	combinatorics	1058400	Determine the number of ways to arrange the letters in the word "MATHEMATICS" such that no two vowels are adjacent to each other.
1300	0.444444	number_theory	1	Find the smallest positive integer \( n \) such that \( n \cdot 2024^n \equiv 1 \pmod{33} \).
1301	0.666667	number_theory	1	Find the number of ordered quadruples \((a, b, c, d)\) of positive integers such that \(a \cdot b \cdot c \cdot d = 2021\) and \(a + b + c + d\) is minimized. Assume \(a \leq b \leq c \leq d\).
1302	0.333333	number_theory	4	What is the smallest positive integer \( n \) for which there exist positive integers \( x, y, z \) such that \( x^2 + y^2 + z^2 + n = 3xyz \)?
1303	0.777778	geometry	1	What is the smallest positive integer \( n \) such that \( n^2 + 10n + 25 \) is a perfect square?
1304	0.555556	geometry	674	A convex polygon with 2024 sides is given. Each side is colored either red or blue, and no two adjacent sides have the same color. If the number of red sides is at least twice the number of blue sides, find the smallest possible number of ...
1305	0.555556	geometry	5	Consider a sequence of numbers where each term after the first two is the sum of the squares of the two preceding terms. That is, if the sequence starts with $a_1$ and $a_2$, then $a_{n} = a_{n-1}^2 + a_{n-2}^2$ for $n \geq 3$. If the firs...
1306	0.333333	number_theory	7	Find the smallest positive integer \( n \) such that the polynomial \( P(x) = x^n - 1 \) has exactly three distinct complex roots that are not real, and \( P(x) \) has a real root with multiplicity 3.
1307	0.333333	number_theory	1	Let \( S \) be the set of all positive integers that can be expressed as the sum of three distinct positive integers, each of which is a power of 2. Find the smallest positive integer \( n \) such that \( n \) is not in \( S \).
1308	0.333333	number_theory	(1, 1)	Find all pairs of positive integers \((m, n)\) such that \(m^2 + mn - n^2 = 1\).
1309	0.333333	other	0	In a small town, there are three bakeries: A, B, and C. Bakery A bakes 100 loaves of bread per day, bakery B bakes 150 loaves of bread per day, and bakery C bakes 200 loaves of bread per day. Due to a new policy, each bakery must increase ...
1310	0.555556	geometry	0.637	A square is inscribed in a circle of radius 10 cm. If point $P$ is chosen randomly within the circle, what is the probability that $P$ lies inside the square? Express your answer as a decimal rounded to three places.
1311	0.777778	number_theory	\frac{(p-1)(q-1)(pq+1)}{4}	** Let \( p \) and \( q \) be two distinct prime numbers such that \( p < q \). Define the set \( S \) as the collection of all integers \( n \) where \( 1 \leq n \leq pq - 1 \) and \( n \) is not divisible by either \( p \) or \( q \). Pr...
1312	0.333333	geometry	\frac{60}{7}	In a triangle \(ABC\), the incircle touches \(BC\), \(CA\), and \(AB\) at points \(D\), \(E\), and \(F\) respectively. Let \(P\) be a point inside the triangle such that the lines \(PD\), \(PE\), and \(PF\) are concurrent at the Gergonne p...
1313	0.625000	algebra	2023	The function \( f \) is defined for all real numbers and satisfies the functional equation: \[ f(x + f(y)) = y + f(x) \] for all real numbers \( x \) and \( y \). Determine the value of \( f(2023) \).
1314	0.500000	number_theory	100	What is the largest integer \( n \) for which the equation \( n^2 = 10000 - k^2 \) has exactly one integer solution for \( k \)?
1315	0.333333	geometry	5	Let \( f(x) \) be a polynomial with integer coefficients such that \( f(0) = 1 \) and \( f(1) = 2 \). Suppose further that for all integers \( n \geq 0 \), \( f(n) \) is a perfect square. Find the smallest possible value of \( f(2) \).
1316	0.500000	combinatorics	False	Given the set S = {1, 2, 3, 4, 5}, prove or disprove that all subsets of S contain at least one element.
1317	0.666667	number_theory	12	Find the smallest positive integer \( n \) such that the product of the divisors of \( n \) is equal to \( n^3 \).
1318	0.777778	geometry	\frac{1}{8}	A square is inscribed in a circle of radius \( r \). Points \( P, Q, R, \) and \( S \) are located on the sides of the square such that \( PQRS \) forms a smaller square inside the first. If the length of the diagonal of the smaller square...
1319	0.333333	algebra	2	Let \( f(x) = x^3 - 3x + 2 \). Find the sum of all real solutions to the equation \( f(f(x)) = 0 \).
1320	0.555556	geometry	\cos^2(\pi/n)	A regular polygon with \( n \) sides is inscribed in a circle of radius \( R \). A smaller circle is inscribed within the polygon. Determine the radius \( r \) of the smaller circle in terms of \( n \) and \( R \). What is the ratio of the...
1321	0.777778	algebra	2	Find all real numbers \(x\) such that \(x^3 - 3x^2 + 4 = 0\). How many distinct real solutions does the equation have?
1322	0.444444	geometry	9	Let \( ABC \) be a triangle with \( AB = AC = 10 \) and \( BC = 12 \). A circle is tangent to \( AB \) at \( P \), to \( AC \) at \( Q \), and internally tangent to the circumcircle of \( ABC \) at \( R \). If the radius of the circle is \...
1323	0.555556	geometry	4\pi	A square and a circle intersect such that they each have four points of tangency. If the area of the square is 16 square units, find the area of the circle. **Hint:** Use the fact that the diameter of the circle is equal to the side length...
1324	0.444444	number_theory	1	Find all positive integers \( n \) such that the equation \[ x^n + y^n + z^n = 2024 \] has at least one solution in positive integers \( x, y, \) and \( z \).
1325	0.555556	geometry	24	In a right-angled triangle, the length of the hypotenuse is 10 units, and the length of one of the legs is 6 units. What is the area of the triangle? Express your answer as a simplified fraction.
1326	0.500000	other	8	在一个正方体的每个顶点处放置一枚硬币。如果从这八枚硬币中随机选取三枚，使得它们两两不相邻（即没有两枚硬币在同一条边上或对角线上），有多少种不同的选法？
1327	0.500000	geometry	10	In a triangle \(ABC\) with \(AB = AC\), point \(D\) lies on \(BC\) such that \(BD = 3\) and \(DC = 2\). If the area of \(\triangle ABD\) is 6, find the area of \(\triangle ABC\).
1328	0.777778	number_theory	6	** Find the smallest positive integer \( k \) such that the equation \( x^2 - 5x + k = 0 \) has two distinct integer solutions, and both solutions are greater than 1 but less than 10.
1329	0.666667	number_theory	5	Three positive integers \( a, b, \) and \( c \) satisfy the equation \( a^2 + b^2 = c^2 \). If \( a \) and \( b \) are consecutive integers, what is the smallest possible value of \( c \)?
1330	0.333333	geometry	25	A circle is inscribed in a right triangle with legs of lengths 15 and 20 units. A point \( P \) on the hypotenuse divides it into two segments, one of which is 5 units longer than the other. Find the area of the triangle formed by \( P \) ...
1331	0.444444	algebra	0	Given the function \( f(x) = \int_0^x e^{-t^2} \, dt \), find the value of \( \lim_{x \to \infty} \frac{f(x)}{x} \). Additionally, determine if \( f(x) \) is strictly increasing for all \( x \geq 0 \).
1332	0.333333	number_theory	(0,0,0)	Find all integer solutions to the equation \(x^3 + y^3 + z^3 = 2xyz\) where \(x, y, z\) are positive integers.
1333	0.444444	number_theory	15	A sequence of numbers is defined by the formula: \( a_{n+2} = a_{n+1} + a_n \) for all \( n \geq 1 \), with initial terms \( a_1 = 1 \) and \( a_2 = 2 \). Find the remainder when \( a_{20} \) is divided by 17.
1334	0.375000	number_theory	3	Find the number of ordered triples \((a, b, c)\) of positive integers such that \(abc = 2021\) and \(a \leq b \leq c\).
1335	0.666667	geometry	5	In a sequence of integers, each term after the first is the sum of the squares of the digits of the previous term. Starting with the number 19, how many terms are in the sequence until it first repeats a term?
1336	0.444444	geometry	1	In a plane, there are 12 circles of radius 1 that are disjoint and arranged in such a way that every circle is tangent to exactly two other circles. Let \(\mathcal{S}\) be the set of all such configurations. Find the number of distinct con...
1337	0.777778	combinatorics	6	Let $f(x) = x^2 + ax + b$ be a quadratic polynomial with real coefficients. Suppose there exist distinct real numbers $p, q, r$ such that $f(p) = f(q) = f(r) = 2024$. Additionally, consider the function $g(x) = x^3 - 6x^2 + 11x - 6$. Find ...
1338	0.375000	geometry	20	A rectangular grid is divided into squares of side length 1. Starting from one corner of the grid, you are allowed to move either one square to the right or one square up. However, once you reach a corner of a square, you cannot move furth...
1339	0.555556	algebra	4	What is the sum of the unique roots of the polynomial equation \( P(x) = (x^2 - 4x + 3)(x^3 - 9x^2 + 27x - 27) = 0 \)?
1340	0.777778	algebra	\frac{3}{2}	Let \( a, b, c \) be positive real numbers such that \( a + b + c = 3 \). Find the minimum value of the expression: \[ \frac{a^2}{a + bc} + \frac{b^2}{b + ca} + \frac{c^2}{c + ab}. \]
1341	0.444444	geometry	\frac{5}{9}	In triangle \(ABC\), \(AB = 13\), \(BC = 14\), and \(CA = 15\). Point \(D\) is chosen on \(BC\) such that \(BD = 9\) and \(DC = 5\). If \(AD\) intersects the circumcircle of triangle \(ABC\) again at point \(E\), find the ratio of the area...
1342	0.444444	algebra	\frac{3}{2}	Let \(a\), \(b\), and \(c\) be positive real numbers such that \(abc = 1\). Prove that \[ \frac{a}{b+c} + \frac{b}{c+a} + \frac{c}{a+b} \geq \frac{3}{2}. \]
1343	0.555556	number_theory	3	Find all positive integers \( n \) such that the equation \( x^2 + y^2 + z^2 = nxyz \) has a solution in positive integers \( x, y, z \).
1344	0.444444	number_theory	n	In a particular mathematical game, you are given a set of \( n \) distinct colored balls. The rules of the game are as follows: 1. You can pair any two distinct balls, and each pair can only be formed once. 2. After forming pairs, you scor...
1345	0.444444	number_theory	13	Let \( S \) be the set of all positive integers \( n \) such that the decimal representation of \( \frac{1}{n} \) has a repeating cycle of length 12. Find the smallest \( n \) in \( S \) that is divisible by 13.
1346	0.333333	number_theory	2^{n-1}	Consider a set of integers \( S = \{1, 2, 3, \ldots, n\} \). A subset \( A \) of \( S \) is called "good" if the sum of its elements is divisible by \( n \). Determine the number of good subsets of \( S \) for a given \( n \).
1347	0.750000	geometry	98	What is the sum of the smallest positive integer that is both a perfect square and a perfect cube, and the largest two-digit prime number?
1348	0.666667	number_theory	3	Let $f(x) = x^3 - 3x^2 + 3x - 1$. Define the sequence of polynomials $P_n(x)$ for $n \geq 0$ by $P_0(x) = 1$ and $P_{n+1}(x) = f(P_n(x))$ for $n \geq 0$. Determine the smallest positive integer $n$ such that the coefficient of $x^n$ in $P_...
1349	0.375000	geometry	200	In a regular hexagon, each side has a length of 10 units. A square is inscribed in the hexagon such that one of its sides lies on a diagonal of the hexagon. What is the area of the square?
1350	0.333333	geometry	0	In a group of 100 people, each person shakes hands with exactly 5 other people, but no three people all shake hands with one another. What is the maximum number of triangles (sets of three people who all shake hands) that can be formed in ...
1351	0.375000	combinatorics	376	In a sequence of numbers, each term is the sum of the two preceding ones, starting with 1 and 1. If the 10th term of this sequence is 55, what is the sum of the first 12 terms of the sequence?
1352	0.666667	algebra	-\frac{3}{5}	Let $f(x) = \frac{x^2 - 1}{x^2 + 1}$. Find the value of $f\left(\frac{1}{2}\right)$.
1353	0.666667	number_theory	5	In a sequence of numbers, each term after the first is determined by adding the previous two terms together. If the first term is 1 and the second term is 2, what is the remainder when the 100th term of this sequence is divided by 7?
1354	0.444444	geometry	\left( \frac{5 + x}{3}, \frac{y}{3} \right)	Let \( ABC \) be a triangle with \( AB = 5 \), \( BC = 6 \), and \( AC = 7 \). A point \( P \) is chosen inside the triangle such that the lines \( AP \), \( BP \), and \( CP \) divide the triangle into three smaller triangles of equal are...
1355	0.666667	number_theory	29	Consider a sequence of positive integers \( a_1, a_2, a_3, \ldots, a_n \) such that for each \( i \) (where \( 1 \leq i \leq n \)), \( a_i \) is the smallest integer greater than \( a_{i-1} \) that is relatively prime to all previous terms...
1356	0.555556	number_theory	100	In a certain city, there are 100 houses numbered from 1 to 100. Each house has a unique color and each color appears exactly once among these houses. A delivery truck starts from house number 1 and must deliver a package to each house, fol...
1357	0.444444	geometry	80	Three distinct points \( A \), \( B \), and \( C \) lie on a circle of radius \( 10 \) units. If the distance from the center of the circle to the midpoint of segment \( AC \) is \( 6 \) units, what is the maximum possible area of triangle...
1358	0.444444	number_theory	12	What is the smallest positive integer \( n \) such that \( n! \) is divisible by \( 2^{10} \) and \( 3^5 \)?
1359	0.666667	geometry	5 + \sqrt{13} + \sqrt{26}	In the complex plane, let $A$, $B$, and $C$ be the points corresponding to the complex numbers $a$, $b$, and $c$, respectively, where $a = 3 + 2i$, $b = -1 - i$, and $c = 2 - 3i$. Find the perimeter of triangle $ABC$.
1360	0.666667	sequence	\frac{2}{19}	A sequence \( a_1, a_2, a_3, \ldots \) is defined by the recurrence relation \( a_{n+1} = \frac{a_n}{a_n + 1} \) for \( n \geq 1 \), with the initial term \( a_1 = 2 \). Find the value of \( a_{10} \) and express your answer as a common fr...
1361	0.555556	geometry	1, 35, 251, 505	Find all positive integers \( n \) such that \( n^2 + 2024 \) is a perfect square.
1362	0.444444	geometry	ab \sin(\theta)	A convex quadrilateral $ABCD$ has sides $AB = a$, $BC = b$, $CD = c$, and $DA = d$. The diagonals $AC$ and $BD$ intersect at point $O$. If the area of triangle $ABO$ is $x$ and the area of triangle $CDO$ is $y$, and it is given that $x + y...
1363	0.666667	algebra	9	A function \( f \) is defined on the set of real numbers and satisfies the equation: \[ f(x + y) + f(x - y) = 2f(x) + 2f(y) \] for all real numbers \( x \) and \( y \). Given that \( f(1) = 1 \) and \( f(2) = 4 \), find the value of \( f(3...
1364	0.777778	geometry	8.4	In a triangle \( ABC \), the lengths of sides \( AB \) and \( AC \) are 5 and 7, respectively. The angle bisector of \( \angle BAC \) intersects \( BC \) at point \( D \). If the area of triangle \( ABD \) is 6, find the area of triangle \...
1365	0.666667	number_theory	10	In a sequence of positive integers, each term after the first is determined by the rule: the next term is the smallest integer greater than the previous term that shares no more than three distinct prime factors with any of the preceding t...
1366	0.444444	combinatorics	3	A sequence of numbers \(a_1, a_2, a_3, \ldots\) is defined by the following rules: 1. \(a_1 = 1\) 2. \(a_{n+1} = \frac{a_n}{2}\) if \(a_n\) is even, and \(a_{n+1} = 3a_n + 1\) if \(a_n\) is odd. Find the smallest \(n\) for which \(a_n = 1\...
1367	0.666667	geometry	\frac{1}{2}	A farmer has a rectangular field where he plans to plant three different types of crops in triangular plots. The field is divided into 12 equal square plots along its length and 10 equal square plots along its width. Each triangular plot s...
1368	0.555556	algebra	4	Let \( P(x) = x^3 - 3x^2 + 4 \). Find the number of distinct real solutions to the equation \( P(P(x)) = 0 \).
1369	0.444444	geometry	\left( \frac{17}{3}, 0 \right)	In the complex plane, consider the points \(A = 3 + 4i\) and \(B = 7 - 2i\). A point \(P\) lies on the line segment joining \(A\) and \(B\) such that the distance from \(P\) to \(A\) is twice the distance from \(P\) to \(B\). Find the coor...
1370	0.555556	number_theory	1	What is the smallest positive integer \( n \) such that \( n^2 + 23 \) is divisible by \( n + 3 \)?
1371	0.777778	number_theory	1012	A set of positive integers \( S \) is called *sum-free* if no element of \( S \) can be expressed as the sum of two or more other elements of \( S \). Let \( A \) be a sum-free subset of the set \( \{1, 2, 3, \ldots, 2024\} \) such that th...
1372	0.666667	algebra	-12	Find all real numbers \( x \) such that \( \frac{2}{3} = \frac{x+2}{x-3} \).
1373	0.666667	number_theory	3	Determine all positive integers \( n \) such that the equation \( x^n + y^n = n^2 \) has at least one solution in positive integers \( x \) and \( y \).
1374	0.666667	algebra	\frac{4}{3}	Let \( f(x) \) be a continuous function on the interval \([0, 1]\) such that \( f(0) = 0 \) and \( f(1) = 1 \). Define the function \( g(x) \) as the integral of \( f(x) \) from 0 to \( x \), i.e., \( g(x) = \int_0^x f(t) \, dt \). Suppose...
1375	0.333333	number_theory	65	In a sequence of numbers \( a_1, a_2, a_3, \ldots, a_n \), each number after the first is obtained by adding to the previous number the smallest integer not yet in the sequence. For example, starting with \( a_1 = 1 \), the sequence would ...
1376	0.333333	number_theory	First Player	In a game of "Pick the Prime," players take turns selecting distinct positive integers from 1 to 100 without replacement. The first player to pick a set of numbers whose product is a prime number wins. If all players play optimally, who wi...
1377	0.333333	number_theory	2	Find all positive integers \( n \) such that the equation \( x^n + y^n = 3z^n \) has no solutions in positive integers \( x, y, z \).
1378	0.500000	number_theory	(6, 5)	Find all pairs of positive integers \((x, y)\) such that \[ x^3 - y^3 = xy + 61. \]
1379	0.555556	geometry	\frac{\sqrt{2}}{2}	In a square \( ABCD \) with side length 10, point \( P \) is chosen inside the square such that the distances from \( P \) to sides \( AB \) and \( BC \) are 3 and 4, respectively. Find the distance from \( P \) to the diagonal \( AC \).
1380	0.666667	geometry	3	A right triangle has legs of lengths \( 9 \) and \( 12 \). What is the radius of the largest circle that can be inscribed in this triangle?
1381	0.444444	geometry	3	In a tetrahedron \(ABCD\), let \(M\) and \(N\) be the midpoints of edges \(AB\) and \(CD\), respectively. The plane containing \(MN\) intersects edges \(AC\) and \(BD\) at points \(P\) and \(Q\), respectively. Prove that the line segment \...
1382	0.666667	geometry	50	In a magical forest, there are 100 trees arranged in a straight line. Each tree has a number of magic fruits ranging from 1 to 100, with each number appearing exactly once. A forest wizard casts a spell that swaps the positions of the frui...
1383	0.666667	geometry	\frac{1}{2}	A circle is inscribed in a square, and another smaller square is inscribed in this circle. What is the ratio of the area of the smaller square to the area of the larger square?
1384	0.333333	geometry	\frac{14\sqrt{3}}{3}	There are two concentric circles with radii of 4 and 6 units. A third smaller circle is tangent to the larger circle at point A and the smaller circle at point B. If the area of the smallest shaded region formed between the circles is \(\f...
1385	0.666667	geometry	90^\circ	In a triangle \(ABC\), let \(D\) be a point on \(BC\) such that \(BD = 2DC\). The angle bisectors of \(\angle BAC\) and \(\angle BDC\) intersect at point \(P\). If \(\angle BAC = 60^\circ\) and \(\angle BDC = 120^\circ\), find the measure ...
1386	0.666667	geometry	4\sqrt{2}	A circle with radius \(r\) is inscribed in a right triangle with legs of lengths 12 and 16. A square is inscribed in the same circle. What is the side length of the square?
1387	0.777778	number_theory	4	What is the maximum number of distinct complex solutions to the equation \(x^4 + ax^3 + bx^2 + cx + d = 0\) if \(a, b, c, d\) are integers and \(|a|, |b|, |c|, |d| \leq 10\)?
1388	0.333333	other	6	In the town of Geometrica, there is a unique library shaped like a regular hexagon. The librarian, being a lover of puzzles, decides to organize a contest where participants must find the shortest path between two specific points on the he...
1389	0.555556	algebra	5	Consider the function \( f(x) = x^3 - 3x^2 + 2x \). Determine the number of distinct real roots of the equation \( f(f(x)) = 0 \).
1390	0.666667	number_theory	3	Find the smallest positive integer \( n \) such that the polynomial \( P(x) = x^n + x^{n-1} + \cdots + x + 1 \) can be factored into two non-constant polynomials with integer coefficients.
1391	0.666667	algebra	2 + 2\sqrt{2}, 2 - 2\sqrt{2}	Find all real numbers \( x \) such that the equation \[ \log_3(x^2 - 4x + 5) = 2 \] holds true.
1392	0.444444	number_theory	5	Let \( S \) be the set of all positive integers \( n \) such that the equation \( x^2 + y^2 = n \) has exactly two solutions in positive integers \( x \) and \( y \) where \( x \neq y \). Find the smallest element of \( S \).
1393	0.777778	algebra	1	Find the number of distinct real solutions to the equation \(x^4 - 4x^3 + 6x^2 - 4x + 1 = 0\), and determine whether each solution is rational or irrational.
1394	0.666667	geometry	0	In the Cartesian plane, consider the region R defined by the inequalities: \[ x \geq 0, \quad y \geq 0, \quad x + y \leq 1, \quad x - y \leq 1 \] Let P be a point inside R with coordinates (a, b). The point P is projected onto the line y =...
1395	0.666667	geometry	20	In the complex plane, consider a regular 20-sided polygon centered at the origin. If \( z_1, z_2, \ldots, z_{20} \) are the vertices of the polygon, find the value of \( \sum_{k=1}^{20} |z_k|^2 \).
1396	0.666667	combinatorics	330	A sequence of numbers is defined as follows: \(a_1 = 1\), \(a_2 = 2\), and for \(n \geq 3\), \(a_n = a_{n-1} + a_{n-2} + n\). What is the value of \(a_{10}\)?
1397	0.777778	algebra	\frac{a^2}{b} + \frac{b^2}{c} + \frac{c^2}{a} \geq a + b + c	Let $a, b, c$ be positive real numbers such that $abc = 1$. Prove that \[ \frac{a^2}{b} + \frac{b^2}{c} + \frac{c^2}{a} \geq a + b + c. \]
1398	0.444444	geometry	kc	A right triangle has legs of lengths \(a\) and \(b\), and its hypotenuse is \(c\). If the triangle is scaled by a factor of \(k\) (where \(k > 0\)), what is the new length of the hypotenuse in terms of \(c\) and \(k\)? Given: - The origina...
1399	0.333333	other	20	In the land of Numeralia, there are three types of coins: A-coins, B-coins, and C-coins. The value of an A-coin is twice the value of a B-coin, and the value of a C-coin is three times the value of a B-coin. If John has 1 A-coin, 3 B-coins...
1400	0.555556	algebra	\frac{-2 + \sqrt{22}}{2}, \frac{-2 - \sqrt{22}}{2}	If \( f(x) = x^2 - 4x + 5 \) and \( g(x) = 2x + 1 \), find the value of \( x \) such that \( f(g(x)) = g(f(x)) \).
1401	0.777778	number_theory	3	Find the smallest positive integer \( n \) such that the polynomial \( P(x) = x^n + x^{n-1} + \cdots + x + 1 \) is divisible by the polynomial \( Q(x) = x^2 - x + 1 \).
1402	0.666667	number_theory	170	A sequence of numbers \(a_1, a_2, a_3, \ldots\) is defined by the following recursive formula: \(a_1 = 2\), and for all \(n \geq 2\), \(a_n = 3a_{n-1} - 2n\). Find the value of \(a_{10} \mod 1000\).
1403	0.375000	combinatorics	1	In a magical kingdom, there are three types of coins: gold, silver, and bronze. Each gold coin is worth \(5\) silver coins, and each silver coin is worth \(3\) bronze coins. Additionally, each gold coin can be exchanged for \(2\) silver co...
1404	0.444444	geometry	12	In a triangle \(ABC\), let \(D\) and \(E\) be the points where the incircle touches sides \(BC\) and \(CA\) respectively. Let \(P\) be the intersection of \(AD\) and \(BE\). If the area of \(\triangle ABC\) is 240 square units and the peri...
1405	0.777778	number_theory	57	A function \( f \) is defined for all positive integers \( n \) such that \( f(1) = 2 \) and \( f(n+1) = 2f(n) + 3 \) for all \( n \geq 1 \). Find the remainder when \( f(10) \) is divided by 100.
1406	0.777778	algebra	9	Let \( a \) and \( b \) be positive real numbers such that \( a + b = 1 \). Find the minimum value of \[ \frac{1}{a} + \frac{4}{b}. \]
1407	0.666667	geometry	11	A circle is inscribed in a right triangle with legs of lengths 8 units and 15 units. The circle also touches the hypotenuse at point $P$. If the radius of the circle is $r$, find the length of the segment of the hypotenuse that is not cove...
1408	0.333333	number_theory	10	A sequence of numbers is defined as follows: \(a_1 = 1\), \(a_2 = 2\), and for \(n \geq 3\), \(a_n = a_{n-1} + a_{n-2}\). Let \(S\) be the sum of the first 20 terms of this sequence. Find the remainder when \(S\) is divided by 100.
1409	0.333333	geometry	2\sqrt{15}	In a right triangle \(ABC\) with hypotenuse \(AB\), there is a square \(DEFG\) inscribed such that point \(D\) lies on \(AC\), \(E\) on \(BC\), \(F\) on \(AB\), and \(G\) on \(AB\). Let \(AD = x\) and \(BE = y\). Given that the area of the...
1410	0.777778	number_theory	1	Let $p$ be the smallest prime number greater than $100$. Find the smallest positive integer $n$ such that $p$ divides $n^3 - 2n + 1$.
1411	0.555556	geometry	(2, 4)	In the coordinate plane, let \( A = (0, 0) \) and \( B = (10, 0) \). Point \( C \) lies on the parabola \( y = x^2 \) such that \( \triangle ABC \) is a right triangle with \( \angle ACB \) as the right angle. Find the coordinates of \( C ...
1412	0.333333	number_theory	100	A sequence of numbers \(a_n\) is defined for \(n \geq 1\) by the recurrence relation \(a_{n+1} = \frac{a_n}{n} + n\) with the initial condition \(a_1 = 1\). Find the value of \(a_{100}\) in terms of the base of the natural logarithm, \(e\).
1413	0.666667	other	1450	In a certain magical forest, there are three types of trees: oak, pine, and maple. Each oak tree has 40% more acorns than the average number of acorns on a pine tree, and each maple tree has twice as many acorns as a pine tree. If the aver...
1414	0.666667	geometry	\frac{\sqrt{3}}{2}	Let \( ABCD \) be a convex quadrilateral inscribed in a circle with center \( O \). The diagonals \( AC \) and \( BD \) intersect at point \( P \). Given that \( \angle APB = 60^\circ \) and \( \angle CPD = 90^\circ \), find the ratio of t...
1415	0.714286	number_theory	630	What is the sum of all distinct positive integer solutions for \( n \) that satisfy \( 5n + 20 < 200 \)?
1416	0.777778	geometry	5\sqrt{2}	A circle is inscribed in a square of side length 10. A smaller square is inscribed in the same circle such that its vertices touch the circle at points dividing each side of the larger square into segments of length \( x \) and \( 10-x \)....
1417	0.333333	number_theory	1	Consider a sequence of positive integers \(a_n\) defined as follows: \(a_1 = 1\) and for \(n \geq 1\), \(a_{n+1} = a_n^2 + a_n + 1\). Let \(S\) be the sum of the reciprocals of the first 10 terms of this sequence, i.e., \(S = \frac{1}{a_1}...
1418	0.333333	number_theory	10	Find the number of ordered pairs of integers (x, y) such that the equation x^3 - 3x^2 + 3x - 1 = y^3 - 3y^2 + 3y has exactly 10 solutions.
1419	0.555556	number_theory	6	In a small town, there are 50 houses, each uniquely numbered from 1 to 50. A peculiar postman delivers mail to all houses following these rules: on his first pass, he delivers to every house whose number is a multiple of 3; on his second p...
1420	0.444444	number_theory	63	Find the smallest positive integer \( n \) such that \( n! \) (n factorial) is divisible by \( 7^{10} \).
1421	0.444444	number_theory	0	How many ordered triples of positive integers (a, b, c) satisfy the equation \( a^2 + b^2 + c^2 = 2ab + 2bc + 2ca - 1 \) where \( 1 \leq a, b, c \leq 100 \)?
1422	0.625000	algebra	2	Consider the function \( f(x) \) defined for all real numbers \( x \) such that: \[ f(x) = x^3 - 3x^2 + 2x. \] Let \( g(x) \) be the inverse function of \( f(x) \). Suppose \( h(x) = f(g(x)) \). Determine the value of \( h(2) \).
1423	0.666667	geometry	12	Given three distinct points \(A\), \(B\), and \(C\) on the coordinate plane, let \(d_A\) be the distance from \(A\) to the line through \(B\) and \(C\), \(d_B\) be the distance from \(B\) to the line through \(A\) and \(C\), and \(d_C\) be...
1424	0.444444	algebra	0	If the quadratic equation \(ax^2 + bx + c = 0\) has roots that are the reciprocals of the roots of the equation \(cx^2 + bx + a = 0\), find the value of \(a + c\).
1425	0.555556	number_theory	254520	What is the smallest positive integer that is evenly divisible by all of the numbers from 1 to 10, and also evenly divisible by 101?
1426	0.333333	number_theory	(51, 50)	Find all ordered pairs of integers $(x, y)$ such that $x^2 - y^2 = 101$ and $x > y$.
1427	0.666667	geometry	5	In the coordinate plane, point $A$ is located at $(0, 0)$, and point $B$ is located at $(12, 0)$. Point $C$ is on the positive $y$-axis such that $\angle ACB = 90^\circ$. If the area of triangle $ABC$ is $30$ square units, find the $y$-coo...
1428	0.333333	number_theory	60	In the sequence of numbers where each term is of the form \( n^3 + n^2 + n + 1 \), for \( n \) being positive integers, find how many of the first 100 terms are divisible by 5.
1429	0.333333	geometry	54	A rectangular piece of paper is folded such that one corner aligns exactly with the midpoint of the opposite side, forming a crease. If the length of the paper is twice its width, and the area of the rectangle is 72 square centimeters, fin...
1430	0.500000	number_theory	1	In a sequence, each term is the sum of the cubes of the digits of the previous term, starting with the term 456. After the first few terms, the sequence begins to repeat in a cycle. What is the length of this repeating cycle?
1431	0.777778	geometry	24	A circle with radius 5 is centered at the origin of the coordinate plane. A point P(x, y) lies inside the circle such that the distance from P to the origin is 4. What is the maximum possible value of the expression \(x^2 + y^2 + xy\)?
1432	0.555556	geometry	3\sqrt{2}	A circle is inscribed in a right triangle with legs of lengths 8 and 15. A square is inscribed in this circle such that all four corners of the square touch the circle. What is the side length of the square? Express your answer as a common...
1433	0.666667	geometry	30	In a circle, three points \(A\), \(B\), and \(C\) are chosen such that \(AB\) is a diameter. A line through \(C\) intersects the circle again at \(D\), and \(CD\) is perpendicular to \(AB\). If the length of \(AB\) is 10 units and \(CD\) i...
1434	0.333333	geometry	\frac{5\sqrt{2}}{2}	A rectangle is inscribed in a semicircle of radius 5 units, with its base on the diameter of the semicircle. If the area of the rectangle is maximized, find the length of the shorter side.
1435	0.333333	number_theory	0	In a small village, there is a unique way of distributing monthly water rations among the households. Each household must receive an integer number of liters between 10 and 100 inclusive. The total monthly allocation must be exactly 1000 l...
1436	0.777778	geometry	1	Find all positive integers \( n \) such that the sum of the squares of the first \( n \) positive integers is a perfect cube.
1437	0.444444	number_theory	1	There exists a sequence of numbers, $a_1, a_2, a_3, ...$, with the property that each term after the first two is the sum of the two preceding terms. Given that $a_1 = 1$ and $a_2 = 2$, determine the remainder when $a_{2023}$ is divided by...
1438	0.777778	number_theory	0	What is the remainder when the sum of the first 50 odd numbers is divided by 100?
1439	0.333333	algebra	-\frac{10}{27}	Find all real numbers \(x\) such that \[ \sqrt[3]{x + \sqrt[3]{x + \sqrt[3]{x + \cdots}}} = 1 + \sqrt[3]{x - \sqrt[3]{x - \sqrt[3]{x - \cdots}}}. \] What is the sum of all such \(x\)?
1440	0.777778	algebra	28	Let \( f(x) \) be a function defined for all real numbers \( x \) such that \( f(1) = 1 \), \( f(2) = 3 \), and \( f(x) = 2f\left(\frac{x}{2}\right) + x \) for all \( x \neq 0 \). Find the value of \( f(8) \).
1441	0.555556	geometry	\frac{1}{512}	In a small town, there are 10 houses lined up in a row. Each house owner decides to plant either a red or a blue flower in their front yard, with each color chosen randomly and independently of the others. What is the probability that no t...
1442	0.444444	number_theory	443	In a certain advanced mathematical system, a sequence of numbers \(a_1, a_2, \ldots, a_n\) is defined such that \(a_1 = 2\) and for \(n \geq 2\), the sequence follows the recursive relation \(a_n = a_{n-1}^2 - a_{n-1} + 1\). Find the remai...
1443	0.666667	number_theory	2022	What is the smallest positive integer $n$ such that the polynomial $f(x) = x^n + x^{n-1} + \cdots + x + 1$ has a root that is a primitive 2023rd root of unity?
1444	0.555556	geometry	5	A set of consecutive positive integers starting from 1 is written in a row. By circling some of these numbers, we can obtain a new sequence. What is the minimum number of numbers that must be circled to ensure that no matter how many numbe...
1445	0.375000	geometry	\frac{1}{4}	A regular hexagon $ABCDEF$ has side length $1$. Let $G, H, I, J, K, L$ be the midpoints of sides $AB, BC, CD, DE, EF, FA$ respectively. A smaller hexagon $GHIJKL$ is formed by joining these midpoints. What is the ratio of the area of hexag...
1446	0.333333	number_theory	2	Find all positive integers \( n \) such that the polynomial \( P(x) = x^n + x^{n-1} + \cdots + x + 1 \) divides \( Q(x) = x^{3n} - 1 \).
1447	0.555556	geometry	1	Given the polynomial \( P(x) = x^4 - 4x^3 + 6x^2 - 4x + 1 \), find the sum of the squares of all the real roots of \( P(x) \).
1448	0.777778	algebra	25	Let $f(x) = x^2 + 2x + 1$ and $g(x) = x + 3$. Consider the function composition $h(x) = f(g(x))$. If $h(x)$ is simplified to the form $ax^2 + bx + c$, find the value of $a + b + c$.
1449	0.333333	number_theory	3	What is the smallest positive integer \( n \) such that the polynomial \( P(x) = x^n + x^{n-1} + \cdots + x + 1 \) is divisible by \( x^2 - 1 \)?
1450	0.333333	combinatorics	\frac{1}{8}	A fair six-sided die is rolled three times. What is the probability that the sum of the three rolls is 10?
1451	0.555556	number_theory	2	Determine the number of ordered pairs \((a, b)\) of positive integers such that \(a^b + b^a = 1024\).
1452	0.444444	algebra	111	If a polynomial $P(x)$ satisfies $P(x) - P(x-1) = 2x$ for all real $x$, and $P(0) = 1$, find $P(10)$.
1453	0.777778	other	11	In a magical kingdom, there are three types of creatures: dragons, unicorns, and fairies. The number of dragons is twice the number of unicorns, and the number of fairies is three times the number of dragons. If the total number of creatur...
1454	0.444444	number_theory	15	What is the sum of the digits of the largest four-digit number whose digits are distinct and form a geometric progression?
1455	0.333333	number_theory	n=0	Find all positive integers \( n \) such that \( n^2 + n + 1 \) divides \( n^3 + n^2 + n + 1 \).
1456	0.333333	geometry	\sqrt{a^2 + b^2}	Let \( ABC \) be an acute-angled triangle with circumradius \( R \). Let \( D \), \( E \), and \( F \) be the feet of the altitudes from \( A \), \( B \), and \( C \) respectively. If \( DE = a \) and \( DF = b \), find the length of \( EF...
1457	0.555556	geometry	9	What is the area of the region enclosed by the curves y = x^2 and y = 2x + 3 between x = -1 and x = 2?
1458	0.666667	geometry	27	In a triangle \(ABC\), let \(D\), \(E\), and \(F\) be the midpoints of sides \(BC\), \(CA\), and \(AB\) respectively. The lines \(AD\), \(BE\), and \(CF\) intersect at point \(G\), the centroid of the triangle. If the area of triangle \(AB...
1459	0.777778	algebra	2	Let \(f(x) = x^4 - 4x^3 + 6x^2 - 4x + 1\). Find the number of real solutions to the equation \(f(f(x)) = 0\).
1460	0.333333	number_theory	1	Find all positive integers \(n\) such that the polynomial \(P(x) = x^n + nx^{n-1} + n^2x^{n-2} + \cdots + n^{n-1}x + n^n\) has at least one integer root.
1461	0.625000	number_theory	2	What is the smallest positive integer \( n \) such that the polynomial \( P(x) = x^n - 1 \) can be factored into the product of two non-constant polynomials with integer coefficients?
1462	0.333333	geometry	\dfrac{8 \sqrt[3]{9}}{3}	A right circular cone has a base radius of 6 cm and a height of 8 cm. A smaller, similar cone is inscribed within the larger cone such that the apex of the smaller cone touches the base of the larger cone, and its base is parallel to the b...
1463	0.666667	number_theory	a = b = c	Let \( a, b, c \) be positive integers such that \( a^2 + b^2 + c^2 = ab + bc + ca \). Prove that \( a = b = c \).
1464	0.333333	number_theory	7	A sequence of positive integers \(a_1, a_2, a_3, \ldots\) is defined by the rule \(a_{n+1} = a_n^2 - a_n + 1\) for all \(n \geq 1\), with the initial term \(a_1 = 2\). Determine the value of \(a_{100}\) modulo 100.
1465	0.333333	geometry	n^2	Consider a regular \( n \)-gon inscribed in a unit circle. Let \( A_1, A_2, \ldots, A_n \) be the vertices of the polygon. Define the sum \( S \) as the sum of the lengths of all segments \( A_iA_j \) where \( 1 \leq i < j \leq n \). Find ...
1466	0.625000	logic_puzzle	3888	In the kingdom of Mathoria, a magical tree grows where each branch splits into two new branches exactly 1 unit of time after it splits. The tree starts with a single branch. After 4 units of time, the king of Mathoria decides to enchant th...
1467	0.333333	geometry	\frac{1}{2023} \binom{4044}{2022}	A convex polygon is divided into triangles by non-intersecting diagonals. If the polygon has 2024 sides, how many different ways can it be divided into triangles using exactly 2021 triangles?
1468	0.444444	algebra	40	In a magical forest, there are three types of trees: Oak, Pine, and Maple. The sum of the number of Oak trees and Pine trees is 50, and the sum of the number of Pine trees and Maple trees is 40. If the total number of trees in the forest i...
1469	0.555556	combinatorics	9350	A sequence of numbers \(a_1, a_2, a_3, \ldots\) is defined recursively by \(a_1 = 1\), \(a_2 = 2\), and for \(n \geq 3\), \(a_n = a_{n-1} + a_{n-2} + (-1)^n\). Find the value of \(a_{20}\).
1470	0.777778	combinatorics	12	How many ways can you arrange 4 distinct books on a shelf such that a specific pair of books are always together?
1471	0.444444	number_theory	3	Find the smallest positive integer \( n \) such that the polynomial \( P(x) = x^n + x^{n-1} + \cdots + x + 1 \) is divisible by \( Q(x) = x^2 - 2x + 1 \).
1472	0.333333	number_theory	1000	Consider a sequence of positive integers \( a_1, a_2, \ldots, a_n \) such that \( a_1 = 1 \) and for all \( i \geq 2 \), \( a_i \) is the smallest integer greater than \( a_{i-1} \) that is relatively prime to \( a_{i-1} \). Find the small...
1473	0.444444	geometry	\frac{R}{2}	Let $ABC$ be an acute triangle with circumradius $R$. Let $H$ be the orthocenter of $ABC$, and let $D$, $E$, and $F$ be the feet of the altitudes from $A$, $B$, and $C$ to the opposite sides, respectively. If $AD = BE = CF = \sqrt{3}R$, fi...
1474	0.777778	logic_puzzle	25	In a certain town, every pair of people either are friends or are enemies. It is known that no three people form a group where each person is friends with the other two. If there are 10 people in the town, determine the maximum number of f...
1475	0.444444	number_theory	1	Find the smallest positive integer \( n \) such that the sum of the digits of \( n \) in base 10 is equal to the sum of the digits of \( n^2 \) in base 10.
1476	0.750000	combinatorics	\frac{13}{51}	In a game where a player draws cards from a standard deck of 52 cards without replacement, the player wins if they draw a red card followed by a black card. What is the probability that the player wins the game?
1477	0.777778	number_theory	1	Find all positive integers \(n\) such that \(n^2 + 1\) divides \(2n^3 + 3n^2 + 1\). \
1478	0.333333	number_theory	10	Let \( f(n) \) be the number of ways to express a positive integer \( n \) as a sum of positive integers where each term is at most 3. For example, \( f(4) = 7 \) because there are seven ways to express 4 as such a sum: \( 4 \), \( 3+1 \),...
1479	0.666667	geometry	0	In the complex plane, let \( P(z) = z^4 + 1 \). Define the set \( S \) as the collection of all complex numbers \( z \) such that \( z^2 + \frac{1}{z^2} \) is a positive real number and \( z \) lies on the unit circle. Find the number of d...
1480	0.777778	number_theory	1	Find all positive integers \( n \) such that \( n + 1 \) divides \( n^2 + 1 \).
1481	0.333333	other	1	在一个无限长的数轴上，点A位于原点(0)处，而点B位于距离原点3个单位的位置。有一个小蚂蚁从A点出发，目标是前往B点。蚂蚁只能向前移动或者右转90度后继续向前移动。如果蚂蚁每次只能沿正整数路径移动，并且每一步只能朝右或向下，那么请问有多少种不同的路径可以让蚂蚁到达B点？注意，蚂蚁可以从A点出发任意方向开始移动。
1482	0.333333	number_theory	5	Find the smallest positive integer \( n \) such that \( n \) is a multiple of 5, and the sum of its digits is equal to the product of its digits.
1483	0.666667	other	18\sqrt{2}	A regular tetrahedron has edge length 6 units. Find the volume of the tetrahedron.
1484	0.333333	number_theory	8	Find the smallest positive integer \( n \) such that the equation \[ x^3 - nx^2 + 18x - n = 0 \] has at least one integer root.
1485	0.777778	number_theory	1	Find all positive integers \( n \) such that \( n^4 + 4^n \) is a prime number.
1486	0.444444	geometry	8	Consider a sequence of positive integers \(a_1, a_2, a_3, \ldots\) defined by the recurrence relation \(a_{n+1} = a_n + \left\lfloor \sqrt{a_n} \right\rfloor\) for all \(n \geq 1\), with the initial term \(a_1 = 2\). Determine the smallest...
1487	0.444444	number_theory	0	Find the number of ordered pairs of integers $(x, y)$ such that $x^2 + y^2 = 2021$ and $x + y$ is divisible by 4.
1488	0.666667	geometry	16 - 6\sqrt{3}	A regular hexagon with side length 2 is inscribed in a circle. The circle is then inscribed in a square. What is the area of the square not covered by the hexagon? Express your answer in simplest radical form.
1489	0.777778	geometry	50.00	A circle is inscribed in a square, and a smaller square is inscribed in the circle. If the side length of the larger square is \( 10 \) units, find the area of the shaded region between the larger square and the smaller square. Express you...
1490	0.444444	geometry	3\sqrt{2}	A circle is inscribed in a right triangle with legs of lengths 8 and 15. A square is inscribed in the same circle. Find the side length of the square.
1491	0.500000	algebra	\frac{1}{2}	Let \( a, b, c \) be positive real numbers such that \( a + b + c = 1 \). Prove that \( \frac{a^2}{a+b} + \frac{b^2}{b+c} + \frac{c^2}{c+a} \geq \frac{1}{2} \).
1492	0.333333	number_theory	4	What is the smallest positive integer $n$ such that $2^n$ is divisible by 48 but not by 64?
1493	0.666667	geometry	1	In the Cartesian coordinate plane, a sequence of points is defined as follows: \( P_1 = (0, 1) \) and for \( n \geq 1 \), \( P_{n+1} \) is the midpoint of \( P_n \) and the point \( (1, 1 + \frac{1}{2^{n-1}}) \). What is the limit of the y...
1494	0.333333	combinatorics	1058400	Find the number of ways to arrange the letters in the word "MATHEMATICS" such that no two vowels are adjacent. Consider only distinct arrangements. Given that the word "MATHEMATICS" contains 2 M's, 2 A's, 2 T's, and one each of H, E, I, C,...
1495	0.375000	geometry	2	What is the smallest positive integer \( n \) such that \( n^2 \) is a perfect square and \( n^3 \) is a perfect cube, and the sum of the digits of \( n \) is a prime number?
1496	0.555556	algebra	\frac{a^2}{b} + \frac{b^2}{c} + \frac{c^2}{a} \geq a + b + c + \frac{3}{a + b + c}	Let \(a, b,\) and \(c\) be positive real numbers such that \(abc = 1\). Prove that: \[ \frac{a^2}{b} + \frac{b^2}{c} + \frac{c^2}{a} \geq a + b + c + \frac{3}{a + b + c}. \]
1497	0.666667	algebra	65	Consider a function \( f: \mathbb{R} \to \mathbb{R} \) that satisfies the functional equation \[ f(x + y) = f(x) + f(y) + xy \] for all real numbers \( x \) and \( y \). If \( f(1) = 2 \), find the value of \( f(10) \).
1498	0.333333	algebra	f(c) = \int_0^1 f(x) \, dx	Let \( f(x) \) be a continuous function on \([0, 1]\) such that for all \( x \in [0, 1] \), \( f(x) \geq 0 \). Prove that there exists a point \( c \in [0, 1] \) such that \( f(c) = \int_0^1 f(x) \, dx \).
1499	0.444444	geometry	\frac{2}{3}	A regular hexagon $ABCDEF$ is inscribed in a circle. A point $P$ is chosen randomly on the circumference of the circle. What is the probability that the angle $\angle APF$ is obtuse?
1500	0.666667	geometry	\frac{1}{2}	In the coordinate plane, consider a triangle \(ABC\) with vertices \(A(0, 0)\), \(B(4, 0)\), and \(C(2, 6)\). A point \(P\) is chosen at random inside or on the boundary of this triangle. What is the probability that the area of triangle \...
1501	0.555556	number_theory	3	What is the smallest positive integer \( n \) such that the polynomial \( P(x) = x^n + x^{n-1} + \cdots + x + 1 \) can be factored into the product of two non-constant polynomials with integer coefficients?
1502	0.333333	algebra	4	Let \( f(x) \) be a polynomial of degree 3 such that \( f(1) = 2 \), \( f(2) = 3 \), and \( f(3) = 5 \). Find the value of \( f(4) \).
1503	0.375000	combinatorics	10416	A sequence of numbers is defined as follows: \(a_1 = 1\), \(a_2 = 1\), and for \(n \geq 3\), \(a_n = a_{n-1} + a_{n-2}\) if \(n\) is odd, and \(a_n = a_{n-1} \cdot a_{n-2}\) if \(n\) is even. What is the value of \(a_{10}\)?
1504	0.333333	number_theory	1	Find the smallest positive integer \( n \) such that the polynomial \( P(x) = x^n + x^{n-1} + \cdots + x + 1 \) has a real root that is also a prime number.
1505	0.333333	algebra	9	In the kingdom of Mathoria, there are 10 towns connected by roads in such a way that each town is directly connected to exactly 3 other towns. The king of Mathoria decides to build a special road system to ensure that every town can be rea...
1506	0.666667	number_theory	1, 2, 4, 8, 16	Find all positive integers $n$ such that $2^n + 1$ is a prime number and $n$ is a power of 2.
1507	0.555556	algebra	6	Let \( P(x) = x^3 - 3x + 1 \). If \( a, b, \) and \( c \) are the roots of \( P(x) = 0 \), determine the value of \( a^2 + b^2 + c^2 \).
1508	0.666667	combinatorics	\dfrac{25}{256}	A fair coin is flipped 10 times. What is the probability that there are exactly 3 heads in the first 5 flips and exactly 2 tails in the last 5 flips?
1509	0.444444	geometry	3600	What is the smallest positive integer that is a multiple of both 24 and 30 and is also a perfect square?
1510	0.333333	geometry	15	What is the smallest positive integer \( n \) such that the sum of the squares of the digits of \( n \) is a multiple of 13?
1511	0.666667	algebra	0	Find the number of real solutions to the equation \( x^{10} + 9x^9 + 14x^8 + 1 = 0 \).
1512	0.666667	algebra	-1	Find the sum of all real numbers \( x \) such that \( \frac{x^3 + 2x^2 - x - 2}{x^2 + 4x + 3} = 0 \).
1513	0.333333	geometry	54	There are 20 points distributed inside a square with side length 10. Each point is connected to every other point by a straight line segment. No three points are collinear (lie on the same straight line), and no two segments intersect exce...
1514	0.333333	geometry	1	A group of 100 mathematicians, each of whom is either a knight (always tells the truth) or a knave (always lies), is seated in a circle. Each mathematician is given a distinct positive integer from 1 to 100. Each mathematician, in turn, ma...
1515	0.444444	combinatorics	6	In a magical forest, there are three types of trees: Enchanted Elm, Mystic Maple, and Whispering Willow. Each type of tree has a unique property that affects the growth of nearby plants. An Enchanted Elm increases the growth of any nearby ...
1516	0.444444	geometry	\frac{r^2}{2 R^2}	A right circular cone with base radius \( r \) and height \( h \) is inscribed in a sphere of radius \( R \). The vertex of the cone touches the center of the sphere. Find the ratio of the volume of the cone to the volume of the sphere in ...
1517	0.555556	geometry	1	determine the initial radius of convergence for the power series of the function f(x) = 1/(1-x)^2 centered at x=0
1518	0.777778	logic_puzzle	5	How many distinct paths are there from the top-left corner to the bottom-right corner of a 3x3 grid, moving only right or down at each step, and ensuring that the path never crosses the diagonal from the top-left to the bottom-right?
1519	0.333333	geometry	51	In a plane, there are 100 lines and no three lines are concurrent. Prove that the minimum number of distinct regions that these lines can divide the plane into is 51.
1520	0.333333	geometry	50	Let \( S \) be a set of integers from 1 to 100. Find the largest integer \( n \) such that every subset of \( S \) with \( n \) elements contains at least one pair of integers whose sum is a perfect square.
1521	0.333333	number_theory	5	Let \( S \) be the set of all positive integers that can be expressed in the form \( 2^n + 3^m \) for some non-negative integers \( n \) and \( m \). How many distinct prime numbers divide at least one element of \( S \)?
1522	0.777778	number_theory	995	Find the smallest positive integer n such that the sum of the first n positive integers, plus the sum of the first 100 positive integers, equals the sum of the first 1000 positive integers.
1523	0.777778	geometry	200	A square is inscribed in a circle. If the area of the circle is \(100\pi\) square units, what is the area of the square?
1524	0.333333	number_theory	19	Find the smallest positive integer \( n \) such that the product of the digits of \( n \) is equal to \( n \) minus the sum of its digits.
1525	0.333333	number_theory	3	There exists a unique integer \( k \) such that the polynomial \( P(x) = x^3 + kx^2 + kx + 1 \) has three real roots, all of which are distinct and form an arithmetic progression. Determine the value of \( k \).
1526	0.666667	algebra	12	In a small town, there are 7 unique trees, each with a distinct number of leaves. The sum of the leaves on the first three trees is 24, the sum of the leaves on the last three trees is 36, and the tree in the middle has 12 leaves. How many...
1527	0.444444	geometry	6	Given a right triangle with sides of lengths \(a\), \(b\), and hypotenuse \(c\), where \(a = 3k\), \(b = 4k\), and \(c = 5k\) for some positive integer \(k\), find the smallest possible value of \(k\) such that the area of the triangle is ...
1528	0.444444	number_theory	0	Find the number of ordered triples \((a, b, c)\) of positive integers such that \(a + b + c = 2021\) and each of \(a, b, c\) is a divisor of the sum of the other two.
1529	0.333333	other	12	In a small town, there are four roads connecting five different villages. Each village is connected to every other village exactly once by a unique road. A traveler wishes to visit all five villages, starting and ending at the same village...
1530	0.666667	number_theory	2	Let \( f(x) \) be a polynomial with integer coefficients such that \( f(1) = 17 \) and \( f(17) = 1 \). Find the maximum number of distinct integer roots of the polynomial \( g(x) = f(f(x)) - x \).
1531	0.333333	algebra	\dfrac{1}{2}	设 \( f(x) \) 是一个定义在实数集上的连续函数，并且对于所有的实数 \( x \) 满足 \( f(x) \cdot f(f(x)) = 1 \)。已知 \( f(0) = 2 \)，求 \( f(1) \) 的值。
1532	0.666667	geometry	2	In a unique park design, there are $2023$ circular flower beds, all of different sizes, arranged in a row. Each bed is surrounded by a fence of length equal to its circumference. A bee starts at the center of the largest bed and flies in a...
1533	0.333333	other	9	In the land of Mathoria, there exists a magical garden where the number of flowers doubles every day. If on the first day of the month, the garden had 5 flowers, and no flowers were added or removed after the initial planting, on which day...
1534	0.444444	number_theory	0	Let \( P(x) \) be a polynomial of degree 3 with integer coefficients such that \( P(1) = 2 \), \( P(2) = 5 \), \( P(3) = 10 \), and \( P(4) = 17 \). If \( P(x) \) is a prime number for all integers \( x \) between 1 and 4 inclusive, find t...
1535	0.444444	number_theory	120	In a small town, there are three schools: School A, School B, and School C. School A has 120 students, School B has 150 students, and School C has 180 students. The town council decides to implement a new policy where each school will cont...
1536	0.333333	number_theory	3	What is the smallest positive integer \( n \) such that the number of subsets of the set \(\{1, 2, \ldots, n\}\) with an even number of elements is greater than the number of subsets with an odd number of elements?
1537	0.500000	geometry	2	Let \( f(n) \) be a function defined on positive integers such that \( f(1) = 1 \) and for all \( n \geq 2 \), \( f(n) \) is the smallest positive integer \( k \) such that \( n + f(k) \) is a perfect square. Find \( f(2023) \).
1538	0.777778	number_theory	3	Find all positive integers \( n \) such that there exist positive integers \( a, b, c \) satisfying the equation: \[ a^2 + b^2 + c^2 = n \cdot abc \]
1539	0.333333	geometry	10000	A cylindrical water tank with a radius of 5 meters and a height of 10 meters is being filled by a pump that adds water at a rate of 100 liters per second. The density of water is approximately 1000 kilograms per cubic meter. At what rate i...
1540	0.333333	number_theory	8	Let $f(n)$ be the function defined for positive integers $n$ such that $f(n) = n^2 + n + 1$ if $n$ is prime, and $f(n) = f(a)f(b)$ for some positive integers $a$ and $b$ if $n$ is composite. If $f(2) = 7$, $f(3) = 13$, and $f(5) = 31$, wha...
1541	0.333333	number_theory	0	Let $S$ be the set of all positive integers $n$ for which the equation $x^3 - (n+1)x^2 + nx - 1 = 0$ has exactly one real solution. Find the number of elements in the intersection of $S$ with the interval $[1, 2023]$.
1542	0.444444	geometry	1012	In the plane, consider a regular polygon with 2023 sides, and let its vertices be labeled $V_1, V_2, \ldots, V_{2023}$ in clockwise order. A point $P$ inside the polygon is chosen such that the distances from $P$ to each vertex $V_i$ are d...
1543	0.777778	algebra	2023	Let \( f(x) \) be a polynomial of degree 4 such that \( f(x) = 2023 \) for \( x = -2023, -2022, -2021, -2020 \), and \( f(x) = 2024 \) for \( x = -2019, -2018, -2017, -2016 \). Find the value of \( f(-2022) \).
1544	0.444444	geometry	\frac{1}{9}	In triangle $ABC$, points $D$ and $E$ lie on sides $AB$ and $AC$, respectively, such that $AD:DB = 1:2$ and $AE:EC = 2:1$. If $DE$ is parallel to $BC$, find the ratio of the area of triangle $ADE$ to the area of triangle $ABC$.
1545	0.375000	other	20	在一个无限长的隧道中，每隔10米就有一个开关，初始时所有开关都指向隧道的内部。现在有一只蚂蚁从隧道的最左侧开始，它每秒钟可以选择向左或向右移动一米，并且每秒末改变其所处位置的开关方向。问：蚂蚁至少需要移动多少秒钟才能使得所有开关都指向隧道的外部？
1546	0.444444	combinatorics	1	In a small town, there are 100 houses numbered from 1 to 100. Each house is painted either red or blue. It is known that no two adjacent houses (i.e., houses with consecutive numbers) are painted the same color. If the first house is red, ...
1547	0.555556	number_theory	(0, 0, 0)	Find all integer solutions to the equation \(x^2 + y^2 + z^2 = 2xyz\).
1548	0.333333	algebra	3 - 5i	In the complex plane, let $A$, $B$, and $C$ be the points representing the complex numbers $1 + 3i$, $2 - i$, and $-1 + 4i$, respectively. If $D$ is a point such that the midpoint of segment $AD$ is $B$ and the midpoint of segment $BD$ is ...
1549	0.444444	number_theory	4	Find the number of distinct solutions \((x, y)\) to the equation \(x^2 + y^2 = 49\) where \(x\) and \(y\) are integers.
1550	0.444444	number_theory	3	Let \( f(x) \) be a polynomial with integer coefficients such that \( f(0) = 1 \) and \( f(1) = 2 \). Furthermore, suppose that \( f(x) \) divides \( x^2 + 2x + 1 \). Determine the sum of all possible values of \( f(2) \).
1551	0.333333	number_theory	7500	Let \( a \) and \( b \) be positive integers such that \( a + b = 100 \). Find the maximum value of \( ab + a^2 + b^2 \).
1552	0.333333	number_theory	4	Determine the number of ordered pairs \((x, y)\) of integers that satisfy the equation \( x^2 + y^2 = x^3 \).
1553	0.333333	number_theory	18	In a sequence of numbers, the first number is 1 and each subsequent number is the smallest positive integer not yet in the sequence that shares a common divisor greater than 1 with the previous number. What is the 10th number in the sequen...
1554	0.333333	number_theory	3	Find the smallest positive integer \( n \) such that the polynomial \( P(x) = x^n + x^{n-1} + \cdots + x + 1 \) can be expressed as the product of two non-constant polynomials with integer coefficients.
1555	0.777778	algebra	25	Let \( P(x) \) be a polynomial of degree 3 such that \( P(1) = 1, \) \( P(2) = 4, \) \( P(3) = 9, \) and \( P(4) = 16. \) Find the value of \( P(5). \)
1556	0.333333	geometry	64	In a triangular park, the vertices are located at points A, B, and C with coordinates (0, 0), (8, 0), and (3, 6) respectively. A rectangular swimming pool is to be constructed such that its diagonal aligns with one of the sides of the tria...
1557	0.333333	other	3	在三维空间中，有一个正方体ABCD-AB'CD'，边长为1。点P在BB'上，使得BP:PB'=1:2；点Q在CC'上，使得CQ:QC'=2:1。求直线AP与平面A'B'D'形成的锐角的正切值。
1558	0.444444	number_theory	3	There exists a sequence \( a_1, a_2, \ldots, a_n \) of positive integers such that for every \( i \neq j \), \( a_i \) and \( a_j \) have no common prime factors. The sum of the first \( n \) terms of the sequence is \( S \). If \( S \) is...
1559	0.666667	geometry	4	Let $ABC$ be an isosceles triangle with $AB = AC = 20$ and $BC = 24$. Point $D$ is on $BC$ such that $AD$ is an altitude. A point $E$ is chosen on $AD$ such that $BE$ is perpendicular to $AD$. If the area of triangle $BEC$ is $\frac{1}{4}$...
1560	0.777778	geometry	8	In the coordinate plane, a line passes through the points (0, 0) and (10, 5). Another line, perpendicular to the first, passes through the point (10, 0). Find the x-coordinate of the point where these two lines intersect.
1561	0.666667	number_theory	0	What is the sum of the series \(1^3 + 2^3 + 3^3 + \ldots + 10^3\)? Find the value of this sum modulo 11.
1562	0.750000	number_theory	10	Let \( f \) be a function defined on the set of integers such that \( f(x) = x^2 + 1 \) and \( f(f(x)) = x^4 + 2x^2 + 2 \). Find the value of \( f(3) \).
1563	0.444444	number_theory	2	In the sequence of positive integers, let \( S_n \) be the sum of the first \( n \) terms. If \( S_1 = 1, S_2 = 3, S_3 = 6, S_4 = 10 \), and for all \( n \geq 5 \), \( S_n = S_{n-1} + S_{n-2} \), what is the remainder when \( S_{2023} \) i...
1564	0.333333	other	5	In a magical kingdom, there are three types of coins: gold (G), silver (S), and bronze (B). A wizard can transform any two coins of the same type into a single coin of the other type. For example, two gold coins (GG) can be transformed int...
1565	0.777778	combinatorics	\frac{\pi}{6}	A sphere is inscribed in a cube with side length 6 cm. A point P is randomly selected inside the cube. What is the probability that point P is also inside the sphere?
1566	0.777778	algebra	\frac{3}{2\sqrt{2}}	Let \( a, b, c \) be positive real numbers such that \( a + b + c = 1 \). Prove that: \[ \frac{a}{\sqrt{a+b}} + \frac{b}{\sqrt{b+c}} + \frac{c}{\sqrt{c+a}} \geq \frac{3}{2\sqrt{2}} \]
1567	0.666667	number_theory	1	A sequence of 2023 non-negative integers \( a_1, a_2, \dots, a_{2023} \) satisfies the following condition: For any integer \( k \) where \( 1 \leq k \leq 2023 \), the number of terms in the sequence that are less than \( k \) is exactly \...
1568	0.666667	number_theory	100	Find the number of ordered pairs of integers \((a, b)\) such that \(1 \leq a \leq 10\) and \(1 \leq b \leq 10\) and the equation \[x^2 - (a + b)x + ab = 0\] has real roots, with both roots being integers.
1569	0.777778	geometry	\frac{1}{2}	A circle with radius 1 is inscribed in a square. A smaller square is inscribed in this circle, and each vertex of the smaller square touches a side of the larger square. If a point is chosen at random within the larger square, what is the ...
1570	0.666667	geometry	18	A convex polygon has an interior angle of $160^\circ$. How many sides does the polygon have?
1571	0.444444	number_theory	2047276	What is the smallest positive integer that can be written as the sum of 2023 distinct positive integers?
1572	0.333333	geometry	1	Find all positive integers \(n\) such that the sum of the squares of the first \(n\) positive integers is divisible by \(n^2\).
1573	0.444444	geometry	9	In a triangle \(ABC\), let \(D\), \(E\), and \(F\) be the feet of the altitudes from \(A\), \(B\), and \(C\) to the opposite sides, respectively. If the area of triangle \(ABC\) is \(T\) and the circumradius \(R\) of triangle \(ABC\) is kn...
1574	0.444444	geometry	1	Find all positive integers \( n \) such that \( n^3 + 2n^2 + 2n + 1 \) is a perfect square.
1575	0.333333	number_theory	n = -1	Find all integers \( n \) such that \( n^2 + n + 1 \) divides \( n^4 + n^3 + n^2 + n + 1 \).
1576	0.375000	other	2	A farmer carries apples to the market. Each crate holds 25 apples. If he carries 150 apples and 2/3 of them are sold, how many crates of apples does he have left to sell?
1577	0.777778	number_theory	4	Let \( f(x) = \sin(x) + \cos(x) \). Find the smallest positive integer \( n \) such that \( f(x) = f(x + n\pi/2) \) for all \( x \in \mathbb{R} \).
1578	0.444444	geometry	-1 - 3i	In the complex plane, the points \(A\) and \(B\) represent the complex numbers \(2 + 3i\) and \(4 - 5i\) respectively. If \(C\) is the midpoint of the line segment \(AB\), and \(D\) is the point obtained by rotating \(C\) about the origin ...
1579	0.555556	other	60	In a magical kingdom, there are three types of coins: gold (G), silver (S), and bronze (B). The kingdom’s treasury uses the following rules for exchanging coins: 1. One G can be exchanged for two S. 2. One S can be exchanged for three B. A...
1580	0.666667	geometry	36 - 9\pi	A square has a side length of 6 units. A circle is inscribed in the square, touching all four sides. What is the area of the region inside the square but outside the circle? Express your answer in terms of π.
1581	0.333333	number_theory	1 + \frac{1}{99^2}	Let \( a \) and \( b \) be positive integers such that \( a + b = 100 \). Find the maximum value of the expression \( \frac{1}{a^2} + \frac{1}{b^2} \).
1582	0.666667	geometry	1800 - 100\pi	A right circular cone with base radius 5 cm and height 12 cm is placed inside a rectangular prism with dimensions 10 cm by 12 cm by 15 cm. What is the volume, in cubic centimeters, of the space inside the rectangular prism that is not occu...
1583	0.666667	number_theory	f(n) = n	Find all functions \( f: \mathbb{N} \rightarrow \mathbb{N} \) such that for all positive integers \( n \), the following inequality holds: \[ f(n+1) > \frac{f(f(n))}{2}. \]
1584	0.333333	geometry	150	In a grid of 5 by 5 squares, some squares are colored black. If each row and each column must contain exactly two black squares, how many different ways can the black squares be arranged on the grid? \begin{enumerate} \item 25 \item 120 \i...
1585	0.333333	number_theory	11	What is the least positive integer \(n\) such that the sum of the digits of \(n! \cdot (n-1)! \cdot \ldots \cdot 1!\) is divisible by 11?
1586	0.666667	algebra	\frac{85}{36}	Find all real numbers \( x \) such that the following equation holds: \[ \sqrt{x + 1} + \sqrt{x - 1} = 3. \]
1587	0.444444	combinatorics	4989600	In how many distinct ways can the letters in the word "MATHEMATICS" be arranged?
1588	0.666667	algebra	50	Let \( f(x) \) be a polynomial of degree 3 such that \( f(1) = 10, f(2) = 20, f(3) = 30, \) and \( f(4) = 40. \) Find \( f(5). \)
1589	0.333333	number_theory	0	Let \( P(x) \) be a polynomial of degree 4 with integer coefficients such that \( P(1) = 0 \), \( P(2) = 2 \), \( P(3) = 8 \), and \( P(4) = 18 \). Find the value of \( P(0) \).
1590	0.444444	number_theory	300	What is the smallest positive integer that is divisible by 5, 10, 15, 20, 25, and 30?
1591	0.777778	algebra	1	Let \( f(x) = x^3 + ax^2 + bx + c \) be a cubic polynomial with real coefficients. Suppose that the roots of \( f(x) \) are \( \alpha, \beta, \gamma \) such that \( \alpha + \beta + \gamma = 3 \), \( \alpha\beta + \beta\gamma + \gamma\alph...
1592	0.333333	number_theory	5	What is the remainder when \(5^{2023}\) is divided by \(28\)?
1593	0.375000	geometry	AB = AC	Let $ABC$ be an acute-angled triangle with $AB \neq AC$. The incircle of $\triangle ABC$ touches sides $BC, CA, AB$ at points $D, E, F$ respectively. Let $M$ be the midpoint of $BC$. The lines $AD$ and $EF$ intersect at point $P$. Prove th...
1594	0.333333	number_theory	2	Find the smallest positive integer \( n \) such that the number \( 12^n + 3^n \) is a multiple of 17.
1595	0.333333	geometry	5	In the convex pentagon $ABCDE$, the diagonals $AC$, $AD$, and $BE$ intersect at points $P$, $Q$, and $R$ respectively. If $AP = 3$, $PC = 2$, $AQ = 4$, $QD = 1$, and $BR = 5$, find the length of $RE$. Assume that the lines $AC$, $AD$, and ...
1596	0.555556	geometry	2	Let $f(x) = x^3 - 3x^2 + 2x$. Determine the number of distinct real numbers $a$ such that the line $y = ax$ is tangent to the curve $y = f(x)$ at exactly one point.
1597	0.555556	geometry	0	A positive integer $n$ is considered "balancing" if the sum of the squares of its digits equals the square of the number's last digit. For example, 123 is balancing because $1^2 + 2^2 + 3^2 = 1^2 + 2^2 + 9 = 1 + 4 + 9 = 14$, and $14 \neq 1...
1598	0.375000	number_theory	1012	Let \( f(n) \) be a function defined on the positive integers such that \( f(1) = 1 \) and for \( n \geq 2 \), \( f(n) = n - f(f(n-1)) \). Determine the value of \( f(2024) \).
1599	0.333333	geometry	\dfrac{25\sqrt{3}}{2}	A triangle is inscribed in a circle of radius 5 units. If one of the angles of the triangle is \(30^\circ\) and the opposite side to this angle is the diameter of the circle, find the area of the triangle. Express your answer in terms of \...
1600	0.750000	algebra	4	在平面直角坐标系中，有一条抛物线 \(y = x^2 - 2x - 3\)。求这条抛物线与 \(x\) 轴的两个交点 \(A\) 和 \(B\) 的距离。
1601	0.333333	other	4	A convex pentagon \(ABCDE\) has vertices such that the side lengths \(AB, BC, CD, DE, EA\) are 3, 4, 5, 6, and 7 respectively. The diagonals \(AC\) and \(BD\) intersect at point \(P\), and \(BD = 8\). Find the length of \(AP\).
1602	0.444444	number_theory	-1, 0	Find all integers \( n \) such that the equation \( n^2 + n + 1 = k^3 \) holds for some integer \( k \).
1603	0.333333	number_theory	3	In a tetrahedron $ABCD$, the lengths of edges $AB$, $AC$, and $AD$ are equal, and the lengths of edges $BC$, $BD$, and $CD$ are also equal. If the length of each edge of the tetrahedron is an integer and the volume of the tetrahedron is th...
1604	0.444444	algebra	\dfrac{56}{5}	If \( a, b, c \) are the roots of the polynomial \( x^3 - 6x^2 + 11x - 6 = 0 \), find the value of \( \frac{a^3}{b+c} + \frac{b^3}{a+c} + \frac{c^3}{a+b} \).
1605	0.666667	combinatorics	0.60	In a group of 100 people, 40% speak English, 50% speak Spanish, and 30% speak both languages. What is the probability that a randomly selected person from this group speaks at least one of these languages?
1606	0.666667	other	10	In a convex quadrilateral \(ABCD\), the diagonals \(AC\) and \(BD\) intersect at point \(E\). Given that \(AE = 3\), \(EC = 7\), \(BE = 5\), and \(ED = 4\), find the length of the diagonal \(AC\). Express your answer as a simplified radica...
1607	0.777778	number_theory	38	Find the smallest positive integer \( m \) that satisfies the following system of congruences: \[ m \equiv 3 \pmod{7} \] \[ m \equiv 5 \pmod{11} \]
1608	0.555556	algebra	4	Consider the function \( f(x) = \frac{x^2 - 4}{x - 2} \). Find the limit as \( x \) approaches 2. Then, determine if the function is continuous at \( x = 2 \).
1609	0.333333	number_theory	405	What is the smallest positive integer \( n \) such that \( n! \) (the factorial of \( n \)) has exactly 100 zeros at the end?
1610	0.333333	number_theory	1	A sequence of numbers starts with 1, and each subsequent number is the sum of the cubes of the digits of the previous number. For example, the second number in the sequence is $1^3 = 1$, and the third number is $1^3 + 1^3 = 2$. What is the...
1611	0.444444	geometry	\sqrt{6}	In a triangular park, the lengths of the sides are 7 meters, 10 meters, and 11 meters. A circular fountain is placed inside the park such that it touches all three sides of the triangle. Find the radius of the circular fountain.
1612	0.666667	number_theory	9261000	What is the smallest positive integer \( n \) such that \( n \) is divisible by both 24 and 35, and the cube root of \( n \) is an integer?
1613	0.333333	number_theory	2	A sequence \(a_1, a_2, a_3, \ldots\) of positive integers is defined by \(a_1 = 1\), \(a_2 = 2\), and for \(n \geq 3\), \(a_n\) is the smallest integer such that the polynomial \(P(x) = x^n + a_{n-1}x^{n-2} + a_{n-3}x^{n-4} + \cdots + a_1\...
1614	0.444444	geometry	120^\circ	Let \( A \), \( B \), and \( C \) be three distinct points on a circle with radius \( r \). The triangle \( ABC \) is such that \( \angle BAC = 60^\circ \). If the area of triangle \( ABC \) is given by \( \frac{\sqrt{3}}{4} r^2 \), find t...
1615	0.777778	geometry	6	A regular hexagon is inscribed in a circle of radius \(r\). If each side of the hexagon is also the side of a regular triangle, find the ratio of the area of the hexagon to the area of the triangle. Express your answer as a simplified frac...
1616	0.444444	geometry	\frac{9}{7}	Three circles with radii \( r_1, r_2, \) and \( r_3 \) are mutually externally tangent to each other. A fourth circle is drawn externally tangent to all three circles. If \( r_1 = 4 \), \( r_2 = 9 \), and \( r_3 = 36 \), find the radius \(...
1617	0.333333	logic_puzzle	7, 4, 4	In a magical land, there are three types of trees: Almond, Bramble, and Cherry. Almond trees grow 2 more fruits each year than the previous year, starting with 3 fruits in the first year. Bramble trees double their fruits each year, starti...
1618	0.444444	combinatorics	2	In a unique town, every resident either always tells the truth or always lies. One day, a visitor meets five residents of the town and asks each of them the following question: "Do you speak French?" The answers given were: "Yes", "No", "Y...
1619	0.333333	geometry	ac + bd	Let \( ABCD \) be a cyclic quadrilateral with circumradius \( R \). Suppose that the diagonals \( AC \) and \( BD \) intersect at point \( E \). Given that \( AB = a \), \( BC = b \), \( CD = c \), and \( DA = d \), find the value of \( AE...
1620	0.444444	number_theory	1	Find the smallest positive integer \( n \) such that the product of its digits equals \( n \).
1621	0.666667	algebra	2023	A function \( f(x) \) is defined for all real numbers \( x \) and satisfies the following properties: 1. \( f(1) = 1 \) 2. \( f(x) \cdot f\left(\frac{1}{x}\right) = 1 \) for all \( x \neq 0 \) 3. \( f(x+y) = f(x) + f(y) - 2xyf(1-x) \) for ...
1622	0.666667	geometry	24	A rectangle has a length that is twice its width. If the area of the rectangle is 32 square units, what is the perimeter of the rectangle?
1623	0.777778	number_theory	\frac{n(n+1)}{2}	What is the sum of the first \( n \) positive integers?
1624	0.555556	geometry	5	Find all positive integers \( n \) such that \( n^3 + 2n^2 + 3n + 6 \) is a perfect square.
1625	0.444444	algebra	19	Let $f(x)$ be a polynomial such that $f(1) = 1$, $f(2) = 3$, $f(3) = 5$, $f(4) = 7$, and $f(5) = 9$. Find the value of $f(10)$.
1626	0.500000	geometry	\frac{13}{2}	In triangle $ABC$, the lengths of sides $AB$, $BC$, and $CA$ are $13$, $14$, and $15$ respectively. Point $D$ is on side $BC$ such that $BD = 5$ and $DC = 9$. If the bisector of angle $BAC$ intersects $BC$ at point $E$, find the length of ...
1627	0.777778	number_theory	8	How many positive integers less than 500 are divisible by 4, 5, and 6?
1628	0.333333	geometry	\frac{10}{11}	Given a regular icosahedron (a polyhedron with 20 equilateral triangle faces), each vertex is connected to five other vertices. If three vertices are randomly selected, what is the probability that these three vertices are not connected by...
1629	0.666667	number_theory	100	What is the remainder when the sum of the first 100 positive even numbers is divided by the sum of the first 50 positive odd numbers?
1630	0.555556	number_theory	-1	A function \( f \) satisfies \( f(1) = 1 \) and for all positive integers \( n \), \[ f(n + 1) = \frac{1 + f(n)}{1 - f(n + 1)} \] Find the value of \( f(2009) \).
1631	0.625000	combinatorics	\frac{1}{4}	In a game, a player rolls a standard six-sided die and then tosses a coin. The player wins if the number rolled is even and the coin shows heads. What is the probability that the player wins on a single turn?
1632	0.666667	algebra	17	Let $f(x)$ be a polynomial of degree $4$ such that $f(0) = 1$, $f(1) = 2$, $f(2) = 5$, and $f(3) = 10$. What is the value of $f(4)$?
1633	0.777778	algebra	10	Let \( f(x) \) be a polynomial with real coefficients such that \( f(0) = 1 \), \( f(1) = 2 \), and \( f(2) = 5 \). Given that \( f(x) \) has a degree of 2 and no other values are given, find the value of \( f(3) \).
1634	0.444444	number_theory	1, 9	Find all positive integers \( n \) such that the number of positive divisors of \( n \) is equal to \( \sqrt{n} \).
1635	0.555556	number_theory	3	Find the smallest positive integer \( n \) such that the polynomial \( P(x) = x^n + x^{n-1} + \cdots + x + 1 \) can be factored into the product of two non-constant polynomials with integer coefficients.
1636	0.666667	geometry	\frac{800}{9}	A farmer has a rectangular field where he grows wheat. The length of the field is exactly twice the width. If the farmer increases both the length and the width by 5 meters, the area of the field increases by 125 square meters. What was th...
1637	0.375000	combinatorics	1020	In a small town, there are three types of coins: gold (G), silver (S), and bronze (B). Each gold coin is worth 100 points, each silver coin is worth 50 points, and each bronze coin is worth 10 points. During the town's annual treasure hunt...
1638	0.333333	number_theory	(0, 0, 2), (0, 2, 0), (2, 0, 0), (1, 1, 2), (1, 2, 1), (2, 1, 1)	Find all integer solutions to the equation \( x^3 + y^3 + z^3 = xyz + 8 \) where \( x, y, z \) are non-negative integers.
1639	0.555556	number_theory	315	What is the smallest positive integer that is divisible by each of the numbers 5, 7, and 9, and also leaves a remainder of 3 when divided by 8?
1640	0.666667	combinatorics	1	A sequence of numbers \(a_1, a_2, a_3, \ldots\) is defined by the recurrence relation \(a_n = a_{n-1}^2 - a_{n-1} + 1\) for \(n > 1\), with \(a_1 = 2\). Find the value of \(\frac{1}{a_1 - 1} + \frac{1}{a_2 - 1} + \frac{1}{a_3 - 1} + \cdots...
1641	0.555556	geometry	0	Find all positive integers \(n\) such that \(n + 10\) is a perfect square and \(2n + 2\) is a perfect cube. How many such integers \(n\) are there?
1642	0.666667	number_theory	2	In a certain town, every house has a unique address from 1 to 100. The mayor decides to distribute a special gift to every house whose address is a prime number, but only if the address is also a term in the sequence defined by \(a_n = 3n^...
1643	0.555556	algebra	3	Let \( f(x) \) be a polynomial with real coefficients such that \( f(1) = 0 \) and \( f(x) \) has the property that for any real number \( a \), the polynomial \( f(x) - a \) has at least one real root. Determine the maximum possible numbe...
1644	0.444444	number_theory	20	A sequence of positive integers \(a_1, a_2, a_3, \ldots\) is defined by \(a_1 = 1\) and for \(n \geq 2\), \(a_n\) is the smallest positive integer such that \(a_n\) is not a divisor of any of the preceding terms in the sequence. What is th...
1645	0.444444	number_theory	3	Let \( n \) be a positive integer such that \( n \geq 3 \). Consider the polynomial \( P(x) = x^n + ax^{n-1} + bx^{n-2} + \cdots + k \), where \( a, b, \ldots, k \) are real numbers. Given that \( P(1) = 2024 \) and \( P(-1) = 0 \), find t...
1646	0.555556	combinatorics	2	A sequence of numbers \(a_1, a_2, a_3, \ldots\) is defined recursively by \(a_1 = 1\), \(a_2 = 2\), and for \(n \geq 3\), \(a_n = a_{n-1} + a_{n-2} + n^2\). Determine the units digit of \(a_{20}\).
1647	0.375000	geometry	g(x)	Let \( f(x) \) be a polynomial with integer coefficients such that for all integers \( x \), \( f(x) \) is a perfect square. Prove that there exists a polynomial \( g(x) \) with integer coefficients such that \( f(x) = [g(x)]^2 \) for all ...
1648	0.666667	number_theory	1	Find the smallest positive integer $n$ such that the polynomial $P(x) = x^n - x^{n-1} + x^{n-2} - \cdots + (-1)^{n-1}x + (-1)^n$ has at least one real root in the interval $[-1, 1]$.
1649	0.777778	other	120	A train is traveling at a constant speed of 48 miles per hour. At the same time, a bird begins flying from the front of the train to the rear at a speed of 72 miles per hour. When the bird reaches the back of the train, it instantly turns ...
1650	0.333333	geometry	0	A circle with radius \(r\) is inscribed in a square. Another circle with radius \(r/2\) is inscribed in one of the right triangles formed by drawing a diagonal of the square. If the area of the larger circle is twice the area of the smalle...
1651	0.444444	geometry	6	In a right-angled triangle \( \triangle ABC \), the length of the hypotenuse \( AB \) is 10 units. Point \( D \) lies on \( AB \) such that \( AD \) is twice as long as \( DB \). If the area of \( \triangle ACD \) is 12 square units, find ...
1652	0.777778	geometry	1	In the plane, a set of points are said to form a *triangular lattice* if the points can be arranged such that every point has exactly six neighbors, and no four points form a square. Consider an infinitely large triangular lattice where ea...
1653	0.333333	number_theory	16	Let \( f(x) \) be a polynomial of degree 3 with integer coefficients. Given that \( f(1) = 1 \), \( f(2) = 4 \), and \( f(3) = 9 \), find the value of \( f(4) \).
1654	0.555556	geometry	3\sqrt{3}	In the complex plane, let $S$ be the set of solutions to the equation $z^3 = 8i$. Let $P$ be the set of points in the plane corresponding to the complex numbers in $S$. Determine the area of the triangle formed by the three points in $P$.
1655	0.444444	geometry	\frac{776}{9}	Let \( ABC \) be a triangle with \( AB = 5 \), \( BC = 12 \), and \( AC = 13 \). Let \( D \) be a point on \( BC \) such that \( AD \) is the angle bisector of \( \angle BAC \). If \( BD = x \) and \( DC = y \), find the value of \( x^2 + ...
1656	0.333333	geometry	2	A regular hexagon is inscribed in a circle of radius \(r\). Inside the hexagon, an equilateral triangle is inscribed such that its vertices touch the midpoints of three non-adjacent sides of the hexagon. If the area of the hexagon is \(A_h...
1657	0.444444	geometry	1	A sequence of positive integers \(a_1, a_2, a_3, \ldots\) is defined by \(a_1 = 1\) and \(a_{n+1} = 2a_n + n\) for \(n \geq 1\). If \(b_n = a_n^2 - n^2\), find the smallest positive integer \(m\) such that \(b_m\) is a perfect square.
1658	0.333333	geometry	\frac{\pi}{2}	A square region \(ABCD\) with side length 1 is inscribed in a circle. A point \(P\) is chosen at random inside the square. What is the probability that the distance from \(P\) to the center of the circle is less than half the length of the...
1659	0.666667	geometry	\frac{3}{2}	A sphere with radius 3 is enclosed within a cylinder. The sphere is tangent to the top, bottom, and side of the cylinder. What is the ratio of the volume of the cylinder to the volume of the sphere? Express your answer as a common fraction...
1660	0.444444	geometry	25\sqrt{3} - \frac{25\pi}{3}	A circle is inscribed in an equilateral triangle with side length 10 units. What is the area of the region outside the circle but inside the triangle? Express your answer in simplest radical form.
1661	0.333333	number_theory	12	A set \( S \) contains \( n \) distinct integers, where \( n \) is a positive integer greater than 10. It is known that for every subset \( T \) of \( S \) with 6 elements, the sum of the elements in \( T \) is divisible by 6. What is the ...
1662	0.333333	number_theory	2	Find the smallest positive integer \( n \) such that the product of all distinct prime factors of \( n \) is equal to the number of divisors of \( n \).
1663	0.333333	geometry	5	What is the maximum number of acute angles that can be found in a convex polygon with 7 sides?
1664	0.444444	number_theory	501	A sequence of numbers \(a_1, a_2, a_3, \ldots\) is defined by the recursive formula \(a_1 = 2\) and \(a_{n+1} = a_n + \frac{a_n}{n}\) for \(n \geq 1\). What is the smallest positive integer \(k\) such that \(a_k\) is an integer greater tha...
1665	0.444444	algebra	5	Let $P$ be a polynomial of degree 4 with real coefficients such that $P(1) = 5$, $P(2) = 9$, $P(3) = 17$, and $P(4) = 33$. Given that the sum of the coefficients of $P(x)$ is $S$, find the value of $S$.
1666	0.555556	combinatorics	0.79	In a certain city, the probability of it raining on any given day is 0.3. On days it does not rain, the probability that the temperature will be above 20 degrees Celsius is 0.7. However, on rainy days, the probability that the temperature ...
1667	0.333333	number_theory	008	A sequence of integers is defined by \(a_1 = 2\) and \(a_{n+1} = a_n^2 - a_n + 1\) for \(n \geq 1\). Find the remainder when \(a_{2023} + 1\) is divided by 1000.
1668	0.555556	algebra	40	Let \( f(x) \) be a polynomial of degree 3 with real coefficients, such that \( f(1) = 10 \), \( f(2) = 20 \), and \( f(3) = 30 \). Find the value of \( f(4) \).
1669	0.555556	algebra	\frac{a^2}{b} + \frac{b^2}{c} + \frac{c^2}{a} \geq 3	Given positive real numbers \( a, b, c \) such that \( a + b + c = 3 \), prove that: \[ \frac{a^2}{b} + \frac{b^2}{c} + \frac{c^2}{a} \geq 3. \]
1670	0.333333	geometry	\sqrt{365}	In a triangle \(ABC\), the medians from vertices \(A\) and \(B\) are perpendicular to each other. If the lengths of the medians are \(m_a = 13\) and \(m_b = 14\), find the length of the third median \(m_c\).
1671	0.333333	geometry	r^2	A rectangle is inscribed in a semicircle of radius \( r \) with its base on the diameter. If the length of the rectangle is \( l \) and the width is \( w \), find the maximum possible area of the rectangle.
1672	0.777778	geometry	18	In triangle $ABC$, point $D$ lies on side $BC$ such that $BD = 2 \cdot DC$. If the area of triangle $ABD$ is $12$ square units and the area of triangle $ADC$ is $6$ square units, what is the area of triangle $ABC$?
1673	0.333333	other	0	在一个无限长的数轴上，从原点出发，每次随机向左或向右移动1个单位。设第n次移动后与原点的距离为X_n。求极限\lim_{n \to \infty} \frac{X_n}{\sqrt{n}}的值。
1674	0.375000	geometry	\frac{1}{4}	A circle is inscribed in an equilateral triangle with side length \(s\). Another smaller circle is inscribed in a smaller equilateral triangle formed by the points of tangency of the first circle with the sides of the original triangle. Fi...
1675	0.444444	number_theory	10	In a unique game, a player starts with a set of positive integers \( n_1, n_2, \ldots, n_k \) where each \( n_i \) is a power of 2. The player can perform the following operation any number of times: select any two numbers \( a \) and \( b...
1676	0.333333	geometry	2	A sequence of positive integers \( a_1, a_2, a_3, \ldots, a_{2023} \) satisfies \( a_1 = 1 \) and for all \( n \geq 1 \), \( a_{n+1} \) is the smallest integer greater than \( a_n \) such that the product \( a_1 \cdot a_2 \cdot \ldots \cdo...
1677	0.555556	geometry	\frac{189}{13}	In a certain triangle \(ABC\), the lengths of sides \(AB\) and \(AC\) are 13 and 14 respectively. The angle bisector of \(\angle A\) meets side \(BC\) at point \(D\), dividing it into segments \(BD\) and \(DC\). If \(BD = 7\), find the len...
1678	0.333333	number_theory	(1012, 1011), (-1012, -1011), (148, 141), (-148, -141), (68, 51), (-68, -51)	Find all pairs of integers \((x, y)\) such that \(x^2 - y^2 = 2023\).
1679	0.333333	number_theory	0	Find the sum of all positive integers \( n \) for which \( \frac{n^2 + 2n + 1}{n^2 + n + 1} \) is a terminating decimal.
1680	0.777778	algebra	\frac{\pi}{4}	Find the value of \(x\) such that \(2 \sin(x) \cos(x) = 1\) and \(0 \leq x \leq \frac{\pi}{2}\).
1681	0.666667	number_theory	6	Three positive integers \(a\), \(b\), and \(c\) satisfy the equation \(a + b + c = abc\). What is the sum of all possible distinct values of \(a + b + c\)?
1682	0.666667	number_theory	2	A sequence of positive integers \(\{a_n\}\) is defined by \(a_1 = 2\), \(a_2 = 3\), and for \(n \geq 3\), \(a_n\) is the smallest prime divisor of \(a_{n-1} + a_{n-2}\). What is the 10th term of the sequence?
1683	0.777778	geometry	50	A circle is inscribed in a square with side length 10 units. Another smaller square is inscribed in this circle such that its vertices touch the circle. What is the area of the smaller square?
1684	0.444444	geometry	0	In the coordinate plane, a circle centered at \((0,0)\) with radius \(1\) intersects the positive \(x\)-axis at point \(A\) and the positive \(y\)-axis at point \(B\). A point \(P\) is chosen uniformly at random inside the circle. What is ...
1685	0.333333	geometry	\infty	In the coordinate plane, let \( P \) be a point with integer coordinates. A square with sides parallel to the axes and vertices having integer coordinates is called an integer square. Given that \( P \) is the center of a unique integer sq...
1686	0.333333	geometry	30	Let \(ABC\) be an acute triangle with \(AB \neq AC\). The incircle of \(\triangle ABC\) touches sides \(BC\), \(CA\), and \(AB\) at \(D\), \(E\), and \(F\), respectively. The line \(AD\) meets the incircle again at \(P\). If \(AP = AB\) an...
1687	0.444444	logic_puzzle	9	In a magical land, there are two types of trees: apple trees and orange trees. These trees grow apples and oranges at a unique rate that follows a pattern. Every year, an apple tree produces double the number of apples it produced the prev...
1688	0.444444	algebra	3	What is the minimum value of the function \( f(x) = x^2 - 4x + 7 \) for \( x \) in the interval \([1, 5]\)? Find the value of \( x \) that minimizes \( f(x) \) within this interval and compute the minimum value.
1689	0.444444	number_theory	0	Consider the sequence of functions $f_n(x) = \frac{x}{n} + \sin(nx)$ defined on the interval $[0, 2\pi]$. Let $F_n(x) = \int_0^x f_n(t) \, dt$ for all $n \in \mathbb{N}$. Prove that for any positive integer $k$, the sequence $\left( \frac{...
1690	0.555556	number_theory	\infty	Find the number of ordered pairs \((a, b)\) of integers such that the quadratic equation \(ax^2 + bx + a = 0\) has at least one integer root.
1691	0.444444	number_theory	4	Find the smallest positive integer \( n \) such that the polynomial \( P(x) = x^n - 1 \) can be factored into the product of two non-constant polynomials with integer coefficients.
1692	0.555556	number_theory	8	Find the number of integer solutions to the inequality $x^2 - 5x + 6 \geq 0$ for $x$ in the range $1 \leq x \leq 8$.
1693	0.666667	algebra	9	Let \( f(x) = x^3 - 3x + 1 \). Find the number of real roots of the equation \( f(f(x)) = 0 \).
1694	0.555556	geometry	5\sqrt{5}	In a triangular park, three friends A, B, and C decide to meet at a point inside the triangle that is equidistant from all three sides. They choose a location such that this meeting point is also the circumcenter of the triangle. If the ar...
1695	0.444444	number_theory	2023	A sequence of positive integers \(a_1, a_2, a_3, \ldots\) is defined by \(a_1 = 1\) and for \(n \geq 1\), \(a_{n+1}\) is the smallest integer greater than \(a_n\) that can be expressed as the sum of distinct previous terms in the sequence....
1696	0.444444	number_theory	2	Find the smallest positive integer \( n \) such that the number of digits in \( n \) is equal to the number of distinct prime factors of \( n \).
1697	0.444444	combinatorics	93	A group of friends decides to create a secret handshake for their club. They decide that the handshake will be a sequence of up to five hand claps, each clap can be of three possible lengths: short (S), medium (M), or long (L). No two cons...
1698	0.777778	algebra	5	Let \( f(x) = x^3 - 3x^2 + 2x \). Find the number of distinct real roots of the equation \( f(f(x)) = 0 \).
1699	0.333333	number_theory	4048	Consider the sequence defined by \( a_1 = 1 \) and \( a_{n+1} = a_n + \frac{1}{a_n} \) for \( n \geq 1 \). Find the integer part of \( a_{2024}^2 \).
1700	0.555556	number_theory	2	The integer $N$ is the integer closest to $\sqrt{256}$ such that the difference between $\sqrt{256}$ and $N$ is less than $1$. Find the largest integer $k$ such that $N^k$ is less than $1000$.
1701	0.333333	number_theory	100	A sequence of positive integers \( a_1, a_2, a_3, \ldots, a_n \) is defined by the following rules: 1. \( a_1 = 1 \) 2. For \( n \geq 2 \), \( a_n \) is the smallest integer greater than \( a_{n-1} \) that is relatively prime to \( a_{n-1}...
1702	0.333333	other	6	In a magical land, there are two types of trees: Gold Trees and Silver Trees. Every day, the number of Gold Trees doubles, while the number of Silver Trees triples. On the first day, there is one Gold Tree and three Silver Trees. After how...
1703	0.500000	algebra	\frac{1}{2}	Let \(a, b, c\) be positive real numbers such that \(a + b + c = 1\). Prove that: \[ \frac{a^2}{a + b} + \frac{b^2}{b + c} + \frac{c^2}{c + a} \geq \frac{1}{2}. \]
1704	0.333333	other	2023	In the country of Alphaland, there are 2023 cities connected by roads. Each road connects exactly two cities, and no city is connected to itself. It is known that from any city, it is possible to reach any other city by traveling through a...
1705	0.333333	geometry	10	A particle moves along a straight line starting at point \( A \). It moves to point \( B \) which is 1 unit away, then to point \( C \) which is 2 units away from \( B \), then to point \( D \) which is 3 units away from \( C \), and so on...
1706	0.555556	number_theory	1	Let \( S \) be the set of all positive integers that can be expressed as \( n^2 + 10n + p \), where \( p \) is a prime number and \( n \) is a non-negative integer. Determine the smallest positive integer that is not in \( S \).
1707	0.555556	algebra	10^{10}	What is the value of $x$ that satisfies the equation $\log_{10}(\log_{10}(x)) = 1$?
1708	0.375000	geometry	36	Let \( ABCD \) be a convex quadrilateral with \( AB = 6 \), \( BC = 7 \), \( CD = 8 \), and \( DA = 9 \). The diagonals \( AC \) and \( BD \) intersect at point \( P \) such that \( AP : PC = 2 : 1 \) and \( BP : PD = 3 : 1 \). If the area...
1709	0.777778	combinatorics	1	In a small town, there are three types of coins: A, B, and C. Coin A is worth 5 units, coin B is worth 7 units, and coin C is worth 11 units. A local merchant sells a special item that can be purchased using exactly one coin of each type. ...
1710	0.444444	number_theory	2	Find the smallest positive integer \( n \) such that the polynomial \( P(x) = x^n + ax^{n-1} + bx^{n-2} + \cdots + k \) (where \( k \) is a constant and \( a, b, \ldots \) are integers) has all its roots as complex numbers with the same mo...
1711	0.666667	number_theory	1	A sequence of numbers \(a_n\) is defined by \(a_1 = 1\), \(a_2 = 2\), and for all \(n \geq 3\), \(a_n = a_{n-1} + 2a_{n-2}\). What is the remainder when \(a_{2023}\) is divided by 7?
1712	0.500000	number_theory	10	Consider the sequence of numbers defined by $a_n = \frac{2n+1}{n^2+1}$ for $n \geq 1$. Let $S$ be the sum of the first 100 terms of this sequence, i.e., $S = \sum_{n=1}^{100} a_n$. Find the integer closest to $S$.
1713	0.333333	algebra	10	Find the sum of all real numbers $x$ such that $\sqrt{x^2 - 5x + 7} + \sqrt{x^2 - 11x + 21} = 6$.
1714	0.444444	number_theory	4	What is the minimum number of distinct positive divisors that a natural number $N$ can have, if the sum of its distinct positive divisors, excluding $N$ itself, is equal to $N$?
1715	0.444444	other	175	In the land of Mathlandia, there are three types of coins: gold, silver, and bronze. A gold coin is worth 10 silver coins, and a silver coin is worth 10 bronze coins. Mathlandian Princess Emma has a collection of coins consisting of exactl...
1716	0.500000	geometry	\frac{2}{3}	In a triangle \(ABC\) with \(AB = AC\), point \(D\) lies on \(BC\) such that \(BD = 2DC\). A circle centered at \(D\) with radius \(DC\) intersects \(AC\) at point \(E\). If the area of triangle \(ADE\) is equal to the area of triangle \(B...
1717	0.333333	number_theory	1	What is the smallest positive integer \( n \) such that the polynomial \( P(x) = x^n - x^{n-1} - x^{n-2} - \cdots - x - 1 \) has all integer roots?
1718	0.500000	geometry	22	In a triangular park, the lengths of the sides are 13 meters, 14 meters, and 15 meters. A gardener decides to plant trees along the perimeter such that the trees are equally spaced with each tree being exactly 2 meters apart. If the garden...
1719	0.666667	other	2	Two cars are traveling in the same direction along the same route. The red car travels at a constant speed of 40 miles per hour, and the black car is traveling at a constant speed of 50 miles per hour. If the red car is 20 miles ahead of t...
1720	0.555556	geometry	72\pi	A circle is inscribed in a square, and the square is inscribed in another circle. If the area of the smaller circle is \(36\pi\), find the area of the larger circle. Express your answer in terms of \(\pi\).
1721	0.444444	combinatorics	36	In a magical garden, there are 8 unique flowers, each with a different number of petals ranging from 1 to 8. A bee visits each flower exactly once, collecting honey proportional to the number of petals on the flower. If the bee collects ho...
1722	0.666667	geometry	1, 2	Find all positive integers \( n \) for which \( 2^n + n^2 + 1 \) is a perfect square.
1723	0.625000	number_theory	53	Let \( P(x) \) be a polynomial of degree 4 with integer coefficients such that \( P(1) = 1, P(2) = 2, P(3) = 3, P(4) = 4 \). Find the value of \( P(0) + P(5) \).
1724	0.555556	combinatorics	60	Let \( f(n) \) be the number of ways to arrange \( n \) distinct books on a shelf such that no two books are next to each other. Given that \( f(3) = 3 \) and \( f(4) = 12 \), find the value of \( f(5) \).
1725	0.333333	number_theory	1	How many ways can you select 5 different fruits from a basket containing apples, bananas, cherries, dates, and elderberries such that the total number of seeds is divisible by 5? The number of seeds for each fruit is as follows: apples hav...
1726	0.444444	number_theory	90	There are 100 switches labeled from 1 to 100, all initially in the off position. You are allowed to flip any switch any number of times. A switch is flipped whenever its label is a multiple of a certain number \( n \). For example, if \( n...
1727	0.666667	number_theory	12	Let \( f(n) \) be the number of ways to write \( n \) as a sum of positive integers, where the order of the summands matters. For example, \( f(3) = 4 \) because \( 3 = 3 = 2 + 1 = 1 + 2 = 1 + 1 + 1 \). Find the smallest positive integer \...
1728	0.666667	algebra	1	In the complex plane, let \( z \) be a root of the equation \( z^4 + z^2 + 1 = 0 \). If \( w = z^2 + 1 \), find the value of \( \left| \frac{w}{z} \right| \).
1729	0.333333	other	5	A convex polyhedron \( P \) with \( n \) vertices is such that each vertex is incident to an equal number of edges and faces. Let \( E \) be the total number of edges, and \( F \) the total number of faces of \( P \). Given that \( P \) ha...
1730	0.333333	geometry	325	** What is the smallest positive integer \( n \) such that \( n \) is the sum of two squares in at least three distinct ways?
1731	0.555556	number_theory	92	Let $S$ be the set of all positive integers that have four digits in base $2$. What is the sum of all elements in $S$ when expressed in base $10$?
1732	0.777778	geometry	\dfrac{5\sqrt{2}}{2}	A rectangle is inscribed in a semicircle with radius 5 units such that one of its sides lies along the diameter of the semicircle. If the area of the rectangle is maximized, what is the length of the side of the rectangle that is perpendic...
1733	0.666667	algebra	0	Let \( f(x) \) be a continuous function defined for all real numbers such that for all real numbers \( x \) and \( y \), the following equation holds: \[ f(x+y) + f(x-y) = 2f(x)f(y). \] Given that \( f(0) = 1 \) and \( f(1) = \cos(\theta) ...
1734	0.375000	geometry	2\pi	In a magical land, there exists a circular castle with a radius of 100 meters. The king has decided to plant trees around the circumference of the castle such that the distance between any two adjacent trees is the same. If the king plans ...
1735	0.777778	algebra	1	Let \( f(x) = x^3 - 3x^2 + 3x - 1 \). Find the number of real solutions to the equation \( f(f(x)) = 0 \).
1736	0.333333	algebra	\left\{\left(\frac{1 + \sqrt{5}}{2}, \frac{1 - \sqrt{5}}{2}, 0\right), \left(\frac{1 - \sqrt{5}}{2}, \frac{1 + \sqrt{5}}{2}, 0\right)\right\}	Find all triples of real numbers \((x, y, z)\) such that \(x + y + z = 1\), \(x^2 + y^2 + z^2 = 3\), and \(x^3 + y^3 + z^3 = 4\).
1737	0.777778	algebra	7	Let \( p(x) \) be a polynomial of degree 0 such that \( p(x) = t \). It is given that \( p(1) = 7 \). Determine the value of \( p(2) \).
1738	0.428571	combinatorics	48	There are 100 guests at a dinner party who will be seated in two sections, Section A and Section B. Each guest will either be served with soup or salad, but not both. It is known that there are 60 guests who will be served with soup and 40...
1739	0.333333	geometry	1	In a mystical forest, there are 1000 trees arranged in a straight line. Each tree has a unique height, and the height of each tree is a positive integer between 1 and 1000, inclusive. A wizard decides to cast a spell on the trees such that...
1740	0.444444	number_theory	0	Find the number of ordered pairs \((x, y)\) of integers such that \(x^2 + y^2 = 2023\).
1741	0.666667	geometry	\left( \frac{23}{5}, \frac{14}{5} \right)	In the coordinate plane, let \( A \) be the point \( (3, 4) \) and \( B \) be the point \( (7, 1) \). If \( C \) is a point on the line segment \( AB \) such that \( AC:CB = 2:3 \), find the coordinates of point \( C \).
1742	0.777778	sequence	1.998046875	Given a sequence defined by \(a_1 = 1\) and \(a_{n+1} = \frac{a_n}{2} + 1\) for all \(n \geq 1\), find the value of \(a_{10}\).
1743	0.444444	other	13	There are 3 types of coins in a collection: gold, silver, and bronze. The number of gold coins is 5 more than twice the number of silver coins, and the number of bronze coins is 4 less than three times the number of silver coins. If the to...
1744	0.555556	combinatorics	0	A sequence of numbers is defined by \( a_1 = 1 \) and \( a_{n+1} = \frac{1}{2} a_n + \frac{1}{2^n} \) for \( n \geq 1 \). Find the value of \( \lim_{n \to \infty} a_n \).
1745	0.333333	geometry	\dfrac{1}{6}	Consider a regular hexagon inscribed in a circle of radius \( r \). Points \( A \) and \( B \) are two vertices of the hexagon such that \( \angle AOB = 120^\circ \), where \( O \) is the center of the circle. Let \( P \) be a point inside...
1746	0.666667	geometry	108	In a special edition of the game show "Are You Smarter Than a 5th Grader?", contestants are given a math problem that requires a strategic combination of algebra and geometry to solve. The show presents a square-based pyramid with a base s...
1747	0.666667	number_theory	20	A sequence of positive integers \( a_1, a_2, a_3, \ldots, a_n \) is defined by the following rules: 1. \( a_1 = 1 \) 2. For \( n \geq 2 \), \( a_n \) is the smallest positive integer such that \( a_n \) is not a divisor of \( a_{n-1} \) an...
1748	0.666667	geometry	\frac{11\sqrt{5}}{5}	In the xy-plane, a circle with radius 5 has its center at (3, -4). If a line with slope 1/2 passes through the point (0, 0), what is the minimum distance from the center of the circle to this line? Express your answer as a common fraction.
1749	0.777778	geometry	\angle BAC = 60^\circ	Let \( ABC \) be an acute-angled triangle with circumcenter \( O \). The lines \( AO \), \( BO \), and \( CO \) intersect the circumcircle \( \Gamma \) of \( ABC \) at points \( A_1 \), \( B_1 \), and \( C_1 \), respectively. The perpendic...
1750	0.555556	number_theory	7	What is the smallest positive integer \( n \) such that the polynomial \( P(x) = x^n + ax^{n-1} + bx^{n-2} + \cdots + c \) with integer coefficients satisfies the condition that \( P(k) \) is divisible by 7 for all integers \( k \) where \...
1751	0.333333	geometry	2	A square grid of side length \(n\) is divided into smaller squares of side length 1. Each square is either painted black or white. The rule for painting is such that each 2x2 square within the grid must contain exactly two black and two wh...
1752	0.555556	number_theory	0	What is the sum of all positive integers less than 100 that are divisible by both 3 and 5, but not by 15?
1753	0.777778	number_theory	2	Determine the smallest positive integer \( n \) for which \( 7^n + 1 \) is divisible by \( 5 \).
1754	0.333333	geometry	8	In a triangle $ABC$, the incircle is tangent to sides $BC$, $CA$, and $AB$ at points $D$, $E$, and $F$ respectively. The line through $D$ parallel to $EF$ intersects $AB$ and $AC$ at points $P$ and $Q$. If $AP = 3$ and $AQ = 5$, find the l...
1755	0.555556	geometry	3.6	In a triangle \( ABC \), the sides \( AB = 5 \), \( BC = 6 \), and \( CA = 7 \). Point \( D \) lies on \( AB \) such that \( AD = 2 \) and \( DB = 3 \). If \( DE \) is drawn parallel to \( AC \) and intersects \( BC \) at \( E \), what is ...
1756	0.444444	number_theory	3	What is the value of the infinite product $\prod_{n=1}^{\infty} \left( 1 + \frac{1}{2^n} \right)$ rounded to the nearest integer?
1757	0.333333	number_theory	0	Let \( f(x) \) be a polynomial of degree 5 with integer coefficients such that \( f(0) = 1 \) and \( f(1) = 0 \). Suppose that \( f(x) \) has exactly three distinct real roots, one of which is repeated. If the product of the non-repeated r...
1758	0.666667	number_theory	15150	What is the sum of the first 100 positive integers that are multiples of 3 and less than 1000?
1759	0.333333	geometry	18	Let \( ABC \) be a triangle with circumcircle \( \Gamma \). Let \( D \) be the midpoint of the arc \( BC \) that does not contain \( A \). Suppose that \( AD \) intersects the circumcircle of \( \triangle ABD \) again at point \( E \), oth...
1760	0.750000	algebra	1	A function f(x) satisfies the equation f(x) + f(1-x) = 1 for all real numbers x. If f(0) = 0, find the value of f(1).
1761	0.555556	combinatorics	\frac{1}{220}	There are 12 balls in a bag, with each ball numbered 1 to 12. If you draw three balls randomly, what is the probability that the numbers on the balls form a Pythagorean triple?
1762	0.500000	algebra	2	In a geometric sequence with positive terms, the first term is 2 and the third term is 50. If the product of the first n terms is equal to the product of the next n terms, find the value of n.
1763	0.666667	sequence	96	How many distinct sequences of length 6 can be formed using the letters A, B, and C, such that no two adjacent letters are the same?
1764	0.555556	number_theory	23	A sequence of positive integers \((a_n)\) is defined as follows: \(a_1 = 1\), and for \(n \geq 1\), \(a_{n+1}\) is the smallest integer greater than \(a_n\) that is relatively prime to \(a_n\). Find \(a_{10}\).
1765	0.444444	number_theory	10	What is the number of ordered pairs of integers \((x, y)\) such that \(x^2 + y^2 = 100\) and \(x + y \leq 10\)?
1766	0.333333	number_theory	6	A sequence of numbers \(a_1, a_2, a_3, \ldots\) is defined as follows: \(a_1 = 1\), \(a_2 = 2\), and for all \(n \geq 3\), \(a_n = a_{n-1} + a_{n-2}\) if \(n\) is odd, and \(a_n = 2a_{n-1}\) if \(n\) is even. What is the remainder when \(a...
1767	0.777778	geometry	17.5	In a triangle ABC, the lengths of sides AB and AC are 5 and 7, respectively. The angle BAC is a right angle. What is the area of triangle ABC?
1768	0.777778	number_theory	91	What is the smallest positive integer that is divisible by both 7 and 13 but is not divisible by 2?
1769	0.666667	other	38	In a small town, there are three types of fruit trees: apple, orange, and pear. The town has exactly 200 trees, and it is known that there are twice as many orange trees as apple trees. Furthermore, the number of pear trees is 30 less than...
1770	0.333333	combinatorics	10080	Find the number of ways to arrange the letters in the word 'MATHEMATICS' such that the vowels (A, E, A, I) always appear together in the sequence of 'A', 'E', 'A', 'I' (in that order), and consonants (M, T, H, M, T, C, S) can appear in any...
1771	0.555556	geometry	\frac{1}{2}	In a right-angled triangle $ABC$ with $\angle C = 90^\circ$, the lengths of the sides $AB$, $BC$, and $AC$ are in the ratio $3:4:5$. If a point $D$ is chosen at random on the hypotenuse $AB$, what is the probability that the area of triang...
1772	0.333333	geometry	7	Let \( ABC \) be a triangle with \( AB = 13, BC = 14, \) and \( CA = 15 \). Points \( M \) and \( N \) are chosen on \( AB \) and \( AC \) respectively such that \( AM = AN \) and \( MN \parallel BC \). Determine the length of \( MN \).
1773	0.777778	geometry	6\sqrt{10}	In a triangle \(ABC\), the angles \(A\), \(B\), and \(C\) satisfy the condition \(\sin A + \sin B + \sin C = \frac{3\sqrt{3}}{2}\). If the area of the triangle is \(10\sqrt{3}\) square units, find the perimeter of the triangle.
1774	0.555556	number_theory	\frac{1}{40}	A positive integer \( n \) is chosen at random from the set \(\{1, 2, 3, \ldots, 200\}\). What is the probability that \( n \) is a divisor of \( 200! \) and also a power of \( 3 \)? Express your answer as a common fraction.
1775	0.777778	algebra	\frac{1}{4}	Let \( f(x) \) be a function defined for all real numbers \( x \) such that \( f(x) + f(1-x) = x \) and \( f(x) \cdot f(1-x) = x(1-x) \). Determine the value of \( f\left(\frac{1}{2}\right) \).
1776	0.500000	logic_puzzle	1	In a magical land, there are two types of creatures: dragons and unicorns. Each dragon has 3 heads and each unicorn has 1 head. A peculiar dragon can breathe fire only if it has more than 1 head, and a unicorn can fly only if it has exactl...
1777	0.777778	geometry	\frac{1}{2}	Two identical rectangular bars are placed next to each other in a configuration that forms a cross. If the cross is submerged into water, causing exactly half of the cross's total volume to be underwater, what fraction of the combined area...
1778	0.333333	other	666	Найдите количество натуральных чисел \( n \), таких что \( 1 \leq n \leq 1000 \), и \( n^2 + 2n + 3 \) делится на 3.
1779	0.444444	geometry	100	A rectangle is inscribed in a semicircle of radius 10 units. One side of the rectangle lies on the diameter of the semicircle, and the vertices of the rectangle touch the arc of the semicircle. If the length of the rectangle is twice its w...
1780	0.777778	algebra	10	In the land of Puzzlia, there are two types of magical creatures: Wizards and Dragons. Each Wizard can conjure up a number of fireballs equal to a fraction of a dragon's roar frequency, and each Dragon's roar can shake the ground equivalen...
1781	0.666667	algebra	3	Find the number of real solutions to the equation \( x^3 - 3x + 1 = 0 \).
1782	0.555556	number_theory	2	Given a sequence of numbers where each term after the first two is the sum of the previous two terms, and the first two terms are 1 and 1 (Fibonacci sequence), find the remainder when the 2023rd term is divided by 5.
1783	0.333333	geometry	5	In triangle ABC, angle BAC is 60 degrees, and the length of side BC is 10 units. If the altitude from A to BC meets BC at point D, and the altitude from B to AC meets AC at point E, what is the length of segment DE?
1784	0.777778	number_theory	9	A sequence of positive integers \(a_1, a_2, a_3, \ldots\) is defined as follows: \(a_1 = 1\), \(a_2 = 2\), and for \(n \geq 3\), \(a_n = a_{n-1} + a_{n-2} + d_n\), where \(d_n\) is the number of divisors of \(a_{n-1}\). What is the smalles...
1785	0.555556	number_theory	1729	What is the smallest positive integer that can be expressed as the sum of two cubes in two different ways?
1786	0.666667	algebra	0	Find all real solutions to the equation \(\sqrt{x^2 + 1} + \sqrt{x + 1} = 2\sqrt{x^2 + x + 1}\).
1787	0.777778	logic_puzzle	0	In the mystical land of Numeralia, there is a peculiar tree called the Quadra-Tree. Each node of the Quadra-Tree can either be a leaf or a parent node with exactly four children. A wizard casts a spell on the tree that affects the growth o...
1788	0.666667	number_theory	2634	Find the sum of all positive integers \( n \) such that the expression \(\frac{n^2 + 13n + 2023}{n + 5}\) is an integer.
1789	0.666667	geometry	0	In the complex plane, let \( z_1 \) and \( z_2 \) be roots of the quadratic equation \( z^2 - 4z + 13 = 0 \). If \( z_1 \) is reflected across the real axis to form \( z_3 \), find the area of the triangle formed by \( z_1, z_2, \) and \( ...
1790	0.777778	algebra	9	Let \( a, b, \) and \( c \) be positive real numbers such that \( a + b + c = 1 \). Find the minimum value of \[ \frac{1}{a} + \frac{1}{b} + \frac{1}{c}. \]
1791	0.666667	geometry	20/3	Two circles intersect at points A and B. A line through A intersects the first circle at point C and the second circle at point D. Another line through B intersects the first circle at point E and the second circle at point F. If the ratio...
1792	0.555556	geometry	5	In a right triangle $ABC$ with $\angle C = 90^\circ$, let $AB = c$, $BC = a$, and $CA = b$. If $a$ and $b$ are integers and $c = a + 2$, find the smallest possible value of $c$ such that the area of the triangle is also an integer.
1793	0.333333	number_theory	70	There are three distinct positive integers \(a\), \(b\), and \(c\) such that their product is equal to 2024. Given that the sum of the three integers is a multiple of 10, find the smallest possible value of \(a + b + c\).
1794	0.444444	geometry	5	In the coordinate plane, consider the set of points \((x, y)\) such that \(x\) and \(y\) are both non-negative integers and satisfy the equation \(x^2 + y^2 = 100\). How many distinct lines can be drawn through at least two of these points?
1795	0.555556	algebra	\frac{a}{b^2 + c^2} + \frac{b}{c^2 + a^2} + \frac{c}{a^2 + b^2} \geq \frac{3}{2}	Let \( a, b, \) and \( c \) be positive real numbers such that \( a + b + c = 3 \). Prove that: \[ \frac{a}{b^2 + c^2} + \frac{b}{c^2 + a^2} + \frac{c}{a^2 + b^2} \geq \frac{3}{2} \]
1796	0.500000	algebra	\frac{\sqrt[4]{15}}{2}	The planet Zog has a peculiar orbit that can be modeled by the equation \(x^4 + y^4 = 1\), where \(x\) and \(y\) represent the planet's position along its axes in astronomical units. At the point where \(x = \frac{1}{2}\), the planet passe...
1797	0.555556	algebra	\frac{a}{\sqrt{a + b}} + \frac{b}{\sqrt{b + c}} + \frac{c}{\sqrt{c + a}} \geq \sqrt{\frac{3}{2}}	Let \(a, b,\) and \(c\) be positive real numbers such that \(a + b + c = 1\). Prove that: \[ \frac{a}{\sqrt{a + b}} + \frac{b}{\sqrt{b + c}} + \frac{c}{\sqrt{c + a}} \geq \sqrt{\frac{3}{2}} \]
1798	0.555556	geometry	6	In a tetrahedron \(ABCD\), the lengths of edges \(AB\), \(AC\), and \(AD\) are all equal to 6. The dihedral angles between the faces \(ABC\), \(ABD\), and \(ACD\) are all equal to \(60^\circ\). If the volume of the tetrahedron is \(9\sqrt{...
1799	0.444444	number_theory	3	What is the smallest positive integer \( n \) such that \( n \) divides \( 2020^n - 1 \)?
1800	0.750000	geometry	\sqrt{34}	In a right-angled triangle \( \triangle ABC \) with \( \angle BAC = 90^\circ \), the lengths of sides \( AB \) and \( AC \) are \( 5 \) and \( 12 \) respectively. Point \( D \) is on \( AC \) such that \( AD = 3 \). Find the length of \( B...
1801	0.777778	number_theory	1	What is the smallest positive integer \( n \) such that \( \frac{2^n + 3^n + 5^n}{4^n + 6^n} \) is an integer?
1802	0.428571	combinatorics	33075	Find the number of ways to choose a committee of 5 people from a group of 10 men and 15 women, such that the committee has at least 2 men and at least 2 women.
1803	0.333333	geometry	9	Let \( f(n) \) be a function defined for all positive integers \( n \) such that \( f(1) = 1 \) and for all \( n \geq 2 \), \( f(n) = f(n-1) + \left\lfloor \sqrt{n} \right\rfloor \). Find the smallest positive integer \( m \) such that \( ...
1804	0.666667	geometry	16	Find the smallest positive integer \( n \) such that the sum of the squares of its digits is a prime number, and the number itself is a perfect square.
1805	0.666667	number_theory	0	Given a sequence of real numbers \((a_n)\) defined by \(a_1 = 1\) and for all integers \(n \geq 1\), \[a_{n+1} = \frac{1}{2}a_n + \frac{1}{2^n},\] find the value of \(\lim_{n \to \infty} a_n.\)
1806	0.777778	algebra	1000	In a mystical forest, there are 1000 ancient trees, each of which has a unique number of leaves, ranging from 1 to 1000 leaves. A wizard decides to cast a spell on the forest, where he selects a certain number of trees such that the sum of...
1807	0.555556	other	15	In a magical land, there are three types of magical trees: Sun Trees, Moon Trees, and Star Trees. Each type of tree has a different number of leaves. A Sun Tree has 4 times as many leaves as a Moon Tree, and a Star Tree has 3 times as many...
1808	0.444444	algebra	6	Given the function \( f(x) = x^3 - 3x + 2 \), find the number of distinct real roots of the equation \( f(f(x)) = 0 \).
1809	0.333333	geometry	2	A sequence of numbers \(a_1, a_2, a_3, \ldots, a_n\) is defined such that \(a_1 = 1\) and for \(n \geq 2\), \(a_n = a_{n-1} + 2^{n-1}\). Find the smallest integer \(k\) such that the sum \(a_1 + a_2 + \cdots + a_k\) is a perfect square.
1810	0.375000	other	70	In a certain high school, the number of students taking both algebra and geometry is 40. The number of students taking algebra but not geometry is 60, and the number of students taking geometry but not algebra is 30. If the school has a to...
1811	0.375000	geometry	\frac{\pi}{16}	A circle with radius 1 is inscribed in a square. A point P is randomly chosen inside the square. What is the probability that the distance from P to the center of the circle is less than 1/2?
1812	0.444444	number_theory	1	Find the smallest positive integer \( n \) such that \( n^2 + 14n + 49 \) is a perfect cube.
1813	0.375000	geometry	\dfrac{70}{9}	Let \( ABC \) be a triangle with \( AB = 13, BC = 14, \) and \( CA = 15. \) Let \( D \) be the foot of the altitude from \( A \) to \( BC, \) and let \( E \) be a point on \( AD \) such that \( BE \) is the angle bisector of \( \angle ABC....
1814	0.333333	geometry	5	There exists a square grid with side length \(n\) such that each cell contains a unique positive integer from \(1\) to \(n^2\). If the sum of the integers in each row, each column, and both diagonals are all equal, then the grid is called ...
1815	0.666667	geometry	4	In triangle ABC, angle B is twice the measure of angle A, and angle C is 30 degrees more than angle A. If the area of triangle ABC is 12 square units and the altitude from vertex B to side AC is 6 units, find the length of side AC. Note: L...
