tensor,layer,module,delta_id,family,round,parameter_count,l2_norm
model.layers.20.self_attn.o_proj.weight,layer_20,attention_o,questioner_full_r1,questioner_full,1,10485760,0.010347503208538387
model.layers.20.self_attn.o_proj.weight,layer_20,attention_o,questioner_full_r2,questioner_full,2,10485760,0.05305829460474414
model.layers.20.self_attn.o_proj.weight,layer_20,attention_o,questioner_full_r3,questioner_full,3,10485760,0.053439161891733776
model.layers.20.self_attn.o_proj.weight,layer_20,attention_o,questioner_full_r4,questioner_full,4,10485760,0.05407683736225151
model.layers.20.self_attn.o_proj.weight,layer_20,attention_o,questioner_full_r5,questioner_full,5,10485760,0.05454725177663825
model.layers.20.self_attn.o_proj.weight,layer_20,attention_o,solver_rank1_r1,solver_rank1,1,10485760,0.013337541157368266
model.layers.20.self_attn.o_proj.weight,layer_20,attention_o,solver_rank1_r2,solver_rank1,2,10485760,0.01419631044284465
model.layers.20.self_attn.o_proj.weight,layer_20,attention_o,solver_rank1_r3,solver_rank1,3,10485760,0.013572019579893296
model.layers.20.self_attn.o_proj.weight,layer_20,attention_o,solver_rank1_r4,solver_rank1,4,10485760,0.013208611069893244
model.layers.20.self_attn.o_proj.weight,layer_20,attention_o,solver_rank1_r5,solver_rank1,5,10485760,0.013075850792571623
model.layers.20.self_attn.o_proj.weight,layer_20,attention_o,solver_full_r1,solver_full,1,10485760,0.01461476915330539
model.layers.20.self_attn.o_proj.weight,layer_20,attention_o,solver_full_r2,solver_full,2,10485760,0.015908979679238718
model.layers.20.self_attn.o_proj.weight,layer_20,attention_o,solver_full_r3,solver_full,3,10485760,0.015425957260153448
model.layers.20.self_attn.o_proj.weight,layer_20,attention_o,solver_full_r4,solver_full,4,10485760,0.015070701197617001
model.layers.20.self_attn.o_proj.weight,layer_20,attention_o,solver_full_r5,solver_full,5,10485760,0.014888046719226252
model.layers.11.self_attn.q_norm.weight,layer_11,normalization,questioner_full_r1,questioner_full,1,128,0.0
model.layers.11.self_attn.q_norm.weight,layer_11,normalization,questioner_full_r2,questioner_full,2,128,0.0
model.layers.11.self_attn.q_norm.weight,layer_11,normalization,questioner_full_r3,questioner_full,3,128,0.0
model.layers.11.self_attn.q_norm.weight,layer_11,normalization,questioner_full_r4,questioner_full,4,128,0.0
model.layers.11.self_attn.q_norm.weight,layer_11,normalization,questioner_full_r5,questioner_full,5,128,0.0
model.layers.11.self_attn.q_norm.weight,layer_11,normalization,solver_rank1_r1,solver_rank1,1,128,0.0
model.layers.11.self_attn.q_norm.weight,layer_11,normalization,solver_rank1_r2,solver_rank1,2,128,0.0
model.layers.11.self_attn.q_norm.weight,layer_11,normalization,solver_rank1_r3,solver_rank1,3,128,0.0
model.layers.11.self_attn.q_norm.weight,layer_11,normalization,solver_rank1_r4,solver_rank1,4,128,0.0
model.layers.11.self_attn.q_norm.weight,layer_11,normalization,solver_rank1_r5,solver_rank1,5,128,0.0
model.layers.11.self_attn.q_norm.weight,layer_11,normalization,solver_full_r1,solver_full,1,128,0.0
model.layers.11.self_attn.q_norm.weight,layer_11,normalization,solver_full_r2,solver_full,2,128,0.0
model.layers.11.self_attn.q_norm.weight,layer_11,normalization,solver_full_r3,solver_full,3,128,0.0
model.layers.11.self_attn.q_norm.weight,layer_11,normalization,solver_full_r4,solver_full,4,128,0.0
model.layers.11.self_attn.q_norm.weight,layer_11,normalization,solver_full_r5,solver_full,5,128,0.0
model.layers.13.self_attn.q_norm.weight,layer_13,normalization,questioner_full_r1,questioner_full,1,128,0.0
model.layers.13.self_attn.q_norm.weight,layer_13,normalization,questioner_full_r2,questioner_full,2,128,0.0
model.layers.13.self_attn.q_norm.weight,layer_13,normalization,questioner_full_r3,questioner_full,3,128,0.0
model.layers.13.self_attn.q_norm.weight,layer_13,normalization,questioner_full_r4,questioner_full,4,128,3.0517578125e-05
model.layers.13.self_attn.q_norm.weight,layer_13,normalization,questioner_full_r5,questioner_full,5,128,3.0517578125e-05
model.layers.13.self_attn.q_norm.weight,layer_13,normalization,solver_rank1_r1,solver_rank1,1,128,0.0
model.layers.13.self_attn.q_norm.weight,layer_13,normalization,solver_rank1_r2,solver_rank1,2,128,0.0
model.layers.13.self_attn.q_norm.weight,layer_13,normalization,solver_rank1_r3,solver_rank1,3,128,0.0
model.layers.13.self_attn.q_norm.weight,layer_13,normalization,solver_rank1_r4,solver_rank1,4,128,0.0
model.layers.13.self_attn.q_norm.weight,layer_13,normalization,solver_rank1_r5,solver_rank1,5,128,0.0
model.layers.13.self_attn.q_norm.weight,layer_13,normalization,solver_full_r1,solver_full,1,128,0.0
model.layers.13.self_attn.q_norm.weight,layer_13,normalization,solver_full_r2,solver_full,2,128,0.0
model.layers.13.self_attn.q_norm.weight,layer_13,normalization,solver_full_r3,solver_full,3,128,0.0
model.layers.13.self_attn.q_norm.weight,layer_13,normalization,solver_full_r4,solver_full,4,128,0.0
model.layers.13.self_attn.q_norm.weight,layer_13,normalization,solver_full_r5,solver_full,5,128,0.0
model.layers.14.input_layernorm.weight,layer_14,normalization,questioner_full_r1,questioner_full,1,2560,0.0
model.layers.14.input_layernorm.weight,layer_14,normalization,questioner_full_r2,questioner_full,2,2560,0.0
model.layers.14.input_layernorm.weight,layer_14,normalization,questioner_full_r3,questioner_full,3,2560,0.0
model.layers.14.input_layernorm.weight,layer_14,normalization,questioner_full_r4,questioner_full,4,2560,0.0
model.layers.14.input_layernorm.weight,layer_14,normalization,questioner_full_r5,questioner_full,5,2560,0.0
model.layers.14.input_layernorm.weight,layer_14,normalization,solver_rank1_r1,solver_rank1,1,2560,0.0
model.layers.14.input_layernorm.weight,layer_14,normalization,solver_rank1_r2,solver_rank1,2,2560,0.0
model.layers.14.input_layernorm.weight,layer_14,normalization,solver_rank1_r3,solver_rank1,3,2560,0.0
model.layers.14.input_layernorm.weight,layer_14,normalization,solver_rank1_r4,solver_rank1,4,2560,0.0
model.layers.14.input_layernorm.weight,layer_14,normalization,solver_rank1_r5,solver_rank1,5,2560,0.0
model.layers.14.input_layernorm.weight,layer_14,normalization,solver_full_r1,solver_full,1,2560,0.0
model.layers.14.input_layernorm.weight,layer_14,normalization,solver_full_r2,solver_full,2,2560,0.0
model.layers.14.input_layernorm.weight,layer_14,normalization,solver_full_r3,solver_full,3,2560,0.0
model.layers.14.input_layernorm.weight,layer_14,normalization,solver_full_r4,solver_full,4,2560,0.0
model.layers.14.input_layernorm.weight,layer_14,normalization,solver_full_r5,solver_full,5,2560,0.0
model.layers.16.mlp.up_proj.weight,layer_16,mlp_up,questioner_full_r1,questioner_full,1,24903680,0.01474166542459725
model.layers.16.mlp.up_proj.weight,layer_16,mlp_up,questioner_full_r2,questioner_full,2,24903680,0.07885430816284188
model.layers.16.mlp.up_proj.weight,layer_16,mlp_up,questioner_full_r3,questioner_full,3,24903680,0.08130346748930041
model.layers.16.mlp.up_proj.weight,layer_16,mlp_up,questioner_full_r4,questioner_full,4,24903680,0.07854272859591147
model.layers.16.mlp.up_proj.weight,layer_16,mlp_up,questioner_full_r5,questioner_full,5,24903680,0.08092325961631512
model.layers.16.mlp.up_proj.weight,layer_16,mlp_up,solver_rank1_r1,solver_rank1,1,24903680,0.020662227980133074
model.layers.16.mlp.up_proj.weight,layer_16,mlp_up,solver_rank1_r2,solver_rank1,2,24903680,0.021818789739759724
model.layers.16.mlp.up_proj.weight,layer_16,mlp_up,solver_rank1_r3,solver_rank1,3,24903680,0.021695238411061253
model.layers.16.mlp.up_proj.weight,layer_16,mlp_up,solver_rank1_r4,solver_rank1,4,24903680,0.01953988743411936
model.layers.16.mlp.up_proj.weight,layer_16,mlp_up,solver_rank1_r5,solver_rank1,5,24903680,0.01935943899425693
model.layers.16.mlp.up_proj.weight,layer_16,mlp_up,solver_full_r1,solver_full,1,24903680,0.02254709674023666
model.layers.16.mlp.up_proj.weight,layer_16,mlp_up,solver_full_r2,solver_full,2,24903680,0.024460657404115408
model.layers.16.mlp.up_proj.weight,layer_16,mlp_up,solver_full_r3,solver_full,3,24903680,0.023421277731546973
model.layers.16.mlp.up_proj.weight,layer_16,mlp_up,solver_full_r4,solver_full,4,24903680,0.022374619360028346
model.layers.16.mlp.up_proj.weight,layer_16,mlp_up,solver_full_r5,solver_full,5,24903680,0.02220006320091965
model.layers.7.self_attn.v_proj.weight,layer_07,attention_v,questioner_full_r1,questioner_full,1,2621440,0.004069836403537306
model.layers.7.self_attn.v_proj.weight,layer_07,attention_v,questioner_full_r2,questioner_full,2,2621440,0.02202462732434406
model.layers.7.self_attn.v_proj.weight,layer_07,attention_v,questioner_full_r3,questioner_full,3,2621440,0.0235504138156109
model.layers.7.self_attn.v_proj.weight,layer_07,attention_v,questioner_full_r4,questioner_full,4,2621440,0.02407301757481472
model.layers.7.self_attn.v_proj.weight,layer_07,attention_v,questioner_full_r5,questioner_full,5,2621440,0.025209327522076837
model.layers.7.self_attn.v_proj.weight,layer_07,attention_v,solver_rank1_r1,solver_rank1,1,2621440,0.006037261905736402
model.layers.7.self_attn.v_proj.weight,layer_07,attention_v,solver_rank1_r2,solver_rank1,2,2621440,0.00635887650757778
model.layers.7.self_attn.v_proj.weight,layer_07,attention_v,solver_rank1_r3,solver_rank1,3,2621440,0.006336412822800236
model.layers.7.self_attn.v_proj.weight,layer_07,attention_v,solver_rank1_r4,solver_rank1,4,2621440,0.0055157141875383
model.layers.7.self_attn.v_proj.weight,layer_07,attention_v,solver_rank1_r5,solver_rank1,5,2621440,0.006499886642842595
model.layers.7.self_attn.v_proj.weight,layer_07,attention_v,solver_full_r1,solver_full,1,2621440,0.0065669341725136405
model.layers.7.self_attn.v_proj.weight,layer_07,attention_v,solver_full_r2,solver_full,2,2621440,0.007025511368216559
model.layers.7.self_attn.v_proj.weight,layer_07,attention_v,solver_full_r3,solver_full,3,2621440,0.007030542040199571
model.layers.7.self_attn.v_proj.weight,layer_07,attention_v,solver_full_r4,solver_full,4,2621440,0.006195620264992996
model.layers.7.self_attn.v_proj.weight,layer_07,attention_v,solver_full_r5,solver_full,5,2621440,0.006932918694536181
model.layers.33.mlp.down_proj.weight,layer_33,mlp_down,questioner_full_r1,questioner_full,1,24903680,0.01064976102779209
model.layers.33.mlp.down_proj.weight,layer_33,mlp_down,questioner_full_r2,questioner_full,2,24903680,0.08226470239346426
model.layers.33.mlp.down_proj.weight,layer_33,mlp_down,questioner_full_r3,questioner_full,3,24903680,0.07980781170904255
model.layers.33.mlp.down_proj.weight,layer_33,mlp_down,questioner_full_r4,questioner_full,4,24903680,0.08089539991378991
model.layers.33.mlp.down_proj.weight,layer_33,mlp_down,questioner_full_r5,questioner_full,5,24903680,0.08067045131288576
model.layers.33.mlp.down_proj.weight,layer_33,mlp_down,solver_rank1_r1,solver_rank1,1,24903680,0.015130294986457975
model.layers.33.mlp.down_proj.weight,layer_33,mlp_down,solver_rank1_r2,solver_rank1,2,24903680,0.016338976545953787
model.layers.33.mlp.down_proj.weight,layer_33,mlp_down,solver_rank1_r3,solver_rank1,3,24903680,0.015718045613344202
model.layers.33.mlp.down_proj.weight,layer_33,mlp_down,solver_rank1_r4,solver_rank1,4,24903680,0.01586060564729018
model.layers.33.mlp.down_proj.weight,layer_33,mlp_down,solver_rank1_r5,solver_rank1,5,24903680,0.014721919893324482
model.layers.33.mlp.down_proj.weight,layer_33,mlp_down,solver_full_r1,solver_full,1,24903680,0.016573435097797115
model.layers.33.mlp.down_proj.weight,layer_33,mlp_down,solver_full_r2,solver_full,2,24903680,0.018176946928767677
model.layers.33.mlp.down_proj.weight,layer_33,mlp_down,solver_full_r3,solver_full,3,24903680,0.017777707966342243
model.layers.33.mlp.down_proj.weight,layer_33,mlp_down,solver_full_r4,solver_full,4,24903680,0.017726576136802848
model.layers.33.mlp.down_proj.weight,layer_33,mlp_down,solver_full_r5,solver_full,5,24903680,0.016552144417240195
model.layers.33.self_attn.o_proj.weight,layer_33,attention_o,questioner_full_r1,questioner_full,1,10485760,0.007958885550776755
model.layers.33.self_attn.o_proj.weight,layer_33,attention_o,questioner_full_r2,questioner_full,2,10485760,0.053804160220387906
model.layers.33.self_attn.o_proj.weight,layer_33,attention_o,questioner_full_r3,questioner_full,3,10485760,0.051551724496337034
model.layers.33.self_attn.o_proj.weight,layer_33,attention_o,questioner_full_r4,questioner_full,4,10485760,0.054500355015497465
model.layers.33.self_attn.o_proj.weight,layer_33,attention_o,questioner_full_r5,questioner_full,5,10485760,0.05393703283534148
model.layers.33.self_attn.o_proj.weight,layer_33,attention_o,solver_rank1_r1,solver_rank1,1,10485760,0.00976253192549811
model.layers.33.self_attn.o_proj.weight,layer_33,attention_o,solver_rank1_r2,solver_rank1,2,10485760,0.011871395369129479
model.layers.33.self_attn.o_proj.weight,layer_33,attention_o,solver_rank1_r3,solver_rank1,3,10485760,0.010515926449495514
model.layers.33.self_attn.o_proj.weight,layer_33,attention_o,solver_rank1_r4,solver_rank1,4,10485760,0.010963233832663096
model.layers.33.self_attn.o_proj.weight,layer_33,attention_o,solver_rank1_r5,solver_rank1,5,10485760,0.010465986522006601
model.layers.33.self_attn.o_proj.weight,layer_33,attention_o,solver_full_r1,solver_full,1,10485760,0.010858393041174266
model.layers.33.self_attn.o_proj.weight,layer_33,attention_o,solver_full_r2,solver_full,2,10485760,0.013009828094280506
model.layers.33.self_attn.o_proj.weight,layer_33,attention_o,solver_full_r3,solver_full,3,10485760,0.011690577854979617
model.layers.33.self_attn.o_proj.weight,layer_33,attention_o,solver_full_r4,solver_full,4,10485760,0.012055111044940817
model.layers.33.self_attn.o_proj.weight,layer_33,attention_o,solver_full_r5,solver_full,5,10485760,0.011650637120667091
model.layers.2.mlp.up_proj.weight,layer_02,mlp_up,questioner_full_r1,questioner_full,1,24903680,0.014371396542908553
model.layers.2.mlp.up_proj.weight,layer_02,mlp_up,questioner_full_r2,questioner_full,2,24903680,0.06308079445674743
model.layers.2.mlp.up_proj.weight,layer_02,mlp_up,questioner_full_r3,questioner_full,3,24903680,0.059614608359132244
model.layers.2.mlp.up_proj.weight,layer_02,mlp_up,questioner_full_r4,questioner_full,4,24903680,0.06391307043882602
model.layers.2.mlp.up_proj.weight,layer_02,mlp_up,questioner_full_r5,questioner_full,5,24903680,0.0643187061796227
model.layers.2.mlp.up_proj.weight,layer_02,mlp_up,solver_rank1_r1,solver_rank1,1,24903680,0.012790055303086306
model.layers.2.mlp.up_proj.weight,layer_02,mlp_up,solver_rank1_r2,solver_rank1,2,24903680,0.013136582189821657
model.layers.2.mlp.up_proj.weight,layer_02,mlp_up,solver_rank1_r3,solver_rank1,3,24903680,0.01196170901289909
model.layers.2.mlp.up_proj.weight,layer_02,mlp_up,solver_rank1_r4,solver_rank1,4,24903680,0.013299009593920656
model.layers.2.mlp.up_proj.weight,layer_02,mlp_up,solver_rank1_r5,solver_rank1,5,24903680,0.01625580100319216
model.layers.2.mlp.up_proj.weight,layer_02,mlp_up,solver_full_r1,solver_full,1,24903680,0.013639878809856917
model.layers.2.mlp.up_proj.weight,layer_02,mlp_up,solver_full_r2,solver_full,2,24903680,0.014466120859610528
model.layers.2.mlp.up_proj.weight,layer_02,mlp_up,solver_full_r3,solver_full,3,24903680,0.013235222091812195
model.layers.2.mlp.up_proj.weight,layer_02,mlp_up,solver_full_r4,solver_full,4,24903680,0.014239892570243117
model.layers.2.mlp.up_proj.weight,layer_02,mlp_up,solver_full_r5,solver_full,5,24903680,0.017404405593219804
model.layers.22.mlp.gate_proj.weight,layer_22,mlp_gate,questioner_full_r1,questioner_full,1,24903680,0.011754752189526011
model.layers.22.mlp.gate_proj.weight,layer_22,mlp_gate,questioner_full_r2,questioner_full,2,24903680,0.08690982209534064
model.layers.22.mlp.gate_proj.weight,layer_22,mlp_gate,questioner_full_r3,questioner_full,3,24903680,0.08421022883530528
model.layers.22.mlp.gate_proj.weight,layer_22,mlp_gate,questioner_full_r4,questioner_full,4,24903680,0.08148090472625487
model.layers.22.mlp.gate_proj.weight,layer_22,mlp_gate,questioner_full_r5,questioner_full,5,24903680,0.08385746086768735
model.layers.22.mlp.gate_proj.weight,layer_22,mlp_gate,solver_rank1_r1,solver_rank1,1,24903680,0.0171342284541029
model.layers.22.mlp.gate_proj.weight,layer_22,mlp_gate,solver_rank1_r2,solver_rank1,2,24903680,0.018061813062791834
model.layers.22.mlp.gate_proj.weight,layer_22,mlp_gate,solver_rank1_r3,solver_rank1,3,24903680,0.017687111419247004
model.layers.22.mlp.gate_proj.weight,layer_22,mlp_gate,solver_rank1_r4,solver_rank1,4,24903680,0.017728240459151407
model.layers.22.mlp.gate_proj.weight,layer_22,mlp_gate,solver_rank1_r5,solver_rank1,5,24903680,0.01721869650622549
model.layers.22.mlp.gate_proj.weight,layer_22,mlp_gate,solver_full_r1,solver_full,1,24903680,0.018957160034688936
model.layers.22.mlp.gate_proj.weight,layer_22,mlp_gate,solver_full_r2,solver_full,2,24903680,0.020362763915607672
model.layers.22.mlp.gate_proj.weight,layer_22,mlp_gate,solver_full_r3,solver_full,3,24903680,0.02026889859110575
model.layers.22.mlp.gate_proj.weight,layer_22,mlp_gate,solver_full_r4,solver_full,4,24903680,0.02029656706861087
model.layers.22.mlp.gate_proj.weight,layer_22,mlp_gate,solver_full_r5,solver_full,5,24903680,0.01973310139758636
model.layers.2.mlp.down_proj.weight,layer_02,mlp_down,questioner_full_r1,questioner_full,1,24903680,0.01782507714582597
model.layers.2.mlp.down_proj.weight,layer_02,mlp_down,questioner_full_r2,questioner_full,2,24903680,0.06922616710828561
model.layers.2.mlp.down_proj.weight,layer_02,mlp_down,questioner_full_r3,questioner_full,3,24903680,0.06816442009063846
model.layers.2.mlp.down_proj.weight,layer_02,mlp_down,questioner_full_r4,questioner_full,4,24903680,0.07672123119008771
model.layers.2.mlp.down_proj.weight,layer_02,mlp_down,questioner_full_r5,questioner_full,5,24903680,0.07547809226063493
model.layers.2.mlp.down_proj.weight,layer_02,mlp_down,solver_rank1_r1,solver_rank1,1,24903680,0.018536232099484837
model.layers.2.mlp.down_proj.weight,layer_02,mlp_down,solver_rank1_r2,solver_rank1,2,24903680,0.018062148902573898
model.layers.2.mlp.down_proj.weight,layer_02,mlp_down,solver_rank1_r3,solver_rank1,3,24903680,0.016686172120614486
model.layers.2.mlp.down_proj.weight,layer_02,mlp_down,solver_rank1_r4,solver_rank1,4,24903680,0.016625917466900557
model.layers.2.mlp.down_proj.weight,layer_02,mlp_down,solver_rank1_r5,solver_rank1,5,24903680,0.017979582717178342
model.layers.2.mlp.down_proj.weight,layer_02,mlp_down,solver_full_r1,solver_full,1,24903680,0.019792998648919147
model.layers.2.mlp.down_proj.weight,layer_02,mlp_down,solver_full_r2,solver_full,2,24903680,0.019858685278164836
model.layers.2.mlp.down_proj.weight,layer_02,mlp_down,solver_full_r3,solver_full,3,24903680,0.018262895803198263
model.layers.2.mlp.down_proj.weight,layer_02,mlp_down,solver_full_r4,solver_full,4,24903680,0.01817907794887007
model.layers.2.mlp.down_proj.weight,layer_02,mlp_down,solver_full_r5,solver_full,5,24903680,0.019719392703673847
model.layers.5.mlp.gate_proj.weight,layer_05,mlp_gate,questioner_full_r1,questioner_full,1,24903680,0.010319135715320447
model.layers.5.mlp.gate_proj.weight,layer_05,mlp_gate,questioner_full_r2,questioner_full,2,24903680,0.07005890309343539
model.layers.5.mlp.gate_proj.weight,layer_05,mlp_gate,questioner_full_r3,questioner_full,3,24903680,0.07068820061580058
model.layers.5.mlp.gate_proj.weight,layer_05,mlp_gate,questioner_full_r4,questioner_full,4,24903680,0.0769507117644896
model.layers.5.mlp.gate_proj.weight,layer_05,mlp_gate,questioner_full_r5,questioner_full,5,24903680,0.07824902757065394
model.layers.5.mlp.gate_proj.weight,layer_05,mlp_gate,solver_rank1_r1,solver_rank1,1,24903680,0.014681393957062513
model.layers.5.mlp.gate_proj.weight,layer_05,mlp_gate,solver_rank1_r2,solver_rank1,2,24903680,0.015904858315629346
model.layers.5.mlp.gate_proj.weight,layer_05,mlp_gate,solver_rank1_r3,solver_rank1,3,24903680,0.0155228710863557
model.layers.5.mlp.gate_proj.weight,layer_05,mlp_gate,solver_rank1_r4,solver_rank1,4,24903680,0.014381937550375114
model.layers.5.mlp.gate_proj.weight,layer_05,mlp_gate,solver_rank1_r5,solver_rank1,5,24903680,0.016386516136180064
model.layers.5.mlp.gate_proj.weight,layer_05,mlp_gate,solver_full_r1,solver_full,1,24903680,0.015763002308089344
model.layers.5.mlp.gate_proj.weight,layer_05,mlp_gate,solver_full_r2,solver_full,2,24903680,0.017425646753914035
model.layers.5.mlp.gate_proj.weight,layer_05,mlp_gate,solver_full_r3,solver_full,3,24903680,0.01718292692162538
model.layers.5.mlp.gate_proj.weight,layer_05,mlp_gate,solver_full_r4,solver_full,4,24903680,0.015947835643928748
model.layers.5.mlp.gate_proj.weight,layer_05,mlp_gate,solver_full_r5,solver_full,5,24903680,0.01744123475362416
model.layers.23.mlp.down_proj.weight,layer_23,mlp_down,questioner_full_r1,questioner_full,1,24903680,0.01221684353474512
model.layers.23.mlp.down_proj.weight,layer_23,mlp_down,questioner_full_r2,questioner_full,2,24903680,0.08414172358235536
model.layers.23.mlp.down_proj.weight,layer_23,mlp_down,questioner_full_r3,questioner_full,3,24903680,0.08292274737978109
model.layers.23.mlp.down_proj.weight,layer_23,mlp_down,questioner_full_r4,questioner_full,4,24903680,0.07933888776330199
model.layers.23.mlp.down_proj.weight,layer_23,mlp_down,questioner_full_r5,questioner_full,5,24903680,0.08173354711546987
model.layers.23.mlp.down_proj.weight,layer_23,mlp_down,solver_rank1_r1,solver_rank1,1,24903680,0.017198430105832406
model.layers.23.mlp.down_proj.weight,layer_23,mlp_down,solver_rank1_r2,solver_rank1,2,24903680,0.018107664541317885
model.layers.23.mlp.down_proj.weight,layer_23,mlp_down,solver_rank1_r3,solver_rank1,3,24903680,0.017749617054375756
model.layers.23.mlp.down_proj.weight,layer_23,mlp_down,solver_rank1_r4,solver_rank1,4,24903680,0.01790351842301294
model.layers.23.mlp.down_proj.weight,layer_23,mlp_down,solver_rank1_r5,solver_rank1,5,24903680,0.017437404834310746
model.layers.23.mlp.down_proj.weight,layer_23,mlp_down,solver_full_r1,solver_full,1,24903680,0.018991532171319596
model.layers.23.mlp.down_proj.weight,layer_23,mlp_down,solver_full_r2,solver_full,2,24903680,0.020373036884432528
model.layers.23.mlp.down_proj.weight,layer_23,mlp_down,solver_full_r3,solver_full,3,24903680,0.020305555150609722
model.layers.23.mlp.down_proj.weight,layer_23,mlp_down,solver_full_r4,solver_full,4,24903680,0.02046943825143879
model.layers.23.mlp.down_proj.weight,layer_23,mlp_down,solver_full_r5,solver_full,5,24903680,0.01990994517113025
model.layers.12.self_attn.k_norm.weight,layer_12,normalization,questioner_full_r1,questioner_full,1,128,1.1444091796875e-05
model.layers.12.self_attn.k_norm.weight,layer_12,normalization,questioner_full_r2,questioner_full,2,128,3.964349687733942e-05
model.layers.12.self_attn.k_norm.weight,layer_12,normalization,questioner_full_r3,questioner_full,3,128,4.718519926778023e-05
model.layers.12.self_attn.k_norm.weight,layer_12,normalization,questioner_full_r4,questioner_full,4,128,4.1262259774749636e-05
model.layers.12.self_attn.k_norm.weight,layer_12,normalization,questioner_full_r5,questioner_full,5,128,3.325575976212062e-05
model.layers.12.self_attn.k_norm.weight,layer_12,normalization,solver_rank1_r1,solver_rank1,1,128,8.529922399520072e-06
model.layers.12.self_attn.k_norm.weight,layer_12,normalization,solver_rank1_r2,solver_rank1,2,128,1.7059844799040144e-05
model.layers.12.self_attn.k_norm.weight,layer_12,normalization,solver_rank1_r3,solver_rank1,3,128,1.0789593218788873e-05
model.layers.12.self_attn.k_norm.weight,layer_12,normalization,solver_rank1_r4,solver_rank1,4,128,1.0789593218788873e-05
model.layers.12.self_attn.k_norm.weight,layer_12,normalization,solver_rank1_r5,solver_rank1,5,128,1.3214498959113138e-05
model.layers.12.self_attn.k_norm.weight,layer_12,normalization,solver_full_r1,solver_full,1,128,7.62939453125e-06
model.layers.12.self_attn.k_norm.weight,layer_12,normalization,solver_full_r2,solver_full,2,128,2.0542773464715972e-05
model.layers.12.self_attn.k_norm.weight,layer_12,normalization,solver_full_r3,solver_full,3,128,8.529922399520072e-06
model.layers.12.self_attn.k_norm.weight,layer_12,normalization,solver_full_r4,solver_full,4,128,1.0789593218788873e-05
model.layers.12.self_attn.k_norm.weight,layer_12,normalization,solver_full_r5,solver_full,5,128,1.3214498959113138e-05
model.layers.10.mlp.up_proj.weight,layer_10,mlp_up,questioner_full_r1,questioner_full,1,24903680,0.013406820293004714
model.layers.10.mlp.up_proj.weight,layer_10,mlp_up,questioner_full_r2,questioner_full,2,24903680,0.07674897864018582
model.layers.10.mlp.up_proj.weight,layer_10,mlp_up,questioner_full_r3,questioner_full,3,24903680,0.08151450256342785
model.layers.10.mlp.up_proj.weight,layer_10,mlp_up,questioner_full_r4,questioner_full,4,24903680,0.08065032796595406
model.layers.10.mlp.up_proj.weight,layer_10,mlp_up,questioner_full_r5,questioner_full,5,24903680,0.08307166798980038
model.layers.10.mlp.up_proj.weight,layer_10,mlp_up,solver_rank1_r1,solver_rank1,1,24903680,0.020887643622337273
model.layers.10.mlp.up_proj.weight,layer_10,mlp_up,solver_rank1_r2,solver_rank1,2,24903680,0.021459758360427912
model.layers.10.mlp.up_proj.weight,layer_10,mlp_up,solver_rank1_r3,solver_rank1,3,24903680,0.020851478135911452
model.layers.10.mlp.up_proj.weight,layer_10,mlp_up,solver_rank1_r4,solver_rank1,4,24903680,0.018408834986631296
model.layers.10.mlp.up_proj.weight,layer_10,mlp_up,solver_rank1_r5,solver_rank1,5,24903680,0.020837704114957938
model.layers.10.mlp.up_proj.weight,layer_10,mlp_up,solver_full_r1,solver_full,1,24903680,0.022474077735743087
model.layers.10.mlp.up_proj.weight,layer_10,mlp_up,solver_full_r2,solver_full,2,24903680,0.023653034163755356
model.layers.10.mlp.up_proj.weight,layer_10,mlp_up,solver_full_r3,solver_full,3,24903680,0.023320647240702146
model.layers.10.mlp.up_proj.weight,layer_10,mlp_up,solver_full_r4,solver_full,4,24903680,0.020697343503389712
model.layers.10.mlp.up_proj.weight,layer_10,mlp_up,solver_full_r5,solver_full,5,24903680,0.022244233112940937
model.layers.30.self_attn.o_proj.weight,layer_30,attention_o,questioner_full_r1,questioner_full,1,10485760,0.007924166823064255
model.layers.30.self_attn.o_proj.weight,layer_30,attention_o,questioner_full_r2,questioner_full,2,10485760,0.05380338169339547
model.layers.30.self_attn.o_proj.weight,layer_30,attention_o,questioner_full_r3,questioner_full,3,10485760,0.05330738216072788
model.layers.30.self_attn.o_proj.weight,layer_30,attention_o,questioner_full_r4,questioner_full,4,10485760,0.0535571776096105
model.layers.30.self_attn.o_proj.weight,layer_30,attention_o,questioner_full_r5,questioner_full,5,10485760,0.05411206562101264
model.layers.30.self_attn.o_proj.weight,layer_30,attention_o,solver_rank1_r1,solver_rank1,1,10485760,0.01100504856435862
model.layers.30.self_attn.o_proj.weight,layer_30,attention_o,solver_rank1_r2,solver_rank1,2,10485760,0.012120678505508712
model.layers.30.self_attn.o_proj.weight,layer_30,attention_o,solver_rank1_r3,solver_rank1,3,10485760,0.011213652894378607
model.layers.30.self_attn.o_proj.weight,layer_30,attention_o,solver_rank1_r4,solver_rank1,4,10485760,0.011470406715700526
model.layers.30.self_attn.o_proj.weight,layer_30,attention_o,solver_rank1_r5,solver_rank1,5,10485760,0.011007694033727117
model.layers.30.self_attn.o_proj.weight,layer_30,attention_o,solver_full_r1,solver_full,1,10485760,0.012078258128084994
model.layers.30.self_attn.o_proj.weight,layer_30,attention_o,solver_full_r2,solver_full,2,10485760,0.013447754501947996
model.layers.30.self_attn.o_proj.weight,layer_30,attention_o,solver_full_r3,solver_full,3,10485760,0.012696672086517244
model.layers.30.self_attn.o_proj.weight,layer_30,attention_o,solver_full_r4,solver_full,4,10485760,0.012866791545176587
model.layers.30.self_attn.o_proj.weight,layer_30,attention_o,solver_full_r5,solver_full,5,10485760,0.012497110625581415
model.layers.20.mlp.up_proj.weight,layer_20,mlp_up,questioner_full_r1,questioner_full,1,24903680,0.013745150674047383
model.layers.20.mlp.up_proj.weight,layer_20,mlp_up,questioner_full_r2,questioner_full,2,24903680,0.08324163074348614
model.layers.20.mlp.up_proj.weight,layer_20,mlp_up,questioner_full_r3,questioner_full,3,24903680,0.0829835084789295
model.layers.20.mlp.up_proj.weight,layer_20,mlp_up,questioner_full_r4,questioner_full,4,24903680,0.07999570833314437
model.layers.20.mlp.up_proj.weight,layer_20,mlp_up,questioner_full_r5,questioner_full,5,24903680,0.08171006495311892
model.layers.20.mlp.up_proj.weight,layer_20,mlp_up,solver_rank1_r1,solver_rank1,1,24903680,0.018797904423834017
model.layers.20.mlp.up_proj.weight,layer_20,mlp_up,solver_rank1_r2,solver_rank1,2,24903680,0.01991898793826301
model.layers.20.mlp.up_proj.weight,layer_20,mlp_up,solver_rank1_r3,solver_rank1,3,24903680,0.0192917167022861
model.layers.20.mlp.up_proj.weight,layer_20,mlp_up,solver_rank1_r4,solver_rank1,4,24903680,0.01862770541586209
model.layers.20.mlp.up_proj.weight,layer_20,mlp_up,solver_rank1_r5,solver_rank1,5,24903680,0.01855332134654007
model.layers.20.mlp.up_proj.weight,layer_20,mlp_up,solver_full_r1,solver_full,1,24903680,0.020673775015208343
model.layers.20.mlp.up_proj.weight,layer_20,mlp_up,solver_full_r2,solver_full,2,24903680,0.022380722915934435
model.layers.20.mlp.up_proj.weight,layer_20,mlp_up,solver_full_r3,solver_full,3,24903680,0.02201884113033262
model.layers.20.mlp.up_proj.weight,layer_20,mlp_up,solver_full_r4,solver_full,4,24903680,0.021316839013125786
model.layers.20.mlp.up_proj.weight,layer_20,mlp_up,solver_full_r5,solver_full,5,24903680,0.021179960581399235
model.layers.24.self_attn.k_norm.weight,layer_24,normalization,questioner_full_r1,questioner_full,1,128,8.529922399520072e-06
model.layers.24.self_attn.k_norm.weight,layer_24,normalization,questioner_full_r2,questioner_full,2,128,7.514082185208209e-05
model.layers.24.self_attn.k_norm.weight,layer_24,normalization,questioner_full_r3,questioner_full,3,128,3.5987782028414166e-05
model.layers.24.self_attn.k_norm.weight,layer_24,normalization,questioner_full_r4,questioner_full,4,128,3.0517578125e-05
model.layers.24.self_attn.k_norm.weight,layer_24,normalization,questioner_full_r5,questioner_full,5,128,3.8902431591741825e-05
model.layers.24.self_attn.k_norm.weight,layer_24,normalization,solver_rank1_r1,solver_rank1,1,128,3.814697265625e-06
model.layers.24.self_attn.k_norm.weight,layer_24,normalization,solver_rank1_r2,solver_rank1,2,128,7.62939453125e-06
model.layers.24.self_attn.k_norm.weight,layer_24,normalization,solver_rank1_r3,solver_rank1,3,128,2.191376741996013e-05
model.layers.24.self_attn.k_norm.weight,layer_24,normalization,solver_rank1_r4,solver_rank1,4,128,7.62939453125e-06
model.layers.24.self_attn.k_norm.weight,layer_24,normalization,solver_rank1_r5,solver_rank1,5,128,7.62939453125e-06
model.layers.24.self_attn.k_norm.weight,layer_24,normalization,solver_full_r1,solver_full,1,128,3.814697265625e-06
model.layers.24.self_attn.k_norm.weight,layer_24,normalization,solver_full_r2,solver_full,2,128,7.62939453125e-06
model.layers.24.self_attn.k_norm.weight,layer_24,normalization,solver_full_r3,solver_full,3,128,2.288818359375e-05
model.layers.24.self_attn.k_norm.weight,layer_24,normalization,solver_full_r4,solver_full,4,128,8.529922399520072e-06
model.layers.24.self_attn.k_norm.weight,layer_24,normalization,solver_full_r5,solver_full,5,128,7.62939453125e-06
model.layers.19.mlp.gate_proj.weight,layer_19,mlp_gate,questioner_full_r1,questioner_full,1,24903680,0.01350253226188223
model.layers.19.mlp.gate_proj.weight,layer_19,mlp_gate,questioner_full_r2,questioner_full,2,24903680,0.08477739930643223
model.layers.19.mlp.gate_proj.weight,layer_19,mlp_gate,questioner_full_r3,questioner_full,3,24903680,0.08414858397768663
model.layers.19.mlp.gate_proj.weight,layer_19,mlp_gate,questioner_full_r4,questioner_full,4,24903680,0.08158521268241685
model.layers.19.mlp.gate_proj.weight,layer_19,mlp_gate,questioner_full_r5,questioner_full,5,24903680,0.0845736343819405
model.layers.19.mlp.gate_proj.weight,layer_19,mlp_gate,solver_rank1_r1,solver_rank1,1,24903680,0.018710531776645733
model.layers.19.mlp.gate_proj.weight,layer_19,mlp_gate,solver_rank1_r2,solver_rank1,2,24903680,0.01984837644305594
model.layers.19.mlp.gate_proj.weight,layer_19,mlp_gate,solver_rank1_r3,solver_rank1,3,24903680,0.01898925749106559
model.layers.19.mlp.gate_proj.weight,layer_19,mlp_gate,solver_rank1_r4,solver_rank1,4,24903680,0.018696688267740597
model.layers.19.mlp.gate_proj.weight,layer_19,mlp_gate,solver_rank1_r5,solver_rank1,5,24903680,0.018402074774089585
model.layers.19.mlp.gate_proj.weight,layer_19,mlp_gate,solver_full_r1,solver_full,1,24903680,0.020639950058276724
model.layers.19.mlp.gate_proj.weight,layer_19,mlp_gate,solver_full_r2,solver_full,2,24903680,0.022301169478034333
model.layers.19.mlp.gate_proj.weight,layer_19,mlp_gate,solver_full_r3,solver_full,3,24903680,0.02175993925009895
model.layers.19.mlp.gate_proj.weight,layer_19,mlp_gate,solver_full_r4,solver_full,4,24903680,0.02141367593796987
model.layers.19.mlp.gate_proj.weight,layer_19,mlp_gate,solver_full_r5,solver_full,5,24903680,0.02103037434562424
model.layers.25.self_attn.v_proj.weight,layer_25,attention_v,questioner_full_r1,questioner_full,1,2621440,0.004215678940921852
model.layers.25.self_attn.v_proj.weight,layer_25,attention_v,questioner_full_r2,questioner_full,2,2621440,0.026891518369014666
model.layers.25.self_attn.v_proj.weight,layer_25,attention_v,questioner_full_r3,questioner_full,3,2621440,0.026585926062946904
model.layers.25.self_attn.v_proj.weight,layer_25,attention_v,questioner_full_r4,questioner_full,4,2621440,0.025784592508886144
model.layers.25.self_attn.v_proj.weight,layer_25,attention_v,questioner_full_r5,questioner_full,5,2621440,0.025844677858038307
model.layers.25.self_attn.v_proj.weight,layer_25,attention_v,solver_rank1_r1,solver_rank1,1,2621440,0.005703651147022358
model.layers.25.self_attn.v_proj.weight,layer_25,attention_v,solver_rank1_r2,solver_rank1,2,2621440,0.006150267774435996
model.layers.25.self_attn.v_proj.weight,layer_25,attention_v,solver_rank1_r3,solver_rank1,3,2621440,0.005958426852029281
model.layers.25.self_attn.v_proj.weight,layer_25,attention_v,solver_rank1_r4,solver_rank1,4,2621440,0.005900283650483219
model.layers.25.self_attn.v_proj.weight,layer_25,attention_v,solver_rank1_r5,solver_rank1,5,2621440,0.005765438138990029
model.layers.25.self_attn.v_proj.weight,layer_25,attention_v,solver_full_r1,solver_full,1,2621440,0.006248992710927349
model.layers.25.self_attn.v_proj.weight,layer_25,attention_v,solver_full_r2,solver_full,2,2621440,0.006879391735720095
model.layers.25.self_attn.v_proj.weight,layer_25,attention_v,solver_full_r3,solver_full,3,2621440,0.006751976040015938
model.layers.25.self_attn.v_proj.weight,layer_25,attention_v,solver_full_r4,solver_full,4,2621440,0.006699874300485851
model.layers.25.self_attn.v_proj.weight,layer_25,attention_v,solver_full_r5,solver_full,5,2621440,0.006565599765612709
model.layers.27.self_attn.v_proj.weight,layer_27,attention_v,questioner_full_r1,questioner_full,1,2621440,0.0041873299137883645
model.layers.27.self_attn.v_proj.weight,layer_27,attention_v,questioner_full_r2,questioner_full,2,2621440,0.027115010651325152
model.layers.27.self_attn.v_proj.weight,layer_27,attention_v,questioner_full_r3,questioner_full,3,2621440,0.026425836986231334
model.layers.27.self_attn.v_proj.weight,layer_27,attention_v,questioner_full_r4,questioner_full,4,2621440,0.026072219841662775
model.layers.27.self_attn.v_proj.weight,layer_27,attention_v,questioner_full_r5,questioner_full,5,2621440,0.026310944065461243
model.layers.27.self_attn.v_proj.weight,layer_27,attention_v,solver_rank1_r1,solver_rank1,1,2621440,0.0059936909971161035
model.layers.27.self_attn.v_proj.weight,layer_27,attention_v,solver_rank1_r2,solver_rank1,2,2621440,0.006145287711488726
model.layers.27.self_attn.v_proj.weight,layer_27,attention_v,solver_rank1_r3,solver_rank1,3,2621440,0.006036115411739764
model.layers.27.self_attn.v_proj.weight,layer_27,attention_v,solver_rank1_r4,solver_rank1,4,2621440,0.0060917306910972
model.layers.27.self_attn.v_proj.weight,layer_27,attention_v,solver_rank1_r5,solver_rank1,5,2621440,0.005808519067916304
model.layers.27.self_attn.v_proj.weight,layer_27,attention_v,solver_full_r1,solver_full,1,2621440,0.006599878904773564
model.layers.27.self_attn.v_proj.weight,layer_27,attention_v,solver_full_r2,solver_full,2,2621440,0.006867570653998011
model.layers.27.self_attn.v_proj.weight,layer_27,attention_v,solver_full_r3,solver_full,3,2621440,0.0068441357397458135
model.layers.27.self_attn.v_proj.weight,layer_27,attention_v,solver_full_r4,solver_full,4,2621440,0.006868466969960078
model.layers.27.self_attn.v_proj.weight,layer_27,attention_v,solver_full_r5,solver_full,5,2621440,0.006591132429088873
model.layers.18.self_attn.o_proj.weight,layer_18,attention_o,questioner_full_r1,questioner_full,1,10485760,0.01049543232695528
model.layers.18.self_attn.o_proj.weight,layer_18,attention_o,questioner_full_r2,questioner_full,2,10485760,0.05358043246646485
model.layers.18.self_attn.o_proj.weight,layer_18,attention_o,questioner_full_r3,questioner_full,3,10485760,0.054331577725034275
model.layers.18.self_attn.o_proj.weight,layer_18,attention_o,questioner_full_r4,questioner_full,4,10485760,0.05333720268454064
model.layers.18.self_attn.o_proj.weight,layer_18,attention_o,questioner_full_r5,questioner_full,5,10485760,0.05365129025283883
model.layers.18.self_attn.o_proj.weight,layer_18,attention_o,solver_rank1_r1,solver_rank1,1,10485760,0.014078370050948575
model.layers.18.self_attn.o_proj.weight,layer_18,attention_o,solver_rank1_r2,solver_rank1,2,10485760,0.015197701961551123
model.layers.18.self_attn.o_proj.weight,layer_18,attention_o,solver_rank1_r3,solver_rank1,3,10485760,0.015325114137863305
model.layers.18.self_attn.o_proj.weight,layer_18,attention_o,solver_rank1_r4,solver_rank1,4,10485760,0.014773558787239682
model.layers.18.self_attn.o_proj.weight,layer_18,attention_o,solver_rank1_r5,solver_rank1,5,10485760,0.013766684029338096
model.layers.18.self_attn.o_proj.weight,layer_18,attention_o,solver_full_r1,solver_full,1,10485760,0.01547422253862703
model.layers.18.self_attn.o_proj.weight,layer_18,attention_o,solver_full_r2,solver_full,2,10485760,0.017105820066101573
model.layers.18.self_attn.o_proj.weight,layer_18,attention_o,solver_full_r3,solver_full,3,10485760,0.016598846486418996
model.layers.18.self_attn.o_proj.weight,layer_18,attention_o,solver_full_r4,solver_full,4,10485760,0.016046322157367496
model.layers.18.self_attn.o_proj.weight,layer_18,attention_o,solver_full_r5,solver_full,5,10485760,0.015781103020199864
model.layers.12.mlp.gate_proj.weight,layer_12,mlp_gate,questioner_full_r1,questioner_full,1,24903680,0.012564130514994425
model.layers.12.mlp.gate_proj.weight,layer_12,mlp_gate,questioner_full_r2,questioner_full,2,24903680,0.07604025806479851
model.layers.12.mlp.gate_proj.weight,layer_12,mlp_gate,questioner_full_r3,questioner_full,3,24903680,0.07928030858818445
model.layers.12.mlp.gate_proj.weight,layer_12,mlp_gate,questioner_full_r4,questioner_full,4,24903680,0.07739988132368589
model.layers.12.mlp.gate_proj.weight,layer_12,mlp_gate,questioner_full_r5,questioner_full,5,24903680,0.0806176858684614
model.layers.12.mlp.gate_proj.weight,layer_12,mlp_gate,solver_rank1_r1,solver_rank1,1,24903680,0.019170509214703816
model.layers.12.mlp.gate_proj.weight,layer_12,mlp_gate,solver_rank1_r2,solver_rank1,2,24903680,0.019387840341798784
model.layers.12.mlp.gate_proj.weight,layer_12,mlp_gate,solver_rank1_r3,solver_rank1,3,24903680,0.018323929014246728
model.layers.12.mlp.gate_proj.weight,layer_12,mlp_gate,solver_rank1_r4,solver_rank1,4,24903680,0.017408328392216642
model.layers.12.mlp.gate_proj.weight,layer_12,mlp_gate,solver_rank1_r5,solver_rank1,5,24903680,0.017497530339570373
model.layers.12.mlp.gate_proj.weight,layer_12,mlp_gate,solver_full_r1,solver_full,1,24903680,0.020793397055818008
model.layers.12.mlp.gate_proj.weight,layer_12,mlp_gate,solver_full_r2,solver_full,2,24903680,0.021581750120232286
model.layers.12.mlp.gate_proj.weight,layer_12,mlp_gate,solver_full_r3,solver_full,3,24903680,0.02070234075355031
model.layers.12.mlp.gate_proj.weight,layer_12,mlp_gate,solver_full_r4,solver_full,4,24903680,0.01963352750409583
model.layers.12.mlp.gate_proj.weight,layer_12,mlp_gate,solver_full_r5,solver_full,5,24903680,0.020054284846549662
model.layers.4.self_attn.q_norm.weight,layer_04,normalization,questioner_full_r1,questioner_full,1,128,7.62939453125e-06
model.layers.4.self_attn.q_norm.weight,layer_04,normalization,questioner_full_r2,questioner_full,2,128,0.0
model.layers.4.self_attn.q_norm.weight,layer_04,normalization,questioner_full_r3,questioner_full,3,128,3.814697265625e-05
model.layers.4.self_attn.q_norm.weight,layer_04,normalization,questioner_full_r4,questioner_full,4,128,2.6702880859375e-05
model.layers.4.self_attn.q_norm.weight,layer_04,normalization,questioner_full_r5,questioner_full,5,128,7.62939453125e-06
model.layers.4.self_attn.q_norm.weight,layer_04,normalization,solver_rank1_r1,solver_rank1,1,128,2.288818359375e-05
model.layers.4.self_attn.q_norm.weight,layer_04,normalization,solver_rank1_r2,solver_rank1,2,128,0.0
model.layers.4.self_attn.q_norm.weight,layer_04,normalization,solver_rank1_r3,solver_rank1,3,128,7.62939453125e-06
model.layers.4.self_attn.q_norm.weight,layer_04,normalization,solver_rank1_r4,solver_rank1,4,128,3.814697265625e-06
model.layers.4.self_attn.q_norm.weight,layer_04,normalization,solver_rank1_r5,solver_rank1,5,128,1.1444091796875e-05
model.layers.4.self_attn.q_norm.weight,layer_04,normalization,solver_full_r1,solver_full,1,128,2.288818359375e-05
model.layers.4.self_attn.q_norm.weight,layer_04,normalization,solver_full_r2,solver_full,2,128,0.0
model.layers.4.self_attn.q_norm.weight,layer_04,normalization,solver_full_r3,solver_full,3,128,7.62939453125e-06
model.layers.4.self_attn.q_norm.weight,layer_04,normalization,solver_full_r4,solver_full,4,128,3.814697265625e-06
model.layers.4.self_attn.q_norm.weight,layer_04,normalization,solver_full_r5,solver_full,5,128,1.1444091796875e-05
model.layers.35.input_layernorm.weight,layer_35,normalization,questioner_full_r1,questioner_full,1,2560,0.0
model.layers.35.input_layernorm.weight,layer_35,normalization,questioner_full_r2,questioner_full,2,2560,0.0
model.layers.35.input_layernorm.weight,layer_35,normalization,questioner_full_r3,questioner_full,3,2560,0.0
model.layers.35.input_layernorm.weight,layer_35,normalization,questioner_full_r4,questioner_full,4,2560,0.0
model.layers.35.input_layernorm.weight,layer_35,normalization,questioner_full_r5,questioner_full,5,2560,0.0
model.layers.35.input_layernorm.weight,layer_35,normalization,solver_rank1_r1,solver_rank1,1,2560,0.0
model.layers.35.input_layernorm.weight,layer_35,normalization,solver_rank1_r2,solver_rank1,2,2560,0.0
model.layers.35.input_layernorm.weight,layer_35,normalization,solver_rank1_r3,solver_rank1,3,2560,0.0
model.layers.35.input_layernorm.weight,layer_35,normalization,solver_rank1_r4,solver_rank1,4,2560,0.0
model.layers.35.input_layernorm.weight,layer_35,normalization,solver_rank1_r5,solver_rank1,5,2560,0.0
model.layers.35.input_layernorm.weight,layer_35,normalization,solver_full_r1,solver_full,1,2560,0.0
model.layers.35.input_layernorm.weight,layer_35,normalization,solver_full_r2,solver_full,2,2560,0.0
model.layers.35.input_layernorm.weight,layer_35,normalization,solver_full_r3,solver_full,3,2560,0.0
model.layers.35.input_layernorm.weight,layer_35,normalization,solver_full_r4,solver_full,4,2560,0.0
model.layers.35.input_layernorm.weight,layer_35,normalization,solver_full_r5,solver_full,5,2560,0.0
model.layers.35.mlp.gate_proj.weight,layer_35,mlp_gate,questioner_full_r1,questioner_full,1,24903680,0.009235756540329284
model.layers.35.mlp.gate_proj.weight,layer_35,mlp_gate,questioner_full_r2,questioner_full,2,24903680,0.08458080665757786
model.layers.35.mlp.gate_proj.weight,layer_35,mlp_gate,questioner_full_r3,questioner_full,3,24903680,0.07962500272464336
model.layers.35.mlp.gate_proj.weight,layer_35,mlp_gate,questioner_full_r4,questioner_full,4,24903680,0.08338023866998219
model.layers.35.mlp.gate_proj.weight,layer_35,mlp_gate,questioner_full_r5,questioner_full,5,24903680,0.08269243177395394
model.layers.35.mlp.gate_proj.weight,layer_35,mlp_gate,solver_rank1_r1,solver_rank1,1,24903680,0.014832403700458931
model.layers.35.mlp.gate_proj.weight,layer_35,mlp_gate,solver_rank1_r2,solver_rank1,2,24903680,0.015497284448873478
model.layers.35.mlp.gate_proj.weight,layer_35,mlp_gate,solver_rank1_r3,solver_rank1,3,24903680,0.015214750352453356
model.layers.35.mlp.gate_proj.weight,layer_35,mlp_gate,solver_rank1_r4,solver_rank1,4,24903680,0.015270284316229515
model.layers.35.mlp.gate_proj.weight,layer_35,mlp_gate,solver_rank1_r5,solver_rank1,5,24903680,0.014131070365989382
model.layers.35.mlp.gate_proj.weight,layer_35,mlp_gate,solver_full_r1,solver_full,1,24903680,0.01633104802071752
model.layers.35.mlp.gate_proj.weight,layer_35,mlp_gate,solver_full_r2,solver_full,2,24903680,0.01726822643197116
model.layers.35.mlp.gate_proj.weight,layer_35,mlp_gate,solver_full_r3,solver_full,3,24903680,0.017169734074777412
model.layers.35.mlp.gate_proj.weight,layer_35,mlp_gate,solver_full_r4,solver_full,4,24903680,0.017158667687472578
model.layers.35.mlp.gate_proj.weight,layer_35,mlp_gate,solver_full_r5,solver_full,5,24903680,0.015976857606711116
model.layers.30.mlp.gate_proj.weight,layer_30,mlp_gate,questioner_full_r1,questioner_full,1,24903680,0.008753142610285007
model.layers.30.mlp.gate_proj.weight,layer_30,mlp_gate,questioner_full_r2,questioner_full,2,24903680,0.08582642794737046
model.layers.30.mlp.gate_proj.weight,layer_30,mlp_gate,questioner_full_r3,questioner_full,3,24903680,0.08053415503665091
model.layers.30.mlp.gate_proj.weight,layer_30,mlp_gate,questioner_full_r4,questioner_full,4,24903680,0.07915798310203007
model.layers.30.mlp.gate_proj.weight,layer_30,mlp_gate,questioner_full_r5,questioner_full,5,24903680,0.08161685734668873
model.layers.30.mlp.gate_proj.weight,layer_30,mlp_gate,solver_rank1_r1,solver_rank1,1,24903680,0.01445350582914455
model.layers.30.mlp.gate_proj.weight,layer_30,mlp_gate,solver_rank1_r2,solver_rank1,2,24903680,0.014999892474615618
model.layers.30.mlp.gate_proj.weight,layer_30,mlp_gate,solver_rank1_r3,solver_rank1,3,24903680,0.015043158305343519
model.layers.30.mlp.gate_proj.weight,layer_30,mlp_gate,solver_rank1_r4,solver_rank1,4,24903680,0.015313265739980878
model.layers.30.mlp.gate_proj.weight,layer_30,mlp_gate,solver_rank1_r5,solver_rank1,5,24903680,0.01403075832267461
model.layers.30.mlp.gate_proj.weight,layer_30,mlp_gate,solver_full_r1,solver_full,1,24903680,0.01608263968355677
model.layers.30.mlp.gate_proj.weight,layer_30,mlp_gate,solver_full_r2,solver_full,2,24903680,0.01691817938945447
model.layers.30.mlp.gate_proj.weight,layer_30,mlp_gate,solver_full_r3,solver_full,3,24903680,0.017164013068855156
model.layers.30.mlp.gate_proj.weight,layer_30,mlp_gate,solver_full_r4,solver_full,4,24903680,0.017329731408148107
model.layers.30.mlp.gate_proj.weight,layer_30,mlp_gate,solver_full_r5,solver_full,5,24903680,0.016069770378853265
model.layers.35.mlp.down_proj.weight,layer_35,mlp_down,questioner_full_r1,questioner_full,1,24903680,0.01269529613244295
model.layers.35.mlp.down_proj.weight,layer_35,mlp_down,questioner_full_r2,questioner_full,2,24903680,0.08308092627687406
model.layers.35.mlp.down_proj.weight,layer_35,mlp_down,questioner_full_r3,questioner_full,3,24903680,0.0800356124575156
model.layers.35.mlp.down_proj.weight,layer_35,mlp_down,questioner_full_r4,questioner_full,4,24903680,0.08079335646711258
model.layers.35.mlp.down_proj.weight,layer_35,mlp_down,questioner_full_r5,questioner_full,5,24903680,0.0818188360892167
model.layers.35.mlp.down_proj.weight,layer_35,mlp_down,solver_rank1_r1,solver_rank1,1,24903680,0.018567106203805805
model.layers.35.mlp.down_proj.weight,layer_35,mlp_down,solver_rank1_r2,solver_rank1,2,24903680,0.02030324654541179
model.layers.35.mlp.down_proj.weight,layer_35,mlp_down,solver_rank1_r3,solver_rank1,3,24903680,0.019013489778958195
model.layers.35.mlp.down_proj.weight,layer_35,mlp_down,solver_rank1_r4,solver_rank1,4,24903680,0.01856764313014383
model.layers.35.mlp.down_proj.weight,layer_35,mlp_down,solver_rank1_r5,solver_rank1,5,24903680,0.016384309862276892
model.layers.35.mlp.down_proj.weight,layer_35,mlp_down,solver_full_r1,solver_full,1,24903680,0.020182637919791014
model.layers.35.mlp.down_proj.weight,layer_35,mlp_down,solver_full_r2,solver_full,2,24903680,0.02233863356935423
model.layers.35.mlp.down_proj.weight,layer_35,mlp_down,solver_full_r3,solver_full,3,24903680,0.021420018951739804
model.layers.35.mlp.down_proj.weight,layer_35,mlp_down,solver_full_r4,solver_full,4,24903680,0.02084021105149233
model.layers.35.mlp.down_proj.weight,layer_35,mlp_down,solver_full_r5,solver_full,5,24903680,0.018224854864264575
model.layers.16.self_attn.k_proj.weight,layer_16,attention_k,questioner_full_r1,questioner_full,1,2621440,0.005077653179019706
model.layers.16.self_attn.k_proj.weight,layer_16,attention_k,questioner_full_r2,questioner_full,2,2621440,0.02493227096521703
model.layers.16.self_attn.k_proj.weight,layer_16,attention_k,questioner_full_r3,questioner_full,3,2621440,0.026759462355736383
model.layers.16.self_attn.k_proj.weight,layer_16,attention_k,questioner_full_r4,questioner_full,4,2621440,0.026514983539909113
model.layers.16.self_attn.k_proj.weight,layer_16,attention_k,questioner_full_r5,questioner_full,5,2621440,0.027029234724137357
model.layers.16.self_attn.k_proj.weight,layer_16,attention_k,solver_rank1_r1,solver_rank1,1,2621440,0.007787036189720147
model.layers.16.self_attn.k_proj.weight,layer_16,attention_k,solver_rank1_r2,solver_rank1,2,2621440,0.007945757439167297
model.layers.16.self_attn.k_proj.weight,layer_16,attention_k,solver_rank1_r3,solver_rank1,3,2621440,0.006963338490910965
model.layers.16.self_attn.k_proj.weight,layer_16,attention_k,solver_rank1_r4,solver_rank1,4,2621440,0.006791524937644994
model.layers.16.self_attn.k_proj.weight,layer_16,attention_k,solver_rank1_r5,solver_rank1,5,2621440,0.00669159330453694
model.layers.16.self_attn.k_proj.weight,layer_16,attention_k,solver_full_r1,solver_full,1,2621440,0.008436082256504373
model.layers.16.self_attn.k_proj.weight,layer_16,attention_k,solver_full_r2,solver_full,2,2621440,0.008802892004485861
model.layers.16.self_attn.k_proj.weight,layer_16,attention_k,solver_full_r3,solver_full,3,2621440,0.007877803932569457
model.layers.16.self_attn.k_proj.weight,layer_16,attention_k,solver_full_r4,solver_full,4,2621440,0.007628910406965048
model.layers.16.self_attn.k_proj.weight,layer_16,attention_k,solver_full_r5,solver_full,5,2621440,0.007648681937291708
model.layers.1.self_attn.o_proj.weight,layer_01,attention_o,questioner_full_r1,questioner_full,1,10485760,0.008029832720352884
model.layers.1.self_attn.o_proj.weight,layer_01,attention_o,questioner_full_r2,questioner_full,2,10485760,0.04292634246616317
model.layers.1.self_attn.o_proj.weight,layer_01,attention_o,questioner_full_r3,questioner_full,3,10485760,0.04530152856534044
model.layers.1.self_attn.o_proj.weight,layer_01,attention_o,questioner_full_r4,questioner_full,4,10485760,0.04972946639014235
model.layers.1.self_attn.o_proj.weight,layer_01,attention_o,questioner_full_r5,questioner_full,5,10485760,0.05176998939301905
model.layers.1.self_attn.o_proj.weight,layer_01,attention_o,solver_rank1_r1,solver_rank1,1,10485760,0.011150297036026838
model.layers.1.self_attn.o_proj.weight,layer_01,attention_o,solver_rank1_r2,solver_rank1,2,10485760,0.013532790807522063
model.layers.1.self_attn.o_proj.weight,layer_01,attention_o,solver_rank1_r3,solver_rank1,3,10485760,0.01177446267580728
model.layers.1.self_attn.o_proj.weight,layer_01,attention_o,solver_rank1_r4,solver_rank1,4,10485760,0.01135219797300077
model.layers.1.self_attn.o_proj.weight,layer_01,attention_o,solver_rank1_r5,solver_rank1,5,10485760,0.011789328186781484
model.layers.1.self_attn.o_proj.weight,layer_01,attention_o,solver_full_r1,solver_full,1,10485760,0.012430028276312939
model.layers.1.self_attn.o_proj.weight,layer_01,attention_o,solver_full_r2,solver_full,2,10485760,0.014823666993611737
model.layers.1.self_attn.o_proj.weight,layer_01,attention_o,solver_full_r3,solver_full,3,10485760,0.0129726653946164
model.layers.1.self_attn.o_proj.weight,layer_01,attention_o,solver_full_r4,solver_full,4,10485760,0.012508831790092715
model.layers.1.self_attn.o_proj.weight,layer_01,attention_o,solver_full_r5,solver_full,5,10485760,0.013375226018994676
model.layers.0.input_layernorm.weight,layer_00,normalization,questioner_full_r1,questioner_full,1,2560,0.0
model.layers.0.input_layernorm.weight,layer_00,normalization,questioner_full_r2,questioner_full,2,2560,0.00017263349150062197
model.layers.0.input_layernorm.weight,layer_00,normalization,questioner_full_r3,questioner_full,3,2560,0.0001220703125
model.layers.0.input_layernorm.weight,layer_00,normalization,questioner_full_r4,questioner_full,4,2560,0.0003229676893389393
model.layers.0.input_layernorm.weight,layer_00,normalization,questioner_full_r5,questioner_full,5,2560,0.0003860202221885229
model.layers.0.input_layernorm.weight,layer_00,normalization,solver_rank1_r1,solver_rank1,1,2560,0.0
model.layers.0.input_layernorm.weight,layer_00,normalization,solver_rank1_r2,solver_rank1,2,2560,0.0
model.layers.0.input_layernorm.weight,layer_00,normalization,solver_rank1_r3,solver_rank1,3,2560,0.0
model.layers.0.input_layernorm.weight,layer_00,normalization,solver_rank1_r4,solver_rank1,4,2560,0.0
model.layers.0.input_layernorm.weight,layer_00,normalization,solver_rank1_r5,solver_rank1,5,2560,0.0
model.layers.0.input_layernorm.weight,layer_00,normalization,solver_full_r1,solver_full,1,2560,0.0
model.layers.0.input_layernorm.weight,layer_00,normalization,solver_full_r2,solver_full,2,2560,0.0
model.layers.0.input_layernorm.weight,layer_00,normalization,solver_full_r3,solver_full,3,2560,0.0
model.layers.0.input_layernorm.weight,layer_00,normalization,solver_full_r4,solver_full,4,2560,0.0
model.layers.0.input_layernorm.weight,layer_00,normalization,solver_full_r5,solver_full,5,2560,0.0
model.layers.3.mlp.down_proj.weight,layer_03,mlp_down,questioner_full_r1,questioner_full,1,24903680,0.014892365894539192
model.layers.3.mlp.down_proj.weight,layer_03,mlp_down,questioner_full_r2,questioner_full,2,24903680,0.07507674877285139
model.layers.3.mlp.down_proj.weight,layer_03,mlp_down,questioner_full_r3,questioner_full,3,24903680,0.07419099328412929
model.layers.3.mlp.down_proj.weight,layer_03,mlp_down,questioner_full_r4,questioner_full,4,24903680,0.08471752720052182
model.layers.3.mlp.down_proj.weight,layer_03,mlp_down,questioner_full_r5,questioner_full,5,24903680,0.08367002701330453
model.layers.3.mlp.down_proj.weight,layer_03,mlp_down,solver_rank1_r1,solver_rank1,1,24903680,0.018955910252437386
model.layers.3.mlp.down_proj.weight,layer_03,mlp_down,solver_rank1_r2,solver_rank1,2,24903680,0.02031457681279683
model.layers.3.mlp.down_proj.weight,layer_03,mlp_down,solver_rank1_r3,solver_rank1,3,24903680,0.01872081321382072
model.layers.3.mlp.down_proj.weight,layer_03,mlp_down,solver_rank1_r4,solver_rank1,4,24903680,0.018012461861000136
model.layers.3.mlp.down_proj.weight,layer_03,mlp_down,solver_rank1_r5,solver_rank1,5,24903680,0.019335527877415336
model.layers.3.mlp.down_proj.weight,layer_03,mlp_down,solver_full_r1,solver_full,1,24903680,0.02029528905060427
model.layers.3.mlp.down_proj.weight,layer_03,mlp_down,solver_full_r2,solver_full,2,24903680,0.02155253800614579
model.layers.3.mlp.down_proj.weight,layer_03,mlp_down,solver_full_r3,solver_full,3,24903680,0.020213285518888735
model.layers.3.mlp.down_proj.weight,layer_03,mlp_down,solver_full_r4,solver_full,4,24903680,0.01943353261115081
model.layers.3.mlp.down_proj.weight,layer_03,mlp_down,solver_full_r5,solver_full,5,24903680,0.021256262335677616
model.layers.17.self_attn.o_proj.weight,layer_17,attention_o,questioner_full_r1,questioner_full,1,10485760,0.010407136356486083
model.layers.17.self_attn.o_proj.weight,layer_17,attention_o,questioner_full_r2,questioner_full,2,10485760,0.051685837361639834
model.layers.17.self_attn.o_proj.weight,layer_17,attention_o,questioner_full_r3,questioner_full,3,10485760,0.0528235437702606
model.layers.17.self_attn.o_proj.weight,layer_17,attention_o,questioner_full_r4,questioner_full,4,10485760,0.05266894162470161
model.layers.17.self_attn.o_proj.weight,layer_17,attention_o,questioner_full_r5,questioner_full,5,10485760,0.05316883782992839
model.layers.17.self_attn.o_proj.weight,layer_17,attention_o,solver_rank1_r1,solver_rank1,1,10485760,0.014084397638505983
model.layers.17.self_attn.o_proj.weight,layer_17,attention_o,solver_rank1_r2,solver_rank1,2,10485760,0.015150473032329345
model.layers.17.self_attn.o_proj.weight,layer_17,attention_o,solver_rank1_r3,solver_rank1,3,10485760,0.015194790021638822
model.layers.17.self_attn.o_proj.weight,layer_17,attention_o,solver_rank1_r4,solver_rank1,4,10485760,0.013697225779615225
model.layers.17.self_attn.o_proj.weight,layer_17,attention_o,solver_rank1_r5,solver_rank1,5,10485760,0.01356242734077344
model.layers.17.self_attn.o_proj.weight,layer_17,attention_o,solver_full_r1,solver_full,1,10485760,0.015380987778716137
model.layers.17.self_attn.o_proj.weight,layer_17,attention_o,solver_full_r2,solver_full,2,10485760,0.01694794539833222
model.layers.17.self_attn.o_proj.weight,layer_17,attention_o,solver_full_r3,solver_full,3,10485760,0.01640955779528741
model.layers.17.self_attn.o_proj.weight,layer_17,attention_o,solver_full_r4,solver_full,4,10485760,0.015658876253288056
model.layers.17.self_attn.o_proj.weight,layer_17,attention_o,solver_full_r5,solver_full,5,10485760,0.015536739078089735
model.layers.5.self_attn.k_proj.weight,layer_05,attention_k,questioner_full_r1,questioner_full,1,2621440,0.004141388284945271
model.layers.5.self_attn.k_proj.weight,layer_05,attention_k,questioner_full_r2,questioner_full,2,2621440,0.02287134266217225
model.layers.5.self_attn.k_proj.weight,layer_05,attention_k,questioner_full_r3,questioner_full,3,2621440,0.024765452406346512
model.layers.5.self_attn.k_proj.weight,layer_05,attention_k,questioner_full_r4,questioner_full,4,2621440,0.026992881412495368
model.layers.5.self_attn.k_proj.weight,layer_05,attention_k,questioner_full_r5,questioner_full,5,2621440,0.028586001755477868
model.layers.5.self_attn.k_proj.weight,layer_05,attention_k,solver_rank1_r1,solver_rank1,1,2621440,0.005937361766960279
model.layers.5.self_attn.k_proj.weight,layer_05,attention_k,solver_rank1_r2,solver_rank1,2,2621440,0.006481511503914824
model.layers.5.self_attn.k_proj.weight,layer_05,attention_k,solver_rank1_r3,solver_rank1,3,2621440,0.005897681815805261
model.layers.5.self_attn.k_proj.weight,layer_05,attention_k,solver_rank1_r4,solver_rank1,4,2621440,0.005801973451362889
model.layers.5.self_attn.k_proj.weight,layer_05,attention_k,solver_rank1_r5,solver_rank1,5,2621440,0.006428369683245149
model.layers.5.self_attn.k_proj.weight,layer_05,attention_k,solver_full_r1,solver_full,1,2621440,0.006592099375428669
model.layers.5.self_attn.k_proj.weight,layer_05,attention_k,solver_full_r2,solver_full,2,2621440,0.007181829064897838
model.layers.5.self_attn.k_proj.weight,layer_05,attention_k,solver_full_r3,solver_full,3,2621440,0.006613579083416987
model.layers.5.self_attn.k_proj.weight,layer_05,attention_k,solver_full_r4,solver_full,4,2621440,0.0064615440948281476
model.layers.5.self_attn.k_proj.weight,layer_05,attention_k,solver_full_r5,solver_full,5,2621440,0.007237627972084706
model.layers.15.mlp.gate_proj.weight,layer_15,mlp_gate,questioner_full_r1,questioner_full,1,24903680,0.013881672571958513
model.layers.15.mlp.gate_proj.weight,layer_15,mlp_gate,questioner_full_r2,questioner_full,2,24903680,0.07908252802363863
model.layers.15.mlp.gate_proj.weight,layer_15,mlp_gate,questioner_full_r3,questioner_full,3,24903680,0.0810428766613547
model.layers.15.mlp.gate_proj.weight,layer_15,mlp_gate,questioner_full_r4,questioner_full,4,24903680,0.07897527562210395
model.layers.15.mlp.gate_proj.weight,layer_15,mlp_gate,questioner_full_r5,questioner_full,5,24903680,0.08251054262689815
model.layers.15.mlp.gate_proj.weight,layer_15,mlp_gate,solver_rank1_r1,solver_rank1,1,24903680,0.021155415635363373
model.layers.15.mlp.gate_proj.weight,layer_15,mlp_gate,solver_rank1_r2,solver_rank1,2,24903680,0.0214945821566979
model.layers.15.mlp.gate_proj.weight,layer_15,mlp_gate,solver_rank1_r3,solver_rank1,3,24903680,0.02008210771143564
model.layers.15.mlp.gate_proj.weight,layer_15,mlp_gate,solver_rank1_r4,solver_rank1,4,24903680,0.019161258231749575
model.layers.15.mlp.gate_proj.weight,layer_15,mlp_gate,solver_rank1_r5,solver_rank1,5,24903680,0.01877329465060488
model.layers.15.mlp.gate_proj.weight,layer_15,mlp_gate,solver_full_r1,solver_full,1,24903680,0.02297259128798554
model.layers.15.mlp.gate_proj.weight,layer_15,mlp_gate,solver_full_r2,solver_full,2,24903680,0.023947694624316916
model.layers.15.mlp.gate_proj.weight,layer_15,mlp_gate,solver_full_r3,solver_full,3,24903680,0.02269637670309392
model.layers.15.mlp.gate_proj.weight,layer_15,mlp_gate,solver_full_r4,solver_full,4,24903680,0.021674386916747574
model.layers.15.mlp.gate_proj.weight,layer_15,mlp_gate,solver_full_r5,solver_full,5,24903680,0.02151377976021878
model.layers.34.mlp.down_proj.weight,layer_34,mlp_down,questioner_full_r1,questioner_full,1,24903680,0.01074769119340875
model.layers.34.mlp.down_proj.weight,layer_34,mlp_down,questioner_full_r2,questioner_full,2,24903680,0.0834155199353077
model.layers.34.mlp.down_proj.weight,layer_34,mlp_down,questioner_full_r3,questioner_full,3,24903680,0.08099419644204639
model.layers.34.mlp.down_proj.weight,layer_34,mlp_down,questioner_full_r4,questioner_full,4,24903680,0.0815081319187673
model.layers.34.mlp.down_proj.weight,layer_34,mlp_down,questioner_full_r5,questioner_full,5,24903680,0.08185561198365114
model.layers.34.mlp.down_proj.weight,layer_34,mlp_down,solver_rank1_r1,solver_rank1,1,24903680,0.016029719032290137
model.layers.34.mlp.down_proj.weight,layer_34,mlp_down,solver_rank1_r2,solver_rank1,2,24903680,0.017040032737717547
model.layers.34.mlp.down_proj.weight,layer_34,mlp_down,solver_rank1_r3,solver_rank1,3,24903680,0.016465683418507175
model.layers.34.mlp.down_proj.weight,layer_34,mlp_down,solver_rank1_r4,solver_rank1,4,24903680,0.016503830976370096
model.layers.34.mlp.down_proj.weight,layer_34,mlp_down,solver_rank1_r5,solver_rank1,5,24903680,0.01521133748724911
model.layers.34.mlp.down_proj.weight,layer_34,mlp_down,solver_full_r1,solver_full,1,24903680,0.01758217106625742
model.layers.34.mlp.down_proj.weight,layer_34,mlp_down,solver_full_r2,solver_full,2,24903680,0.01893291733368979
model.layers.34.mlp.down_proj.weight,layer_34,mlp_down,solver_full_r3,solver_full,3,24903680,0.018665607922671933
model.layers.34.mlp.down_proj.weight,layer_34,mlp_down,solver_full_r4,solver_full,4,24903680,0.01855042826908069
model.layers.34.mlp.down_proj.weight,layer_34,mlp_down,solver_full_r5,solver_full,5,24903680,0.01704568847068221
model.layers.19.mlp.up_proj.weight,layer_19,mlp_up,questioner_full_r1,questioner_full,1,24903680,0.014009669719986031
model.layers.19.mlp.up_proj.weight,layer_19,mlp_up,questioner_full_r2,questioner_full,2,24903680,0.08273843433919231
model.layers.19.mlp.up_proj.weight,layer_19,mlp_up,questioner_full_r3,questioner_full,3,24903680,0.08300560271603508
model.layers.19.mlp.up_proj.weight,layer_19,mlp_up,questioner_full_r4,questioner_full,4,24903680,0.08031417927721177
model.layers.19.mlp.up_proj.weight,layer_19,mlp_up,questioner_full_r5,questioner_full,5,24903680,0.08196514576244894
model.layers.19.mlp.up_proj.weight,layer_19,mlp_up,solver_rank1_r1,solver_rank1,1,24903680,0.01904349369825573
model.layers.19.mlp.up_proj.weight,layer_19,mlp_up,solver_rank1_r2,solver_rank1,2,24903680,0.020379562399565235
model.layers.19.mlp.up_proj.weight,layer_19,mlp_up,solver_rank1_r3,solver_rank1,3,24903680,0.019591085947441682
model.layers.19.mlp.up_proj.weight,layer_19,mlp_up,solver_rank1_r4,solver_rank1,4,24903680,0.01905771478428182
model.layers.19.mlp.up_proj.weight,layer_19,mlp_up,solver_rank1_r5,solver_rank1,5,24903680,0.01887539368629078
model.layers.19.mlp.up_proj.weight,layer_19,mlp_up,solver_full_r1,solver_full,1,24903680,0.020952023577690354
model.layers.19.mlp.up_proj.weight,layer_19,mlp_up,solver_full_r2,solver_full,2,24903680,0.022907870091503055
model.layers.19.mlp.up_proj.weight,layer_19,mlp_up,solver_full_r3,solver_full,3,24903680,0.022468269537235554
model.layers.19.mlp.up_proj.weight,layer_19,mlp_up,solver_full_r4,solver_full,4,24903680,0.02186937425954145
model.layers.19.mlp.up_proj.weight,layer_19,mlp_up,solver_full_r5,solver_full,5,24903680,0.02156272957303191
model.layers.14.self_attn.o_proj.weight,layer_14,attention_o,questioner_full_r1,questioner_full,1,10485760,0.009675837492618125
model.layers.14.self_attn.o_proj.weight,layer_14,attention_o,questioner_full_r2,questioner_full,2,10485760,0.050225990449058545
model.layers.14.self_attn.o_proj.weight,layer_14,attention_o,questioner_full_r3,questioner_full,3,10485760,0.052556743527794235
model.layers.14.self_attn.o_proj.weight,layer_14,attention_o,questioner_full_r4,questioner_full,4,10485760,0.05193336857239934
model.layers.14.self_attn.o_proj.weight,layer_14,attention_o,questioner_full_r5,questioner_full,5,10485760,0.05323317570363408
model.layers.14.self_attn.o_proj.weight,layer_14,attention_o,solver_rank1_r1,solver_rank1,1,10485760,0.015528170538597504
model.layers.14.self_attn.o_proj.weight,layer_14,attention_o,solver_rank1_r2,solver_rank1,2,10485760,0.015142301389910441
model.layers.14.self_attn.o_proj.weight,layer_14,attention_o,solver_rank1_r3,solver_rank1,3,10485760,0.014509153503915757
model.layers.14.self_attn.o_proj.weight,layer_14,attention_o,solver_rank1_r4,solver_rank1,4,10485760,0.013301548278886471
model.layers.14.self_attn.o_proj.weight,layer_14,attention_o,solver_rank1_r5,solver_rank1,5,10485760,0.013445973235126226
model.layers.14.self_attn.o_proj.weight,layer_14,attention_o,solver_full_r1,solver_full,1,10485760,0.016786503393432853
model.layers.14.self_attn.o_proj.weight,layer_14,attention_o,solver_full_r2,solver_full,2,10485760,0.016931875846814118
model.layers.14.self_attn.o_proj.weight,layer_14,attention_o,solver_full_r3,solver_full,3,10485760,0.01638963593327678
model.layers.14.self_attn.o_proj.weight,layer_14,attention_o,solver_full_r4,solver_full,4,10485760,0.01510410806093899
model.layers.14.self_attn.o_proj.weight,layer_14,attention_o,solver_full_r5,solver_full,5,10485760,0.015382246983043572
model.layers.18.post_attention_layernorm.weight,layer_18,normalization,questioner_full_r1,questioner_full,1,2560,1.230947758439981e-05
model.layers.18.post_attention_layernorm.weight,layer_18,normalization,questioner_full_r2,questioner_full,2,2560,3.73695930136814e-05
model.layers.18.post_attention_layernorm.weight,layer_18,normalization,questioner_full_r3,questioner_full,3,2560,2.6381637942548854e-05
model.layers.18.post_attention_layernorm.weight,layer_18,normalization,questioner_full_r4,questioner_full,4,2560,2.5964648037075008e-05
model.layers.18.post_attention_layernorm.weight,layer_18,normalization,questioner_full_r5,questioner_full,5,2560,4.487402492694547e-06
model.layers.18.post_attention_layernorm.weight,layer_18,normalization,solver_rank1_r1,solver_rank1,1,2560,1.2543777667234074e-05
model.layers.18.post_attention_layernorm.weight,layer_18,normalization,solver_rank1_r2,solver_rank1,2,2560,1.7619085673264952e-05
model.layers.18.post_attention_layernorm.weight,layer_18,normalization,solver_rank1_r3,solver_rank1,3,2560,6.0498714447021484e-06
model.layers.18.post_attention_layernorm.weight,layer_18,normalization,solver_rank1_r4,solver_rank1,4,2560,6.962399140410828e-06
model.layers.18.post_attention_layernorm.weight,layer_18,normalization,solver_rank1_r5,solver_rank1,5,2560,9.991559156322605e-07
model.layers.18.post_attention_layernorm.weight,layer_18,normalization,solver_full_r1,solver_full,1,2560,1.2526799218370151e-05
model.layers.18.post_attention_layernorm.weight,layer_18,normalization,solver_full_r2,solver_full,2,2560,1.7669386082533287e-05
model.layers.18.post_attention_layernorm.weight,layer_18,normalization,solver_full_r3,solver_full,3,2560,7.36449095461244e-06
model.layers.18.post_attention_layernorm.weight,layer_18,normalization,solver_full_r4,solver_full,4,2560,7.557474677552097e-06
model.layers.18.post_attention_layernorm.weight,layer_18,normalization,solver_full_r5,solver_full,5,2560,6.4837690397828275e-06
model.layers.17.self_attn.q_norm.weight,layer_17,normalization,questioner_full_r1,questioner_full,1,128,0.0
model.layers.17.self_attn.q_norm.weight,layer_17,normalization,questioner_full_r2,questioner_full,2,128,3.0517578125e-05
model.layers.17.self_attn.q_norm.weight,layer_17,normalization,questioner_full_r3,questioner_full,3,128,0.0
model.layers.17.self_attn.q_norm.weight,layer_17,normalization,questioner_full_r4,questioner_full,4,128,3.0517578125e-05
model.layers.17.self_attn.q_norm.weight,layer_17,normalization,questioner_full_r5,questioner_full,5,128,3.0517578125e-05
model.layers.17.self_attn.q_norm.weight,layer_17,normalization,solver_rank1_r1,solver_rank1,1,128,0.0
model.layers.17.self_attn.q_norm.weight,layer_17,normalization,solver_rank1_r2,solver_rank1,2,128,3.0517578125e-05
model.layers.17.self_attn.q_norm.weight,layer_17,normalization,solver_rank1_r3,solver_rank1,3,128,0.0
model.layers.17.self_attn.q_norm.weight,layer_17,normalization,solver_rank1_r4,solver_rank1,4,128,0.0
model.layers.17.self_attn.q_norm.weight,layer_17,normalization,solver_rank1_r5,solver_rank1,5,128,0.0
model.layers.17.self_attn.q_norm.weight,layer_17,normalization,solver_full_r1,solver_full,1,128,0.0
model.layers.17.self_attn.q_norm.weight,layer_17,normalization,solver_full_r2,solver_full,2,128,3.0517578125e-05
model.layers.17.self_attn.q_norm.weight,layer_17,normalization,solver_full_r3,solver_full,3,128,0.0
model.layers.17.self_attn.q_norm.weight,layer_17,normalization,solver_full_r4,solver_full,4,128,0.0
model.layers.17.self_attn.q_norm.weight,layer_17,normalization,solver_full_r5,solver_full,5,128,0.0
model.layers.4.self_attn.k_proj.weight,layer_04,attention_k,questioner_full_r1,questioner_full,1,2621440,0.004008837172180207
model.layers.4.self_attn.k_proj.weight,layer_04,attention_k,questioner_full_r2,questioner_full,2,2621440,0.02230383876955733
model.layers.4.self_attn.k_proj.weight,layer_04,attention_k,questioner_full_r3,questioner_full,3,2621440,0.024140827532454133
model.layers.4.self_attn.k_proj.weight,layer_04,attention_k,questioner_full_r4,questioner_full,4,2621440,0.025999328567770638
model.layers.4.self_attn.k_proj.weight,layer_04,attention_k,questioner_full_r5,questioner_full,5,2621440,0.027287654781512134
model.layers.4.self_attn.k_proj.weight,layer_04,attention_k,solver_rank1_r1,solver_rank1,1,2621440,0.006048564379768088
model.layers.4.self_attn.k_proj.weight,layer_04,attention_k,solver_rank1_r2,solver_rank1,2,2621440,0.006647463601665971
model.layers.4.self_attn.k_proj.weight,layer_04,attention_k,solver_rank1_r3,solver_rank1,3,2621440,0.0061140973779439806
model.layers.4.self_attn.k_proj.weight,layer_04,attention_k,solver_rank1_r4,solver_rank1,4,2621440,0.005708861340608066
model.layers.4.self_attn.k_proj.weight,layer_04,attention_k,solver_rank1_r5,solver_rank1,5,2621440,0.0067412933809955725
model.layers.4.self_attn.k_proj.weight,layer_04,attention_k,solver_full_r1,solver_full,1,2621440,0.006701210335082005
model.layers.4.self_attn.k_proj.weight,layer_04,attention_k,solver_full_r2,solver_full,2,2621440,0.007204452003307169
model.layers.4.self_attn.k_proj.weight,layer_04,attention_k,solver_full_r3,solver_full,3,2621440,0.006776412294064591
model.layers.4.self_attn.k_proj.weight,layer_04,attention_k,solver_full_r4,solver_full,4,2621440,0.006379311847347103
model.layers.4.self_attn.k_proj.weight,layer_04,attention_k,solver_full_r5,solver_full,5,2621440,0.007190808186679306
model.layers.13.mlp.up_proj.weight,layer_13,mlp_up,questioner_full_r1,questioner_full,1,24903680,0.013920846373681
model.layers.13.mlp.up_proj.weight,layer_13,mlp_up,questioner_full_r2,questioner_full,2,24903680,0.07549822269253803
model.layers.13.mlp.up_proj.weight,layer_13,mlp_up,questioner_full_r3,questioner_full,3,24903680,0.08007727126794556
model.layers.13.mlp.up_proj.weight,layer_13,mlp_up,questioner_full_r4,questioner_full,4,24903680,0.07822889566614323
model.layers.13.mlp.up_proj.weight,layer_13,mlp_up,questioner_full_r5,questioner_full,5,24903680,0.08092742485404018
model.layers.13.mlp.up_proj.weight,layer_13,mlp_up,solver_rank1_r1,solver_rank1,1,24903680,0.021768660358403975
model.layers.13.mlp.up_proj.weight,layer_13,mlp_up,solver_rank1_r2,solver_rank1,2,24903680,0.021761099998430965
model.layers.13.mlp.up_proj.weight,layer_13,mlp_up,solver_rank1_r3,solver_rank1,3,24903680,0.020532348771148318
model.layers.13.mlp.up_proj.weight,layer_13,mlp_up,solver_rank1_r4,solver_rank1,4,24903680,0.018883803005994626
model.layers.13.mlp.up_proj.weight,layer_13,mlp_up,solver_rank1_r5,solver_rank1,5,24903680,0.019074953142031514
model.layers.13.mlp.up_proj.weight,layer_13,mlp_up,solver_full_r1,solver_full,1,24903680,0.023496303127227745
model.layers.13.mlp.up_proj.weight,layer_13,mlp_up,solver_full_r2,solver_full,2,24903680,0.024241989073714335
model.layers.13.mlp.up_proj.weight,layer_13,mlp_up,solver_full_r3,solver_full,3,24903680,0.02316472774770038
model.layers.13.mlp.up_proj.weight,layer_13,mlp_up,solver_full_r4,solver_full,4,24903680,0.02129143565448236
model.layers.13.mlp.up_proj.weight,layer_13,mlp_up,solver_full_r5,solver_full,5,24903680,0.02179439545749378
model.layers.0.mlp.down_proj.weight,layer_00,mlp_down,questioner_full_r1,questioner_full,1,24903680,0.010831544530397022
model.layers.0.mlp.down_proj.weight,layer_00,mlp_down,questioner_full_r2,questioner_full,2,24903680,0.07297587510269274
model.layers.0.mlp.down_proj.weight,layer_00,mlp_down,questioner_full_r3,questioner_full,3,24903680,0.0722616800238484
model.layers.0.mlp.down_proj.weight,layer_00,mlp_down,questioner_full_r4,questioner_full,4,24903680,0.08092409283610752
model.layers.0.mlp.down_proj.weight,layer_00,mlp_down,questioner_full_r5,questioner_full,5,24903680,0.08189936932803452
model.layers.0.mlp.down_proj.weight,layer_00,mlp_down,solver_rank1_r1,solver_rank1,1,24903680,0.014673986961640047
model.layers.0.mlp.down_proj.weight,layer_00,mlp_down,solver_rank1_r2,solver_rank1,2,24903680,0.017188565930852346
model.layers.0.mlp.down_proj.weight,layer_00,mlp_down,solver_rank1_r3,solver_rank1,3,24903680,0.015243841184710442
model.layers.0.mlp.down_proj.weight,layer_00,mlp_down,solver_rank1_r4,solver_rank1,4,24903680,0.01529367746557923
model.layers.0.mlp.down_proj.weight,layer_00,mlp_down,solver_rank1_r5,solver_rank1,5,24903680,0.017969414559507086
model.layers.0.mlp.down_proj.weight,layer_00,mlp_down,solver_full_r1,solver_full,1,24903680,0.016257144711616593
model.layers.0.mlp.down_proj.weight,layer_00,mlp_down,solver_full_r2,solver_full,2,24903680,0.018804140536402347
model.layers.0.mlp.down_proj.weight,layer_00,mlp_down,solver_full_r3,solver_full,3,24903680,0.01680131367926358
model.layers.0.mlp.down_proj.weight,layer_00,mlp_down,solver_full_r4,solver_full,4,24903680,0.016794199045917915
model.layers.0.mlp.down_proj.weight,layer_00,mlp_down,solver_full_r5,solver_full,5,24903680,0.019111780491564777
model.layers.6.self_attn.k_norm.weight,layer_06,normalization,questioner_full_r1,questioner_full,1,128,0.0
model.layers.6.self_attn.k_norm.weight,layer_06,normalization,questioner_full_r2,questioner_full,2,128,1.52587890625e-05
model.layers.6.self_attn.k_norm.weight,layer_06,normalization,questioner_full_r3,questioner_full,3,128,3.411968959808029e-05
model.layers.6.self_attn.k_norm.weight,layer_06,normalization,questioner_full_r4,questioner_full,4,128,1.52587890625e-05
model.layers.6.self_attn.k_norm.weight,layer_06,normalization,questioner_full_r5,questioner_full,5,128,3.0517578125e-05
model.layers.6.self_attn.k_norm.weight,layer_06,normalization,solver_rank1_r1,solver_rank1,1,128,0.0
model.layers.6.self_attn.k_norm.weight,layer_06,normalization,solver_rank1_r2,solver_rank1,2,128,0.0
model.layers.6.self_attn.k_norm.weight,layer_06,normalization,solver_rank1_r3,solver_rank1,3,128,1.52587890625e-05
model.layers.6.self_attn.k_norm.weight,layer_06,normalization,solver_rank1_r4,solver_rank1,4,128,0.0
model.layers.6.self_attn.k_norm.weight,layer_06,normalization,solver_rank1_r5,solver_rank1,5,128,0.0
model.layers.6.self_attn.k_norm.weight,layer_06,normalization,solver_full_r1,solver_full,1,128,0.0
model.layers.6.self_attn.k_norm.weight,layer_06,normalization,solver_full_r2,solver_full,2,128,0.0
model.layers.6.self_attn.k_norm.weight,layer_06,normalization,solver_full_r3,solver_full,3,128,1.52587890625e-05
model.layers.6.self_attn.k_norm.weight,layer_06,normalization,solver_full_r4,solver_full,4,128,0.0
model.layers.6.self_attn.k_norm.weight,layer_06,normalization,solver_full_r5,solver_full,5,128,0.0
model.layers.19.self_attn.v_proj.weight,layer_19,attention_v,questioner_full_r1,questioner_full,1,2621440,0.00502559129096438
model.layers.19.self_attn.v_proj.weight,layer_19,attention_v,questioner_full_r2,questioner_full,2,2621440,0.02555858384292815
model.layers.19.self_attn.v_proj.weight,layer_19,attention_v,questioner_full_r3,questioner_full,3,2621440,0.02583456148122832
model.layers.19.self_attn.v_proj.weight,layer_19,attention_v,questioner_full_r4,questioner_full,4,2621440,0.025364530834019888
model.layers.19.self_attn.v_proj.weight,layer_19,attention_v,questioner_full_r5,questioner_full,5,2621440,0.025495772818272113
model.layers.19.self_attn.v_proj.weight,layer_19,attention_v,solver_rank1_r1,solver_rank1,1,2621440,0.006837167799455432
model.layers.19.self_attn.v_proj.weight,layer_19,attention_v,solver_rank1_r2,solver_rank1,2,2621440,0.007411917766364276
model.layers.19.self_attn.v_proj.weight,layer_19,attention_v,solver_rank1_r3,solver_rank1,3,2621440,0.007527009073456236
model.layers.19.self_attn.v_proj.weight,layer_19,attention_v,solver_rank1_r4,solver_rank1,4,2621440,0.007296322930954873
model.layers.19.self_attn.v_proj.weight,layer_19,attention_v,solver_rank1_r5,solver_rank1,5,2621440,0.0067969621663098185
model.layers.19.self_attn.v_proj.weight,layer_19,attention_v,solver_full_r1,solver_full,1,2621440,0.007481433631237018
model.layers.19.self_attn.v_proj.weight,layer_19,attention_v,solver_full_r2,solver_full,2,2621440,0.008343511667228637
model.layers.19.self_attn.v_proj.weight,layer_19,attention_v,solver_full_r3,solver_full,3,2621440,0.008145014271289368
model.layers.19.self_attn.v_proj.weight,layer_19,attention_v,solver_full_r4,solver_full,4,2621440,0.007930571208532881
model.layers.19.self_attn.v_proj.weight,layer_19,attention_v,solver_full_r5,solver_full,5,2621440,0.00777583335113805
model.layers.23.self_attn.q_proj.weight,layer_23,attention_q,questioner_full_r1,questioner_full,1,10485760,0.008520587382301143
model.layers.23.self_attn.q_proj.weight,layer_23,attention_q,questioner_full_r2,questioner_full,2,10485760,0.057105922252954334
model.layers.23.self_attn.q_proj.weight,layer_23,attention_q,questioner_full_r3,questioner_full,3,10485760,0.05697033152926936
model.layers.23.self_attn.q_proj.weight,layer_23,attention_q,questioner_full_r4,questioner_full,4,10485760,0.05448547568376402
model.layers.23.self_attn.q_proj.weight,layer_23,attention_q,questioner_full_r5,questioner_full,5,10485760,0.05584235105430168
model.layers.23.self_attn.q_proj.weight,layer_23,attention_q,solver_rank1_r1,solver_rank1,1,10485760,0.01191272533430229
model.layers.23.self_attn.q_proj.weight,layer_23,attention_q,solver_rank1_r2,solver_rank1,2,10485760,0.011960516771341646
model.layers.23.self_attn.q_proj.weight,layer_23,attention_q,solver_rank1_r3,solver_rank1,3,10485760,0.011831295311531612
model.layers.23.self_attn.q_proj.weight,layer_23,attention_q,solver_rank1_r4,solver_rank1,4,10485760,0.01148281412805911
model.layers.23.self_attn.q_proj.weight,layer_23,attention_q,solver_rank1_r5,solver_rank1,5,10485760,0.01160936066158193
model.layers.23.self_attn.q_proj.weight,layer_23,attention_q,solver_full_r1,solver_full,1,10485760,0.013132281637982624
model.layers.23.self_attn.q_proj.weight,layer_23,attention_q,solver_full_r2,solver_full,2,10485760,0.013474021962134755
model.layers.23.self_attn.q_proj.weight,layer_23,attention_q,solver_full_r3,solver_full,3,10485760,0.013482807479451277
model.layers.23.self_attn.q_proj.weight,layer_23,attention_q,solver_full_r4,solver_full,4,10485760,0.013077902043478614
model.layers.23.self_attn.q_proj.weight,layer_23,attention_q,solver_full_r5,solver_full,5,10485760,0.013231720648188722
model.layers.22.post_attention_layernorm.weight,layer_22,normalization,questioner_full_r1,questioner_full,1,2560,9.670853614807129e-06
model.layers.22.post_attention_layernorm.weight,layer_22,normalization,questioner_full_r2,questioner_full,2,2560,2.4557113647460938e-05
model.layers.22.post_attention_layernorm.weight,layer_22,normalization,questioner_full_r3,questioner_full,3,2560,5.245208740234375e-06
model.layers.22.post_attention_layernorm.weight,layer_22,normalization,questioner_full_r4,questioner_full,4,2560,1.1160969734191895e-05
model.layers.22.post_attention_layernorm.weight,layer_22,normalization,questioner_full_r5,questioner_full,5,2560,5.857646465301514e-05
model.layers.22.post_attention_layernorm.weight,layer_22,normalization,solver_rank1_r1,solver_rank1,1,2560,1.870095729827881e-05
model.layers.22.post_attention_layernorm.weight,layer_22,normalization,solver_rank1_r2,solver_rank1,2,2560,7.37607479095459e-06
model.layers.22.post_attention_layernorm.weight,layer_22,normalization,solver_rank1_r3,solver_rank1,3,2560,7.4356794357299805e-06
model.layers.22.post_attention_layernorm.weight,layer_22,normalization,solver_rank1_r4,solver_rank1,4,2560,1.2174248695373535e-05
model.layers.22.post_attention_layernorm.weight,layer_22,normalization,solver_rank1_r5,solver_rank1,5,2560,5.46872615814209e-06
model.layers.22.post_attention_layernorm.weight,layer_22,normalization,solver_full_r1,solver_full,1,2560,1.870095729827881e-05
model.layers.22.post_attention_layernorm.weight,layer_22,normalization,solver_full_r2,solver_full,2,2560,7.37607479095459e-06
model.layers.22.post_attention_layernorm.weight,layer_22,normalization,solver_full_r3,solver_full,3,2560,7.4356794357299805e-06
model.layers.22.post_attention_layernorm.weight,layer_22,normalization,solver_full_r4,solver_full,4,2560,1.2174248695373535e-05
model.layers.22.post_attention_layernorm.weight,layer_22,normalization,solver_full_r5,solver_full,5,2560,5.46872615814209e-06
model.layers.14.self_attn.k_proj.weight,layer_14,attention_k,questioner_full_r1,questioner_full,1,2621440,0.004691164627643424
model.layers.14.self_attn.k_proj.weight,layer_14,attention_k,questioner_full_r2,questioner_full,2,2621440,0.024800331824953576
model.layers.14.self_attn.k_proj.weight,layer_14,attention_k,questioner_full_r3,questioner_full,3,2621440,0.02644226332256508
model.layers.14.self_attn.k_proj.weight,layer_14,attention_k,questioner_full_r4,questioner_full,4,2621440,0.02698550090633544
model.layers.14.self_attn.k_proj.weight,layer_14,attention_k,questioner_full_r5,questioner_full,5,2621440,0.0277169437789794
model.layers.14.self_attn.k_proj.weight,layer_14,attention_k,solver_rank1_r1,solver_rank1,1,2621440,0.006747214718265235
model.layers.14.self_attn.k_proj.weight,layer_14,attention_k,solver_rank1_r2,solver_rank1,2,2621440,0.007295731749148374
model.layers.14.self_attn.k_proj.weight,layer_14,attention_k,solver_rank1_r3,solver_rank1,3,2621440,0.006636018475044019
model.layers.14.self_attn.k_proj.weight,layer_14,attention_k,solver_rank1_r4,solver_rank1,4,2621440,0.006485695379319811
model.layers.14.self_attn.k_proj.weight,layer_14,attention_k,solver_rank1_r5,solver_rank1,5,2621440,0.006482648779163548
model.layers.14.self_attn.k_proj.weight,layer_14,attention_k,solver_full_r1,solver_full,1,2621440,0.007337706038801816
model.layers.14.self_attn.k_proj.weight,layer_14,attention_k,solver_full_r2,solver_full,2,2621440,0.008081877644381839
model.layers.14.self_attn.k_proj.weight,layer_14,attention_k,solver_full_r3,solver_full,3,2621440,0.0075289370448154425
model.layers.14.self_attn.k_proj.weight,layer_14,attention_k,solver_full_r4,solver_full,4,2621440,0.007289591907556343
model.layers.14.self_attn.k_proj.weight,layer_14,attention_k,solver_full_r5,solver_full,5,2621440,0.007340124611276586
model.layers.26.self_attn.q_norm.weight,layer_26,normalization,questioner_full_r1,questioner_full,1,128,0.0
model.layers.26.self_attn.q_norm.weight,layer_26,normalization,questioner_full_r2,questioner_full,2,128,1.52587890625e-05
model.layers.26.self_attn.q_norm.weight,layer_26,normalization,questioner_full_r3,questioner_full,3,128,1.52587890625e-05
model.layers.26.self_attn.q_norm.weight,layer_26,normalization,questioner_full_r4,questioner_full,4,128,3.0517578125e-05
model.layers.26.self_attn.q_norm.weight,layer_26,normalization,questioner_full_r5,questioner_full,5,128,3.0517578125e-05
model.layers.26.self_attn.q_norm.weight,layer_26,normalization,solver_rank1_r1,solver_rank1,1,128,1.52587890625e-05
model.layers.26.self_attn.q_norm.weight,layer_26,normalization,solver_rank1_r2,solver_rank1,2,128,0.0
model.layers.26.self_attn.q_norm.weight,layer_26,normalization,solver_rank1_r3,solver_rank1,3,128,0.0
model.layers.26.self_attn.q_norm.weight,layer_26,normalization,solver_rank1_r4,solver_rank1,4,128,0.0
model.layers.26.self_attn.q_norm.weight,layer_26,normalization,solver_rank1_r5,solver_rank1,5,128,1.52587890625e-05
model.layers.26.self_attn.q_norm.weight,layer_26,normalization,solver_full_r1,solver_full,1,128,1.52587890625e-05
model.layers.26.self_attn.q_norm.weight,layer_26,normalization,solver_full_r2,solver_full,2,128,0.0
model.layers.26.self_attn.q_norm.weight,layer_26,normalization,solver_full_r3,solver_full,3,128,0.0
model.layers.26.self_attn.q_norm.weight,layer_26,normalization,solver_full_r4,solver_full,4,128,0.0
model.layers.26.self_attn.q_norm.weight,layer_26,normalization,solver_full_r5,solver_full,5,128,1.52587890625e-05
model.layers.9.self_attn.k_norm.weight,layer_09,normalization,questioner_full_r1,questioner_full,1,128,2.132480599880018e-05
model.layers.9.self_attn.k_norm.weight,layer_09,normalization,questioner_full_r2,questioner_full,2,128,3.4239431516678315e-05
model.layers.9.self_attn.k_norm.weight,layer_09,normalization,questioner_full_r3,questioner_full,3,128,7.068135819888221e-05
model.layers.9.self_attn.k_norm.weight,layer_09,normalization,questioner_full_r4,questioner_full,4,128,2.942514156444838e-05
model.layers.9.self_attn.k_norm.weight,layer_09,normalization,questioner_full_r5,questioner_full,5,128,4.73103208725451e-05
model.layers.9.self_attn.k_norm.weight,layer_09,normalization,solver_rank1_r1,solver_rank1,1,128,1.52587890625e-05
model.layers.9.self_attn.k_norm.weight,layer_09,normalization,solver_rank1_r2,solver_rank1,2,128,0.0
model.layers.9.self_attn.k_norm.weight,layer_09,normalization,solver_rank1_r3,solver_rank1,3,128,2.5960269143707655e-05
model.layers.9.self_attn.k_norm.weight,layer_09,normalization,solver_rank1_r4,solver_rank1,4,128,1.5986494650116168e-05
model.layers.9.self_attn.k_norm.weight,layer_09,normalization,solver_rank1_r5,solver_rank1,5,128,2.09808349609375e-05
model.layers.9.self_attn.k_norm.weight,layer_09,normalization,solver_full_r1,solver_full,1,128,1.5843627668224478e-05
model.layers.9.self_attn.k_norm.weight,layer_09,normalization,solver_full_r2,solver_full,2,128,9.956652172956992e-06
model.layers.9.self_attn.k_norm.weight,layer_09,normalization,solver_full_r3,solver_full,3,128,2.685571258607621e-05
model.layers.9.self_attn.k_norm.weight,layer_09,normalization,solver_full_r4,solver_full,4,128,1.697968846775518e-05
model.layers.9.self_attn.k_norm.weight,layer_09,normalization,solver_full_r5,solver_full,5,128,2.2017281304579155e-05
model.layers.26.self_attn.v_proj.weight,layer_26,attention_v,questioner_full_r1,questioner_full,1,2621440,0.003937488572361617
model.layers.26.self_attn.v_proj.weight,layer_26,attention_v,questioner_full_r2,questioner_full,2,2621440,0.027161744449074845
model.layers.26.self_attn.v_proj.weight,layer_26,attention_v,questioner_full_r3,questioner_full,3,2621440,0.026948565355703884
model.layers.26.self_attn.v_proj.weight,layer_26,attention_v,questioner_full_r4,questioner_full,4,2621440,0.025571277883183773
model.layers.26.self_attn.v_proj.weight,layer_26,attention_v,questioner_full_r5,questioner_full,5,2621440,0.026384690830731965
model.layers.26.self_attn.v_proj.weight,layer_26,attention_v,solver_rank1_r1,solver_rank1,1,2621440,0.0056257074132386705
model.layers.26.self_attn.v_proj.weight,layer_26,attention_v,solver_rank1_r2,solver_rank1,2,2621440,0.006001681450418626
model.layers.26.self_attn.v_proj.weight,layer_26,attention_v,solver_rank1_r3,solver_rank1,3,2621440,0.0059114205426314586
model.layers.26.self_attn.v_proj.weight,layer_26,attention_v,solver_rank1_r4,solver_rank1,4,2621440,0.0060566463073036
model.layers.26.self_attn.v_proj.weight,layer_26,attention_v,solver_rank1_r5,solver_rank1,5,2621440,0.00586850253536019
model.layers.26.self_attn.v_proj.weight,layer_26,attention_v,solver_full_r1,solver_full,1,2621440,0.006214329840812081
model.layers.26.self_attn.v_proj.weight,layer_26,attention_v,solver_full_r2,solver_full,2,2621440,0.006790192609349706
model.layers.26.self_attn.v_proj.weight,layer_26,attention_v,solver_full_r3,solver_full,3,2621440,0.006754145380191851
model.layers.26.self_attn.v_proj.weight,layer_26,attention_v,solver_full_r4,solver_full,4,2621440,0.006959271682176471
model.layers.26.self_attn.v_proj.weight,layer_26,attention_v,solver_full_r5,solver_full,5,2621440,0.006739789394578149
model.layers.11.self_attn.o_proj.weight,layer_11,attention_o,questioner_full_r1,questioner_full,1,10485760,0.008906889487537931
model.layers.11.self_attn.o_proj.weight,layer_11,attention_o,questioner_full_r2,questioner_full,2,10485760,0.04970148286915821
model.layers.11.self_attn.o_proj.weight,layer_11,attention_o,questioner_full_r3,questioner_full,3,10485760,0.051801350563469996
model.layers.11.self_attn.o_proj.weight,layer_11,attention_o,questioner_full_r4,questioner_full,4,10485760,0.05146826985118726
model.layers.11.self_attn.o_proj.weight,layer_11,attention_o,questioner_full_r5,questioner_full,5,10485760,0.0535765110371449
model.layers.11.self_attn.o_proj.weight,layer_11,attention_o,solver_rank1_r1,solver_rank1,1,10485760,0.014133881808233762
model.layers.11.self_attn.o_proj.weight,layer_11,attention_o,solver_rank1_r2,solver_rank1,2,10485760,0.013815052976477718
model.layers.11.self_attn.o_proj.weight,layer_11,attention_o,solver_rank1_r3,solver_rank1,3,10485760,0.013624202599294451
model.layers.11.self_attn.o_proj.weight,layer_11,attention_o,solver_rank1_r4,solver_rank1,4,10485760,0.012453062973619498
model.layers.11.self_attn.o_proj.weight,layer_11,attention_o,solver_rank1_r5,solver_rank1,5,10485760,0.013790244152134602
model.layers.11.self_attn.o_proj.weight,layer_11,attention_o,solver_full_r1,solver_full,1,10485760,0.015371810407386454
model.layers.11.self_attn.o_proj.weight,layer_11,attention_o,solver_full_r2,solver_full,2,10485760,0.015411322364616026
model.layers.11.self_attn.o_proj.weight,layer_11,attention_o,solver_full_r3,solver_full,3,10485760,0.015347614760641568
model.layers.11.self_attn.o_proj.weight,layer_11,attention_o,solver_full_r4,solver_full,4,10485760,0.014143213963553754
model.layers.11.self_attn.o_proj.weight,layer_11,attention_o,solver_full_r5,solver_full,5,10485760,0.014795260099215276
model.layers.34.self_attn.q_norm.weight,layer_34,normalization,questioner_full_r1,questioner_full,1,128,0.0
model.layers.34.self_attn.q_norm.weight,layer_34,normalization,questioner_full_r2,questioner_full,2,128,0.0
model.layers.34.self_attn.q_norm.weight,layer_34,normalization,questioner_full_r3,questioner_full,3,128,0.0
model.layers.34.self_attn.q_norm.weight,layer_34,normalization,questioner_full_r4,questioner_full,4,128,0.0
model.layers.34.self_attn.q_norm.weight,layer_34,normalization,questioner_full_r5,questioner_full,5,128,3.0517578125e-05
model.layers.34.self_attn.q_norm.weight,layer_34,normalization,solver_rank1_r1,solver_rank1,1,128,0.0
model.layers.34.self_attn.q_norm.weight,layer_34,normalization,solver_rank1_r2,solver_rank1,2,128,0.0
model.layers.34.self_attn.q_norm.weight,layer_34,normalization,solver_rank1_r3,solver_rank1,3,128,0.0
model.layers.34.self_attn.q_norm.weight,layer_34,normalization,solver_rank1_r4,solver_rank1,4,128,0.0
model.layers.34.self_attn.q_norm.weight,layer_34,normalization,solver_rank1_r5,solver_rank1,5,128,0.0
model.layers.34.self_attn.q_norm.weight,layer_34,normalization,solver_full_r1,solver_full,1,128,0.0
model.layers.34.self_attn.q_norm.weight,layer_34,normalization,solver_full_r2,solver_full,2,128,0.0
model.layers.34.self_attn.q_norm.weight,layer_34,normalization,solver_full_r3,solver_full,3,128,0.0
model.layers.34.self_attn.q_norm.weight,layer_34,normalization,solver_full_r4,solver_full,4,128,0.0
model.layers.34.self_attn.q_norm.weight,layer_34,normalization,solver_full_r5,solver_full,5,128,0.0
model.layers.30.self_attn.v_proj.weight,layer_30,attention_v,questioner_full_r1,questioner_full,1,2621440,0.0038833331557173653
model.layers.30.self_attn.v_proj.weight,layer_30,attention_v,questioner_full_r2,questioner_full,2,2621440,0.026266516234162884
model.layers.30.self_attn.v_proj.weight,layer_30,attention_v,questioner_full_r3,questioner_full,3,2621440,0.02606988783382748
model.layers.30.self_attn.v_proj.weight,layer_30,attention_v,questioner_full_r4,questioner_full,4,2621440,0.025840922023732612
model.layers.30.self_attn.v_proj.weight,layer_30,attention_v,questioner_full_r5,questioner_full,5,2621440,0.026360759624915447
model.layers.30.self_attn.v_proj.weight,layer_30,attention_v,solver_rank1_r1,solver_rank1,1,2621440,0.005429529245418817
model.layers.30.self_attn.v_proj.weight,layer_30,attention_v,solver_rank1_r2,solver_rank1,2,2621440,0.005956556335947527
model.layers.30.self_attn.v_proj.weight,layer_30,attention_v,solver_rank1_r3,solver_rank1,3,2621440,0.005491249840385267
model.layers.30.self_attn.v_proj.weight,layer_30,attention_v,solver_rank1_r4,solver_rank1,4,2621440,0.00559122469033853
model.layers.30.self_attn.v_proj.weight,layer_30,attention_v,solver_rank1_r5,solver_rank1,5,2621440,0.005491726988662385
model.layers.30.self_attn.v_proj.weight,layer_30,attention_v,solver_full_r1,solver_full,1,2621440,0.00592493983582612
model.layers.30.self_attn.v_proj.weight,layer_30,attention_v,solver_full_r2,solver_full,2,2621440,0.006643813176303081
model.layers.30.self_attn.v_proj.weight,layer_30,attention_v,solver_full_r3,solver_full,3,2621440,0.006234453701610651
model.layers.30.self_attn.v_proj.weight,layer_30,attention_v,solver_full_r4,solver_full,4,2621440,0.0062957703316003635
model.layers.30.self_attn.v_proj.weight,layer_30,attention_v,solver_full_r5,solver_full,5,2621440,0.00623640012039176
model.layers.32.self_attn.v_proj.weight,layer_32,attention_v,questioner_full_r1,questioner_full,1,2621440,0.004042784538566497
model.layers.32.self_attn.v_proj.weight,layer_32,attention_v,questioner_full_r2,questioner_full,2,2621440,0.025521490187325725
model.layers.32.self_attn.v_proj.weight,layer_32,attention_v,questioner_full_r3,questioner_full,3,2621440,0.024833845322576296
model.layers.32.self_attn.v_proj.weight,layer_32,attention_v,questioner_full_r4,questioner_full,4,2621440,0.025532512861985886
model.layers.32.self_attn.v_proj.weight,layer_32,attention_v,questioner_full_r5,questioner_full,5,2621440,0.02586548610217081
model.layers.32.self_attn.v_proj.weight,layer_32,attention_v,solver_rank1_r1,solver_rank1,1,2621440,0.0051408740844595
model.layers.32.self_attn.v_proj.weight,layer_32,attention_v,solver_rank1_r2,solver_rank1,2,2621440,0.006235091756917283
model.layers.32.self_attn.v_proj.weight,layer_32,attention_v,solver_rank1_r3,solver_rank1,3,2621440,0.005388907250194941
model.layers.32.self_attn.v_proj.weight,layer_32,attention_v,solver_rank1_r4,solver_rank1,4,2621440,0.005504944210144047
model.layers.32.self_attn.v_proj.weight,layer_32,attention_v,solver_rank1_r5,solver_rank1,5,2621440,0.005224857295891076
model.layers.32.self_attn.v_proj.weight,layer_32,attention_v,solver_full_r1,solver_full,1,2621440,0.005572585801831078
model.layers.32.self_attn.v_proj.weight,layer_32,attention_v,solver_full_r2,solver_full,2,2621440,0.006815599157142659
model.layers.32.self_attn.v_proj.weight,layer_32,attention_v,solver_full_r3,solver_full,3,2621440,0.00600381566314601
model.layers.32.self_attn.v_proj.weight,layer_32,attention_v,solver_full_r4,solver_full,4,2621440,0.006085193372407175
model.layers.32.self_attn.v_proj.weight,layer_32,attention_v,solver_full_r5,solver_full,5,2621440,0.005869572722809546
model.layers.32.self_attn.q_norm.weight,layer_32,normalization,questioner_full_r1,questioner_full,1,128,1.0013580322265625e-05
model.layers.32.self_attn.q_norm.weight,layer_32,normalization,questioner_full_r2,questioner_full,2,128,1.9073486328125e-05
model.layers.32.self_attn.q_norm.weight,layer_32,normalization,questioner_full_r3,questioner_full,3,128,1.33514404296875e-05
model.layers.32.self_attn.q_norm.weight,layer_32,normalization,questioner_full_r4,questioner_full,4,128,2.7418136596679688e-05
model.layers.32.self_attn.q_norm.weight,layer_32,normalization,questioner_full_r5,questioner_full,5,128,3.5762786865234375e-06
model.layers.32.self_attn.q_norm.weight,layer_32,normalization,solver_rank1_r1,solver_rank1,1,128,1.4781951904296875e-05
model.layers.32.self_attn.q_norm.weight,layer_32,normalization,solver_rank1_r2,solver_rank1,2,128,9.5367431640625e-07
model.layers.32.self_attn.q_norm.weight,layer_32,normalization,solver_rank1_r3,solver_rank1,3,128,9.059906005859375e-06
model.layers.32.self_attn.q_norm.weight,layer_32,normalization,solver_rank1_r4,solver_rank1,4,128,4.76837158203125e-07
model.layers.32.self_attn.q_norm.weight,layer_32,normalization,solver_rank1_r5,solver_rank1,5,128,8.106231689453125e-06
model.layers.32.self_attn.q_norm.weight,layer_32,normalization,solver_full_r1,solver_full,1,128,1.4781951904296875e-05
model.layers.32.self_attn.q_norm.weight,layer_32,normalization,solver_full_r2,solver_full,2,128,9.5367431640625e-07
model.layers.32.self_attn.q_norm.weight,layer_32,normalization,solver_full_r3,solver_full,3,128,9.059906005859375e-06
model.layers.32.self_attn.q_norm.weight,layer_32,normalization,solver_full_r4,solver_full,4,128,4.76837158203125e-07
model.layers.32.self_attn.q_norm.weight,layer_32,normalization,solver_full_r5,solver_full,5,128,8.106231689453125e-06
model.layers.34.input_layernorm.weight,layer_34,normalization,questioner_full_r1,questioner_full,1,2560,0.0
model.layers.34.input_layernorm.weight,layer_34,normalization,questioner_full_r2,questioner_full,2,2560,0.0
model.layers.34.input_layernorm.weight,layer_34,normalization,questioner_full_r3,questioner_full,3,2560,0.0
model.layers.34.input_layernorm.weight,layer_34,normalization,questioner_full_r4,questioner_full,4,2560,0.0
model.layers.34.input_layernorm.weight,layer_34,normalization,questioner_full_r5,questioner_full,5,2560,0.0
model.layers.34.input_layernorm.weight,layer_34,normalization,solver_rank1_r1,solver_rank1,1,2560,0.0
model.layers.34.input_layernorm.weight,layer_34,normalization,solver_rank1_r2,solver_rank1,2,2560,0.0
model.layers.34.input_layernorm.weight,layer_34,normalization,solver_rank1_r3,solver_rank1,3,2560,0.0
model.layers.34.input_layernorm.weight,layer_34,normalization,solver_rank1_r4,solver_rank1,4,2560,0.0
model.layers.34.input_layernorm.weight,layer_34,normalization,solver_rank1_r5,solver_rank1,5,2560,0.0
model.layers.34.input_layernorm.weight,layer_34,normalization,solver_full_r1,solver_full,1,2560,0.0
model.layers.34.input_layernorm.weight,layer_34,normalization,solver_full_r2,solver_full,2,2560,0.0
model.layers.34.input_layernorm.weight,layer_34,normalization,solver_full_r3,solver_full,3,2560,0.0
model.layers.34.input_layernorm.weight,layer_34,normalization,solver_full_r4,solver_full,4,2560,0.0
model.layers.34.input_layernorm.weight,layer_34,normalization,solver_full_r5,solver_full,5,2560,0.0
model.layers.9.input_layernorm.weight,layer_09,normalization,questioner_full_r1,questioner_full,1,2560,8.996945507103542e-06
model.layers.9.input_layernorm.weight,layer_09,normalization,questioner_full_r2,questioner_full,2,2560,2.3592599633890115e-05
model.layers.9.input_layernorm.weight,layer_09,normalization,questioner_full_r3,questioner_full,3,2560,1.4557206652139423e-05
model.layers.9.input_layernorm.weight,layer_09,normalization,questioner_full_r4,questioner_full,4,2560,1.2971373089538044e-05
model.layers.9.input_layernorm.weight,layer_09,normalization,questioner_full_r5,questioner_full,5,2560,4.923213767677424e-05
model.layers.9.input_layernorm.weight,layer_09,normalization,solver_rank1_r1,solver_rank1,1,2560,7.688768146799611e-06
model.layers.9.input_layernorm.weight,layer_09,normalization,solver_rank1_r2,solver_rank1,2,2560,9.5367431640625e-07
model.layers.9.input_layernorm.weight,layer_09,normalization,solver_rank1_r3,solver_rank1,3,2560,1.0137697041258478e-05
model.layers.9.input_layernorm.weight,layer_09,normalization,solver_rank1_r4,solver_rank1,4,2560,1.7993891014207083e-05
model.layers.9.input_layernorm.weight,layer_09,normalization,solver_rank1_r5,solver_rank1,5,2560,1.2212990259996125e-05
model.layers.9.input_layernorm.weight,layer_09,normalization,solver_full_r1,solver_full,1,2560,7.864199877963372e-06
model.layers.9.input_layernorm.weight,layer_09,normalization,solver_full_r2,solver_full,2,2560,1.9073486328125e-06
model.layers.9.input_layernorm.weight,layer_09,normalization,solver_full_r3,solver_full,3,2560,1.0137697041258478e-05
model.layers.9.input_layernorm.weight,layer_09,normalization,solver_full_r4,solver_full,4,2560,1.7507133246122188e-05
model.layers.9.input_layernorm.weight,layer_09,normalization,solver_full_r5,solver_full,5,2560,1.1444091796875e-05
model.layers.0.self_attn.k_norm.weight,layer_00,normalization,questioner_full_r1,questioner_full,1,128,0.0
model.layers.0.self_attn.k_norm.weight,layer_00,normalization,questioner_full_r2,questioner_full,2,128,0.0
model.layers.0.self_attn.k_norm.weight,layer_00,normalization,questioner_full_r3,questioner_full,3,128,0.0
model.layers.0.self_attn.k_norm.weight,layer_00,normalization,questioner_full_r4,questioner_full,4,128,0.0
model.layers.0.self_attn.k_norm.weight,layer_00,normalization,questioner_full_r5,questioner_full,5,128,0.0
model.layers.0.self_attn.k_norm.weight,layer_00,normalization,solver_rank1_r1,solver_rank1,1,128,0.0
model.layers.0.self_attn.k_norm.weight,layer_00,normalization,solver_rank1_r2,solver_rank1,2,128,0.0
model.layers.0.self_attn.k_norm.weight,layer_00,normalization,solver_rank1_r3,solver_rank1,3,128,0.0
model.layers.0.self_attn.k_norm.weight,layer_00,normalization,solver_rank1_r4,solver_rank1,4,128,0.0
model.layers.0.self_attn.k_norm.weight,layer_00,normalization,solver_rank1_r5,solver_rank1,5,128,0.0
model.layers.0.self_attn.k_norm.weight,layer_00,normalization,solver_full_r1,solver_full,1,128,0.0
model.layers.0.self_attn.k_norm.weight,layer_00,normalization,solver_full_r2,solver_full,2,128,0.0
model.layers.0.self_attn.k_norm.weight,layer_00,normalization,solver_full_r3,solver_full,3,128,0.0
model.layers.0.self_attn.k_norm.weight,layer_00,normalization,solver_full_r4,solver_full,4,128,0.0
model.layers.0.self_attn.k_norm.weight,layer_00,normalization,solver_full_r5,solver_full,5,128,0.0
model.layers.17.self_attn.k_norm.weight,layer_17,normalization,questioner_full_r1,questioner_full,1,128,1.0789593218788873e-05
model.layers.17.self_attn.k_norm.weight,layer_17,normalization,questioner_full_r2,questioner_full,2,128,3.1514571460453614e-05
model.layers.17.self_attn.k_norm.weight,layer_17,normalization,questioner_full_r3,questioner_full,3,128,3.099074708799729e-05
model.layers.17.self_attn.k_norm.weight,layer_17,normalization,questioner_full_r4,questioner_full,4,128,4.485311895868243e-05
model.layers.17.self_attn.k_norm.weight,layer_17,normalization,questioner_full_r5,questioner_full,5,128,2.328215716501942e-05
model.layers.17.self_attn.k_norm.weight,layer_17,normalization,solver_rank1_r1,solver_rank1,1,128,1.375408659158321e-05
model.layers.17.self_attn.k_norm.weight,layer_17,normalization,solver_rank1_r2,solver_rank1,2,128,1.2212990259996125e-05
model.layers.17.self_attn.k_norm.weight,layer_17,normalization,solver_rank1_r3,solver_rank1,3,128,2.328215716501942e-05
model.layers.17.self_attn.k_norm.weight,layer_17,normalization,solver_rank1_r4,solver_rank1,4,128,1.8688123647942946e-05
model.layers.17.self_attn.k_norm.weight,layer_17,normalization,solver_rank1_r5,solver_rank1,5,128,1.4896869041264828e-05
model.layers.17.self_attn.k_norm.weight,layer_17,normalization,solver_full_r1,solver_full,1,128,1.375408659158321e-05
model.layers.17.self_attn.k_norm.weight,layer_17,normalization,solver_full_r2,solver_full,2,128,1.375408659158321e-05
model.layers.17.self_attn.k_norm.weight,layer_17,normalization,solver_full_r3,solver_full,3,128,2.328215716501942e-05
model.layers.17.self_attn.k_norm.weight,layer_17,normalization,solver_full_r4,solver_full,4,128,1.954450753395004e-05
model.layers.17.self_attn.k_norm.weight,layer_17,normalization,solver_full_r5,solver_full,5,128,1.8688123647942946e-05
model.layers.27.mlp.down_proj.weight,layer_27,mlp_down,questioner_full_r1,questioner_full,1,24903680,0.010771788473928815
model.layers.27.mlp.down_proj.weight,layer_27,mlp_down,questioner_full_r2,questioner_full,2,24903680,0.08362653372375775
model.layers.27.mlp.down_proj.weight,layer_27,mlp_down,questioner_full_r3,questioner_full,3,24903680,0.08116452712719392
model.layers.27.mlp.down_proj.weight,layer_27,mlp_down,questioner_full_r4,questioner_full,4,24903680,0.0783878519286643
model.layers.27.mlp.down_proj.weight,layer_27,mlp_down,questioner_full_r5,questioner_full,5,24903680,0.0809187045103177
model.layers.27.mlp.down_proj.weight,layer_27,mlp_down,solver_rank1_r1,solver_rank1,1,24903680,0.01593263517328674
model.layers.27.mlp.down_proj.weight,layer_27,mlp_down,solver_rank1_r2,solver_rank1,2,24903680,0.0170223990603409
model.layers.27.mlp.down_proj.weight,layer_27,mlp_down,solver_rank1_r3,solver_rank1,3,24903680,0.016612410620199775
model.layers.27.mlp.down_proj.weight,layer_27,mlp_down,solver_rank1_r4,solver_rank1,4,24903680,0.016952904417962288
model.layers.27.mlp.down_proj.weight,layer_27,mlp_down,solver_rank1_r5,solver_rank1,5,24903680,0.016011454960093843
model.layers.27.mlp.down_proj.weight,layer_27,mlp_down,solver_full_r1,solver_full,1,24903680,0.017564648068335274
model.layers.27.mlp.down_proj.weight,layer_27,mlp_down,solver_full_r2,solver_full,2,24903680,0.019092013099247372
model.layers.27.mlp.down_proj.weight,layer_27,mlp_down,solver_full_r3,solver_full,3,24903680,0.018898598645099778
model.layers.27.mlp.down_proj.weight,layer_27,mlp_down,solver_full_r4,solver_full,4,24903680,0.01922116748582104
model.layers.27.mlp.down_proj.weight,layer_27,mlp_down,solver_full_r5,solver_full,5,24903680,0.018287412195818236
model.layers.6.self_attn.q_proj.weight,layer_06,attention_q,questioner_full_r1,questioner_full,1,10485760,0.00812931443191481
model.layers.6.self_attn.q_proj.weight,layer_06,attention_q,questioner_full_r2,questioner_full,2,10485760,0.049391359671054264
model.layers.6.self_attn.q_proj.weight,layer_06,attention_q,questioner_full_r3,questioner_full,3,10485760,0.051436253014538774
model.layers.6.self_attn.q_proj.weight,layer_06,attention_q,questioner_full_r4,questioner_full,4,10485760,0.05421783998897004
model.layers.6.self_attn.q_proj.weight,layer_06,attention_q,questioner_full_r5,questioner_full,5,10485760,0.05543271701629294
model.layers.6.self_attn.q_proj.weight,layer_06,attention_q,solver_rank1_r1,solver_rank1,1,10485760,0.011750446839416036
model.layers.6.self_attn.q_proj.weight,layer_06,attention_q,solver_rank1_r2,solver_rank1,2,10485760,0.012495149784606491
model.layers.6.self_attn.q_proj.weight,layer_06,attention_q,solver_rank1_r3,solver_rank1,3,10485760,0.011947928561378425
model.layers.6.self_attn.q_proj.weight,layer_06,attention_q,solver_rank1_r4,solver_rank1,4,10485760,0.011084476723539615
model.layers.6.self_attn.q_proj.weight,layer_06,attention_q,solver_rank1_r5,solver_rank1,5,10485760,0.0130143875347538
model.layers.6.self_attn.q_proj.weight,layer_06,attention_q,solver_full_r1,solver_full,1,10485760,0.012803426769761777
model.layers.6.self_attn.q_proj.weight,layer_06,attention_q,solver_full_r2,solver_full,2,10485760,0.01382171728461961
model.layers.6.self_attn.q_proj.weight,layer_06,attention_q,solver_full_r3,solver_full,3,10485760,0.01338163884390167
model.layers.6.self_attn.q_proj.weight,layer_06,attention_q,solver_full_r4,solver_full,4,10485760,0.012531462396611114
model.layers.6.self_attn.q_proj.weight,layer_06,attention_q,solver_full_r5,solver_full,5,10485760,0.013917072619641042
model.layers.21.mlp.up_proj.weight,layer_21,mlp_up,questioner_full_r1,questioner_full,1,24903680,0.013390930630073735
model.layers.21.mlp.up_proj.weight,layer_21,mlp_up,questioner_full_r2,questioner_full,2,24903680,0.08407147200143697
model.layers.21.mlp.up_proj.weight,layer_21,mlp_up,questioner_full_r3,questioner_full,3,24903680,0.08305925710504969
model.layers.21.mlp.up_proj.weight,layer_21,mlp_up,questioner_full_r4,questioner_full,4,24903680,0.08017966110631788
model.layers.21.mlp.up_proj.weight,layer_21,mlp_up,questioner_full_r5,questioner_full,5,24903680,0.08183070006857922
model.layers.21.mlp.up_proj.weight,layer_21,mlp_up,solver_rank1_r1,solver_rank1,1,24903680,0.01855951822955587
model.layers.21.mlp.up_proj.weight,layer_21,mlp_up,solver_rank1_r2,solver_rank1,2,24903680,0.019529591639902654
model.layers.21.mlp.up_proj.weight,layer_21,mlp_up,solver_rank1_r3,solver_rank1,3,24903680,0.018949638014929323
model.layers.21.mlp.up_proj.weight,layer_21,mlp_up,solver_rank1_r4,solver_rank1,4,24903680,0.01853701066507761
model.layers.21.mlp.up_proj.weight,layer_21,mlp_up,solver_rank1_r5,solver_rank1,5,24903680,0.018358335445154153
model.layers.21.mlp.up_proj.weight,layer_21,mlp_up,solver_full_r1,solver_full,1,24903680,0.020427498406802677
model.layers.21.mlp.up_proj.weight,layer_21,mlp_up,solver_full_r2,solver_full,2,24903680,0.021956892700305135
model.layers.21.mlp.up_proj.weight,layer_21,mlp_up,solver_full_r3,solver_full,3,24903680,0.021634601989137955
model.layers.21.mlp.up_proj.weight,layer_21,mlp_up,solver_full_r4,solver_full,4,24903680,0.0212022106864395
model.layers.21.mlp.up_proj.weight,layer_21,mlp_up,solver_full_r5,solver_full,5,24903680,0.02097183589410838
model.layers.3.self_attn.o_proj.weight,layer_03,attention_o,questioner_full_r1,questioner_full,1,10485760,0.007969270735792478
model.layers.3.self_attn.o_proj.weight,layer_03,attention_o,questioner_full_r2,questioner_full,2,10485760,0.044321619609702496
model.layers.3.self_attn.o_proj.weight,layer_03,attention_o,questioner_full_r3,questioner_full,3,10485760,0.04590933291872459
model.layers.3.self_attn.o_proj.weight,layer_03,attention_o,questioner_full_r4,questioner_full,4,10485760,0.05013300319881861
model.layers.3.self_attn.o_proj.weight,layer_03,attention_o,questioner_full_r5,questioner_full,5,10485760,0.05271430152294069
model.layers.3.self_attn.o_proj.weight,layer_03,attention_o,solver_rank1_r1,solver_rank1,1,10485760,0.010706464054835768
model.layers.3.self_attn.o_proj.weight,layer_03,attention_o,solver_rank1_r2,solver_rank1,2,10485760,0.012947688983466014
model.layers.3.self_attn.o_proj.weight,layer_03,attention_o,solver_rank1_r3,solver_rank1,3,10485760,0.011912098035981769
model.layers.3.self_attn.o_proj.weight,layer_03,attention_o,solver_rank1_r4,solver_rank1,4,10485760,0.01099578902060428
model.layers.3.self_attn.o_proj.weight,layer_03,attention_o,solver_rank1_r5,solver_rank1,5,10485760,0.011674419559732991
model.layers.3.self_attn.o_proj.weight,layer_03,attention_o,solver_full_r1,solver_full,1,10485760,0.012020379311351186
model.layers.3.self_attn.o_proj.weight,layer_03,attention_o,solver_full_r2,solver_full,2,10485760,0.014205040184060574
model.layers.3.self_attn.o_proj.weight,layer_03,attention_o,solver_full_r3,solver_full,3,10485760,0.013224204472768168
model.layers.3.self_attn.o_proj.weight,layer_03,attention_o,solver_full_r4,solver_full,4,10485760,0.012238738150547351
model.layers.3.self_attn.o_proj.weight,layer_03,attention_o,solver_full_r5,solver_full,5,10485760,0.013219447206650579
model.layers.28.self_attn.v_proj.weight,layer_28,attention_v,questioner_full_r1,questioner_full,1,2621440,0.0038258251663783223
model.layers.28.self_attn.v_proj.weight,layer_28,attention_v,questioner_full_r2,questioner_full,2,2621440,0.02715778737631271
model.layers.28.self_attn.v_proj.weight,layer_28,attention_v,questioner_full_r3,questioner_full,3,2621440,0.026768505383682313
model.layers.28.self_attn.v_proj.weight,layer_28,attention_v,questioner_full_r4,questioner_full,4,2621440,0.025882595289651995
model.layers.28.self_attn.v_proj.weight,layer_28,attention_v,questioner_full_r5,questioner_full,5,2621440,0.02623465934032249
model.layers.28.self_attn.v_proj.weight,layer_28,attention_v,solver_rank1_r1,solver_rank1,1,2621440,0.005411930459626786
model.layers.28.self_attn.v_proj.weight,layer_28,attention_v,solver_rank1_r2,solver_rank1,2,2621440,0.005737170416955093
model.layers.28.self_attn.v_proj.weight,layer_28,attention_v,solver_rank1_r3,solver_rank1,3,2621440,0.0055901630806042685
model.layers.28.self_attn.v_proj.weight,layer_28,attention_v,solver_rank1_r4,solver_rank1,4,2621440,0.005602164086094738
model.layers.28.self_attn.v_proj.weight,layer_28,attention_v,solver_rank1_r5,solver_rank1,5,2621440,0.005489153565247687
model.layers.28.self_attn.v_proj.weight,layer_28,attention_v,solver_full_r1,solver_full,1,2621440,0.005968597890065592
model.layers.28.self_attn.v_proj.weight,layer_28,attention_v,solver_full_r2,solver_full,2,2621440,0.006434101722265864
model.layers.28.self_attn.v_proj.weight,layer_28,attention_v,solver_full_r3,solver_full,3,2621440,0.006349281271527391
model.layers.28.self_attn.v_proj.weight,layer_28,attention_v,solver_full_r4,solver_full,4,2621440,0.006345272046292205
model.layers.28.self_attn.v_proj.weight,layer_28,attention_v,solver_full_r5,solver_full,5,2621440,0.00624112868012796
model.layers.30.self_attn.q_proj.weight,layer_30,attention_q,questioner_full_r1,questioner_full,1,10485760,0.007235142933125479
model.layers.30.self_attn.q_proj.weight,layer_30,attention_q,questioner_full_r2,questioner_full,2,10485760,0.05695366779540994
model.layers.30.self_attn.q_proj.weight,layer_30,attention_q,questioner_full_r3,questioner_full,3,10485760,0.053564447072166996
model.layers.30.self_attn.q_proj.weight,layer_30,attention_q,questioner_full_r4,questioner_full,4,10485760,0.05442704309869788
model.layers.30.self_attn.q_proj.weight,layer_30,attention_q,questioner_full_r5,questioner_full,5,10485760,0.05644813433815484
model.layers.30.self_attn.q_proj.weight,layer_30,attention_q,solver_rank1_r1,solver_rank1,1,10485760,0.01060924319313253
model.layers.30.self_attn.q_proj.weight,layer_30,attention_q,solver_rank1_r2,solver_rank1,2,10485760,0.011128339722992046
model.layers.30.self_attn.q_proj.weight,layer_30,attention_q,solver_rank1_r3,solver_rank1,3,10485760,0.01048455828985907
model.layers.30.self_attn.q_proj.weight,layer_30,attention_q,solver_rank1_r4,solver_rank1,4,10485760,0.010812366205583785
model.layers.30.self_attn.q_proj.weight,layer_30,attention_q,solver_rank1_r5,solver_rank1,5,10485760,0.010668268096313155
model.layers.30.self_attn.q_proj.weight,layer_30,attention_q,solver_full_r1,solver_full,1,10485760,0.011745334696972693
model.layers.30.self_attn.q_proj.weight,layer_30,attention_q,solver_full_r2,solver_full,2,10485760,0.012504519632064134
model.layers.30.self_attn.q_proj.weight,layer_30,attention_q,solver_full_r3,solver_full,3,10485760,0.01197680339342227
model.layers.30.self_attn.q_proj.weight,layer_30,attention_q,solver_full_r4,solver_full,4,10485760,0.01223538999455147
model.layers.30.self_attn.q_proj.weight,layer_30,attention_q,solver_full_r5,solver_full,5,10485760,0.012175522442886236
model.layers.23.mlp.up_proj.weight,layer_23,mlp_up,questioner_full_r1,questioner_full,1,24903680,0.011580153719963794
model.layers.23.mlp.up_proj.weight,layer_23,mlp_up,questioner_full_r2,questioner_full,2,24903680,0.08373834733671905
model.layers.23.mlp.up_proj.weight,layer_23,mlp_up,questioner_full_r3,questioner_full,3,24903680,0.08225615128594767
model.layers.23.mlp.up_proj.weight,layer_23,mlp_up,questioner_full_r4,questioner_full,4,24903680,0.07858526661044121
model.layers.23.mlp.up_proj.weight,layer_23,mlp_up,questioner_full_r5,questioner_full,5,24903680,0.08091867047677066
model.layers.23.mlp.up_proj.weight,layer_23,mlp_up,solver_rank1_r1,solver_rank1,1,24903680,0.01669858045070052
model.layers.23.mlp.up_proj.weight,layer_23,mlp_up,solver_rank1_r2,solver_rank1,2,24903680,0.017591835861231944
model.layers.23.mlp.up_proj.weight,layer_23,mlp_up,solver_rank1_r3,solver_rank1,3,24903680,0.01735637855350772
model.layers.23.mlp.up_proj.weight,layer_23,mlp_up,solver_rank1_r4,solver_rank1,4,24903680,0.017429723937073077
model.layers.23.mlp.up_proj.weight,layer_23,mlp_up,solver_rank1_r5,solver_rank1,5,24903680,0.01702258421853958
model.layers.23.mlp.up_proj.weight,layer_23,mlp_up,solver_full_r1,solver_full,1,24903680,0.018484363661508674
model.layers.23.mlp.up_proj.weight,layer_23,mlp_up,solver_full_r2,solver_full,2,24903680,0.019883319349621436
model.layers.23.mlp.up_proj.weight,layer_23,mlp_up,solver_full_r3,solver_full,3,24903680,0.019932904326575154
model.layers.23.mlp.up_proj.weight,layer_23,mlp_up,solver_full_r4,solver_full,4,24903680,0.019969774316574342
model.layers.23.mlp.up_proj.weight,layer_23,mlp_up,solver_full_r5,solver_full,5,24903680,0.019511576868913142
model.layers.19.self_attn.k_proj.weight,layer_19,attention_k,questioner_full_r1,questioner_full,1,2621440,0.005064768878109719
model.layers.19.self_attn.k_proj.weight,layer_19,attention_k,questioner_full_r2,questioner_full,2,2621440,0.02842332622121581
model.layers.19.self_attn.k_proj.weight,layer_19,attention_k,questioner_full_r3,questioner_full,3,2621440,0.02859761633995256
model.layers.19.self_attn.k_proj.weight,layer_19,attention_k,questioner_full_r4,questioner_full,4,2621440,0.028745398318767743
model.layers.19.self_attn.k_proj.weight,layer_19,attention_k,questioner_full_r5,questioner_full,5,2621440,0.02832044429789491
model.layers.19.self_attn.k_proj.weight,layer_19,attention_k,solver_rank1_r1,solver_rank1,1,2621440,0.0065642836534445985
model.layers.19.self_attn.k_proj.weight,layer_19,attention_k,solver_rank1_r2,solver_rank1,2,2621440,0.0067942888727523165
model.layers.19.self_attn.k_proj.weight,layer_19,attention_k,solver_rank1_r3,solver_rank1,3,2621440,0.006618608726681735
model.layers.19.self_attn.k_proj.weight,layer_19,attention_k,solver_rank1_r4,solver_rank1,4,2621440,0.006574333105054067
model.layers.19.self_attn.k_proj.weight,layer_19,attention_k,solver_rank1_r5,solver_rank1,5,2621440,0.0065545969163385434
model.layers.19.self_attn.k_proj.weight,layer_19,attention_k,solver_full_r1,solver_full,1,2621440,0.007178496437709227
model.layers.19.self_attn.k_proj.weight,layer_19,attention_k,solver_full_r2,solver_full,2,2621440,0.007607041814067976
model.layers.19.self_attn.k_proj.weight,layer_19,attention_k,solver_full_r3,solver_full,3,2621440,0.007598185124750633
model.layers.19.self_attn.k_proj.weight,layer_19,attention_k,solver_full_r4,solver_full,4,2621440,0.007423680458018447
model.layers.19.self_attn.k_proj.weight,layer_19,attention_k,solver_full_r5,solver_full,5,2621440,0.007516206840157609
model.layers.10.post_attention_layernorm.weight,layer_10,normalization,questioner_full_r1,questioner_full,1,2560,4.649162292480469e-06
model.layers.10.post_attention_layernorm.weight,layer_10,normalization,questioner_full_r2,questioner_full,2,2560,5.9604644775390625e-06
model.layers.10.post_attention_layernorm.weight,layer_10,normalization,questioner_full_r3,questioner_full,3,2560,4.76837158203125e-06
model.layers.10.post_attention_layernorm.weight,layer_10,normalization,questioner_full_r4,questioner_full,4,2560,2.372264862060547e-05
model.layers.10.post_attention_layernorm.weight,layer_10,normalization,questioner_full_r5,questioner_full,5,2560,9.059906005859375e-06
model.layers.10.post_attention_layernorm.weight,layer_10,normalization,solver_rank1_r1,solver_rank1,1,2560,1.1563301086425781e-05
model.layers.10.post_attention_layernorm.weight,layer_10,normalization,solver_rank1_r2,solver_rank1,2,2560,1.8835067749023438e-05
model.layers.10.post_attention_layernorm.weight,layer_10,normalization,solver_rank1_r3,solver_rank1,3,2560,7.510185241699219e-06
model.layers.10.post_attention_layernorm.weight,layer_10,normalization,solver_rank1_r4,solver_rank1,4,2560,6.198883056640625e-06
model.layers.10.post_attention_layernorm.weight,layer_10,normalization,solver_rank1_r5,solver_rank1,5,2560,1.0132789611816406e-05
model.layers.10.post_attention_layernorm.weight,layer_10,normalization,solver_full_r1,solver_full,1,2560,1.1578202247619629e-05
model.layers.10.post_attention_layernorm.weight,layer_10,normalization,solver_full_r2,solver_full,2,2560,1.8805265426635742e-05
model.layers.10.post_attention_layernorm.weight,layer_10,normalization,solver_full_r3,solver_full,3,2560,7.510185241699219e-06
model.layers.10.post_attention_layernorm.weight,layer_10,normalization,solver_full_r4,solver_full,4,2560,6.16908073425293e-06
model.layers.10.post_attention_layernorm.weight,layer_10,normalization,solver_full_r5,solver_full,5,2560,1.0132789611816406e-05
model.layers.22.mlp.down_proj.weight,layer_22,mlp_down,questioner_full_r1,questioner_full,1,24903680,0.013164538120441022
model.layers.22.mlp.down_proj.weight,layer_22,mlp_down,questioner_full_r2,questioner_full,2,24903680,0.08429530517373801
model.layers.22.mlp.down_proj.weight,layer_22,mlp_down,questioner_full_r3,questioner_full,3,24903680,0.08355067186061693
model.layers.22.mlp.down_proj.weight,layer_22,mlp_down,questioner_full_r4,questioner_full,4,24903680,0.07996961784803336
model.layers.22.mlp.down_proj.weight,layer_22,mlp_down,questioner_full_r5,questioner_full,5,24903680,0.08180037237919478
model.layers.22.mlp.down_proj.weight,layer_22,mlp_down,solver_rank1_r1,solver_rank1,1,24903680,0.017946274212865203
model.layers.22.mlp.down_proj.weight,layer_22,mlp_down,solver_rank1_r2,solver_rank1,2,24903680,0.018997857013842857
model.layers.22.mlp.down_proj.weight,layer_22,mlp_down,solver_rank1_r3,solver_rank1,3,24903680,0.018605442981806195
model.layers.22.mlp.down_proj.weight,layer_22,mlp_down,solver_rank1_r4,solver_rank1,4,24903680,0.01866035113572569
model.layers.22.mlp.down_proj.weight,layer_22,mlp_down,solver_rank1_r5,solver_rank1,5,24903680,0.018010918490817318
model.layers.22.mlp.down_proj.weight,layer_22,mlp_down,solver_full_r1,solver_full,1,24903680,0.0197557792250371
model.layers.22.mlp.down_proj.weight,layer_22,mlp_down,solver_full_r2,solver_full,2,24903680,0.021376209696174382
model.layers.22.mlp.down_proj.weight,layer_22,mlp_down,solver_full_r3,solver_full,3,24903680,0.021221214600285414
model.layers.22.mlp.down_proj.weight,layer_22,mlp_down,solver_full_r4,solver_full,4,24903680,0.021296407504552903
model.layers.22.mlp.down_proj.weight,layer_22,mlp_down,solver_full_r5,solver_full,5,24903680,0.020568396672857946
model.layers.29.self_attn.k_norm.weight,layer_29,normalization,questioner_full_r1,questioner_full,1,128,1.1444091796875e-05
model.layers.29.self_attn.k_norm.weight,layer_29,normalization,questioner_full_r2,questioner_full,2,128,0.00010440011736605842
model.layers.29.self_attn.k_norm.weight,layer_29,normalization,questioner_full_r3,questioner_full,3,128,8.287643807373211e-05
model.layers.29.self_attn.k_norm.weight,layer_29,normalization,questioner_full_r4,questioner_full,4,128,7.667446610352241e-05
model.layers.29.self_attn.k_norm.weight,layer_29,normalization,questioner_full_r5,questioner_full,5,128,8.994923494378353e-05
model.layers.29.self_attn.k_norm.weight,layer_29,normalization,solver_rank1_r1,solver_rank1,1,128,3.833723305176121e-05
model.layers.29.self_attn.k_norm.weight,layer_29,normalization,solver_rank1_r2,solver_rank1,2,128,1.33514404296875e-05
model.layers.29.self_attn.k_norm.weight,layer_29,normalization,solver_rank1_r3,solver_rank1,3,128,1.3214498959113138e-05
model.layers.29.self_attn.k_norm.weight,layer_29,normalization,solver_rank1_r4,solver_rank1,4,128,2.8546580404464274e-05
model.layers.29.self_attn.k_norm.weight,layer_29,normalization,solver_rank1_r5,solver_rank1,5,128,1.8688123647942946e-05
model.layers.29.self_attn.k_norm.weight,layer_29,normalization,solver_full_r1,solver_full,1,128,3.5014266492244376e-05
model.layers.29.self_attn.k_norm.weight,layer_29,normalization,solver_full_r2,solver_full,2,128,1.52587890625e-05
model.layers.29.self_attn.k_norm.weight,layer_29,normalization,solver_full_r3,solver_full,3,128,1.0789593218788873e-05
model.layers.29.self_attn.k_norm.weight,layer_29,normalization,solver_full_r4,solver_full,4,128,2.8800332776148795e-05
model.layers.29.self_attn.k_norm.weight,layer_29,normalization,solver_full_r5,solver_full,5,128,1.8688123647942946e-05
model.layers.10.self_attn.q_proj.weight,layer_10,attention_q,questioner_full_r1,questioner_full,1,10485760,0.008713907544834453
model.layers.10.self_attn.q_proj.weight,layer_10,attention_q,questioner_full_r2,questioner_full,2,10485760,0.05029946530902202
model.layers.10.self_attn.q_proj.weight,layer_10,attention_q,questioner_full_r3,questioner_full,3,10485760,0.053028065663810235
model.layers.10.self_attn.q_proj.weight,layer_10,attention_q,questioner_full_r4,questioner_full,4,10485760,0.05295893847423782
model.layers.10.self_attn.q_proj.weight,layer_10,attention_q,questioner_full_r5,questioner_full,5,10485760,0.05531495597654128
model.layers.10.self_attn.q_proj.weight,layer_10,attention_q,solver_rank1_r1,solver_rank1,1,10485760,0.012986431597792796
model.layers.10.self_attn.q_proj.weight,layer_10,attention_q,solver_rank1_r2,solver_rank1,2,10485760,0.013576757439985241
model.layers.10.self_attn.q_proj.weight,layer_10,attention_q,solver_rank1_r3,solver_rank1,3,10485760,0.01278900257219551
model.layers.10.self_attn.q_proj.weight,layer_10,attention_q,solver_rank1_r4,solver_rank1,4,10485760,0.012149193581873963
model.layers.10.self_attn.q_proj.weight,layer_10,attention_q,solver_rank1_r5,solver_rank1,5,10485760,0.01334156948731733
model.layers.10.self_attn.q_proj.weight,layer_10,attention_q,solver_full_r1,solver_full,1,10485760,0.01414155866024355
model.layers.10.self_attn.q_proj.weight,layer_10,attention_q,solver_full_r2,solver_full,2,10485760,0.014980730034531672
model.layers.10.self_attn.q_proj.weight,layer_10,attention_q,solver_full_r3,solver_full,3,10485760,0.014413296290850702
model.layers.10.self_attn.q_proj.weight,layer_10,attention_q,solver_full_r4,solver_full,4,10485760,0.013724689407289681
model.layers.10.self_attn.q_proj.weight,layer_10,attention_q,solver_full_r5,solver_full,5,10485760,0.014254244955527838
model.layers.26.input_layernorm.weight,layer_26,normalization,questioner_full_r1,questioner_full,1,2560,0.0
model.layers.26.input_layernorm.weight,layer_26,normalization,questioner_full_r2,questioner_full,2,2560,0.0
model.layers.26.input_layernorm.weight,layer_26,normalization,questioner_full_r3,questioner_full,3,2560,0.0
model.layers.26.input_layernorm.weight,layer_26,normalization,questioner_full_r4,questioner_full,4,2560,0.0
model.layers.26.input_layernorm.weight,layer_26,normalization,questioner_full_r5,questioner_full,5,2560,0.0
model.layers.26.input_layernorm.weight,layer_26,normalization,solver_rank1_r1,solver_rank1,1,2560,0.0
model.layers.26.input_layernorm.weight,layer_26,normalization,solver_rank1_r2,solver_rank1,2,2560,0.0
model.layers.26.input_layernorm.weight,layer_26,normalization,solver_rank1_r3,solver_rank1,3,2560,0.0
model.layers.26.input_layernorm.weight,layer_26,normalization,solver_rank1_r4,solver_rank1,4,2560,0.0
model.layers.26.input_layernorm.weight,layer_26,normalization,solver_rank1_r5,solver_rank1,5,2560,0.0
model.layers.26.input_layernorm.weight,layer_26,normalization,solver_full_r1,solver_full,1,2560,0.0
model.layers.26.input_layernorm.weight,layer_26,normalization,solver_full_r2,solver_full,2,2560,0.0
model.layers.26.input_layernorm.weight,layer_26,normalization,solver_full_r3,solver_full,3,2560,0.0
model.layers.26.input_layernorm.weight,layer_26,normalization,solver_full_r4,solver_full,4,2560,0.0
model.layers.26.input_layernorm.weight,layer_26,normalization,solver_full_r5,solver_full,5,2560,0.0
model.layers.33.mlp.gate_proj.weight,layer_33,mlp_gate,questioner_full_r1,questioner_full,1,24903680,0.009005752807234299
model.layers.33.mlp.gate_proj.weight,layer_33,mlp_gate,questioner_full_r2,questioner_full,2,24903680,0.08525489833725378
model.layers.33.mlp.gate_proj.weight,layer_33,mlp_gate,questioner_full_r3,questioner_full,3,24903680,0.08236503545863005
model.layers.33.mlp.gate_proj.weight,layer_33,mlp_gate,questioner_full_r4,questioner_full,4,24903680,0.08440378549911468
model.layers.33.mlp.gate_proj.weight,layer_33,mlp_gate,questioner_full_r5,questioner_full,5,24903680,0.08413564669216392
model.layers.33.mlp.gate_proj.weight,layer_33,mlp_gate,solver_rank1_r1,solver_rank1,1,24903680,0.014418827775213906
model.layers.33.mlp.gate_proj.weight,layer_33,mlp_gate,solver_rank1_r2,solver_rank1,2,24903680,0.014857672685187076
model.layers.33.mlp.gate_proj.weight,layer_33,mlp_gate,solver_rank1_r3,solver_rank1,3,24903680,0.0149807958602599
model.layers.33.mlp.gate_proj.weight,layer_33,mlp_gate,solver_rank1_r4,solver_rank1,4,24903680,0.01511952437018852
model.layers.33.mlp.gate_proj.weight,layer_33,mlp_gate,solver_rank1_r5,solver_rank1,5,24903680,0.013912966157109121
model.layers.33.mlp.gate_proj.weight,layer_33,mlp_gate,solver_full_r1,solver_full,1,24903680,0.015944774570677646
model.layers.33.mlp.gate_proj.weight,layer_33,mlp_gate,solver_full_r2,solver_full,2,24903680,0.016664390529734063
model.layers.33.mlp.gate_proj.weight,layer_33,mlp_gate,solver_full_r3,solver_full,3,24903680,0.017039296048845673
model.layers.33.mlp.gate_proj.weight,layer_33,mlp_gate,solver_full_r4,solver_full,4,24903680,0.01701311647607448
model.layers.33.mlp.gate_proj.weight,layer_33,mlp_gate,solver_full_r5,solver_full,5,24903680,0.015828372927985664
model.layers.6.self_attn.v_proj.weight,layer_06,attention_v,questioner_full_r1,questioner_full,1,2621440,0.003903247193185372
model.layers.6.self_attn.v_proj.weight,layer_06,attention_v,questioner_full_r2,questioner_full,2,2621440,0.022287626758758686
model.layers.6.self_attn.v_proj.weight,layer_06,attention_v,questioner_full_r3,questioner_full,3,2621440,0.023499948595316858
model.layers.6.self_attn.v_proj.weight,layer_06,attention_v,questioner_full_r4,questioner_full,4,2621440,0.024842992990265805
model.layers.6.self_attn.v_proj.weight,layer_06,attention_v,questioner_full_r5,questioner_full,5,2621440,0.026385257244665825
model.layers.6.self_attn.v_proj.weight,layer_06,attention_v,solver_rank1_r1,solver_rank1,1,2621440,0.005766431125710553
model.layers.6.self_attn.v_proj.weight,layer_06,attention_v,solver_rank1_r2,solver_rank1,2,2621440,0.006578299367869643
model.layers.6.self_attn.v_proj.weight,layer_06,attention_v,solver_rank1_r3,solver_rank1,3,2621440,0.006112893693147082
model.layers.6.self_attn.v_proj.weight,layer_06,attention_v,solver_rank1_r4,solver_rank1,4,2621440,0.005405722778549673
model.layers.6.self_attn.v_proj.weight,layer_06,attention_v,solver_rank1_r5,solver_rank1,5,2621440,0.005770559448277604
model.layers.6.self_attn.v_proj.weight,layer_06,attention_v,solver_full_r1,solver_full,1,2621440,0.006198874913723806
model.layers.6.self_attn.v_proj.weight,layer_06,attention_v,solver_full_r2,solver_full,2,2621440,0.007188913010905765
model.layers.6.self_attn.v_proj.weight,layer_06,attention_v,solver_full_r3,solver_full,3,2621440,0.006739967383473853
model.layers.6.self_attn.v_proj.weight,layer_06,attention_v,solver_full_r4,solver_full,4,2621440,0.005999432099795422
model.layers.6.self_attn.v_proj.weight,layer_06,attention_v,solver_full_r5,solver_full,5,2621440,0.006535261363793889
model.layers.33.self_attn.k_proj.weight,layer_33,attention_k,questioner_full_r1,questioner_full,1,2621440,0.005131453606532818
model.layers.33.self_attn.k_proj.weight,layer_33,attention_k,questioner_full_r2,questioner_full,2,2621440,0.031055367032374742
model.layers.33.self_attn.k_proj.weight,layer_33,attention_k,questioner_full_r3,questioner_full,3,2621440,0.030051897187511455
model.layers.33.self_attn.k_proj.weight,layer_33,attention_k,questioner_full_r4,questioner_full,4,2621440,0.03037455182995221
model.layers.33.self_attn.k_proj.weight,layer_33,attention_k,questioner_full_r5,questioner_full,5,2621440,0.03001264051083835
model.layers.33.self_attn.k_proj.weight,layer_33,attention_k,solver_rank1_r1,solver_rank1,1,2621440,0.00587922433984894
model.layers.33.self_attn.k_proj.weight,layer_33,attention_k,solver_rank1_r2,solver_rank1,2,2621440,0.00672433988671355
model.layers.33.self_attn.k_proj.weight,layer_33,attention_k,solver_rank1_r3,solver_rank1,3,2621440,0.00625986060569892
model.layers.33.self_attn.k_proj.weight,layer_33,attention_k,solver_rank1_r4,solver_rank1,4,2621440,0.0060927540558615104
model.layers.33.self_attn.k_proj.weight,layer_33,attention_k,solver_rank1_r5,solver_rank1,5,2621440,0.006018668380032635
model.layers.33.self_attn.k_proj.weight,layer_33,attention_k,solver_full_r1,solver_full,1,2621440,0.006398102692323628
model.layers.33.self_attn.k_proj.weight,layer_33,attention_k,solver_full_r2,solver_full,2,2621440,0.0074964804566689525
model.layers.33.self_attn.k_proj.weight,layer_33,attention_k,solver_full_r3,solver_full,3,2621440,0.007077689682593579
model.layers.33.self_attn.k_proj.weight,layer_33,attention_k,solver_full_r4,solver_full,4,2621440,0.006843052826693009
model.layers.33.self_attn.k_proj.weight,layer_33,attention_k,solver_full_r5,solver_full,5,2621440,0.006862442844446555
model.layers.35.self_attn.k_proj.weight,layer_35,attention_k,questioner_full_r1,questioner_full,1,2621440,0.004289323025075636
model.layers.35.self_attn.k_proj.weight,layer_35,attention_k,questioner_full_r2,questioner_full,2,2621440,0.028605423841596814
model.layers.35.self_attn.k_proj.weight,layer_35,attention_k,questioner_full_r3,questioner_full,3,2621440,0.02729034343844256
model.layers.35.self_attn.k_proj.weight,layer_35,attention_k,questioner_full_r4,questioner_full,4,2621440,0.02728279618330059
model.layers.35.self_attn.k_proj.weight,layer_35,attention_k,questioner_full_r5,questioner_full,5,2621440,0.027382882250099758
model.layers.35.self_attn.k_proj.weight,layer_35,attention_k,solver_rank1_r1,solver_rank1,1,2621440,0.006244717098428817
model.layers.35.self_attn.k_proj.weight,layer_35,attention_k,solver_rank1_r2,solver_rank1,2,2621440,0.006230968554254399
model.layers.35.self_attn.k_proj.weight,layer_35,attention_k,solver_rank1_r3,solver_rank1,3,2621440,0.005972666077100627
model.layers.35.self_attn.k_proj.weight,layer_35,attention_k,solver_rank1_r4,solver_rank1,4,2621440,0.005892510894528418
model.layers.35.self_attn.k_proj.weight,layer_35,attention_k,solver_rank1_r5,solver_rank1,5,2621440,0.00558002344249578
model.layers.35.self_attn.k_proj.weight,layer_35,attention_k,solver_full_r1,solver_full,1,2621440,0.0068236812174355494
model.layers.35.self_attn.k_proj.weight,layer_35,attention_k,solver_full_r2,solver_full,2,2621440,0.006972262967107698
model.layers.35.self_attn.k_proj.weight,layer_35,attention_k,solver_full_r3,solver_full,3,2621440,0.0068077507191960165
model.layers.35.self_attn.k_proj.weight,layer_35,attention_k,solver_full_r4,solver_full,4,2621440,0.006630444123694105
model.layers.35.self_attn.k_proj.weight,layer_35,attention_k,solver_full_r5,solver_full,5,2621440,0.006313399965572266
model.layers.28.self_attn.o_proj.weight,layer_28,attention_o,questioner_full_r1,questioner_full,1,10485760,0.007846650590680201
model.layers.28.self_attn.o_proj.weight,layer_28,attention_o,questioner_full_r2,questioner_full,2,10485760,0.05689130436477368
model.layers.28.self_attn.o_proj.weight,layer_28,attention_o,questioner_full_r3,questioner_full,3,10485760,0.05616958148851604
model.layers.28.self_attn.o_proj.weight,layer_28,attention_o,questioner_full_r4,questioner_full,4,10485760,0.054458781563045296
model.layers.28.self_attn.o_proj.weight,layer_28,attention_o,questioner_full_r5,questioner_full,5,10485760,0.054815846627564814
model.layers.28.self_attn.o_proj.weight,layer_28,attention_o,solver_rank1_r1,solver_rank1,1,10485760,0.011355223778076571
model.layers.28.self_attn.o_proj.weight,layer_28,attention_o,solver_rank1_r2,solver_rank1,2,10485760,0.01211998741733017
model.layers.28.self_attn.o_proj.weight,layer_28,attention_o,solver_rank1_r3,solver_rank1,3,10485760,0.011667117604803311
model.layers.28.self_attn.o_proj.weight,layer_28,attention_o,solver_rank1_r4,solver_rank1,4,10485760,0.011838962322210267
model.layers.28.self_attn.o_proj.weight,layer_28,attention_o,solver_rank1_r5,solver_rank1,5,10485760,0.011464167569340381
model.layers.28.self_attn.o_proj.weight,layer_28,attention_o,solver_full_r1,solver_full,1,10485760,0.012539052657802379
model.layers.28.self_attn.o_proj.weight,layer_28,attention_o,solver_full_r2,solver_full,2,10485760,0.013634788295043424
model.layers.28.self_attn.o_proj.weight,layer_28,attention_o,solver_full_r3,solver_full,3,10485760,0.013322586215713073
model.layers.28.self_attn.o_proj.weight,layer_28,attention_o,solver_full_r4,solver_full,4,10485760,0.01344617443080788
model.layers.28.self_attn.o_proj.weight,layer_28,attention_o,solver_full_r5,solver_full,5,10485760,0.013104340436524895
model.layers.15.mlp.down_proj.weight,layer_15,mlp_down,questioner_full_r1,questioner_full,1,24903680,0.014518607835938493
model.layers.15.mlp.down_proj.weight,layer_15,mlp_down,questioner_full_r2,questioner_full,2,24903680,0.07884294200301674
model.layers.15.mlp.down_proj.weight,layer_15,mlp_down,questioner_full_r3,questioner_full,3,24903680,0.08117041645969668
model.layers.15.mlp.down_proj.weight,layer_15,mlp_down,questioner_full_r4,questioner_full,4,24903680,0.07882287770759604
model.layers.15.mlp.down_proj.weight,layer_15,mlp_down,questioner_full_r5,questioner_full,5,24903680,0.08146697578581781
model.layers.15.mlp.down_proj.weight,layer_15,mlp_down,solver_rank1_r1,solver_rank1,1,24903680,0.021942622570868417
model.layers.15.mlp.down_proj.weight,layer_15,mlp_down,solver_rank1_r2,solver_rank1,2,24903680,0.022490599973797664
model.layers.15.mlp.down_proj.weight,layer_15,mlp_down,solver_rank1_r3,solver_rank1,3,24903680,0.021060402150812563
model.layers.15.mlp.down_proj.weight,layer_15,mlp_down,solver_rank1_r4,solver_rank1,4,24903680,0.019960650283254992
model.layers.15.mlp.down_proj.weight,layer_15,mlp_down,solver_rank1_r5,solver_rank1,5,24903680,0.01979333864393421
model.layers.15.mlp.down_proj.weight,layer_15,mlp_down,solver_full_r1,solver_full,1,24903680,0.023807699567761197
model.layers.15.mlp.down_proj.weight,layer_15,mlp_down,solver_full_r2,solver_full,2,24903680,0.025142244904010038
model.layers.15.mlp.down_proj.weight,layer_15,mlp_down,solver_full_r3,solver_full,3,24903680,0.023902469765995128
model.layers.15.mlp.down_proj.weight,layer_15,mlp_down,solver_full_r4,solver_full,4,24903680,0.022684749759315476
model.layers.15.mlp.down_proj.weight,layer_15,mlp_down,solver_full_r5,solver_full,5,24903680,0.022721883459852234
model.layers.14.mlp.down_proj.weight,layer_14,mlp_down,questioner_full_r1,questioner_full,1,24903680,0.014326365588900124
model.layers.14.mlp.down_proj.weight,layer_14,mlp_down,questioner_full_r2,questioner_full,2,24903680,0.07763908810390804
model.layers.14.mlp.down_proj.weight,layer_14,mlp_down,questioner_full_r3,questioner_full,3,24903680,0.08076446643684179
model.layers.14.mlp.down_proj.weight,layer_14,mlp_down,questioner_full_r4,questioner_full,4,24903680,0.07879177121725302
model.layers.14.mlp.down_proj.weight,layer_14,mlp_down,questioner_full_r5,questioner_full,5,24903680,0.0814829388299291
model.layers.14.mlp.down_proj.weight,layer_14,mlp_down,solver_rank1_r1,solver_rank1,1,24903680,0.02310509308728686
model.layers.14.mlp.down_proj.weight,layer_14,mlp_down,solver_rank1_r2,solver_rank1,2,24903680,0.0228663785701442
model.layers.14.mlp.down_proj.weight,layer_14,mlp_down,solver_rank1_r3,solver_rank1,3,24903680,0.02156805881565687
model.layers.14.mlp.down_proj.weight,layer_14,mlp_down,solver_rank1_r4,solver_rank1,4,24903680,0.019816913028489494
model.layers.14.mlp.down_proj.weight,layer_14,mlp_down,solver_rank1_r5,solver_rank1,5,24903680,0.01972034332109349
model.layers.14.mlp.down_proj.weight,layer_14,mlp_down,solver_full_r1,solver_full,1,24903680,0.024906301556428916
model.layers.14.mlp.down_proj.weight,layer_14,mlp_down,solver_full_r2,solver_full,2,24903680,0.025471494405013728
model.layers.14.mlp.down_proj.weight,layer_14,mlp_down,solver_full_r3,solver_full,3,24903680,0.024294180893509796
model.layers.14.mlp.down_proj.weight,layer_14,mlp_down,solver_full_r4,solver_full,4,24903680,0.022400017096608174
model.layers.14.mlp.down_proj.weight,layer_14,mlp_down,solver_full_r5,solver_full,5,24903680,0.022567645191121578
model.layers.9.post_attention_layernorm.weight,layer_09,normalization,questioner_full_r1,questioner_full,1,2560,1.2034973368105872e-05
model.layers.9.post_attention_layernorm.weight,layer_09,normalization,questioner_full_r2,questioner_full,2,2560,3.823330170707912e-05
model.layers.9.post_attention_layernorm.weight,layer_09,normalization,questioner_full_r3,questioner_full,3,2560,3.940926415158892e-05
model.layers.9.post_attention_layernorm.weight,layer_09,normalization,questioner_full_r4,questioner_full,4,2560,2.2454820069974115e-05
model.layers.9.post_attention_layernorm.weight,layer_09,normalization,questioner_full_r5,questioner_full,5,2560,1.9840000808697357e-05
model.layers.9.post_attention_layernorm.weight,layer_09,normalization,solver_rank1_r1,solver_rank1,1,2560,2.5999447666281153e-05
model.layers.9.post_attention_layernorm.weight,layer_09,normalization,solver_rank1_r2,solver_rank1,2,2560,1.7538052690350517e-05
model.layers.9.post_attention_layernorm.weight,layer_09,normalization,solver_rank1_r3,solver_rank1,3,2560,1.4221548334145398e-05
model.layers.9.post_attention_layernorm.weight,layer_09,normalization,solver_rank1_r4,solver_rank1,4,2560,2.0753460854084582e-05
model.layers.9.post_attention_layernorm.weight,layer_09,normalization,solver_rank1_r5,solver_rank1,5,2560,1.5091279282403666e-05
model.layers.9.post_attention_layernorm.weight,layer_09,normalization,solver_full_r1,solver_full,1,2560,2.6018571036506916e-05
model.layers.9.post_attention_layernorm.weight,layer_09,normalization,solver_full_r2,solver_full,2,2560,1.8103040443554012e-05
model.layers.9.post_attention_layernorm.weight,layer_09,normalization,solver_full_r3,solver_full,3,2560,1.4111202960169246e-05
model.layers.9.post_attention_layernorm.weight,layer_09,normalization,solver_full_r4,solver_full,4,2560,2.162071709531239e-05
model.layers.9.post_attention_layernorm.weight,layer_09,normalization,solver_full_r5,solver_full,5,2560,1.5638695906264897e-05
model.layers.11.post_attention_layernorm.weight,layer_11,normalization,questioner_full_r1,questioner_full,1,2560,2.384185791015625e-06
model.layers.11.post_attention_layernorm.weight,layer_11,normalization,questioner_full_r2,questioner_full,2,2560,2.002716064453125e-05
model.layers.11.post_attention_layernorm.weight,layer_11,normalization,questioner_full_r3,questioner_full,3,2560,7.62939453125e-06
model.layers.11.post_attention_layernorm.weight,layer_11,normalization,questioner_full_r4,questioner_full,4,2560,5.7220458984375e-06
model.layers.11.post_attention_layernorm.weight,layer_11,normalization,questioner_full_r5,questioner_full,5,2560,1.1920928955078125e-05
model.layers.11.post_attention_layernorm.weight,layer_11,normalization,solver_rank1_r1,solver_rank1,1,2560,5.7220458984375e-06
model.layers.11.post_attention_layernorm.weight,layer_11,normalization,solver_rank1_r2,solver_rank1,2,2560,9.059906005859375e-06
model.layers.11.post_attention_layernorm.weight,layer_11,normalization,solver_rank1_r3,solver_rank1,3,2560,5.245208740234375e-06
model.layers.11.post_attention_layernorm.weight,layer_11,normalization,solver_rank1_r4,solver_rank1,4,2560,1.2874603271484375e-05
model.layers.11.post_attention_layernorm.weight,layer_11,normalization,solver_rank1_r5,solver_rank1,5,2560,1.0967254638671875e-05
model.layers.11.post_attention_layernorm.weight,layer_11,normalization,solver_full_r1,solver_full,1,2560,5.7220458984375e-06
model.layers.11.post_attention_layernorm.weight,layer_11,normalization,solver_full_r2,solver_full,2,2560,9.059906005859375e-06
model.layers.11.post_attention_layernorm.weight,layer_11,normalization,solver_full_r3,solver_full,3,2560,5.245208740234375e-06
model.layers.11.post_attention_layernorm.weight,layer_11,normalization,solver_full_r4,solver_full,4,2560,1.2874603271484375e-05
model.layers.11.post_attention_layernorm.weight,layer_11,normalization,solver_full_r5,solver_full,5,2560,1.0967254638671875e-05
model.layers.0.mlp.gate_proj.weight,layer_00,mlp_gate,questioner_full_r1,questioner_full,1,24903680,0.010406924309904458
model.layers.0.mlp.gate_proj.weight,layer_00,mlp_gate,questioner_full_r2,questioner_full,2,24903680,0.06813439265131033
model.layers.0.mlp.gate_proj.weight,layer_00,mlp_gate,questioner_full_r3,questioner_full,3,24903680,0.06782900711167342
model.layers.0.mlp.gate_proj.weight,layer_00,mlp_gate,questioner_full_r4,questioner_full,4,24903680,0.07643435156536282
model.layers.0.mlp.gate_proj.weight,layer_00,mlp_gate,questioner_full_r5,questioner_full,5,24903680,0.07833710865166378
model.layers.0.mlp.gate_proj.weight,layer_00,mlp_gate,solver_rank1_r1,solver_rank1,1,24903680,0.013683516481946958
model.layers.0.mlp.gate_proj.weight,layer_00,mlp_gate,solver_rank1_r2,solver_rank1,2,24903680,0.015839289134872217
model.layers.0.mlp.gate_proj.weight,layer_00,mlp_gate,solver_rank1_r3,solver_rank1,3,24903680,0.014126435379803796
model.layers.0.mlp.gate_proj.weight,layer_00,mlp_gate,solver_rank1_r4,solver_rank1,4,24903680,0.014536491956406017
model.layers.0.mlp.gate_proj.weight,layer_00,mlp_gate,solver_rank1_r5,solver_rank1,5,24903680,0.017131590305660516
model.layers.0.mlp.gate_proj.weight,layer_00,mlp_gate,solver_full_r1,solver_full,1,24903680,0.015017986501998646
model.layers.0.mlp.gate_proj.weight,layer_00,mlp_gate,solver_full_r2,solver_full,2,24903680,0.017246804194592433
model.layers.0.mlp.gate_proj.weight,layer_00,mlp_gate,solver_full_r3,solver_full,3,24903680,0.015477844642192623
model.layers.0.mlp.gate_proj.weight,layer_00,mlp_gate,solver_full_r4,solver_full,4,24903680,0.015861205692798058
model.layers.0.mlp.gate_proj.weight,layer_00,mlp_gate,solver_full_r5,solver_full,5,24903680,0.018155122533413785
model.layers.23.self_attn.q_norm.weight,layer_23,normalization,questioner_full_r1,questioner_full,1,128,5.7220458984375e-06
model.layers.23.self_attn.q_norm.weight,layer_23,normalization,questioner_full_r2,questioner_full,2,128,3.5987782028414166e-05
model.layers.23.self_attn.q_norm.weight,layer_23,normalization,questioner_full_r3,questioner_full,3,128,5.006563090670276e-05
model.layers.23.self_attn.q_norm.weight,layer_23,normalization,questioner_full_r4,questioner_full,4,128,4.977412548332172e-05
model.layers.23.self_attn.q_norm.weight,layer_23,normalization,questioner_full_r5,questioner_full,5,128,4.419948664190852e-05
model.layers.23.self_attn.q_norm.weight,layer_23,normalization,solver_rank1_r1,solver_rank1,1,128,1.5377536293599222e-05
model.layers.23.self_attn.q_norm.weight,layer_23,normalization,solver_rank1_r2,solver_rank1,2,128,1.1444091796875e-05
model.layers.23.self_attn.q_norm.weight,layer_23,normalization,solver_rank1_r3,solver_rank1,3,128,5.7220458984375e-06
model.layers.23.self_attn.q_norm.weight,layer_23,normalization,solver_rank1_r4,solver_rank1,4,128,2.1663316138459296e-05
model.layers.23.self_attn.q_norm.weight,layer_23,normalization,solver_rank1_r5,solver_rank1,5,128,3.814697265625e-06
model.layers.23.self_attn.q_norm.weight,layer_23,normalization,solver_full_r1,solver_full,1,128,1.5377536293599222e-05
model.layers.23.self_attn.q_norm.weight,layer_23,normalization,solver_full_r2,solver_full,2,128,1.1444091796875e-05
model.layers.23.self_attn.q_norm.weight,layer_23,normalization,solver_full_r3,solver_full,3,128,5.7220458984375e-06
model.layers.23.self_attn.q_norm.weight,layer_23,normalization,solver_full_r4,solver_full,4,128,2.1579186437577746e-05
model.layers.23.self_attn.q_norm.weight,layer_23,normalization,solver_full_r5,solver_full,5,128,3.814697265625e-06
model.layers.31.self_attn.k_proj.weight,layer_31,attention_k,questioner_full_r1,questioner_full,1,2621440,0.004185144458408724
model.layers.31.self_attn.k_proj.weight,layer_31,attention_k,questioner_full_r2,questioner_full,2,2621440,0.029985848062265695
model.layers.31.self_attn.k_proj.weight,layer_31,attention_k,questioner_full_r3,questioner_full,3,2621440,0.029643898073848804
model.layers.31.self_attn.k_proj.weight,layer_31,attention_k,questioner_full_r4,questioner_full,4,2621440,0.029069563805706515
model.layers.31.self_attn.k_proj.weight,layer_31,attention_k,questioner_full_r5,questioner_full,5,2621440,0.02983405957821235
model.layers.31.self_attn.k_proj.weight,layer_31,attention_k,solver_rank1_r1,solver_rank1,1,2621440,0.005910442951477476
model.layers.31.self_attn.k_proj.weight,layer_31,attention_k,solver_rank1_r2,solver_rank1,2,2621440,0.006135149205991256
model.layers.31.self_attn.k_proj.weight,layer_31,attention_k,solver_rank1_r3,solver_rank1,3,2621440,0.006052510559719487
model.layers.31.self_attn.k_proj.weight,layer_31,attention_k,solver_rank1_r4,solver_rank1,4,2621440,0.006140479720272969
model.layers.31.self_attn.k_proj.weight,layer_31,attention_k,solver_rank1_r5,solver_rank1,5,2621440,0.005822674529691192
model.layers.31.self_attn.k_proj.weight,layer_31,attention_k,solver_full_r1,solver_full,1,2621440,0.006474219670486756
model.layers.31.self_attn.k_proj.weight,layer_31,attention_k,solver_full_r2,solver_full,2,2621440,0.006895374618282709
model.layers.31.self_attn.k_proj.weight,layer_31,attention_k,solver_full_r3,solver_full,3,2621440,0.00686589298331795
model.layers.31.self_attn.k_proj.weight,layer_31,attention_k,solver_full_r4,solver_full,4,2621440,0.006888970112015324
model.layers.31.self_attn.k_proj.weight,layer_31,attention_k,solver_full_r5,solver_full,5,2621440,0.006565559801248537
model.layers.22.self_attn.k_proj.weight,layer_22,attention_k,questioner_full_r1,questioner_full,1,2621440,0.0054807845085987125
model.layers.22.self_attn.k_proj.weight,layer_22,attention_k,questioner_full_r2,questioner_full,2,2621440,0.028357456005816687
model.layers.22.self_attn.k_proj.weight,layer_22,attention_k,questioner_full_r3,questioner_full,3,2621440,0.028516442500686162
model.layers.22.self_attn.k_proj.weight,layer_22,attention_k,questioner_full_r4,questioner_full,4,2621440,0.028258062824738178
model.layers.22.self_attn.k_proj.weight,layer_22,attention_k,questioner_full_r5,questioner_full,5,2621440,0.028978178234328737
model.layers.22.self_attn.k_proj.weight,layer_22,attention_k,solver_rank1_r1,solver_rank1,1,2621440,0.007013675915694972
model.layers.22.self_attn.k_proj.weight,layer_22,attention_k,solver_rank1_r2,solver_rank1,2,2621440,0.006986281917733552
model.layers.22.self_attn.k_proj.weight,layer_22,attention_k,solver_rank1_r3,solver_rank1,3,2621440,0.006539570093967522
model.layers.22.self_attn.k_proj.weight,layer_22,attention_k,solver_rank1_r4,solver_rank1,4,2621440,0.006588569638666085
model.layers.22.self_attn.k_proj.weight,layer_22,attention_k,solver_rank1_r5,solver_rank1,5,2621440,0.00651816784299293
model.layers.22.self_attn.k_proj.weight,layer_22,attention_k,solver_full_r1,solver_full,1,2621440,0.007606834973187631
model.layers.22.self_attn.k_proj.weight,layer_22,attention_k,solver_full_r2,solver_full,2,2621440,0.007705480919771456
model.layers.22.self_attn.k_proj.weight,layer_22,attention_k,solver_full_r3,solver_full,3,2621440,0.007332968328567209
model.layers.22.self_attn.k_proj.weight,layer_22,attention_k,solver_full_r4,solver_full,4,2621440,0.007353360779031631
model.layers.22.self_attn.k_proj.weight,layer_22,attention_k,solver_full_r5,solver_full,5,2621440,0.00731199014810571
model.layers.3.mlp.gate_proj.weight,layer_03,mlp_gate,questioner_full_r1,questioner_full,1,24903680,0.013258379351369103
model.layers.3.mlp.gate_proj.weight,layer_03,mlp_gate,questioner_full_r2,questioner_full,2,24903680,0.06415921759018575
model.layers.3.mlp.gate_proj.weight,layer_03,mlp_gate,questioner_full_r3,questioner_full,3,24903680,0.06117987308628103
model.layers.3.mlp.gate_proj.weight,layer_03,mlp_gate,questioner_full_r4,questioner_full,4,24903680,0.06998213430803348
model.layers.3.mlp.gate_proj.weight,layer_03,mlp_gate,questioner_full_r5,questioner_full,5,24903680,0.0713296588506117
model.layers.3.mlp.gate_proj.weight,layer_03,mlp_gate,solver_rank1_r1,solver_rank1,1,24903680,0.016707431358914285
model.layers.3.mlp.gate_proj.weight,layer_03,mlp_gate,solver_rank1_r2,solver_rank1,2,24903680,0.015946397327374653
model.layers.3.mlp.gate_proj.weight,layer_03,mlp_gate,solver_rank1_r3,solver_rank1,3,24903680,0.016130840194225275
model.layers.3.mlp.gate_proj.weight,layer_03,mlp_gate,solver_rank1_r4,solver_rank1,4,24903680,0.013998977478049072
model.layers.3.mlp.gate_proj.weight,layer_03,mlp_gate,solver_rank1_r5,solver_rank1,5,24903680,0.015772314448175232
model.layers.3.mlp.gate_proj.weight,layer_03,mlp_gate,solver_full_r1,solver_full,1,24903680,0.017457544948413846
model.layers.3.mlp.gate_proj.weight,layer_03,mlp_gate,solver_full_r2,solver_full,2,24903680,0.017529284042978637
model.layers.3.mlp.gate_proj.weight,layer_03,mlp_gate,solver_full_r3,solver_full,3,24903680,0.01764605514597537
model.layers.3.mlp.gate_proj.weight,layer_03,mlp_gate,solver_full_r4,solver_full,4,24903680,0.015230339365347815
model.layers.3.mlp.gate_proj.weight,layer_03,mlp_gate,solver_full_r5,solver_full,5,24903680,0.017153786613420766
model.layers.27.input_layernorm.weight,layer_27,normalization,questioner_full_r1,questioner_full,1,2560,0.0
model.layers.27.input_layernorm.weight,layer_27,normalization,questioner_full_r2,questioner_full,2,2560,0.0
model.layers.27.input_layernorm.weight,layer_27,normalization,questioner_full_r3,questioner_full,3,2560,0.0
model.layers.27.input_layernorm.weight,layer_27,normalization,questioner_full_r4,questioner_full,4,2560,0.0
model.layers.27.input_layernorm.weight,layer_27,normalization,questioner_full_r5,questioner_full,5,2560,0.0
model.layers.27.input_layernorm.weight,layer_27,normalization,solver_rank1_r1,solver_rank1,1,2560,0.0
model.layers.27.input_layernorm.weight,layer_27,normalization,solver_rank1_r2,solver_rank1,2,2560,0.0
model.layers.27.input_layernorm.weight,layer_27,normalization,solver_rank1_r3,solver_rank1,3,2560,0.0
model.layers.27.input_layernorm.weight,layer_27,normalization,solver_rank1_r4,solver_rank1,4,2560,0.0
model.layers.27.input_layernorm.weight,layer_27,normalization,solver_rank1_r5,solver_rank1,5,2560,0.0
model.layers.27.input_layernorm.weight,layer_27,normalization,solver_full_r1,solver_full,1,2560,0.0
model.layers.27.input_layernorm.weight,layer_27,normalization,solver_full_r2,solver_full,2,2560,0.0
model.layers.27.input_layernorm.weight,layer_27,normalization,solver_full_r3,solver_full,3,2560,0.0
model.layers.27.input_layernorm.weight,layer_27,normalization,solver_full_r4,solver_full,4,2560,0.0
model.layers.27.input_layernorm.weight,layer_27,normalization,solver_full_r5,solver_full,5,2560,0.0
model.layers.26.self_attn.k_norm.weight,layer_26,normalization,questioner_full_r1,questioner_full,1,128,1.4588411846903186e-05
model.layers.26.self_attn.k_norm.weight,layer_26,normalization,questioner_full_r2,questioner_full,2,128,7.389783763100897e-05
model.layers.26.self_attn.k_norm.weight,layer_26,normalization,questioner_full_r3,questioner_full,3,128,6.065070621797795e-05
model.layers.26.self_attn.k_norm.weight,layer_26,normalization,questioner_full_r4,questioner_full,4,128,5.324586706122514e-05
model.layers.26.self_attn.k_norm.weight,layer_26,normalization,questioner_full_r5,questioner_full,5,128,5.943847381147113e-05
model.layers.26.self_attn.k_norm.weight,layer_26,normalization,solver_rank1_r1,solver_rank1,1,128,1.9867579132079754e-05
model.layers.26.self_attn.k_norm.weight,layer_26,normalization,solver_rank1_r2,solver_rank1,2,128,1.8785205463020523e-05
model.layers.26.self_attn.k_norm.weight,layer_26,normalization,solver_rank1_r3,solver_rank1,3,128,9.584308262940302e-06
model.layers.26.self_attn.k_norm.weight,layer_26,normalization,solver_rank1_r4,solver_rank1,4,128,1.4904498680198464e-05
model.layers.26.self_attn.k_norm.weight,layer_26,normalization,solver_rank1_r5,solver_rank1,5,128,1.8000207985092995e-05
model.layers.26.self_attn.k_norm.weight,layer_26,normalization,solver_full_r1,solver_full,1,128,2.094829810761337e-05
model.layers.26.self_attn.k_norm.weight,layer_26,normalization,solver_full_r2,solver_full,2,128,2.1088928592201215e-05
model.layers.26.self_attn.k_norm.weight,layer_26,normalization,solver_full_r3,solver_full,3,128,1.112165812462864e-05
model.layers.26.self_attn.k_norm.weight,layer_26,normalization,solver_full_r4,solver_full,4,128,1.6905877972827756e-05
model.layers.26.self_attn.k_norm.weight,layer_26,normalization,solver_full_r5,solver_full,5,128,1.947458062807287e-05
model.layers.23.self_attn.k_proj.weight,layer_23,attention_k,questioner_full_r1,questioner_full,1,2621440,0.004879869611708349
model.layers.23.self_attn.k_proj.weight,layer_23,attention_k,questioner_full_r2,questioner_full,2,2621440,0.029329969171873044
model.layers.23.self_attn.k_proj.weight,layer_23,attention_k,questioner_full_r3,questioner_full,3,2621440,0.0292015591452135
model.layers.23.self_attn.k_proj.weight,layer_23,attention_k,questioner_full_r4,questioner_full,4,2621440,0.027865661152702923
model.layers.23.self_attn.k_proj.weight,layer_23,attention_k,questioner_full_r5,questioner_full,5,2621440,0.028819979018145654
model.layers.23.self_attn.k_proj.weight,layer_23,attention_k,solver_rank1_r1,solver_rank1,1,2621440,0.006272242607858017
model.layers.23.self_attn.k_proj.weight,layer_23,attention_k,solver_rank1_r2,solver_rank1,2,2621440,0.006214423726469726
model.layers.23.self_attn.k_proj.weight,layer_23,attention_k,solver_rank1_r3,solver_rank1,3,2621440,0.0061966266927125195
model.layers.23.self_attn.k_proj.weight,layer_23,attention_k,solver_rank1_r4,solver_rank1,4,2621440,0.00602291887647855
model.layers.23.self_attn.k_proj.weight,layer_23,attention_k,solver_rank1_r5,solver_rank1,5,2621440,0.006085052653927061
model.layers.23.self_attn.k_proj.weight,layer_23,attention_k,solver_full_r1,solver_full,1,2621440,0.006895173469001125
model.layers.23.self_attn.k_proj.weight,layer_23,attention_k,solver_full_r2,solver_full,2,2621440,0.006987457110450554
model.layers.23.self_attn.k_proj.weight,layer_23,attention_k,solver_full_r3,solver_full,3,2621440,0.007036612771321953
model.layers.23.self_attn.k_proj.weight,layer_23,attention_k,solver_full_r4,solver_full,4,2621440,0.006853384452266678
model.layers.23.self_attn.k_proj.weight,layer_23,attention_k,solver_full_r5,solver_full,5,2621440,0.006912635837182423
model.layers.15.self_attn.k_proj.weight,layer_15,attention_k,questioner_full_r1,questioner_full,1,2621440,0.00494568746934791
model.layers.15.self_attn.k_proj.weight,layer_15,attention_k,questioner_full_r2,questioner_full,2,2621440,0.02511233579315493
model.layers.15.self_attn.k_proj.weight,layer_15,attention_k,questioner_full_r3,questioner_full,3,2621440,0.027019749281721732
model.layers.15.self_attn.k_proj.weight,layer_15,attention_k,questioner_full_r4,questioner_full,4,2621440,0.02717091226983583
model.layers.15.self_attn.k_proj.weight,layer_15,attention_k,questioner_full_r5,questioner_full,5,2621440,0.027868095881971578
model.layers.15.self_attn.k_proj.weight,layer_15,attention_k,solver_rank1_r1,solver_rank1,1,2621440,0.007827760183323072
model.layers.15.self_attn.k_proj.weight,layer_15,attention_k,solver_rank1_r2,solver_rank1,2,2621440,0.007493642783721254
model.layers.15.self_attn.k_proj.weight,layer_15,attention_k,solver_rank1_r3,solver_rank1,3,2621440,0.006753127698618198
model.layers.15.self_attn.k_proj.weight,layer_15,attention_k,solver_rank1_r4,solver_rank1,4,2621440,0.00643262665145646
model.layers.15.self_attn.k_proj.weight,layer_15,attention_k,solver_rank1_r5,solver_rank1,5,2621440,0.006560116972657307
model.layers.15.self_attn.k_proj.weight,layer_15,attention_k,solver_full_r1,solver_full,1,2621440,0.008426279427805019
model.layers.15.self_attn.k_proj.weight,layer_15,attention_k,solver_full_r2,solver_full,2,2621440,0.008318313290115145
model.layers.15.self_attn.k_proj.weight,layer_15,attention_k,solver_full_r3,solver_full,3,2621440,0.0076544348945881925
model.layers.15.self_attn.k_proj.weight,layer_15,attention_k,solver_full_r4,solver_full,4,2621440,0.007219605080971677
model.layers.15.self_attn.k_proj.weight,layer_15,attention_k,solver_full_r5,solver_full,5,2621440,0.0074828227080436256
model.layers.28.self_attn.q_norm.weight,layer_28,normalization,questioner_full_r1,questioner_full,1,128,7.62939453125e-06
model.layers.28.self_attn.q_norm.weight,layer_28,normalization,questioner_full_r2,questioner_full,2,128,1.52587890625e-05
model.layers.28.self_attn.q_norm.weight,layer_28,normalization,questioner_full_r3,questioner_full,3,128,3.0517578125e-05
model.layers.28.self_attn.q_norm.weight,layer_28,normalization,questioner_full_r4,questioner_full,4,128,3.0517578125e-05
model.layers.28.self_attn.q_norm.weight,layer_28,normalization,questioner_full_r5,questioner_full,5,128,2.288818359375e-05
model.layers.28.self_attn.q_norm.weight,layer_28,normalization,solver_rank1_r1,solver_rank1,1,128,1.52587890625e-05
model.layers.28.self_attn.q_norm.weight,layer_28,normalization,solver_rank1_r2,solver_rank1,2,128,7.62939453125e-06
model.layers.28.self_attn.q_norm.weight,layer_28,normalization,solver_rank1_r3,solver_rank1,3,128,7.62939453125e-06
model.layers.28.self_attn.q_norm.weight,layer_28,normalization,solver_rank1_r4,solver_rank1,4,128,3.411968959808029e-05
model.layers.28.self_attn.q_norm.weight,layer_28,normalization,solver_rank1_r5,solver_rank1,5,128,7.62939453125e-06
model.layers.28.self_attn.q_norm.weight,layer_28,normalization,solver_full_r1,solver_full,1,128,1.52587890625e-05
model.layers.28.self_attn.q_norm.weight,layer_28,normalization,solver_full_r2,solver_full,2,128,7.62939453125e-06
model.layers.28.self_attn.q_norm.weight,layer_28,normalization,solver_full_r3,solver_full,3,128,7.62939453125e-06
model.layers.28.self_attn.q_norm.weight,layer_28,normalization,solver_full_r4,solver_full,4,128,3.145679951185349e-05
model.layers.28.self_attn.q_norm.weight,layer_28,normalization,solver_full_r5,solver_full,5,128,7.62939453125e-06
model.layers.26.post_attention_layernorm.weight,layer_26,normalization,questioner_full_r1,questioner_full,1,2560,7.977846381602149e-06
model.layers.26.post_attention_layernorm.weight,layer_26,normalization,questioner_full_r2,questioner_full,2,2560,1.0427917351068992e-05
model.layers.26.post_attention_layernorm.weight,layer_26,normalization,questioner_full_r3,questioner_full,3,2560,3.781627010182108e-05
model.layers.26.post_attention_layernorm.weight,layer_26,normalization,questioner_full_r4,questioner_full,4,2560,3.0227724453278702e-05
model.layers.26.post_attention_layernorm.weight,layer_26,normalization,questioner_full_r5,questioner_full,5,2560,1.22461075370718e-05
model.layers.26.post_attention_layernorm.weight,layer_26,normalization,solver_rank1_r1,solver_rank1,1,2560,1.5268479380042434e-05
model.layers.26.post_attention_layernorm.weight,layer_26,normalization,solver_rank1_r2,solver_rank1,2,2560,1.0173229663066616e-05
model.layers.26.post_attention_layernorm.weight,layer_26,normalization,solver_rank1_r3,solver_rank1,3,2560,1.985436443514141e-06
model.layers.26.post_attention_layernorm.weight,layer_26,normalization,solver_rank1_r4,solver_rank1,4,2560,1.7530253527185353e-05
model.layers.26.post_attention_layernorm.weight,layer_26,normalization,solver_rank1_r5,solver_rank1,5,2560,1.1733945377964935e-05
model.layers.26.post_attention_layernorm.weight,layer_26,normalization,solver_full_r1,solver_full,1,2560,1.52595912157424e-05
model.layers.26.post_attention_layernorm.weight,layer_26,normalization,solver_full_r2,solver_full,2,2560,1.0422254461586364e-05
model.layers.26.post_attention_layernorm.weight,layer_26,normalization,solver_full_r3,solver_full,3,2560,2.0658170688965774e-06
model.layers.26.post_attention_layernorm.weight,layer_26,normalization,solver_full_r4,solver_full,4,2560,1.763402590915451e-05
model.layers.26.post_attention_layernorm.weight,layer_26,normalization,solver_full_r5,solver_full,5,2560,1.235420622740531e-05
model.layers.10.self_attn.k_norm.weight,layer_10,normalization,questioner_full_r1,questioner_full,1,128,1.954450753395004e-05
model.layers.10.self_attn.k_norm.weight,layer_10,normalization,questioner_full_r2,questioner_full,2,128,4.69145731973604e-05
model.layers.10.self_attn.k_norm.weight,layer_10,normalization,questioner_full_r3,questioner_full,3,128,4.000888245277983e-05
model.layers.10.self_attn.k_norm.weight,layer_10,normalization,questioner_full_r4,questioner_full,4,128,1.7481138973067626e-05
model.layers.10.self_attn.k_norm.weight,layer_10,normalization,questioner_full_r5,questioner_full,5,128,6.034581001112509e-05
model.layers.10.self_attn.k_norm.weight,layer_10,normalization,solver_rank1_r1,solver_rank1,1,128,2.26485101452597e-05
model.layers.10.self_attn.k_norm.weight,layer_10,normalization,solver_rank1_r2,solver_rank1,2,128,2.0185480583683706e-05
model.layers.10.self_attn.k_norm.weight,layer_10,normalization,solver_rank1_r3,solver_rank1,3,128,9.344061823971473e-06
model.layers.10.self_attn.k_norm.weight,layer_10,normalization,solver_rank1_r4,solver_rank1,4,128,1.3214498959113138e-05
model.layers.10.self_attn.k_norm.weight,layer_10,normalization,solver_rank1_r5,solver_rank1,5,128,1.3885707644043957e-05
model.layers.10.self_attn.k_norm.weight,layer_10,normalization,solver_full_r1,solver_full,1,128,2.26485101452597e-05
model.layers.10.self_attn.k_norm.weight,layer_10,normalization,solver_full_r2,solver_full,2,128,2.089395742436089e-05
model.layers.10.self_attn.k_norm.weight,layer_10,normalization,solver_full_r3,solver_full,3,128,1.0271386732357986e-05
model.layers.10.self_attn.k_norm.weight,layer_10,normalization,solver_full_r4,solver_full,4,128,1.4896869041264828e-05
model.layers.10.self_attn.k_norm.weight,layer_10,normalization,solver_full_r5,solver_full,5,128,1.5728399755926745e-05
model.layers.6.self_attn.q_norm.weight,layer_06,normalization,questioner_full_r1,questioner_full,1,128,0.0
model.layers.6.self_attn.q_norm.weight,layer_06,normalization,questioner_full_r2,questioner_full,2,128,0.0
model.layers.6.self_attn.q_norm.weight,layer_06,normalization,questioner_full_r3,questioner_full,3,128,0.0
model.layers.6.self_attn.q_norm.weight,layer_06,normalization,questioner_full_r4,questioner_full,4,128,0.0
model.layers.6.self_attn.q_norm.weight,layer_06,normalization,questioner_full_r5,questioner_full,5,128,0.0
model.layers.6.self_attn.q_norm.weight,layer_06,normalization,solver_rank1_r1,solver_rank1,1,128,0.0
model.layers.6.self_attn.q_norm.weight,layer_06,normalization,solver_rank1_r2,solver_rank1,2,128,0.0
model.layers.6.self_attn.q_norm.weight,layer_06,normalization,solver_rank1_r3,solver_rank1,3,128,0.0
model.layers.6.self_attn.q_norm.weight,layer_06,normalization,solver_rank1_r4,solver_rank1,4,128,0.0
model.layers.6.self_attn.q_norm.weight,layer_06,normalization,solver_rank1_r5,solver_rank1,5,128,0.0
model.layers.6.self_attn.q_norm.weight,layer_06,normalization,solver_full_r1,solver_full,1,128,0.0
model.layers.6.self_attn.q_norm.weight,layer_06,normalization,solver_full_r2,solver_full,2,128,0.0
model.layers.6.self_attn.q_norm.weight,layer_06,normalization,solver_full_r3,solver_full,3,128,0.0
model.layers.6.self_attn.q_norm.weight,layer_06,normalization,solver_full_r4,solver_full,4,128,0.0
model.layers.6.self_attn.q_norm.weight,layer_06,normalization,solver_full_r5,solver_full,5,128,0.0
model.layers.33.self_attn.q_proj.weight,layer_33,attention_q,questioner_full_r1,questioner_full,1,10485760,0.007935123814020551
model.layers.33.self_attn.q_proj.weight,layer_33,attention_q,questioner_full_r2,questioner_full,2,10485760,0.05874124257172994
model.layers.33.self_attn.q_proj.weight,layer_33,attention_q,questioner_full_r3,questioner_full,3,10485760,0.05649001900149925
model.layers.33.self_attn.q_proj.weight,layer_33,attention_q,questioner_full_r4,questioner_full,4,10485760,0.0581237921604109
model.layers.33.self_attn.q_proj.weight,layer_33,attention_q,questioner_full_r5,questioner_full,5,10485760,0.05732232613928179
model.layers.33.self_attn.q_proj.weight,layer_33,attention_q,solver_rank1_r1,solver_rank1,1,10485760,0.010199006027502023
model.layers.33.self_attn.q_proj.weight,layer_33,attention_q,solver_rank1_r2,solver_rank1,2,10485760,0.011208888830260817
model.layers.33.self_attn.q_proj.weight,layer_33,attention_q,solver_rank1_r3,solver_rank1,3,10485760,0.01073957706664136
model.layers.33.self_attn.q_proj.weight,layer_33,attention_q,solver_rank1_r4,solver_rank1,4,10485760,0.010740817373616192
model.layers.33.self_attn.q_proj.weight,layer_33,attention_q,solver_rank1_r5,solver_rank1,5,10485760,0.010788034431437167
model.layers.33.self_attn.q_proj.weight,layer_33,attention_q,solver_full_r1,solver_full,1,10485760,0.011189603808691604
model.layers.33.self_attn.q_proj.weight,layer_33,attention_q,solver_full_r2,solver_full,2,10485760,0.012621971053659198
model.layers.33.self_attn.q_proj.weight,layer_33,attention_q,solver_full_r3,solver_full,3,10485760,0.012172212750889321
model.layers.33.self_attn.q_proj.weight,layer_33,attention_q,solver_full_r4,solver_full,4,10485760,0.012128542155657404
model.layers.33.self_attn.q_proj.weight,layer_33,attention_q,solver_full_r5,solver_full,5,10485760,0.012273439878124553
model.layers.31.self_attn.k_norm.weight,layer_31,normalization,questioner_full_r1,questioner_full,1,128,1.5728399755926745e-05
model.layers.31.self_attn.k_norm.weight,layer_31,normalization,questioner_full_r2,questioner_full,2,128,4.840308204822357e-05
model.layers.31.self_attn.k_norm.weight,layer_31,normalization,questioner_full_r3,questioner_full,3,128,5.060767807549133e-05
model.layers.31.self_attn.k_norm.weight,layer_31,normalization,questioner_full_r4,questioner_full,4,128,7.167165461752295e-05
model.layers.31.self_attn.k_norm.weight,layer_31,normalization,questioner_full_r5,questioner_full,5,128,4.57763671875e-05
model.layers.31.self_attn.k_norm.weight,layer_31,normalization,solver_rank1_r1,solver_rank1,1,128,3.4332275390625e-05
model.layers.31.self_attn.k_norm.weight,layer_31,normalization,solver_rank1_r2,solver_rank1,2,128,2.1579186437577746e-05
model.layers.31.self_attn.k_norm.weight,layer_31,normalization,solver_rank1_r3,solver_rank1,3,128,3.814697265625e-06
model.layers.31.self_attn.k_norm.weight,layer_31,normalization,solver_rank1_r4,solver_rank1,4,128,0.0
model.layers.31.self_attn.k_norm.weight,layer_31,normalization,solver_rank1_r5,solver_rank1,5,128,3.0755072587198445e-05
model.layers.31.self_attn.k_norm.weight,layer_31,normalization,solver_full_r1,solver_full,1,128,3.4332275390625e-05
model.layers.31.self_attn.k_norm.weight,layer_31,normalization,solver_full_r2,solver_full,2,128,2.1579186437577746e-05
model.layers.31.self_attn.k_norm.weight,layer_31,normalization,solver_full_r3,solver_full,3,128,3.814697265625e-06
model.layers.31.self_attn.k_norm.weight,layer_31,normalization,solver_full_r4,solver_full,4,128,0.0
model.layers.31.self_attn.k_norm.weight,layer_31,normalization,solver_full_r5,solver_full,5,128,3.4332275390625e-05
model.layers.23.self_attn.v_proj.weight,layer_23,attention_v,questioner_full_r1,questioner_full,1,2621440,0.004589744638374132
model.layers.23.self_attn.v_proj.weight,layer_23,attention_v,questioner_full_r2,questioner_full,2,2621440,0.027440364750429224
model.layers.23.self_attn.v_proj.weight,layer_23,attention_v,questioner_full_r3,questioner_full,3,2621440,0.02742045682958189
model.layers.23.self_attn.v_proj.weight,layer_23,attention_v,questioner_full_r4,questioner_full,4,2621440,0.025995927586855587
model.layers.23.self_attn.v_proj.weight,layer_23,attention_v,questioner_full_r5,questioner_full,5,2621440,0.026535709804644505
model.layers.23.self_attn.v_proj.weight,layer_23,attention_v,solver_rank1_r1,solver_rank1,1,2621440,0.006027770771896897
model.layers.23.self_attn.v_proj.weight,layer_23,attention_v,solver_rank1_r2,solver_rank1,2,2621440,0.006468244711295692
model.layers.23.self_attn.v_proj.weight,layer_23,attention_v,solver_rank1_r3,solver_rank1,3,2621440,0.006316364195935583
model.layers.23.self_attn.v_proj.weight,layer_23,attention_v,solver_rank1_r4,solver_rank1,4,2621440,0.006319128851170655
model.layers.23.self_attn.v_proj.weight,layer_23,attention_v,solver_rank1_r5,solver_rank1,5,2621440,0.0061931762836104675
model.layers.23.self_attn.v_proj.weight,layer_23,attention_v,solver_full_r1,solver_full,1,2621440,0.0066481707778682135
model.layers.23.self_attn.v_proj.weight,layer_23,attention_v,solver_full_r2,solver_full,2,2621440,0.00727938799843279
model.layers.23.self_attn.v_proj.weight,layer_23,attention_v,solver_full_r3,solver_full,3,2621440,0.0072014334619765474
model.layers.23.self_attn.v_proj.weight,layer_23,attention_v,solver_full_r4,solver_full,4,2621440,0.007243208417272708
model.layers.23.self_attn.v_proj.weight,layer_23,attention_v,solver_full_r5,solver_full,5,2621440,0.007091062806891514
model.layers.6.mlp.up_proj.weight,layer_06,mlp_up,questioner_full_r1,questioner_full,1,24903680,0.012435438031501779
model.layers.6.mlp.up_proj.weight,layer_06,mlp_up,questioner_full_r2,questioner_full,2,24903680,0.07526620048568135
model.layers.6.mlp.up_proj.weight,layer_06,mlp_up,questioner_full_r3,questioner_full,3,24903680,0.07895050187434469
model.layers.6.mlp.up_proj.weight,layer_06,mlp_up,questioner_full_r4,questioner_full,4,24903680,0.08213520532284128
model.layers.6.mlp.up_proj.weight,layer_06,mlp_up,questioner_full_r5,questioner_full,5,24903680,0.08473923153187915
model.layers.6.mlp.up_proj.weight,layer_06,mlp_up,solver_rank1_r1,solver_rank1,1,24903680,0.01832698260707924
model.layers.6.mlp.up_proj.weight,layer_06,mlp_up,solver_rank1_r2,solver_rank1,2,24903680,0.019508282374465308
model.layers.6.mlp.up_proj.weight,layer_06,mlp_up,solver_rank1_r3,solver_rank1,3,24903680,0.019383951909745744
model.layers.6.mlp.up_proj.weight,layer_06,mlp_up,solver_rank1_r4,solver_rank1,4,24903680,0.017162635180993185
model.layers.6.mlp.up_proj.weight,layer_06,mlp_up,solver_rank1_r5,solver_rank1,5,24903680,0.019959636615179528
model.layers.6.mlp.up_proj.weight,layer_06,mlp_up,solver_full_r1,solver_full,1,24903680,0.019736431496429157
model.layers.6.mlp.up_proj.weight,layer_06,mlp_up,solver_full_r2,solver_full,2,24903680,0.021430399644567468
model.layers.6.mlp.up_proj.weight,layer_06,mlp_up,solver_full_r3,solver_full,3,24903680,0.02150130138535955
model.layers.6.mlp.up_proj.weight,layer_06,mlp_up,solver_full_r4,solver_full,4,24903680,0.019228251036905182
model.layers.6.mlp.up_proj.weight,layer_06,mlp_up,solver_full_r5,solver_full,5,24903680,0.021269860857847687
model.layers.0.post_attention_layernorm.weight,layer_00,normalization,questioner_full_r1,questioner_full,1,2560,3.711304787415148e-05
model.layers.0.post_attention_layernorm.weight,layer_00,normalization,questioner_full_r2,questioner_full,2,2560,0.00011655659710310902
model.layers.0.post_attention_layernorm.weight,layer_00,normalization,questioner_full_r3,questioner_full,3,2560,0.00011271750912163932
model.layers.0.post_attention_layernorm.weight,layer_00,normalization,questioner_full_r4,questioner_full,4,2560,0.00014252424058643136
model.layers.0.post_attention_layernorm.weight,layer_00,normalization,questioner_full_r5,questioner_full,5,2560,0.00010897274094951442
model.layers.0.post_attention_layernorm.weight,layer_00,normalization,solver_rank1_r1,solver_rank1,1,2560,4.8677669138138976e-05
model.layers.0.post_attention_layernorm.weight,layer_00,normalization,solver_rank1_r2,solver_rank1,2,2560,4.591304814959246e-05
model.layers.0.post_attention_layernorm.weight,layer_00,normalization,solver_rank1_r3,solver_rank1,3,2560,4.9320842433654325e-05
model.layers.0.post_attention_layernorm.weight,layer_00,normalization,solver_rank1_r4,solver_rank1,4,2560,3.96523329252449e-05
model.layers.0.post_attention_layernorm.weight,layer_00,normalization,solver_rank1_r5,solver_rank1,5,2560,3.81424729386739e-05
model.layers.0.post_attention_layernorm.weight,layer_00,normalization,solver_full_r1,solver_full,1,2560,4.932971291375378e-05
model.layers.0.post_attention_layernorm.weight,layer_00,normalization,solver_full_r2,solver_full,2,2560,4.8408873302262456e-05
model.layers.0.post_attention_layernorm.weight,layer_00,normalization,solver_full_r3,solver_full,3,2560,5.065370466658823e-05
model.layers.0.post_attention_layernorm.weight,layer_00,normalization,solver_full_r4,solver_full,4,2560,4.097788577614626e-05
model.layers.0.post_attention_layernorm.weight,layer_00,normalization,solver_full_r5,solver_full,5,2560,4.152171333649329e-05
model.layers.18.input_layernorm.weight,layer_18,normalization,questioner_full_r1,questioner_full,1,2560,0.0
model.layers.18.input_layernorm.weight,layer_18,normalization,questioner_full_r2,questioner_full,2,2560,0.0
model.layers.18.input_layernorm.weight,layer_18,normalization,questioner_full_r3,questioner_full,3,2560,0.0
model.layers.18.input_layernorm.weight,layer_18,normalization,questioner_full_r4,questioner_full,4,2560,0.0
model.layers.18.input_layernorm.weight,layer_18,normalization,questioner_full_r5,questioner_full,5,2560,0.0
model.layers.18.input_layernorm.weight,layer_18,normalization,solver_rank1_r1,solver_rank1,1,2560,0.0
model.layers.18.input_layernorm.weight,layer_18,normalization,solver_rank1_r2,solver_rank1,2,2560,0.0
model.layers.18.input_layernorm.weight,layer_18,normalization,solver_rank1_r3,solver_rank1,3,2560,0.0
model.layers.18.input_layernorm.weight,layer_18,normalization,solver_rank1_r4,solver_rank1,4,2560,0.0
model.layers.18.input_layernorm.weight,layer_18,normalization,solver_rank1_r5,solver_rank1,5,2560,0.0
model.layers.18.input_layernorm.weight,layer_18,normalization,solver_full_r1,solver_full,1,2560,0.0
model.layers.18.input_layernorm.weight,layer_18,normalization,solver_full_r2,solver_full,2,2560,0.0
model.layers.18.input_layernorm.weight,layer_18,normalization,solver_full_r3,solver_full,3,2560,0.0
model.layers.18.input_layernorm.weight,layer_18,normalization,solver_full_r4,solver_full,4,2560,0.0
model.layers.18.input_layernorm.weight,layer_18,normalization,solver_full_r5,solver_full,5,2560,0.0
model.layers.10.input_layernorm.weight,layer_10,normalization,questioner_full_r1,questioner_full,1,2560,0.0
model.layers.10.input_layernorm.weight,layer_10,normalization,questioner_full_r2,questioner_full,2,2560,2.8133392333984375e-05
model.layers.10.input_layernorm.weight,layer_10,normalization,questioner_full_r3,questioner_full,3,2560,2.86102294921875e-05
model.layers.10.input_layernorm.weight,layer_10,normalization,questioner_full_r4,questioner_full,4,2560,2.09808349609375e-05
model.layers.10.input_layernorm.weight,layer_10,normalization,questioner_full_r5,questioner_full,5,2560,2.6226043701171875e-05
model.layers.10.input_layernorm.weight,layer_10,normalization,solver_rank1_r1,solver_rank1,1,2560,9.5367431640625e-06
model.layers.10.input_layernorm.weight,layer_10,normalization,solver_rank1_r2,solver_rank1,2,2560,1.239776611328125e-05
model.layers.10.input_layernorm.weight,layer_10,normalization,solver_rank1_r3,solver_rank1,3,2560,1.430511474609375e-05
model.layers.10.input_layernorm.weight,layer_10,normalization,solver_rank1_r4,solver_rank1,4,2560,7.62939453125e-06
model.layers.10.input_layernorm.weight,layer_10,normalization,solver_rank1_r5,solver_rank1,5,2560,1.811981201171875e-05
model.layers.10.input_layernorm.weight,layer_10,normalization,solver_full_r1,solver_full,1,2560,9.5367431640625e-06
model.layers.10.input_layernorm.weight,layer_10,normalization,solver_full_r2,solver_full,2,2560,1.239776611328125e-05
model.layers.10.input_layernorm.weight,layer_10,normalization,solver_full_r3,solver_full,3,2560,1.430511474609375e-05
model.layers.10.input_layernorm.weight,layer_10,normalization,solver_full_r4,solver_full,4,2560,7.62939453125e-06
model.layers.10.input_layernorm.weight,layer_10,normalization,solver_full_r5,solver_full,5,2560,1.811981201171875e-05
model.layers.28.mlp.up_proj.weight,layer_28,mlp_up,questioner_full_r1,questioner_full,1,24903680,0.009933355708606248
model.layers.28.mlp.up_proj.weight,layer_28,mlp_up,questioner_full_r2,questioner_full,2,24903680,0.08301563716921904
model.layers.28.mlp.up_proj.weight,layer_28,mlp_up,questioner_full_r3,questioner_full,3,24903680,0.08035259884278169
model.layers.28.mlp.up_proj.weight,layer_28,mlp_up,questioner_full_r4,questioner_full,4,24903680,0.07765980789918583
model.layers.28.mlp.up_proj.weight,layer_28,mlp_up,questioner_full_r5,questioner_full,5,24903680,0.07957753416468213
model.layers.28.mlp.up_proj.weight,layer_28,mlp_up,solver_rank1_r1,solver_rank1,1,24903680,0.015134547200628155
model.layers.28.mlp.up_proj.weight,layer_28,mlp_up,solver_rank1_r2,solver_rank1,2,24903680,0.016042292715015855
model.layers.28.mlp.up_proj.weight,layer_28,mlp_up,solver_rank1_r3,solver_rank1,3,24903680,0.01582304755108208
model.layers.28.mlp.up_proj.weight,layer_28,mlp_up,solver_rank1_r4,solver_rank1,4,24903680,0.01621222577201408
model.layers.28.mlp.up_proj.weight,layer_28,mlp_up,solver_rank1_r5,solver_rank1,5,24903680,0.015229934381088968
model.layers.28.mlp.up_proj.weight,layer_28,mlp_up,solver_full_r1,solver_full,1,24903680,0.016748006348571317
model.layers.28.mlp.up_proj.weight,layer_28,mlp_up,solver_full_r2,solver_full,2,24903680,0.018090987669261396
model.layers.28.mlp.up_proj.weight,layer_28,mlp_up,solver_full_r3,solver_full,3,24903680,0.01808173490462507
model.layers.28.mlp.up_proj.weight,layer_28,mlp_up,solver_full_r4,solver_full,4,24903680,0.0184107649790701
model.layers.28.mlp.up_proj.weight,layer_28,mlp_up,solver_full_r5,solver_full,5,24903680,0.017435120878916743
model.layers.27.self_attn.k_norm.weight,layer_27,normalization,questioner_full_r1,questioner_full,1,128,1.587230394086193e-05
model.layers.27.self_attn.k_norm.weight,layer_27,normalization,questioner_full_r2,questioner_full,2,128,6.187134393046796e-05
model.layers.27.self_attn.k_norm.weight,layer_27,normalization,questioner_full_r3,questioner_full,3,128,5.121506340827008e-05
model.layers.27.self_attn.k_norm.weight,layer_27,normalization,questioner_full_r4,questioner_full,4,128,7.919517323313406e-05
model.layers.27.self_attn.k_norm.weight,layer_27,normalization,questioner_full_r5,questioner_full,5,128,4.2350012419079816e-05
model.layers.27.self_attn.k_norm.weight,layer_27,normalization,solver_rank1_r1,solver_rank1,1,128,1.1796299816945058e-05
model.layers.27.self_attn.k_norm.weight,layer_27,normalization,solver_rank1_r2,solver_rank1,2,128,4.1129796319671294e-05
model.layers.27.self_attn.k_norm.weight,layer_27,normalization,solver_rank1_r3,solver_rank1,3,128,3.528594970703125e-05
model.layers.27.self_attn.k_norm.weight,layer_27,normalization,solver_rank1_r4,solver_rank1,4,128,1.6872221005396015e-05
model.layers.27.self_attn.k_norm.weight,layer_27,normalization,solver_rank1_r5,solver_rank1,5,128,1.3385456893556785e-05
model.layers.27.self_attn.k_norm.weight,layer_27,normalization,solver_full_r1,solver_full,1,128,1.33514404296875e-05
model.layers.27.self_attn.k_norm.weight,layer_27,normalization,solver_full_r2,solver_full,2,128,3.872669316148177e-05
model.layers.27.self_attn.k_norm.weight,layer_27,normalization,solver_full_r3,solver_full,3,128,3.476662852012288e-05
model.layers.27.self_attn.k_norm.weight,layer_27,normalization,solver_full_r4,solver_full,4,128,1.662787988106031e-05
model.layers.27.self_attn.k_norm.weight,layer_27,normalization,solver_full_r5,solver_full,5,128,1.5407080098536978e-05
model.layers.23.self_attn.o_proj.weight,layer_23,attention_o,questioner_full_r1,questioner_full,1,10485760,0.008903850798502597
model.layers.23.self_attn.o_proj.weight,layer_23,attention_o,questioner_full_r2,questioner_full,2,10485760,0.05628548456867559
model.layers.23.self_attn.o_proj.weight,layer_23,attention_o,questioner_full_r3,questioner_full,3,10485760,0.05591306915096397
model.layers.23.self_attn.o_proj.weight,layer_23,attention_o,questioner_full_r4,questioner_full,4,10485760,0.05354651445329015
model.layers.23.self_attn.o_proj.weight,layer_23,attention_o,questioner_full_r5,questioner_full,5,10485760,0.05444948708258216
model.layers.23.self_attn.o_proj.weight,layer_23,attention_o,solver_rank1_r1,solver_rank1,1,10485760,0.012039894989124651
model.layers.23.self_attn.o_proj.weight,layer_23,attention_o,solver_rank1_r2,solver_rank1,2,10485760,0.012607340154043164
model.layers.23.self_attn.o_proj.weight,layer_23,attention_o,solver_rank1_r3,solver_rank1,3,10485760,0.012319481691846915
model.layers.23.self_attn.o_proj.weight,layer_23,attention_o,solver_rank1_r4,solver_rank1,4,10485760,0.012417632178751442
model.layers.23.self_attn.o_proj.weight,layer_23,attention_o,solver_rank1_r5,solver_rank1,5,10485760,0.012105612369441491
model.layers.23.self_attn.o_proj.weight,layer_23,attention_o,solver_full_r1,solver_full,1,10485760,0.013302754600273173
model.layers.23.self_attn.o_proj.weight,layer_23,attention_o,solver_full_r2,solver_full,2,10485760,0.014223780583064371
model.layers.23.self_attn.o_proj.weight,layer_23,attention_o,solver_full_r3,solver_full,3,10485760,0.014099839105013825
model.layers.23.self_attn.o_proj.weight,layer_23,attention_o,solver_full_r4,solver_full,4,10485760,0.014231368231863618
model.layers.23.self_attn.o_proj.weight,layer_23,attention_o,solver_full_r5,solver_full,5,10485760,0.01385721536421191
model.layers.17.self_attn.v_proj.weight,layer_17,attention_v,questioner_full_r1,questioner_full,1,2621440,0.005048511380146793
model.layers.17.self_attn.v_proj.weight,layer_17,attention_v,questioner_full_r2,questioner_full,2,2621440,0.024107309482987452
model.layers.17.self_attn.v_proj.weight,layer_17,attention_v,questioner_full_r3,questioner_full,3,2621440,0.025025208972307946
model.layers.17.self_attn.v_proj.weight,layer_17,attention_v,questioner_full_r4,questioner_full,4,2621440,0.02488460095683958
model.layers.17.self_attn.v_proj.weight,layer_17,attention_v,questioner_full_r5,questioner_full,5,2621440,0.025045277748708367
model.layers.17.self_attn.v_proj.weight,layer_17,attention_v,solver_rank1_r1,solver_rank1,1,2621440,0.007237070828227561
model.layers.17.self_attn.v_proj.weight,layer_17,attention_v,solver_rank1_r2,solver_rank1,2,2621440,0.0076851920971445385
model.layers.17.self_attn.v_proj.weight,layer_17,attention_v,solver_rank1_r3,solver_rank1,3,2621440,0.0075870730672946045
model.layers.17.self_attn.v_proj.weight,layer_17,attention_v,solver_rank1_r4,solver_rank1,4,2621440,0.006748768664927195
model.layers.17.self_attn.v_proj.weight,layer_17,attention_v,solver_rank1_r5,solver_rank1,5,2621440,0.006735255165077095
model.layers.17.self_attn.v_proj.weight,layer_17,attention_v,solver_full_r1,solver_full,1,2621440,0.007853799940750042
model.layers.17.self_attn.v_proj.weight,layer_17,attention_v,solver_full_r2,solver_full,2,2621440,0.008567119827050301
model.layers.17.self_attn.v_proj.weight,layer_17,attention_v,solver_full_r3,solver_full,3,2621440,0.008185632711545904
model.layers.17.self_attn.v_proj.weight,layer_17,attention_v,solver_full_r4,solver_full,4,2621440,0.007715084466015713
model.layers.17.self_attn.v_proj.weight,layer_17,attention_v,solver_full_r5,solver_full,5,2621440,0.007672258072246114
model.layers.29.post_attention_layernorm.weight,layer_29,normalization,questioner_full_r1,questioner_full,1,2560,2.879743374806177e-06
model.layers.29.post_attention_layernorm.weight,layer_29,normalization,questioner_full_r2,questioner_full,2,2560,4.230960043091319e-05
model.layers.29.post_attention_layernorm.weight,layer_29,normalization,questioner_full_r3,questioner_full,3,2560,2.2848179373346673e-05
model.layers.29.post_attention_layernorm.weight,layer_29,normalization,questioner_full_r4,questioner_full,4,2560,1.066240299940009e-06
model.layers.29.post_attention_layernorm.weight,layer_29,normalization,questioner_full_r5,questioner_full,5,2560,2.4210934209415634e-05
model.layers.29.post_attention_layernorm.weight,layer_29,normalization,solver_rank1_r1,solver_rank1,1,2560,8.023970909419681e-06
model.layers.29.post_attention_layernorm.weight,layer_29,normalization,solver_rank1_r2,solver_rank1,2,2560,7.926557723109122e-06
model.layers.29.post_attention_layernorm.weight,layer_29,normalization,solver_rank1_r3,solver_rank1,3,2560,8.946307726343722e-06
model.layers.29.post_attention_layernorm.weight,layer_29,normalization,solver_rank1_r4,solver_rank1,4,2560,1.4096348846903433e-05
model.layers.29.post_attention_layernorm.weight,layer_29,normalization,solver_rank1_r5,solver_rank1,5,2560,1.7793758542104045e-05
model.layers.29.post_attention_layernorm.weight,layer_29,normalization,solver_full_r1,solver_full,1,2560,8.20587681008535e-06
model.layers.29.post_attention_layernorm.weight,layer_29,normalization,solver_full_r2,solver_full,2,2560,8.209498563570445e-06
model.layers.29.post_attention_layernorm.weight,layer_29,normalization,solver_full_r3,solver_full,3,2560,8.916075900039193e-06
model.layers.29.post_attention_layernorm.weight,layer_29,normalization,solver_full_r4,solver_full,4,2560,1.4313059825709948e-05
model.layers.29.post_attention_layernorm.weight,layer_29,normalization,solver_full_r5,solver_full,5,2560,1.7879033926422692e-05
model.layers.13.self_attn.k_proj.weight,layer_13,attention_k,questioner_full_r1,questioner_full,1,2621440,0.004607712026950201
model.layers.13.self_attn.k_proj.weight,layer_13,attention_k,questioner_full_r2,questioner_full,2,2621440,0.024710836277726373
model.layers.13.self_attn.k_proj.weight,layer_13,attention_k,questioner_full_r3,questioner_full,3,2621440,0.02671552467729925
model.layers.13.self_attn.k_proj.weight,layer_13,attention_k,questioner_full_r4,questioner_full,4,2621440,0.027168006917085447
model.layers.13.self_attn.k_proj.weight,layer_13,attention_k,questioner_full_r5,questioner_full,5,2621440,0.028106978608589687
model.layers.13.self_attn.k_proj.weight,layer_13,attention_k,solver_rank1_r1,solver_rank1,1,2621440,0.006327779433211435
model.layers.13.self_attn.k_proj.weight,layer_13,attention_k,solver_rank1_r2,solver_rank1,2,2621440,0.006561601916410142
model.layers.13.self_attn.k_proj.weight,layer_13,attention_k,solver_rank1_r3,solver_rank1,3,2621440,0.006388093923192354
model.layers.13.self_attn.k_proj.weight,layer_13,attention_k,solver_rank1_r4,solver_rank1,4,2621440,0.0060559131211369655
model.layers.13.self_attn.k_proj.weight,layer_13,attention_k,solver_rank1_r5,solver_rank1,5,2621440,0.006896978326601044
model.layers.13.self_attn.k_proj.weight,layer_13,attention_k,solver_full_r1,solver_full,1,2621440,0.006891940689694153
model.layers.13.self_attn.k_proj.weight,layer_13,attention_k,solver_full_r2,solver_full,2,2621440,0.007345742337093016
model.layers.13.self_attn.k_proj.weight,layer_13,attention_k,solver_full_r3,solver_full,3,2621440,0.007183161619537706
model.layers.13.self_attn.k_proj.weight,layer_13,attention_k,solver_full_r4,solver_full,4,2621440,0.006791899490718009
model.layers.13.self_attn.k_proj.weight,layer_13,attention_k,solver_full_r5,solver_full,5,2621440,0.007383550297678687
model.layers.21.self_attn.q_norm.weight,layer_21,normalization,questioner_full_r1,questioner_full,1,128,9.5367431640625e-07
model.layers.21.self_attn.q_norm.weight,layer_21,normalization,questioner_full_r2,questioner_full,2,128,7.62939453125e-06
model.layers.21.self_attn.q_norm.weight,layer_21,normalization,questioner_full_r3,questioner_full,3,128,4.2438507080078125e-05
model.layers.21.self_attn.q_norm.weight,layer_21,normalization,questioner_full_r4,questioner_full,4,128,2.5987625122070312e-05
model.layers.21.self_attn.q_norm.weight,layer_21,normalization,questioner_full_r5,questioner_full,5,128,3.2901763916015625e-05
model.layers.21.self_attn.q_norm.weight,layer_21,normalization,solver_rank1_r1,solver_rank1,1,128,2.384185791015625e-06
model.layers.21.self_attn.q_norm.weight,layer_21,normalization,solver_rank1_r2,solver_rank1,2,128,6.67572021484375e-06
model.layers.21.self_attn.q_norm.weight,layer_21,normalization,solver_rank1_r3,solver_rank1,3,128,7.62939453125e-06
model.layers.21.self_attn.q_norm.weight,layer_21,normalization,solver_rank1_r4,solver_rank1,4,128,1.0967254638671875e-05
model.layers.21.self_attn.q_norm.weight,layer_21,normalization,solver_rank1_r5,solver_rank1,5,128,9.5367431640625e-07
model.layers.21.self_attn.q_norm.weight,layer_21,normalization,solver_full_r1,solver_full,1,128,2.384185791015625e-06
model.layers.21.self_attn.q_norm.weight,layer_21,normalization,solver_full_r2,solver_full,2,128,6.67572021484375e-06
model.layers.21.self_attn.q_norm.weight,layer_21,normalization,solver_full_r3,solver_full,3,128,7.62939453125e-06
model.layers.21.self_attn.q_norm.weight,layer_21,normalization,solver_full_r4,solver_full,4,128,1.0967254638671875e-05
model.layers.21.self_attn.q_norm.weight,layer_21,normalization,solver_full_r5,solver_full,5,128,9.5367431640625e-07
model.layers.21.self_attn.o_proj.weight,layer_21,attention_o,questioner_full_r1,questioner_full,1,10485760,0.010218543578842032
model.layers.21.self_attn.o_proj.weight,layer_21,attention_o,questioner_full_r2,questioner_full,2,10485760,0.05461932926884572
model.layers.21.self_attn.o_proj.weight,layer_21,attention_o,questioner_full_r3,questioner_full,3,10485760,0.054661533218444074
model.layers.21.self_attn.o_proj.weight,layer_21,attention_o,questioner_full_r4,questioner_full,4,10485760,0.05374941639631892
model.layers.21.self_attn.o_proj.weight,layer_21,attention_o,questioner_full_r5,questioner_full,5,10485760,0.054281451050829925
model.layers.21.self_attn.o_proj.weight,layer_21,attention_o,solver_rank1_r1,solver_rank1,1,10485760,0.013593852510449846
model.layers.21.self_attn.o_proj.weight,layer_21,attention_o,solver_rank1_r2,solver_rank1,2,10485760,0.014333866757004486
model.layers.21.self_attn.o_proj.weight,layer_21,attention_o,solver_rank1_r3,solver_rank1,3,10485760,0.01376286094993511
model.layers.21.self_attn.o_proj.weight,layer_21,attention_o,solver_rank1_r4,solver_rank1,4,10485760,0.01354894774294951
model.layers.21.self_attn.o_proj.weight,layer_21,attention_o,solver_rank1_r5,solver_rank1,5,10485760,0.013350025033858792
model.layers.21.self_attn.o_proj.weight,layer_21,attention_o,solver_full_r1,solver_full,1,10485760,0.014917924317464873
model.layers.21.self_attn.o_proj.weight,layer_21,attention_o,solver_full_r2,solver_full,2,10485760,0.016061233170900885
model.layers.21.self_attn.o_proj.weight,layer_21,attention_o,solver_full_r3,solver_full,3,10485760,0.015639106835997764
model.layers.21.self_attn.o_proj.weight,layer_21,attention_o,solver_full_r4,solver_full,4,10485760,0.015447374977373139
model.layers.21.self_attn.o_proj.weight,layer_21,attention_o,solver_full_r5,solver_full,5,10485760,0.015220442241178899
model.layers.8.self_attn.k_norm.weight,layer_08,normalization,questioner_full_r1,questioner_full,1,128,1.0792227075344348e-05
model.layers.8.self_attn.k_norm.weight,layer_08,normalization,questioner_full_r2,questioner_full,2,128,4.673004150390625e-05
model.layers.8.self_attn.k_norm.weight,layer_08,normalization,questioner_full_r3,questioner_full,3,128,5.98582594221826e-05
model.layers.8.self_attn.k_norm.weight,layer_08,normalization,questioner_full_r4,questioner_full,4,128,4.7769618143784575e-05
model.layers.8.self_attn.k_norm.weight,layer_08,normalization,questioner_full_r5,questioner_full,5,128,5.0482987748945504e-05
model.layers.8.self_attn.k_norm.weight,layer_08,normalization,solver_rank1_r1,solver_rank1,1,128,2.03257956370803e-05
model.layers.8.self_attn.k_norm.weight,layer_08,normalization,solver_rank1_r2,solver_rank1,2,128,3.198720899820027e-05
model.layers.8.self_attn.k_norm.weight,layer_08,normalization,solver_rank1_r3,solver_rank1,3,128,2.357813895240043e-05
model.layers.8.self_attn.k_norm.weight,layer_08,normalization,solver_rank1_r4,solver_rank1,4,128,2.544078178837819e-05
model.layers.8.self_attn.k_norm.weight,layer_08,normalization,solver_rank1_r5,solver_rank1,5,128,2.756700322396583e-05
model.layers.8.self_attn.k_norm.weight,layer_08,normalization,solver_full_r1,solver_full,1,128,2.3066304440398834e-05
model.layers.8.self_attn.k_norm.weight,layer_08,normalization,solver_full_r2,solver_full,2,128,3.1748188975748646e-05
model.layers.8.self_attn.k_norm.weight,layer_08,normalization,solver_full_r3,solver_full,3,128,2.380487434588545e-05
model.layers.8.self_attn.k_norm.weight,layer_08,normalization,solver_full_r4,solver_full,4,128,2.4897338867379207e-05
model.layers.8.self_attn.k_norm.weight,layer_08,normalization,solver_full_r5,solver_full,5,128,2.596136393629196e-05
model.layers.11.self_attn.k_norm.weight,layer_11,normalization,questioner_full_r1,questioner_full,1,128,2.1239335490532003e-05
model.layers.11.self_attn.k_norm.weight,layer_11,normalization,questioner_full_r2,questioner_full,2,128,1.5843627668224478e-05
model.layers.11.self_attn.k_norm.weight,layer_11,normalization,questioner_full_r3,questioner_full,3,128,5.8664537426871105e-05
model.layers.11.self_attn.k_norm.weight,layer_11,normalization,questioner_full_r4,questioner_full,4,128,3.9459535342363744e-05
model.layers.11.self_attn.k_norm.weight,layer_11,normalization,questioner_full_r5,questioner_full,5,128,4.037096116736741e-05
model.layers.11.self_attn.k_norm.weight,layer_11,normalization,solver_rank1_r1,solver_rank1,1,128,2.1663316138459296e-05
model.layers.11.self_attn.k_norm.weight,layer_11,normalization,solver_rank1_r2,solver_rank1,2,128,1.4273290202232137e-05
model.layers.11.self_attn.k_norm.weight,layer_11,normalization,solver_rank1_r3,solver_rank1,3,128,1.684524701371736e-05
model.layers.11.self_attn.k_norm.weight,layer_11,normalization,solver_rank1_r4,solver_rank1,4,128,1.7059844799040144e-05
model.layers.11.self_attn.k_norm.weight,layer_11,normalization,solver_rank1_r5,solver_rank1,5,128,2.328215716501942e-05
model.layers.11.self_attn.k_norm.weight,layer_11,normalization,solver_full_r1,solver_full,1,128,1.8785205463020523e-05
model.layers.11.self_attn.k_norm.weight,layer_11,normalization,solver_full_r2,solver_full,2,128,1.5018478153251288e-05
model.layers.11.self_attn.k_norm.weight,layer_11,normalization,solver_full_r3,solver_full,3,128,1.662787988106031e-05
model.layers.11.self_attn.k_norm.weight,layer_11,normalization,solver_full_r4,solver_full,4,128,1.809469791508701e-05
model.layers.11.self_attn.k_norm.weight,layer_11,normalization,solver_full_r5,solver_full,5,128,2.47955322265625e-05
model.layers.11.input_layernorm.weight,layer_11,normalization,questioner_full_r1,questioner_full,1,2560,0.0
model.layers.11.input_layernorm.weight,layer_11,normalization,questioner_full_r2,questioner_full,2,2560,3.0517578125e-05
model.layers.11.input_layernorm.weight,layer_11,normalization,questioner_full_r3,questioner_full,3,2560,3.0517578125e-05
model.layers.11.input_layernorm.weight,layer_11,normalization,questioner_full_r4,questioner_full,4,2560,3.0517578125e-05
model.layers.11.input_layernorm.weight,layer_11,normalization,questioner_full_r5,questioner_full,5,2560,3.0517578125e-05
model.layers.11.input_layernorm.weight,layer_11,normalization,solver_rank1_r1,solver_rank1,1,2560,0.0
model.layers.11.input_layernorm.weight,layer_11,normalization,solver_rank1_r2,solver_rank1,2,2560,0.0
model.layers.11.input_layernorm.weight,layer_11,normalization,solver_rank1_r3,solver_rank1,3,2560,0.0
model.layers.11.input_layernorm.weight,layer_11,normalization,solver_rank1_r4,solver_rank1,4,2560,0.0
model.layers.11.input_layernorm.weight,layer_11,normalization,solver_rank1_r5,solver_rank1,5,2560,0.0
model.layers.11.input_layernorm.weight,layer_11,normalization,solver_full_r1,solver_full,1,2560,0.0
model.layers.11.input_layernorm.weight,layer_11,normalization,solver_full_r2,solver_full,2,2560,0.0
model.layers.11.input_layernorm.weight,layer_11,normalization,solver_full_r3,solver_full,3,2560,0.0
model.layers.11.input_layernorm.weight,layer_11,normalization,solver_full_r4,solver_full,4,2560,0.0
model.layers.11.input_layernorm.weight,layer_11,normalization,solver_full_r5,solver_full,5,2560,0.0
model.layers.8.mlp.up_proj.weight,layer_08,mlp_up,questioner_full_r1,questioner_full,1,24903680,0.012664139792434264
model.layers.8.mlp.up_proj.weight,layer_08,mlp_up,questioner_full_r2,questioner_full,2,24903680,0.0755579688371592
model.layers.8.mlp.up_proj.weight,layer_08,mlp_up,questioner_full_r3,questioner_full,3,24903680,0.07992490023154951
model.layers.8.mlp.up_proj.weight,layer_08,mlp_up,questioner_full_r4,questioner_full,4,24903680,0.08087120739832061
model.layers.8.mlp.up_proj.weight,layer_08,mlp_up,questioner_full_r5,questioner_full,5,24903680,0.08339431726553849
model.layers.8.mlp.up_proj.weight,layer_08,mlp_up,solver_rank1_r1,solver_rank1,1,24903680,0.019689607398461782
model.layers.8.mlp.up_proj.weight,layer_08,mlp_up,solver_rank1_r2,solver_rank1,2,24903680,0.02081586116668619
model.layers.8.mlp.up_proj.weight,layer_08,mlp_up,solver_rank1_r3,solver_rank1,3,24903680,0.02084399735191025
model.layers.8.mlp.up_proj.weight,layer_08,mlp_up,solver_rank1_r4,solver_rank1,4,24903680,0.01828526631729962
model.layers.8.mlp.up_proj.weight,layer_08,mlp_up,solver_rank1_r5,solver_rank1,5,24903680,0.02080404395839659
model.layers.8.mlp.up_proj.weight,layer_08,mlp_up,solver_full_r1,solver_full,1,24903680,0.021149583603944994
model.layers.8.mlp.up_proj.weight,layer_08,mlp_up,solver_full_r2,solver_full,2,24903680,0.022817796561157035
model.layers.8.mlp.up_proj.weight,layer_08,mlp_up,solver_full_r3,solver_full,3,24903680,0.02316006149347041
model.layers.8.mlp.up_proj.weight,layer_08,mlp_up,solver_full_r4,solver_full,4,24903680,0.02062058772833888
model.layers.8.mlp.up_proj.weight,layer_08,mlp_up,solver_full_r5,solver_full,5,24903680,0.02215446983661533
model.layers.22.self_attn.v_proj.weight,layer_22,attention_v,questioner_full_r1,questioner_full,1,2621440,0.004794195960741555
model.layers.22.self_attn.v_proj.weight,layer_22,attention_v,questioner_full_r2,questioner_full,2,2621440,0.02644743424823422
model.layers.22.self_attn.v_proj.weight,layer_22,attention_v,questioner_full_r3,questioner_full,3,2621440,0.0262449120358278
model.layers.22.self_attn.v_proj.weight,layer_22,attention_v,questioner_full_r4,questioner_full,4,2621440,0.025876135891503275
model.layers.22.self_attn.v_proj.weight,layer_22,attention_v,questioner_full_r5,questioner_full,5,2621440,0.02607179760630735
model.layers.22.self_attn.v_proj.weight,layer_22,attention_v,solver_rank1_r1,solver_rank1,1,2621440,0.006453062472656768
model.layers.22.self_attn.v_proj.weight,layer_22,attention_v,solver_rank1_r2,solver_rank1,2,2621440,0.00675512790274504
model.layers.22.self_attn.v_proj.weight,layer_22,attention_v,solver_rank1_r3,solver_rank1,3,2621440,0.006509036734984849
model.layers.22.self_attn.v_proj.weight,layer_22,attention_v,solver_rank1_r4,solver_rank1,4,2621440,0.006372111521784944
model.layers.22.self_attn.v_proj.weight,layer_22,attention_v,solver_rank1_r5,solver_rank1,5,2621440,0.006223690571891806
model.layers.22.self_attn.v_proj.weight,layer_22,attention_v,solver_full_r1,solver_full,1,2621440,0.007041547101976804
model.layers.22.self_attn.v_proj.weight,layer_22,attention_v,solver_full_r2,solver_full,2,2621440,0.007537982662811342
model.layers.22.self_attn.v_proj.weight,layer_22,attention_v,solver_full_r3,solver_full,3,2621440,0.007377777127617431
model.layers.22.self_attn.v_proj.weight,layer_22,attention_v,solver_full_r4,solver_full,4,2621440,0.007220313785395785
model.layers.22.self_attn.v_proj.weight,layer_22,attention_v,solver_full_r5,solver_full,5,2621440,0.007075222470919655
model.layers.0.self_attn.q_norm.weight,layer_00,normalization,questioner_full_r1,questioner_full,1,128,0.0
model.layers.0.self_attn.q_norm.weight,layer_00,normalization,questioner_full_r2,questioner_full,2,128,3.0517578125e-05
model.layers.0.self_attn.q_norm.weight,layer_00,normalization,questioner_full_r3,questioner_full,3,128,3.0517578125e-05
model.layers.0.self_attn.q_norm.weight,layer_00,normalization,questioner_full_r4,questioner_full,4,128,0.0
model.layers.0.self_attn.q_norm.weight,layer_00,normalization,questioner_full_r5,questioner_full,5,128,0.0
model.layers.0.self_attn.q_norm.weight,layer_00,normalization,solver_rank1_r1,solver_rank1,1,128,0.0
model.layers.0.self_attn.q_norm.weight,layer_00,normalization,solver_rank1_r2,solver_rank1,2,128,0.0
model.layers.0.self_attn.q_norm.weight,layer_00,normalization,solver_rank1_r3,solver_rank1,3,128,0.0
model.layers.0.self_attn.q_norm.weight,layer_00,normalization,solver_rank1_r4,solver_rank1,4,128,0.0
model.layers.0.self_attn.q_norm.weight,layer_00,normalization,solver_rank1_r5,solver_rank1,5,128,0.0
model.layers.0.self_attn.q_norm.weight,layer_00,normalization,solver_full_r1,solver_full,1,128,0.0
model.layers.0.self_attn.q_norm.weight,layer_00,normalization,solver_full_r2,solver_full,2,128,0.0
model.layers.0.self_attn.q_norm.weight,layer_00,normalization,solver_full_r3,solver_full,3,128,0.0
model.layers.0.self_attn.q_norm.weight,layer_00,normalization,solver_full_r4,solver_full,4,128,0.0
model.layers.0.self_attn.q_norm.weight,layer_00,normalization,solver_full_r5,solver_full,5,128,0.0
model.layers.3.post_attention_layernorm.weight,layer_03,normalization,questioner_full_r1,questioner_full,1,2560,1.0408181093370953e-05
model.layers.3.post_attention_layernorm.weight,layer_03,normalization,questioner_full_r2,questioner_full,2,2560,3.3666917364056225e-05
model.layers.3.post_attention_layernorm.weight,layer_03,normalization,questioner_full_r3,questioner_full,3,2560,1.5770357268329412e-05
model.layers.3.post_attention_layernorm.weight,layer_03,normalization,questioner_full_r4,questioner_full,4,2560,5.487215381678448e-05
model.layers.3.post_attention_layernorm.weight,layer_03,normalization,questioner_full_r5,questioner_full,5,2560,4.6046893130014755e-05
model.layers.3.post_attention_layernorm.weight,layer_03,normalization,solver_rank1_r1,solver_rank1,1,2560,1.4370808408961996e-05
model.layers.3.post_attention_layernorm.weight,layer_03,normalization,solver_rank1_r2,solver_rank1,2,2560,1.4183901797570186e-05
model.layers.3.post_attention_layernorm.weight,layer_03,normalization,solver_rank1_r3,solver_rank1,3,2560,1.1819317009206349e-05
model.layers.3.post_attention_layernorm.weight,layer_03,normalization,solver_rank1_r4,solver_rank1,4,2560,1.5045841993751412e-05
model.layers.3.post_attention_layernorm.weight,layer_03,normalization,solver_rank1_r5,solver_rank1,5,2560,2.053447055829475e-05
model.layers.3.post_attention_layernorm.weight,layer_03,normalization,solver_full_r1,solver_full,1,2560,1.5012119360018781e-05
model.layers.3.post_attention_layernorm.weight,layer_03,normalization,solver_full_r2,solver_full,2,2560,1.609557188085628e-05
model.layers.3.post_attention_layernorm.weight,layer_03,normalization,solver_full_r3,solver_full,3,2560,1.2701384784371032e-05
model.layers.3.post_attention_layernorm.weight,layer_03,normalization,solver_full_r4,solver_full,4,2560,1.5657209434940913e-05
model.layers.3.post_attention_layernorm.weight,layer_03,normalization,solver_full_r5,solver_full,5,2560,2.1410682009610648e-05
model.layers.15.self_attn.k_norm.weight,layer_15,normalization,questioner_full_r1,questioner_full,1,128,7.62939453125e-06
model.layers.15.self_attn.k_norm.weight,layer_15,normalization,questioner_full_r2,questioner_full,2,128,3.814697265625e-05
model.layers.15.self_attn.k_norm.weight,layer_15,normalization,questioner_full_r3,questioner_full,3,128,4.825252777356536e-05
model.layers.15.self_attn.k_norm.weight,layer_15,normalization,questioner_full_r4,questioner_full,4,128,4.825252777356536e-05
model.layers.15.self_attn.k_norm.weight,layer_15,normalization,questioner_full_r5,questioner_full,5,128,2.288818359375e-05
model.layers.15.self_attn.k_norm.weight,layer_15,normalization,solver_rank1_r1,solver_rank1,1,128,7.62939453125e-06
model.layers.15.self_attn.k_norm.weight,layer_15,normalization,solver_rank1_r2,solver_rank1,2,128,0.0
model.layers.15.self_attn.k_norm.weight,layer_15,normalization,solver_rank1_r3,solver_rank1,3,128,7.62939453125e-06
model.layers.15.self_attn.k_norm.weight,layer_15,normalization,solver_rank1_r4,solver_rank1,4,128,1.7059844799040144e-05
model.layers.15.self_attn.k_norm.weight,layer_15,normalization,solver_rank1_r5,solver_rank1,5,128,1.52587890625e-05
model.layers.15.self_attn.k_norm.weight,layer_15,normalization,solver_full_r1,solver_full,1,128,7.62939453125e-06
model.layers.15.self_attn.k_norm.weight,layer_15,normalization,solver_full_r2,solver_full,2,128,0.0
model.layers.15.self_attn.k_norm.weight,layer_15,normalization,solver_full_r3,solver_full,3,128,7.62939453125e-06
model.layers.15.self_attn.k_norm.weight,layer_15,normalization,solver_full_r4,solver_full,4,128,1.7059844799040144e-05
model.layers.15.self_attn.k_norm.weight,layer_15,normalization,solver_full_r5,solver_full,5,128,1.7059844799040144e-05
model.layers.22.input_layernorm.weight,layer_22,normalization,questioner_full_r1,questioner_full,1,2560,0.0
model.layers.22.input_layernorm.weight,layer_22,normalization,questioner_full_r2,questioner_full,2,2560,0.0
model.layers.22.input_layernorm.weight,layer_22,normalization,questioner_full_r3,questioner_full,3,2560,0.0
model.layers.22.input_layernorm.weight,layer_22,normalization,questioner_full_r4,questioner_full,4,2560,0.0
model.layers.22.input_layernorm.weight,layer_22,normalization,questioner_full_r5,questioner_full,5,2560,0.0
model.layers.22.input_layernorm.weight,layer_22,normalization,solver_rank1_r1,solver_rank1,1,2560,0.0
model.layers.22.input_layernorm.weight,layer_22,normalization,solver_rank1_r2,solver_rank1,2,2560,0.0
model.layers.22.input_layernorm.weight,layer_22,normalization,solver_rank1_r3,solver_rank1,3,2560,0.0
model.layers.22.input_layernorm.weight,layer_22,normalization,solver_rank1_r4,solver_rank1,4,2560,0.0
model.layers.22.input_layernorm.weight,layer_22,normalization,solver_rank1_r5,solver_rank1,5,2560,0.0
model.layers.22.input_layernorm.weight,layer_22,normalization,solver_full_r1,solver_full,1,2560,0.0
model.layers.22.input_layernorm.weight,layer_22,normalization,solver_full_r2,solver_full,2,2560,0.0
model.layers.22.input_layernorm.weight,layer_22,normalization,solver_full_r3,solver_full,3,2560,0.0
model.layers.22.input_layernorm.weight,layer_22,normalization,solver_full_r4,solver_full,4,2560,0.0
model.layers.22.input_layernorm.weight,layer_22,normalization,solver_full_r5,solver_full,5,2560,0.0
model.layers.30.self_attn.k_norm.weight,layer_30,normalization,questioner_full_r1,questioner_full,1,128,5.0067901611328125e-06
model.layers.30.self_attn.k_norm.weight,layer_30,normalization,questioner_full_r2,questioner_full,2,128,5.711107925992262e-05
model.layers.30.self_attn.k_norm.weight,layer_30,normalization,questioner_full_r3,questioner_full,3,128,4.2979536790427114e-05
model.layers.30.self_attn.k_norm.weight,layer_30,normalization,questioner_full_r4,questioner_full,4,128,6.004551916257641e-05
model.layers.30.self_attn.k_norm.weight,layer_30,normalization,questioner_full_r5,questioner_full,5,128,4.162436073836364e-05
model.layers.30.self_attn.k_norm.weight,layer_30,normalization,solver_rank1_r1,solver_rank1,1,128,3.5762786865234375e-06
model.layers.30.self_attn.k_norm.weight,layer_30,normalization,solver_rank1_r2,solver_rank1,2,128,1.33514404296875e-05
model.layers.30.self_attn.k_norm.weight,layer_30,normalization,solver_rank1_r3,solver_rank1,3,128,2.3051513605636255e-05
model.layers.30.self_attn.k_norm.weight,layer_30,normalization,solver_rank1_r4,solver_rank1,4,128,0.0
model.layers.30.self_attn.k_norm.weight,layer_30,normalization,solver_rank1_r5,solver_rank1,5,128,1.3828277587890625e-05
model.layers.30.self_attn.k_norm.weight,layer_30,normalization,solver_full_r1,solver_full,1,128,3.5762786865234375e-06
model.layers.30.self_attn.k_norm.weight,layer_30,normalization,solver_full_r2,solver_full,2,128,1.33514404296875e-05
model.layers.30.self_attn.k_norm.weight,layer_30,normalization,solver_full_r3,solver_full,3,128,2.2451891645419224e-05
model.layers.30.self_attn.k_norm.weight,layer_30,normalization,solver_full_r4,solver_full,4,128,2.384185791015625e-07
model.layers.30.self_attn.k_norm.weight,layer_30,normalization,solver_full_r5,solver_full,5,128,1.3828277587890625e-05
model.layers.1.input_layernorm.weight,layer_01,normalization,questioner_full_r1,questioner_full,1,2560,2.3737107794089728e-05
model.layers.1.input_layernorm.weight,layer_01,normalization,questioner_full_r2,questioner_full,2,2560,0.00010308092562148947
model.layers.1.input_layernorm.weight,layer_01,normalization,questioner_full_r3,questioner_full,3,2560,0.00011178822524985788
model.layers.1.input_layernorm.weight,layer_01,normalization,questioner_full_r4,questioner_full,4,2560,0.00011128404668946568
model.layers.1.input_layernorm.weight,layer_01,normalization,questioner_full_r5,questioner_full,5,2560,0.00021050873741168676
model.layers.1.input_layernorm.weight,layer_01,normalization,solver_rank1_r1,solver_rank1,1,2560,5.1345297653025495e-05
model.layers.1.input_layernorm.weight,layer_01,normalization,solver_rank1_r2,solver_rank1,2,2560,4.749753954355608e-05
model.layers.1.input_layernorm.weight,layer_01,normalization,solver_rank1_r3,solver_rank1,3,2560,3.0683560635072875e-05
model.layers.1.input_layernorm.weight,layer_01,normalization,solver_rank1_r4,solver_rank1,4,2560,3.3838878612054636e-05
model.layers.1.input_layernorm.weight,layer_01,normalization,solver_rank1_r5,solver_rank1,5,2560,2.1577703375252187e-05
model.layers.1.input_layernorm.weight,layer_01,normalization,solver_full_r1,solver_full,1,2560,4.8326250825407744e-05
model.layers.1.input_layernorm.weight,layer_01,normalization,solver_full_r2,solver_full,2,2560,5.356193734972665e-05
model.layers.1.input_layernorm.weight,layer_01,normalization,solver_full_r3,solver_full,3,2560,3.249198283741326e-05
model.layers.1.input_layernorm.weight,layer_01,normalization,solver_full_r4,solver_full,4,2560,3.811020990072351e-05
model.layers.1.input_layernorm.weight,layer_01,normalization,solver_full_r5,solver_full,5,2560,2.330157378708201e-05
model.layers.13.self_attn.o_proj.weight,layer_13,attention_o,questioner_full_r1,questioner_full,1,10485760,0.009403972204620826
model.layers.13.self_attn.o_proj.weight,layer_13,attention_o,questioner_full_r2,questioner_full,2,10485760,0.04784963390115547
model.layers.13.self_attn.o_proj.weight,layer_13,attention_o,questioner_full_r3,questioner_full,3,10485760,0.05050344414136858
model.layers.13.self_attn.o_proj.weight,layer_13,attention_o,questioner_full_r4,questioner_full,4,10485760,0.05082823555228636
model.layers.13.self_attn.o_proj.weight,layer_13,attention_o,questioner_full_r5,questioner_full,5,10485760,0.052333874608243465
model.layers.13.self_attn.o_proj.weight,layer_13,attention_o,solver_rank1_r1,solver_rank1,1,10485760,0.014797094403149476
model.layers.13.self_attn.o_proj.weight,layer_13,attention_o,solver_rank1_r2,solver_rank1,2,10485760,0.014297476477655854
model.layers.13.self_attn.o_proj.weight,layer_13,attention_o,solver_rank1_r3,solver_rank1,3,10485760,0.013739964607109604
model.layers.13.self_attn.o_proj.weight,layer_13,attention_o,solver_rank1_r4,solver_rank1,4,10485760,0.01277603568389891
model.layers.13.self_attn.o_proj.weight,layer_13,attention_o,solver_rank1_r5,solver_rank1,5,10485760,0.01310318605700849
model.layers.13.self_attn.o_proj.weight,layer_13,attention_o,solver_full_r1,solver_full,1,10485760,0.0160354985089136
model.layers.13.self_attn.o_proj.weight,layer_13,attention_o,solver_full_r2,solver_full,2,10485760,0.01601734867856896
model.layers.13.self_attn.o_proj.weight,layer_13,attention_o,solver_full_r3,solver_full,3,10485760,0.015556080044580978
model.layers.13.self_attn.o_proj.weight,layer_13,attention_o,solver_full_r4,solver_full,4,10485760,0.014519215217384107
model.layers.13.self_attn.o_proj.weight,layer_13,attention_o,solver_full_r5,solver_full,5,10485760,0.01495183951211991
model.layers.23.post_attention_layernorm.weight,layer_23,normalization,questioner_full_r1,questioner_full,1,2560,2.7418136596679688e-06
model.layers.23.post_attention_layernorm.weight,layer_23,normalization,questioner_full_r2,questioner_full,2,2560,2.3126602172851562e-05
model.layers.23.post_attention_layernorm.weight,layer_23,normalization,questioner_full_r3,questioner_full,3,2560,1.4066696166992188e-05
model.layers.23.post_attention_layernorm.weight,layer_23,normalization,questioner_full_r4,questioner_full,4,2560,3.2186508178710938e-06
model.layers.23.post_attention_layernorm.weight,layer_23,normalization,questioner_full_r5,questioner_full,5,2560,2.562999725341797e-06
model.layers.23.post_attention_layernorm.weight,layer_23,normalization,solver_rank1_r1,solver_rank1,1,2560,8.821487426757812e-06
model.layers.23.post_attention_layernorm.weight,layer_23,normalization,solver_rank1_r2,solver_rank1,2,2560,1.8596649169921875e-05
model.layers.23.post_attention_layernorm.weight,layer_23,normalization,solver_rank1_r3,solver_rank1,3,2560,5.245208740234375e-06
model.layers.23.post_attention_layernorm.weight,layer_23,normalization,solver_rank1_r4,solver_rank1,4,2560,2.1457672119140625e-06
model.layers.23.post_attention_layernorm.weight,layer_23,normalization,solver_rank1_r5,solver_rank1,5,2560,7.271766662597656e-06
model.layers.23.post_attention_layernorm.weight,layer_23,normalization,solver_full_r1,solver_full,1,2560,8.821487426757812e-06
model.layers.23.post_attention_layernorm.weight,layer_23,normalization,solver_full_r2,solver_full,2,2560,1.8596649169921875e-05
model.layers.23.post_attention_layernorm.weight,layer_23,normalization,solver_full_r3,solver_full,3,2560,5.245208740234375e-06
model.layers.23.post_attention_layernorm.weight,layer_23,normalization,solver_full_r4,solver_full,4,2560,2.1457672119140625e-06
model.layers.23.post_attention_layernorm.weight,layer_23,normalization,solver_full_r5,solver_full,5,2560,7.271766662597656e-06
model.layers.2.self_attn.q_norm.weight,layer_02,normalization,questioner_full_r1,questioner_full,1,128,0.0
model.layers.2.self_attn.q_norm.weight,layer_02,normalization,questioner_full_r2,questioner_full,2,128,0.0
model.layers.2.self_attn.q_norm.weight,layer_02,normalization,questioner_full_r3,questioner_full,3,128,0.0
model.layers.2.self_attn.q_norm.weight,layer_02,normalization,questioner_full_r4,questioner_full,4,128,0.0
model.layers.2.self_attn.q_norm.weight,layer_02,normalization,questioner_full_r5,questioner_full,5,128,0.0
model.layers.2.self_attn.q_norm.weight,layer_02,normalization,solver_rank1_r1,solver_rank1,1,128,0.0
model.layers.2.self_attn.q_norm.weight,layer_02,normalization,solver_rank1_r2,solver_rank1,2,128,0.0
model.layers.2.self_attn.q_norm.weight,layer_02,normalization,solver_rank1_r3,solver_rank1,3,128,0.0
model.layers.2.self_attn.q_norm.weight,layer_02,normalization,solver_rank1_r4,solver_rank1,4,128,0.0
model.layers.2.self_attn.q_norm.weight,layer_02,normalization,solver_rank1_r5,solver_rank1,5,128,0.0
model.layers.2.self_attn.q_norm.weight,layer_02,normalization,solver_full_r1,solver_full,1,128,0.0
model.layers.2.self_attn.q_norm.weight,layer_02,normalization,solver_full_r2,solver_full,2,128,0.0
model.layers.2.self_attn.q_norm.weight,layer_02,normalization,solver_full_r3,solver_full,3,128,0.0
model.layers.2.self_attn.q_norm.weight,layer_02,normalization,solver_full_r4,solver_full,4,128,0.0
model.layers.2.self_attn.q_norm.weight,layer_02,normalization,solver_full_r5,solver_full,5,128,0.0
model.layers.24.mlp.gate_proj.weight,layer_24,mlp_gate,questioner_full_r1,questioner_full,1,24903680,0.010054597239059345
model.layers.24.mlp.gate_proj.weight,layer_24,mlp_gate,questioner_full_r2,questioner_full,2,24903680,0.08550480737433075
model.layers.24.mlp.gate_proj.weight,layer_24,mlp_gate,questioner_full_r3,questioner_full,3,24903680,0.08130599039048628
model.layers.24.mlp.gate_proj.weight,layer_24,mlp_gate,questioner_full_r4,questioner_full,4,24903680,0.0781071481387934
model.layers.24.mlp.gate_proj.weight,layer_24,mlp_gate,questioner_full_r5,questioner_full,5,24903680,0.08131052447142767
model.layers.24.mlp.gate_proj.weight,layer_24,mlp_gate,solver_rank1_r1,solver_rank1,1,24903680,0.015611172355981124
model.layers.24.mlp.gate_proj.weight,layer_24,mlp_gate,solver_rank1_r2,solver_rank1,2,24903680,0.01626995422970404
model.layers.24.mlp.gate_proj.weight,layer_24,mlp_gate,solver_rank1_r3,solver_rank1,3,24903680,0.01595481606275107
model.layers.24.mlp.gate_proj.weight,layer_24,mlp_gate,solver_rank1_r4,solver_rank1,4,24903680,0.01644701782399626
model.layers.24.mlp.gate_proj.weight,layer_24,mlp_gate,solver_rank1_r5,solver_rank1,5,24903680,0.015748706611785453
model.layers.24.mlp.gate_proj.weight,layer_24,mlp_gate,solver_full_r1,solver_full,1,24903680,0.017316582863337565
model.layers.24.mlp.gate_proj.weight,layer_24,mlp_gate,solver_full_r2,solver_full,2,24903680,0.0183706071922134
model.layers.24.mlp.gate_proj.weight,layer_24,mlp_gate,solver_full_r3,solver_full,3,24903680,0.01827422368856981
model.layers.24.mlp.gate_proj.weight,layer_24,mlp_gate,solver_full_r4,solver_full,4,24903680,0.018769362587828735
model.layers.24.mlp.gate_proj.weight,layer_24,mlp_gate,solver_full_r5,solver_full,5,24903680,0.01804168318336582
model.layers.31.self_attn.o_proj.weight,layer_31,attention_o,questioner_full_r1,questioner_full,1,10485760,0.008325857581595533
model.layers.31.self_attn.o_proj.weight,layer_31,attention_o,questioner_full_r2,questioner_full,2,10485760,0.05492093379262503
model.layers.31.self_attn.o_proj.weight,layer_31,attention_o,questioner_full_r3,questioner_full,3,10485760,0.05349183122483302
model.layers.31.self_attn.o_proj.weight,layer_31,attention_o,questioner_full_r4,questioner_full,4,10485760,0.05519204670075285
model.layers.31.self_attn.o_proj.weight,layer_31,attention_o,questioner_full_r5,questioner_full,5,10485760,0.05427730780939537
model.layers.31.self_attn.o_proj.weight,layer_31,attention_o,solver_rank1_r1,solver_rank1,1,10485760,0.010781196406571802
model.layers.31.self_attn.o_proj.weight,layer_31,attention_o,solver_rank1_r2,solver_rank1,2,10485760,0.012255341035161309
model.layers.31.self_attn.o_proj.weight,layer_31,attention_o,solver_rank1_r3,solver_rank1,3,10485760,0.011191068160918183
model.layers.31.self_attn.o_proj.weight,layer_31,attention_o,solver_rank1_r4,solver_rank1,4,10485760,0.011171735097475046
model.layers.31.self_attn.o_proj.weight,layer_31,attention_o,solver_rank1_r5,solver_rank1,5,10485760,0.010712760750201524
model.layers.31.self_attn.o_proj.weight,layer_31,attention_o,solver_full_r1,solver_full,1,10485760,0.011732107525896637
model.layers.31.self_attn.o_proj.weight,layer_31,attention_o,solver_full_r2,solver_full,2,10485760,0.01348687469191599
model.layers.31.self_attn.o_proj.weight,layer_31,attention_o,solver_full_r3,solver_full,3,10485760,0.01250820457521749
model.layers.31.self_attn.o_proj.weight,layer_31,attention_o,solver_full_r4,solver_full,4,10485760,0.012404028557965144
model.layers.31.self_attn.o_proj.weight,layer_31,attention_o,solver_full_r5,solver_full,5,10485760,0.012011378034811542
model.layers.30.input_layernorm.weight,layer_30,normalization,questioner_full_r1,questioner_full,1,2560,0.0
model.layers.30.input_layernorm.weight,layer_30,normalization,questioner_full_r2,questioner_full,2,2560,0.0
model.layers.30.input_layernorm.weight,layer_30,normalization,questioner_full_r3,questioner_full,3,2560,0.0
model.layers.30.input_layernorm.weight,layer_30,normalization,questioner_full_r4,questioner_full,4,2560,0.0
model.layers.30.input_layernorm.weight,layer_30,normalization,questioner_full_r5,questioner_full,5,2560,0.0
model.layers.30.input_layernorm.weight,layer_30,normalization,solver_rank1_r1,solver_rank1,1,2560,0.0
model.layers.30.input_layernorm.weight,layer_30,normalization,solver_rank1_r2,solver_rank1,2,2560,0.0
model.layers.30.input_layernorm.weight,layer_30,normalization,solver_rank1_r3,solver_rank1,3,2560,0.0
model.layers.30.input_layernorm.weight,layer_30,normalization,solver_rank1_r4,solver_rank1,4,2560,0.0
model.layers.30.input_layernorm.weight,layer_30,normalization,solver_rank1_r5,solver_rank1,5,2560,0.0
model.layers.30.input_layernorm.weight,layer_30,normalization,solver_full_r1,solver_full,1,2560,0.0
model.layers.30.input_layernorm.weight,layer_30,normalization,solver_full_r2,solver_full,2,2560,0.0
model.layers.30.input_layernorm.weight,layer_30,normalization,solver_full_r3,solver_full,3,2560,0.0
model.layers.30.input_layernorm.weight,layer_30,normalization,solver_full_r4,solver_full,4,2560,0.0
model.layers.30.input_layernorm.weight,layer_30,normalization,solver_full_r5,solver_full,5,2560,0.0
model.layers.17.mlp.up_proj.weight,layer_17,mlp_up,questioner_full_r1,questioner_full,1,24903680,0.01454972116752898
model.layers.17.mlp.up_proj.weight,layer_17,mlp_up,questioner_full_r2,questioner_full,2,24903680,0.0805257259243276
model.layers.17.mlp.up_proj.weight,layer_17,mlp_up,questioner_full_r3,questioner_full,3,24903680,0.08205474984523164
model.layers.17.mlp.up_proj.weight,layer_17,mlp_up,questioner_full_r4,questioner_full,4,24903680,0.07915761727186253
model.layers.17.mlp.up_proj.weight,layer_17,mlp_up,questioner_full_r5,questioner_full,5,24903680,0.08148837492696138
model.layers.17.mlp.up_proj.weight,layer_17,mlp_up,solver_rank1_r1,solver_rank1,1,24903680,0.019549358669757762
model.layers.17.mlp.up_proj.weight,layer_17,mlp_up,solver_rank1_r2,solver_rank1,2,24903680,0.021145117748066197
model.layers.17.mlp.up_proj.weight,layer_17,mlp_up,solver_rank1_r3,solver_rank1,3,24903680,0.02122391445961472
model.layers.17.mlp.up_proj.weight,layer_17,mlp_up,solver_rank1_r4,solver_rank1,4,24903680,0.01923707940828073
model.layers.17.mlp.up_proj.weight,layer_17,mlp_up,solver_rank1_r5,solver_rank1,5,24903680,0.019149959846429726
model.layers.17.mlp.up_proj.weight,layer_17,mlp_up,solver_full_r1,solver_full,1,24903680,0.021489181737755915
model.layers.17.mlp.up_proj.weight,layer_17,mlp_up,solver_full_r2,solver_full,2,24903680,0.023722682262761016
model.layers.17.mlp.up_proj.weight,layer_17,mlp_up,solver_full_r3,solver_full,3,24903680,0.022980848604617393
model.layers.17.mlp.up_proj.weight,layer_17,mlp_up,solver_full_r4,solver_full,4,24903680,0.022034531056237663
model.layers.17.mlp.up_proj.weight,layer_17,mlp_up,solver_full_r5,solver_full,5,24903680,0.021931702848936207
model.layers.34.self_attn.k_proj.weight,layer_34,attention_k,questioner_full_r1,questioner_full,1,2621440,0.0050450582796200665
model.layers.34.self_attn.k_proj.weight,layer_34,attention_k,questioner_full_r2,questioner_full,2,2621440,0.03050470509819134
model.layers.34.self_attn.k_proj.weight,layer_34,attention_k,questioner_full_r3,questioner_full,3,2621440,0.02896038196010375
model.layers.34.self_attn.k_proj.weight,layer_34,attention_k,questioner_full_r4,questioner_full,4,2621440,0.03025473773722107
model.layers.34.self_attn.k_proj.weight,layer_34,attention_k,questioner_full_r5,questioner_full,5,2621440,0.029381554137448928
model.layers.34.self_attn.k_proj.weight,layer_34,attention_k,solver_rank1_r1,solver_rank1,1,2621440,0.006631953707943069
model.layers.34.self_attn.k_proj.weight,layer_34,attention_k,solver_rank1_r2,solver_rank1,2,2621440,0.0074849663215075645
model.layers.34.self_attn.k_proj.weight,layer_34,attention_k,solver_rank1_r3,solver_rank1,3,2621440,0.0067000713358463596
model.layers.34.self_attn.k_proj.weight,layer_34,attention_k,solver_rank1_r4,solver_rank1,4,2621440,0.006637593795481463
model.layers.34.self_attn.k_proj.weight,layer_34,attention_k,solver_rank1_r5,solver_rank1,5,2621440,0.006448266122376352
model.layers.34.self_attn.k_proj.weight,layer_34,attention_k,solver_full_r1,solver_full,1,2621440,0.007182135902970379
model.layers.34.self_attn.k_proj.weight,layer_34,attention_k,solver_full_r2,solver_full,2,2621440,0.008188971512579789
model.layers.34.self_attn.k_proj.weight,layer_34,attention_k,solver_full_r3,solver_full,3,2621440,0.007510521775229016
model.layers.34.self_attn.k_proj.weight,layer_34,attention_k,solver_full_r4,solver_full,4,2621440,0.007364169021005748
model.layers.34.self_attn.k_proj.weight,layer_34,attention_k,solver_full_r5,solver_full,5,2621440,0.0073992526564590514
model.layers.29.mlp.up_proj.weight,layer_29,mlp_up,questioner_full_r1,questioner_full,1,24903680,0.009729484510113013
model.layers.29.mlp.up_proj.weight,layer_29,mlp_up,questioner_full_r2,questioner_full,2,24903680,0.08266912833711508
model.layers.29.mlp.up_proj.weight,layer_29,mlp_up,questioner_full_r3,questioner_full,3,24903680,0.07950663852248376
model.layers.29.mlp.up_proj.weight,layer_29,mlp_up,questioner_full_r4,questioner_full,4,24903680,0.07715533605195665
model.layers.29.mlp.up_proj.weight,layer_29,mlp_up,questioner_full_r5,questioner_full,5,24903680,0.07917610731855954
model.layers.29.mlp.up_proj.weight,layer_29,mlp_up,solver_rank1_r1,solver_rank1,1,24903680,0.014829947845508491
model.layers.29.mlp.up_proj.weight,layer_29,mlp_up,solver_rank1_r2,solver_rank1,2,24903680,0.015764109321953962
model.layers.29.mlp.up_proj.weight,layer_29,mlp_up,solver_rank1_r3,solver_rank1,3,24903680,0.015552484348779422
model.layers.29.mlp.up_proj.weight,layer_29,mlp_up,solver_rank1_r4,solver_rank1,4,24903680,0.015869813971264052
model.layers.29.mlp.up_proj.weight,layer_29,mlp_up,solver_rank1_r5,solver_rank1,5,24903680,0.014784024985364706
model.layers.29.mlp.up_proj.weight,layer_29,mlp_up,solver_full_r1,solver_full,1,24903680,0.01638090140261854
model.layers.29.mlp.up_proj.weight,layer_29,mlp_up,solver_full_r2,solver_full,2,24903680,0.01772470868090391
model.layers.29.mlp.up_proj.weight,layer_29,mlp_up,solver_full_r3,solver_full,3,24903680,0.017704920970311462
model.layers.29.mlp.up_proj.weight,layer_29,mlp_up,solver_full_r4,solver_full,4,24903680,0.017978118496128848
model.layers.29.mlp.up_proj.weight,layer_29,mlp_up,solver_full_r5,solver_full,5,24903680,0.016904293722340976
model.layers.24.self_attn.o_proj.weight,layer_24,attention_o,questioner_full_r1,questioner_full,1,10485760,0.008700931039823126
model.layers.24.self_attn.o_proj.weight,layer_24,attention_o,questioner_full_r2,questioner_full,2,10485760,0.056450363942918885
model.layers.24.self_attn.o_proj.weight,layer_24,attention_o,questioner_full_r3,questioner_full,3,10485760,0.055255963105221365
model.layers.24.self_attn.o_proj.weight,layer_24,attention_o,questioner_full_r4,questioner_full,4,10485760,0.05422916167861197
model.layers.24.self_attn.o_proj.weight,layer_24,attention_o,questioner_full_r5,questioner_full,5,10485760,0.05496644665785736
model.layers.24.self_attn.o_proj.weight,layer_24,attention_o,solver_rank1_r1,solver_rank1,1,10485760,0.011739203997488125
model.layers.24.self_attn.o_proj.weight,layer_24,attention_o,solver_rank1_r2,solver_rank1,2,10485760,0.012366888475206877
model.layers.24.self_attn.o_proj.weight,layer_24,attention_o,solver_rank1_r3,solver_rank1,3,10485760,0.012139544704820988
model.layers.24.self_attn.o_proj.weight,layer_24,attention_o,solver_rank1_r4,solver_rank1,4,10485760,0.012304906182945295
model.layers.24.self_attn.o_proj.weight,layer_24,attention_o,solver_rank1_r5,solver_rank1,5,10485760,0.011826223424107421
model.layers.24.self_attn.o_proj.weight,layer_24,attention_o,solver_full_r1,solver_full,1,10485760,0.012950474727969832
model.layers.24.self_attn.o_proj.weight,layer_24,attention_o,solver_full_r2,solver_full,2,10485760,0.013945789918614906
model.layers.24.self_attn.o_proj.weight,layer_24,attention_o,solver_full_r3,solver_full,3,10485760,0.013843648818876786
model.layers.24.self_attn.o_proj.weight,layer_24,attention_o,solver_full_r4,solver_full,4,10485760,0.014017120707284295
model.layers.24.self_attn.o_proj.weight,layer_24,attention_o,solver_full_r5,solver_full,5,10485760,0.013491871582831431
model.layers.18.self_attn.q_proj.weight,layer_18,attention_q,questioner_full_r1,questioner_full,1,10485760,0.009704866823331366
model.layers.18.self_attn.q_proj.weight,layer_18,attention_q,questioner_full_r2,questioner_full,2,10485760,0.05545422607219631
model.layers.18.self_attn.q_proj.weight,layer_18,attention_q,questioner_full_r3,questioner_full,3,10485760,0.05712033973252238
model.layers.18.self_attn.q_proj.weight,layer_18,attention_q,questioner_full_r4,questioner_full,4,10485760,0.056589841942597224
model.layers.18.self_attn.q_proj.weight,layer_18,attention_q,questioner_full_r5,questioner_full,5,10485760,0.056630597043856465
model.layers.18.self_attn.q_proj.weight,layer_18,attention_q,solver_rank1_r1,solver_rank1,1,10485760,0.012894647148397413
model.layers.18.self_attn.q_proj.weight,layer_18,attention_q,solver_rank1_r2,solver_rank1,2,10485760,0.013169009415459811
model.layers.18.self_attn.q_proj.weight,layer_18,attention_q,solver_rank1_r3,solver_rank1,3,10485760,0.013349777833417517
model.layers.18.self_attn.q_proj.weight,layer_18,attention_q,solver_rank1_r4,solver_rank1,4,10485760,0.01230116978503131
model.layers.18.self_attn.q_proj.weight,layer_18,attention_q,solver_rank1_r5,solver_rank1,5,10485760,0.012274774135381595
model.layers.18.self_attn.q_proj.weight,layer_18,attention_q,solver_full_r1,solver_full,1,10485760,0.01429329994582226
model.layers.18.self_attn.q_proj.weight,layer_18,attention_q,solver_full_r2,solver_full,2,10485760,0.01490289003642802
model.layers.18.self_attn.q_proj.weight,layer_18,attention_q,solver_full_r3,solver_full,3,10485760,0.014519973244775117
model.layers.18.self_attn.q_proj.weight,layer_18,attention_q,solver_full_r4,solver_full,4,10485760,0.01411070646992347
model.layers.18.self_attn.q_proj.weight,layer_18,attention_q,solver_full_r5,solver_full,5,10485760,0.014140072969945457
model.layers.16.self_attn.k_norm.weight,layer_16,normalization,questioner_full_r1,questioner_full,1,128,6.877043295791605e-06
model.layers.16.self_attn.k_norm.weight,layer_16,normalization,questioner_full_r2,questioner_full,2,128,2.4722063821441118e-05
model.layers.16.self_attn.k_norm.weight,layer_16,normalization,questioner_full_r3,questioner_full,3,128,7.707671108694744e-05
model.layers.16.self_attn.k_norm.weight,layer_16,normalization,questioner_full_r4,questioner_full,4,128,5.5616467711728414e-05
model.layers.16.self_attn.k_norm.weight,layer_16,normalization,questioner_full_r5,questioner_full,5,128,5.760855983939726e-05
model.layers.16.self_attn.k_norm.weight,layer_16,normalization,solver_rank1_r1,solver_rank1,1,128,1.5843627668224478e-05
model.layers.16.self_attn.k_norm.weight,layer_16,normalization,solver_rank1_r2,solver_rank1,2,128,2.3592599633890115e-05
model.layers.16.self_attn.k_norm.weight,layer_16,normalization,solver_rank1_r3,solver_rank1,3,128,8.740569486533813e-06
model.layers.16.self_attn.k_norm.weight,layer_16,normalization,solver_rank1_r4,solver_rank1,4,128,1.673691632727074e-05
model.layers.16.self_attn.k_norm.weight,layer_16,normalization,solver_rank1_r5,solver_rank1,5,128,1.7481138973067626e-05
model.layers.16.self_attn.k_norm.weight,layer_16,normalization,solver_full_r1,solver_full,1,128,1.71661376953125e-05
model.layers.16.self_attn.k_norm.weight,layer_16,normalization,solver_full_r2,solver_full,2,128,2.412626388678268e-05
model.layers.16.self_attn.k_norm.weight,layer_16,normalization,solver_full_r3,solver_full,3,128,1.0956883709980066e-05
model.layers.16.self_attn.k_norm.weight,layer_16,normalization,solver_full_r4,solver_full,4,128,1.7993891014207083e-05
model.layers.16.self_attn.k_norm.weight,layer_16,normalization,solver_full_r5,solver_full,5,128,1.7059844799040144e-05
model.layers.2.self_attn.v_proj.weight,layer_02,attention_v,questioner_full_r1,questioner_full,1,2621440,0.003949361181159138
model.layers.2.self_attn.v_proj.weight,layer_02,attention_v,questioner_full_r2,questioner_full,2,2621440,0.020165831989902364
model.layers.2.self_attn.v_proj.weight,layer_02,attention_v,questioner_full_r3,questioner_full,3,2621440,0.021300934273833224
model.layers.2.self_attn.v_proj.weight,layer_02,attention_v,questioner_full_r4,questioner_full,4,2621440,0.023600078690311523
model.layers.2.self_attn.v_proj.weight,layer_02,attention_v,questioner_full_r5,questioner_full,5,2621440,0.02524140933938775
model.layers.2.self_attn.v_proj.weight,layer_02,attention_v,solver_rank1_r1,solver_rank1,1,2621440,0.005517905326006764
model.layers.2.self_attn.v_proj.weight,layer_02,attention_v,solver_rank1_r2,solver_rank1,2,2621440,0.006827868082477547
model.layers.2.self_attn.v_proj.weight,layer_02,attention_v,solver_rank1_r3,solver_rank1,3,2621440,0.005912510035069803
model.layers.2.self_attn.v_proj.weight,layer_02,attention_v,solver_rank1_r4,solver_rank1,4,2621440,0.005562221385027869
model.layers.2.self_attn.v_proj.weight,layer_02,attention_v,solver_rank1_r5,solver_rank1,5,2621440,0.005854519866558976
model.layers.2.self_attn.v_proj.weight,layer_02,attention_v,solver_full_r1,solver_full,1,2621440,0.006234078773544623
model.layers.2.self_attn.v_proj.weight,layer_02,attention_v,solver_full_r2,solver_full,2,2621440,0.007473670048541793
model.layers.2.self_attn.v_proj.weight,layer_02,attention_v,solver_full_r3,solver_full,3,2621440,0.006524627009581285
model.layers.2.self_attn.v_proj.weight,layer_02,attention_v,solver_full_r4,solver_full,4,2621440,0.0061222605156586625
model.layers.2.self_attn.v_proj.weight,layer_02,attention_v,solver_full_r5,solver_full,5,2621440,0.00661516449080698
model.layers.34.self_attn.v_proj.weight,layer_34,attention_v,questioner_full_r1,questioner_full,1,2621440,0.0039043793399356087
model.layers.34.self_attn.v_proj.weight,layer_34,attention_v,questioner_full_r2,questioner_full,2,2621440,0.025884324644664784
model.layers.34.self_attn.v_proj.weight,layer_34,attention_v,questioner_full_r3,questioner_full,3,2621440,0.024758677750104284
model.layers.34.self_attn.v_proj.weight,layer_34,attention_v,questioner_full_r4,questioner_full,4,2621440,0.025900278061089334
model.layers.34.self_attn.v_proj.weight,layer_34,attention_v,questioner_full_r5,questioner_full,5,2621440,0.02551003264262685
model.layers.34.self_attn.v_proj.weight,layer_34,attention_v,solver_rank1_r1,solver_rank1,1,2621440,0.005231736437659755
model.layers.34.self_attn.v_proj.weight,layer_34,attention_v,solver_rank1_r2,solver_rank1,2,2621440,0.006219122563775991
model.layers.34.self_attn.v_proj.weight,layer_34,attention_v,solver_rank1_r3,solver_rank1,3,2621440,0.005611808816524532
model.layers.34.self_attn.v_proj.weight,layer_34,attention_v,solver_rank1_r4,solver_rank1,4,2621440,0.005633681917255505
model.layers.34.self_attn.v_proj.weight,layer_34,attention_v,solver_rank1_r5,solver_rank1,5,2621440,0.005441975049937871
model.layers.34.self_attn.v_proj.weight,layer_34,attention_v,solver_full_r1,solver_full,1,2621440,0.0056442489105344275
model.layers.34.self_attn.v_proj.weight,layer_34,attention_v,solver_full_r2,solver_full,2,2621440,0.006803264391484197
model.layers.34.self_attn.v_proj.weight,layer_34,attention_v,solver_full_r3,solver_full,3,2621440,0.0062603223200651354
model.layers.34.self_attn.v_proj.weight,layer_34,attention_v,solver_full_r4,solver_full,4,2621440,0.006202068904023602
model.layers.34.self_attn.v_proj.weight,layer_34,attention_v,solver_full_r5,solver_full,5,2621440,0.00606441452811021
model.layers.11.mlp.gate_proj.weight,layer_11,mlp_gate,questioner_full_r1,questioner_full,1,24903680,0.012000765868637405
model.layers.11.mlp.gate_proj.weight,layer_11,mlp_gate,questioner_full_r2,questioner_full,2,24903680,0.07544839174899687
model.layers.11.mlp.gate_proj.weight,layer_11,mlp_gate,questioner_full_r3,questioner_full,3,24903680,0.07858035796844078
model.layers.11.mlp.gate_proj.weight,layer_11,mlp_gate,questioner_full_r4,questioner_full,4,24903680,0.0775474382305562
model.layers.11.mlp.gate_proj.weight,layer_11,mlp_gate,questioner_full_r5,questioner_full,5,24903680,0.08006114187214004
model.layers.11.mlp.gate_proj.weight,layer_11,mlp_gate,solver_rank1_r1,solver_rank1,1,24903680,0.0180780665472657
model.layers.11.mlp.gate_proj.weight,layer_11,mlp_gate,solver_rank1_r2,solver_rank1,2,24903680,0.01849434911974071
model.layers.11.mlp.gate_proj.weight,layer_11,mlp_gate,solver_rank1_r3,solver_rank1,3,24903680,0.017480790023158974
model.layers.11.mlp.gate_proj.weight,layer_11,mlp_gate,solver_rank1_r4,solver_rank1,4,24903680,0.016794980522402272
model.layers.11.mlp.gate_proj.weight,layer_11,mlp_gate,solver_rank1_r5,solver_rank1,5,24903680,0.017091212340246662
model.layers.11.mlp.gate_proj.weight,layer_11,mlp_gate,solver_full_r1,solver_full,1,24903680,0.019665118282734092
model.layers.11.mlp.gate_proj.weight,layer_11,mlp_gate,solver_full_r2,solver_full,2,24903680,0.02059394407463256
model.layers.11.mlp.gate_proj.weight,layer_11,mlp_gate,solver_full_r3,solver_full,3,24903680,0.019737642978688078
model.layers.11.mlp.gate_proj.weight,layer_11,mlp_gate,solver_full_r4,solver_full,4,24903680,0.018953181517028853
model.layers.11.mlp.gate_proj.weight,layer_11,mlp_gate,solver_full_r5,solver_full,5,24903680,0.019492847110613668
model.layers.18.mlp.up_proj.weight,layer_18,mlp_up,questioner_full_r1,questioner_full,1,24903680,0.01444471368368835
model.layers.18.mlp.up_proj.weight,layer_18,mlp_up,questioner_full_r2,questioner_full,2,24903680,0.08168688903758793
model.layers.18.mlp.up_proj.weight,layer_18,mlp_up,questioner_full_r3,questioner_full,3,24903680,0.08261150427641982
model.layers.18.mlp.up_proj.weight,layer_18,mlp_up,questioner_full_r4,questioner_full,4,24903680,0.07976539963910248
model.layers.18.mlp.up_proj.weight,layer_18,mlp_up,questioner_full_r5,questioner_full,5,24903680,0.08196967764569757
model.layers.18.mlp.up_proj.weight,layer_18,mlp_up,solver_rank1_r1,solver_rank1,1,24903680,0.019227958602936968
model.layers.18.mlp.up_proj.weight,layer_18,mlp_up,solver_rank1_r2,solver_rank1,2,24903680,0.020901851716006028
model.layers.18.mlp.up_proj.weight,layer_18,mlp_up,solver_rank1_r3,solver_rank1,3,24903680,0.021181085183769606
model.layers.18.mlp.up_proj.weight,layer_18,mlp_up,solver_rank1_r4,solver_rank1,4,24903680,0.01933411117390568
model.layers.18.mlp.up_proj.weight,layer_18,mlp_up,solver_rank1_r5,solver_rank1,5,24903680,0.019207493497291166
model.layers.18.mlp.up_proj.weight,layer_18,mlp_up,solver_full_r1,solver_full,1,24903680,0.021204713747627276
model.layers.18.mlp.up_proj.weight,layer_18,mlp_up,solver_full_r2,solver_full,2,24903680,0.02356641304380223
model.layers.18.mlp.up_proj.weight,layer_18,mlp_up,solver_full_r3,solver_full,3,24903680,0.02295695641911418
model.layers.18.mlp.up_proj.weight,layer_18,mlp_up,solver_full_r4,solver_full,4,24903680,0.022188250835820683
model.layers.18.mlp.up_proj.weight,layer_18,mlp_up,solver_full_r5,solver_full,5,24903680,0.02202234151705416
model.layers.31.post_attention_layernorm.weight,layer_31,normalization,questioner_full_r1,questioner_full,1,2560,7.110774167072699e-06
model.layers.31.post_attention_layernorm.weight,layer_31,normalization,questioner_full_r2,questioner_full,2,2560,4.8665467799358345e-06
model.layers.31.post_attention_layernorm.weight,layer_31,normalization,questioner_full_r3,questioner_full,3,2560,5.02414477178729e-06
model.layers.31.post_attention_layernorm.weight,layer_31,normalization,questioner_full_r4,questioner_full,4,2560,9.415458800669721e-06
model.layers.31.post_attention_layernorm.weight,layer_31,normalization,questioner_full_r5,questioner_full,5,2560,3.4714269110109892e-06
model.layers.31.post_attention_layernorm.weight,layer_31,normalization,solver_rank1_r1,solver_rank1,1,2560,9.56427058388434e-06
model.layers.31.post_attention_layernorm.weight,layer_31,normalization,solver_rank1_r2,solver_rank1,2,2560,7.996802249550067e-06
model.layers.31.post_attention_layernorm.weight,layer_31,normalization,solver_rank1_r3,solver_rank1,3,2560,6.963547156582487e-06
model.layers.31.post_attention_layernorm.weight,layer_31,normalization,solver_rank1_r4,solver_rank1,4,2560,4.454026625697471e-06
model.layers.31.post_attention_layernorm.weight,layer_31,normalization,solver_rank1_r5,solver_rank1,5,2560,6.003522322056534e-06
model.layers.31.post_attention_layernorm.weight,layer_31,normalization,solver_full_r1,solver_full,1,2560,1.001641823654175e-05
model.layers.31.post_attention_layernorm.weight,layer_31,normalization,solver_full_r2,solver_full,2,2560,8.169316155974587e-06
model.layers.31.post_attention_layernorm.weight,layer_31,normalization,solver_full_r3,solver_full,3,2560,7.048737532212772e-06
model.layers.31.post_attention_layernorm.weight,layer_31,normalization,solver_full_r4,solver_full,4,2560,4.396221378942913e-06
model.layers.31.post_attention_layernorm.weight,layer_31,normalization,solver_full_r5,solver_full,5,2560,6.1876970931383675e-06
model.layers.26.mlp.gate_proj.weight,layer_26,mlp_gate,questioner_full_r1,questioner_full,1,24903680,0.009522381470998782
model.layers.26.mlp.gate_proj.weight,layer_26,mlp_gate,questioner_full_r2,questioner_full,2,24903680,0.0848701969795085
model.layers.26.mlp.gate_proj.weight,layer_26,mlp_gate,questioner_full_r3,questioner_full,3,24903680,0.07986352130607058
model.layers.26.mlp.gate_proj.weight,layer_26,mlp_gate,questioner_full_r4,questioner_full,4,24903680,0.07755084018897664
model.layers.26.mlp.gate_proj.weight,layer_26,mlp_gate,questioner_full_r5,questioner_full,5,24903680,0.08047774260509812
model.layers.26.mlp.gate_proj.weight,layer_26,mlp_gate,solver_rank1_r1,solver_rank1,1,24903680,0.01486123678357103
model.layers.26.mlp.gate_proj.weight,layer_26,mlp_gate,solver_rank1_r2,solver_rank1,2,24903680,0.01554254575596722
model.layers.26.mlp.gate_proj.weight,layer_26,mlp_gate,solver_rank1_r3,solver_rank1,3,24903680,0.015381469305278445
model.layers.26.mlp.gate_proj.weight,layer_26,mlp_gate,solver_rank1_r4,solver_rank1,4,24903680,0.01596544278962149
model.layers.26.mlp.gate_proj.weight,layer_26,mlp_gate,solver_rank1_r5,solver_rank1,5,24903680,0.014974086477372315
model.layers.26.mlp.gate_proj.weight,layer_26,mlp_gate,solver_full_r1,solver_full,1,24903680,0.016469441241844844
model.layers.26.mlp.gate_proj.weight,layer_26,mlp_gate,solver_full_r2,solver_full,2,24903680,0.017514029464604897
model.layers.26.mlp.gate_proj.weight,layer_26,mlp_gate,solver_full_r3,solver_full,3,24903680,0.017567175807463666
model.layers.26.mlp.gate_proj.weight,layer_26,mlp_gate,solver_full_r4,solver_full,4,24903680,0.018174772382250234
model.layers.26.mlp.gate_proj.weight,layer_26,mlp_gate,solver_full_r5,solver_full,5,24903680,0.017144264590943894
model.layers.29.input_layernorm.weight,layer_29,normalization,questioner_full_r1,questioner_full,1,2560,0.0
model.layers.29.input_layernorm.weight,layer_29,normalization,questioner_full_r2,questioner_full,2,2560,0.0
model.layers.29.input_layernorm.weight,layer_29,normalization,questioner_full_r3,questioner_full,3,2560,0.0
model.layers.29.input_layernorm.weight,layer_29,normalization,questioner_full_r4,questioner_full,4,2560,0.0
model.layers.29.input_layernorm.weight,layer_29,normalization,questioner_full_r5,questioner_full,5,2560,0.0
model.layers.29.input_layernorm.weight,layer_29,normalization,solver_rank1_r1,solver_rank1,1,2560,0.0
model.layers.29.input_layernorm.weight,layer_29,normalization,solver_rank1_r2,solver_rank1,2,2560,0.0
model.layers.29.input_layernorm.weight,layer_29,normalization,solver_rank1_r3,solver_rank1,3,2560,0.0
model.layers.29.input_layernorm.weight,layer_29,normalization,solver_rank1_r4,solver_rank1,4,2560,0.0
model.layers.29.input_layernorm.weight,layer_29,normalization,solver_rank1_r5,solver_rank1,5,2560,0.0
model.layers.29.input_layernorm.weight,layer_29,normalization,solver_full_r1,solver_full,1,2560,0.0
model.layers.29.input_layernorm.weight,layer_29,normalization,solver_full_r2,solver_full,2,2560,0.0
model.layers.29.input_layernorm.weight,layer_29,normalization,solver_full_r3,solver_full,3,2560,0.0
model.layers.29.input_layernorm.weight,layer_29,normalization,solver_full_r4,solver_full,4,2560,0.0
model.layers.29.input_layernorm.weight,layer_29,normalization,solver_full_r5,solver_full,5,2560,0.0
model.layers.20.self_attn.k_norm.weight,layer_20,normalization,questioner_full_r1,questioner_full,1,128,1.0789593218788873e-05
model.layers.20.self_attn.k_norm.weight,layer_20,normalization,questioner_full_r2,questioner_full,2,128,3.496227794613525e-05
model.layers.20.self_attn.k_norm.weight,layer_20,normalization,questioner_full_r3,questioner_full,3,128,3.325575976212062e-05
model.layers.20.self_attn.k_norm.weight,layer_20,normalization,questioner_full_r4,questioner_full,4,128,1.7059844799040144e-05
model.layers.20.self_attn.k_norm.weight,layer_20,normalization,questioner_full_r5,questioner_full,5,128,5.810373768511893e-05
model.layers.20.self_attn.k_norm.weight,layer_20,normalization,solver_rank1_r1,solver_rank1,1,128,1.3214498959113138e-05
model.layers.20.self_attn.k_norm.weight,layer_20,normalization,solver_rank1_r2,solver_rank1,2,128,1.0789593218788873e-05
model.layers.20.self_attn.k_norm.weight,layer_20,normalization,solver_rank1_r3,solver_rank1,3,128,2.288818359375e-05
model.layers.20.self_attn.k_norm.weight,layer_20,normalization,solver_rank1_r4,solver_rank1,4,128,1.3214498959113138e-05
model.layers.20.self_attn.k_norm.weight,layer_20,normalization,solver_rank1_r5,solver_rank1,5,128,1.3214498959113138e-05
model.layers.20.self_attn.k_norm.weight,layer_20,normalization,solver_full_r1,solver_full,1,128,1.3214498959113138e-05
model.layers.20.self_attn.k_norm.weight,layer_20,normalization,solver_full_r2,solver_full,2,128,1.3214498959113138e-05
model.layers.20.self_attn.k_norm.weight,layer_20,normalization,solver_full_r3,solver_full,3,128,2.288818359375e-05
model.layers.20.self_attn.k_norm.weight,layer_20,normalization,solver_full_r4,solver_full,4,128,1.3214498959113138e-05
model.layers.20.self_attn.k_norm.weight,layer_20,normalization,solver_full_r5,solver_full,5,128,1.7059844799040144e-05
model.layers.11.self_attn.q_proj.weight,layer_11,attention_q,questioner_full_r1,questioner_full,1,10485760,0.00868962284800054
model.layers.11.self_attn.q_proj.weight,layer_11,attention_q,questioner_full_r2,questioner_full,2,10485760,0.05052634037498528
model.layers.11.self_attn.q_proj.weight,layer_11,attention_q,questioner_full_r3,questioner_full,3,10485760,0.05337745038702481
model.layers.11.self_attn.q_proj.weight,layer_11,attention_q,questioner_full_r4,questioner_full,4,10485760,0.053422785770393874
model.layers.11.self_attn.q_proj.weight,layer_11,attention_q,questioner_full_r5,questioner_full,5,10485760,0.05527642750298279
model.layers.11.self_attn.q_proj.weight,layer_11,attention_q,solver_rank1_r1,solver_rank1,1,10485760,0.011976505617770675
model.layers.11.self_attn.q_proj.weight,layer_11,attention_q,solver_rank1_r2,solver_rank1,2,10485760,0.012297565246297498
model.layers.11.self_attn.q_proj.weight,layer_11,attention_q,solver_rank1_r3,solver_rank1,3,10485760,0.012196128864207541
model.layers.11.self_attn.q_proj.weight,layer_11,attention_q,solver_rank1_r4,solver_rank1,4,10485760,0.011544743009971327
model.layers.11.self_attn.q_proj.weight,layer_11,attention_q,solver_rank1_r5,solver_rank1,5,10485760,0.013395672995147639
model.layers.11.self_attn.q_proj.weight,layer_11,attention_q,solver_full_r1,solver_full,1,10485760,0.013142098181864698
model.layers.11.self_attn.q_proj.weight,layer_11,attention_q,solver_full_r2,solver_full,2,10485760,0.013858506212548099
model.layers.11.self_attn.q_proj.weight,layer_11,attention_q,solver_full_r3,solver_full,3,10485760,0.013802638159216297
model.layers.11.self_attn.q_proj.weight,layer_11,attention_q,solver_full_r4,solver_full,4,10485760,0.012981498587957524
model.layers.11.self_attn.q_proj.weight,layer_11,attention_q,solver_full_r5,solver_full,5,10485760,0.014314129182612509
model.layers.3.self_attn.q_proj.weight,layer_03,attention_q,questioner_full_r1,questioner_full,1,10485760,0.00750194158430025
model.layers.3.self_attn.q_proj.weight,layer_03,attention_q,questioner_full_r2,questioner_full,2,10485760,0.04587260057103863
model.layers.3.self_attn.q_proj.weight,layer_03,attention_q,questioner_full_r3,questioner_full,3,10485760,0.04697913340015669
model.layers.3.self_attn.q_proj.weight,layer_03,attention_q,questioner_full_r4,questioner_full,4,10485760,0.05181327786801521
model.layers.3.self_attn.q_proj.weight,layer_03,attention_q,questioner_full_r5,questioner_full,5,10485760,0.053998188369053485
model.layers.3.self_attn.q_proj.weight,layer_03,attention_q,solver_rank1_r1,solver_rank1,1,10485760,0.010536690483777282
model.layers.3.self_attn.q_proj.weight,layer_03,attention_q,solver_rank1_r2,solver_rank1,2,10485760,0.011711060379382915
model.layers.3.self_attn.q_proj.weight,layer_03,attention_q,solver_rank1_r3,solver_rank1,3,10485760,0.010761572337387806
model.layers.3.self_attn.q_proj.weight,layer_03,attention_q,solver_rank1_r4,solver_rank1,4,10485760,0.010837488550199711
model.layers.3.self_attn.q_proj.weight,layer_03,attention_q,solver_rank1_r5,solver_rank1,5,10485760,0.012576101619425007
model.layers.3.self_attn.q_proj.weight,layer_03,attention_q,solver_full_r1,solver_full,1,10485760,0.01187816238463289
model.layers.3.self_attn.q_proj.weight,layer_03,attention_q,solver_full_r2,solver_full,2,10485760,0.012845119518834594
model.layers.3.self_attn.q_proj.weight,layer_03,attention_q,solver_full_r3,solver_full,3,10485760,0.011986788250989715
model.layers.3.self_attn.q_proj.weight,layer_03,attention_q,solver_full_r4,solver_full,4,10485760,0.012040514836228849
model.layers.3.self_attn.q_proj.weight,layer_03,attention_q,solver_full_r5,solver_full,5,10485760,0.013442074030371353
model.layers.32.input_layernorm.weight,layer_32,normalization,questioner_full_r1,questioner_full,1,2560,0.0
model.layers.32.input_layernorm.weight,layer_32,normalization,questioner_full_r2,questioner_full,2,2560,0.0
model.layers.32.input_layernorm.weight,layer_32,normalization,questioner_full_r3,questioner_full,3,2560,0.0
model.layers.32.input_layernorm.weight,layer_32,normalization,questioner_full_r4,questioner_full,4,2560,0.0
model.layers.32.input_layernorm.weight,layer_32,normalization,questioner_full_r5,questioner_full,5,2560,0.0
model.layers.32.input_layernorm.weight,layer_32,normalization,solver_rank1_r1,solver_rank1,1,2560,0.0
model.layers.32.input_layernorm.weight,layer_32,normalization,solver_rank1_r2,solver_rank1,2,2560,0.0
model.layers.32.input_layernorm.weight,layer_32,normalization,solver_rank1_r3,solver_rank1,3,2560,0.0
model.layers.32.input_layernorm.weight,layer_32,normalization,solver_rank1_r4,solver_rank1,4,2560,0.0
model.layers.32.input_layernorm.weight,layer_32,normalization,solver_rank1_r5,solver_rank1,5,2560,0.0
model.layers.32.input_layernorm.weight,layer_32,normalization,solver_full_r1,solver_full,1,2560,0.0
model.layers.32.input_layernorm.weight,layer_32,normalization,solver_full_r2,solver_full,2,2560,0.0
model.layers.32.input_layernorm.weight,layer_32,normalization,solver_full_r3,solver_full,3,2560,0.0
model.layers.32.input_layernorm.weight,layer_32,normalization,solver_full_r4,solver_full,4,2560,0.0
model.layers.32.input_layernorm.weight,layer_32,normalization,solver_full_r5,solver_full,5,2560,0.0
model.layers.19.self_attn.q_norm.weight,layer_19,normalization,questioner_full_r1,questioner_full,1,128,1.7059844799040144e-05
model.layers.19.self_attn.q_norm.weight,layer_19,normalization,questioner_full_r2,questioner_full,2,128,4.825252777356536e-05
model.layers.19.self_attn.q_norm.weight,layer_19,normalization,questioner_full_r3,questioner_full,3,128,3.814697265625e-05
model.layers.19.self_attn.q_norm.weight,layer_19,normalization,questioner_full_r4,questioner_full,4,128,7.62939453125e-06
model.layers.19.self_attn.q_norm.weight,layer_19,normalization,questioner_full_r5,questioner_full,5,128,7.62939453125e-06
model.layers.19.self_attn.q_norm.weight,layer_19,normalization,solver_rank1_r1,solver_rank1,1,128,1.7059844799040144e-05
model.layers.19.self_attn.q_norm.weight,layer_19,normalization,solver_rank1_r2,solver_rank1,2,128,0.0
model.layers.19.self_attn.q_norm.weight,layer_19,normalization,solver_rank1_r3,solver_rank1,3,128,1.52587890625e-05
model.layers.19.self_attn.q_norm.weight,layer_19,normalization,solver_rank1_r4,solver_rank1,4,128,2.1579186437577746e-05
model.layers.19.self_attn.q_norm.weight,layer_19,normalization,solver_rank1_r5,solver_rank1,5,128,7.62939453125e-06
model.layers.19.self_attn.q_norm.weight,layer_19,normalization,solver_full_r1,solver_full,1,128,1.7059844799040144e-05
model.layers.19.self_attn.q_norm.weight,layer_19,normalization,solver_full_r2,solver_full,2,128,0.0
model.layers.19.self_attn.q_norm.weight,layer_19,normalization,solver_full_r3,solver_full,3,128,1.52587890625e-05
model.layers.19.self_attn.q_norm.weight,layer_19,normalization,solver_full_r4,solver_full,4,128,2.1579186437577746e-05
model.layers.19.self_attn.q_norm.weight,layer_19,normalization,solver_full_r5,solver_full,5,128,7.62939453125e-06
model.layers.25.self_attn.k_norm.weight,layer_25,normalization,questioner_full_r1,questioner_full,1,128,7.62939453125e-06
model.layers.25.self_attn.k_norm.weight,layer_25,normalization,questioner_full_r2,questioner_full,2,128,6.473755931273323e-05
model.layers.25.self_attn.k_norm.weight,layer_25,normalization,questioner_full_r3,questioner_full,3,128,7.475249459177179e-05
model.layers.25.self_attn.k_norm.weight,layer_25,normalization,questioner_full_r4,questioner_full,4,128,1.7059844799040144e-05
model.layers.25.self_attn.k_norm.weight,layer_25,normalization,questioner_full_r5,questioner_full,5,128,4.037096116736741e-05
model.layers.25.self_attn.k_norm.weight,layer_25,normalization,solver_rank1_r1,solver_rank1,1,128,2.6428997918226276e-05
model.layers.25.self_attn.k_norm.weight,layer_25,normalization,solver_rank1_r2,solver_rank1,2,128,1.7059844799040144e-05
model.layers.25.self_attn.k_norm.weight,layer_25,normalization,solver_rank1_r3,solver_rank1,3,128,2.288818359375e-05
model.layers.25.self_attn.k_norm.weight,layer_25,normalization,solver_rank1_r4,solver_rank1,4,128,2.1579186437577746e-05
model.layers.25.self_attn.k_norm.weight,layer_25,normalization,solver_rank1_r5,solver_rank1,5,128,2.6428997918226276e-05
model.layers.25.self_attn.k_norm.weight,layer_25,normalization,solver_full_r1,solver_full,1,128,3.0517578125e-05
model.layers.25.self_attn.k_norm.weight,layer_25,normalization,solver_full_r2,solver_full,2,128,1.52587890625e-05
model.layers.25.self_attn.k_norm.weight,layer_25,normalization,solver_full_r3,solver_full,3,128,2.750817318316642e-05
model.layers.25.self_attn.k_norm.weight,layer_25,normalization,solver_full_r4,solver_full,4,128,2.1579186437577746e-05
model.layers.25.self_attn.k_norm.weight,layer_25,normalization,solver_full_r5,solver_full,5,128,2.1579186437577746e-05
model.layers.33.self_attn.k_norm.weight,layer_33,normalization,questioner_full_r1,questioner_full,1,128,1.5728399755926745e-05
model.layers.33.self_attn.k_norm.weight,layer_33,normalization,questioner_full_r2,questioner_full,2,128,8.470002483815963e-05
model.layers.33.self_attn.k_norm.weight,layer_33,normalization,questioner_full_r3,questioner_full,3,128,6.919234141241857e-05
model.layers.33.self_attn.k_norm.weight,layer_33,normalization,questioner_full_r4,questioner_full,4,128,9.710633896909985e-05
model.layers.33.self_attn.k_norm.weight,layer_33,normalization,questioner_full_r5,questioner_full,5,128,0.00010063862578028045
model.layers.33.self_attn.k_norm.weight,layer_33,normalization,solver_rank1_r1,solver_rank1,1,128,4.178791484872178e-05
model.layers.33.self_attn.k_norm.weight,layer_33,normalization,solver_rank1_r2,solver_rank1,2,128,2.089395742436089e-05
model.layers.33.self_attn.k_norm.weight,layer_33,normalization,solver_rank1_r3,solver_rank1,3,128,2.191376741996013e-05
model.layers.33.self_attn.k_norm.weight,layer_33,normalization,solver_rank1_r4,solver_rank1,4,128,2.224331624925728e-05
model.layers.33.self_attn.k_norm.weight,layer_33,normalization,solver_rank1_r5,solver_rank1,5,128,1.7892516173642844e-05
model.layers.33.self_attn.k_norm.weight,layer_33,normalization,solver_full_r1,solver_full,1,128,5.1745071282388825e-05
model.layers.33.self_attn.k_norm.weight,layer_33,normalization,solver_full_r2,solver_full,2,128,2.0542773464715972e-05
model.layers.33.self_attn.k_norm.weight,layer_33,normalization,solver_full_r3,solver_full,3,128,2.3203897591774824e-05
model.layers.33.self_attn.k_norm.weight,layer_33,normalization,solver_full_r4,solver_full,4,128,2.224331624925728e-05
model.layers.33.self_attn.k_norm.weight,layer_33,normalization,solver_full_r5,solver_full,5,128,2.0185480583683706e-05
model.layers.18.mlp.gate_proj.weight,layer_18,mlp_gate,questioner_full_r1,questioner_full,1,24903680,0.013784526013161292
model.layers.18.mlp.gate_proj.weight,layer_18,mlp_gate,questioner_full_r2,questioner_full,2,24903680,0.08355651761897917
model.layers.18.mlp.gate_proj.weight,layer_18,mlp_gate,questioner_full_r3,questioner_full,3,24903680,0.08376862031625244
model.layers.18.mlp.gate_proj.weight,layer_18,mlp_gate,questioner_full_r4,questioner_full,4,24903680,0.08067948369526663
model.layers.18.mlp.gate_proj.weight,layer_18,mlp_gate,questioner_full_r5,questioner_full,5,24903680,0.08372277656171523
model.layers.18.mlp.gate_proj.weight,layer_18,mlp_gate,solver_rank1_r1,solver_rank1,1,24903680,0.018661004927044676
model.layers.18.mlp.gate_proj.weight,layer_18,mlp_gate,solver_rank1_r2,solver_rank1,2,24903680,0.02010429200069637
model.layers.18.mlp.gate_proj.weight,layer_18,mlp_gate,solver_rank1_r3,solver_rank1,3,24903680,0.01919906936865074
model.layers.18.mlp.gate_proj.weight,layer_18,mlp_gate,solver_rank1_r4,solver_rank1,4,24903680,0.018808420042122027
model.layers.18.mlp.gate_proj.weight,layer_18,mlp_gate,solver_rank1_r5,solver_rank1,5,24903680,0.018483988850329924
model.layers.18.mlp.gate_proj.weight,layer_18,mlp_gate,solver_full_r1,solver_full,1,24903680,0.02059234923515872
model.layers.18.mlp.gate_proj.weight,layer_18,mlp_gate,solver_full_r2,solver_full,2,24903680,0.022610613544408117
model.layers.18.mlp.gate_proj.weight,layer_18,mlp_gate,solver_full_r3,solver_full,3,24903680,0.022044444283736878
model.layers.18.mlp.gate_proj.weight,layer_18,mlp_gate,solver_full_r4,solver_full,4,24903680,0.02158781840874795
model.layers.18.mlp.gate_proj.weight,layer_18,mlp_gate,solver_full_r5,solver_full,5,24903680,0.021188328098894395
model.layers.21.self_attn.k_proj.weight,layer_21,attention_k,questioner_full_r1,questioner_full,1,2621440,0.00521334720286062
model.layers.21.self_attn.k_proj.weight,layer_21,attention_k,questioner_full_r2,questioner_full,2,2621440,0.028464765398519172
model.layers.21.self_attn.k_proj.weight,layer_21,attention_k,questioner_full_r3,questioner_full,3,2621440,0.028975067638483173
model.layers.21.self_attn.k_proj.weight,layer_21,attention_k,questioner_full_r4,questioner_full,4,2621440,0.02778004928414221
model.layers.21.self_attn.k_proj.weight,layer_21,attention_k,questioner_full_r5,questioner_full,5,2621440,0.028710209422059808
model.layers.21.self_attn.k_proj.weight,layer_21,attention_k,solver_rank1_r1,solver_rank1,1,2621440,0.00688861628432292
model.layers.21.self_attn.k_proj.weight,layer_21,attention_k,solver_rank1_r2,solver_rank1,2,2621440,0.007221094715753172
model.layers.21.self_attn.k_proj.weight,layer_21,attention_k,solver_rank1_r3,solver_rank1,3,2621440,0.006775694072702173
model.layers.21.self_attn.k_proj.weight,layer_21,attention_k,solver_rank1_r4,solver_rank1,4,2621440,0.006456491266442763
model.layers.21.self_attn.k_proj.weight,layer_21,attention_k,solver_rank1_r5,solver_rank1,5,2621440,0.006503981578625334
model.layers.21.self_attn.k_proj.weight,layer_21,attention_k,solver_full_r1,solver_full,1,2621440,0.00751548961238303
model.layers.21.self_attn.k_proj.weight,layer_21,attention_k,solver_full_r2,solver_full,2,2621440,0.008020094537946717
model.layers.21.self_attn.k_proj.weight,layer_21,attention_k,solver_full_r3,solver_full,3,2621440,0.007675055065475422
model.layers.21.self_attn.k_proj.weight,layer_21,attention_k,solver_full_r4,solver_full,4,2621440,0.00730790485768182
model.layers.21.self_attn.k_proj.weight,layer_21,attention_k,solver_full_r5,solver_full,5,2621440,0.007340384440194361
model.layers.20.self_attn.k_proj.weight,layer_20,attention_k,questioner_full_r1,questioner_full,1,2621440,0.005409078215591283
model.layers.20.self_attn.k_proj.weight,layer_20,attention_k,questioner_full_r2,questioner_full,2,2621440,0.028737912412341252
model.layers.20.self_attn.k_proj.weight,layer_20,attention_k,questioner_full_r3,questioner_full,3,2621440,0.028572134468632368
model.layers.20.self_attn.k_proj.weight,layer_20,attention_k,questioner_full_r4,questioner_full,4,2621440,0.029022156126678942
model.layers.20.self_attn.k_proj.weight,layer_20,attention_k,questioner_full_r5,questioner_full,5,2621440,0.029372537531816238
model.layers.20.self_attn.k_proj.weight,layer_20,attention_k,solver_rank1_r1,solver_rank1,1,2621440,0.006674758365003122
model.layers.20.self_attn.k_proj.weight,layer_20,attention_k,solver_rank1_r2,solver_rank1,2,2621440,0.007029346103370296
model.layers.20.self_attn.k_proj.weight,layer_20,attention_k,solver_rank1_r3,solver_rank1,3,2621440,0.006682965638287456
model.layers.20.self_attn.k_proj.weight,layer_20,attention_k,solver_rank1_r4,solver_rank1,4,2621440,0.006434823654214866
model.layers.20.self_attn.k_proj.weight,layer_20,attention_k,solver_rank1_r5,solver_rank1,5,2621440,0.006458173047900211
model.layers.20.self_attn.k_proj.weight,layer_20,attention_k,solver_full_r1,solver_full,1,2621440,0.007319803633226592
model.layers.20.self_attn.k_proj.weight,layer_20,attention_k,solver_full_r2,solver_full,2,2621440,0.007855069330098986
model.layers.20.self_attn.k_proj.weight,layer_20,attention_k,solver_full_r3,solver_full,3,2621440,0.007589679824505088
model.layers.20.self_attn.k_proj.weight,layer_20,attention_k,solver_full_r4,solver_full,4,2621440,0.007262830402598319
model.layers.20.self_attn.k_proj.weight,layer_20,attention_k,solver_full_r5,solver_full,5,2621440,0.0072842644402170064
model.layers.31.mlp.down_proj.weight,layer_31,mlp_down,questioner_full_r1,questioner_full,1,24903680,0.011135073526051026
model.layers.31.mlp.down_proj.weight,layer_31,mlp_down,questioner_full_r2,questioner_full,2,24903680,0.08311749147497531
model.layers.31.mlp.down_proj.weight,layer_31,mlp_down,questioner_full_r3,questioner_full,3,24903680,0.08027807050440823
model.layers.31.mlp.down_proj.weight,layer_31,mlp_down,questioner_full_r4,questioner_full,4,24903680,0.0794856246602177
model.layers.31.mlp.down_proj.weight,layer_31,mlp_down,questioner_full_r5,questioner_full,5,24903680,0.0803755877308349
model.layers.31.mlp.down_proj.weight,layer_31,mlp_down,solver_rank1_r1,solver_rank1,1,24903680,0.015504868376383206
model.layers.31.mlp.down_proj.weight,layer_31,mlp_down,solver_rank1_r2,solver_rank1,2,24903680,0.01685661536610233
model.layers.31.mlp.down_proj.weight,layer_31,mlp_down,solver_rank1_r3,solver_rank1,3,24903680,0.016111015336311624
model.layers.31.mlp.down_proj.weight,layer_31,mlp_down,solver_rank1_r4,solver_rank1,4,24903680,0.016209390284140236
model.layers.31.mlp.down_proj.weight,layer_31,mlp_down,solver_rank1_r5,solver_rank1,5,24903680,0.015078362499301624
model.layers.31.mlp.down_proj.weight,layer_31,mlp_down,solver_full_r1,solver_full,1,24903680,0.016941584259757447
model.layers.31.mlp.down_proj.weight,layer_31,mlp_down,solver_full_r2,solver_full,2,24903680,0.01874768145121416
model.layers.31.mlp.down_proj.weight,layer_31,mlp_down,solver_full_r3,solver_full,3,24903680,0.018188460173715497
model.layers.31.mlp.down_proj.weight,layer_31,mlp_down,solver_full_r4,solver_full,4,24903680,0.018116784325923604
model.layers.31.mlp.down_proj.weight,layer_31,mlp_down,solver_full_r5,solver_full,5,24903680,0.016998955120921456
model.layers.5.post_attention_layernorm.weight,layer_05,normalization,questioner_full_r1,questioner_full,1,2560,8.86327280780845e-06
model.layers.5.post_attention_layernorm.weight,layer_05,normalization,questioner_full_r2,questioner_full,2,2560,4.032094521260594e-05
model.layers.5.post_attention_layernorm.weight,layer_05,normalization,questioner_full_r3,questioner_full,3,2560,4.0699804287278905e-05
model.layers.5.post_attention_layernorm.weight,layer_05,normalization,questioner_full_r4,questioner_full,4,2560,2.0185480583683706e-05
model.layers.5.post_attention_layernorm.weight,layer_05,normalization,questioner_full_r5,questioner_full,5,2560,5.761250657730752e-05
model.layers.5.post_attention_layernorm.weight,layer_05,normalization,solver_rank1_r1,solver_rank1,1,2560,1.8910741892058556e-05
model.layers.5.post_attention_layernorm.weight,layer_05,normalization,solver_rank1_r2,solver_rank1,2,2560,1.37726718082773e-05
model.layers.5.post_attention_layernorm.weight,layer_05,normalization,solver_rank1_r3,solver_rank1,3,2560,1.362953751369138e-05
model.layers.5.post_attention_layernorm.weight,layer_05,normalization,solver_rank1_r4,solver_rank1,4,2560,1.7888147350192627e-05
model.layers.5.post_attention_layernorm.weight,layer_05,normalization,solver_rank1_r5,solver_rank1,5,2560,2.11951300835113e-05
model.layers.5.post_attention_layernorm.weight,layer_05,normalization,solver_full_r1,solver_full,1,2560,1.9772936932196933e-05
model.layers.5.post_attention_layernorm.weight,layer_05,normalization,solver_full_r2,solver_full,2,2560,1.570534320834031e-05
model.layers.5.post_attention_layernorm.weight,layer_05,normalization,solver_full_r3,solver_full,3,2560,1.3906671845527386e-05
model.layers.5.post_attention_layernorm.weight,layer_05,normalization,solver_full_r4,solver_full,4,2560,1.826666003167911e-05
model.layers.5.post_attention_layernorm.weight,layer_05,normalization,solver_full_r5,solver_full,5,2560,2.2393584822221927e-05
model.layers.10.self_attn.v_proj.weight,layer_10,attention_v,questioner_full_r1,questioner_full,1,2621440,0.004243313401744411
model.layers.10.self_attn.v_proj.weight,layer_10,attention_v,questioner_full_r2,questioner_full,2,2621440,0.023151148167596468
model.layers.10.self_attn.v_proj.weight,layer_10,attention_v,questioner_full_r3,questioner_full,3,2621440,0.024773488149309967
model.layers.10.self_attn.v_proj.weight,layer_10,attention_v,questioner_full_r4,questioner_full,4,2621440,0.024398746454626183
model.layers.10.self_attn.v_proj.weight,layer_10,attention_v,questioner_full_r5,questioner_full,5,2621440,0.025515885815233508
model.layers.10.self_attn.v_proj.weight,layer_10,attention_v,solver_rank1_r1,solver_rank1,1,2621440,0.00692771000660554
model.layers.10.self_attn.v_proj.weight,layer_10,attention_v,solver_rank1_r2,solver_rank1,2,2621440,0.006926285761363558
model.layers.10.self_attn.v_proj.weight,layer_10,attention_v,solver_rank1_r3,solver_rank1,3,2621440,0.007061095188205327
model.layers.10.self_attn.v_proj.weight,layer_10,attention_v,solver_rank1_r4,solver_rank1,4,2621440,0.006209939706160823
model.layers.10.self_attn.v_proj.weight,layer_10,attention_v,solver_rank1_r5,solver_rank1,5,2621440,0.00690995405429326
model.layers.10.self_attn.v_proj.weight,layer_10,attention_v,solver_full_r1,solver_full,1,2621440,0.007476300774705326
model.layers.10.self_attn.v_proj.weight,layer_10,attention_v,solver_full_r2,solver_full,2,2621440,0.007615827119814072
model.layers.10.self_attn.v_proj.weight,layer_10,attention_v,solver_full_r3,solver_full,3,2621440,0.007883712713434809
model.layers.10.self_attn.v_proj.weight,layer_10,attention_v,solver_full_r4,solver_full,4,2621440,0.0070354412649504
model.layers.10.self_attn.v_proj.weight,layer_10,attention_v,solver_full_r5,solver_full,5,2621440,0.007348267677949212
model.layers.22.self_attn.o_proj.weight,layer_22,attention_o,questioner_full_r1,questioner_full,1,10485760,0.009989052022870594
model.layers.22.self_attn.o_proj.weight,layer_22,attention_o,questioner_full_r2,questioner_full,2,10485760,0.05494560342397526
model.layers.22.self_attn.o_proj.weight,layer_22,attention_o,questioner_full_r3,questioner_full,3,10485760,0.05419939273084605
model.layers.22.self_attn.o_proj.weight,layer_22,attention_o,questioner_full_r4,questioner_full,4,10485760,0.053728797229928286
model.layers.22.self_attn.o_proj.weight,layer_22,attention_o,questioner_full_r5,questioner_full,5,10485760,0.05409982439418315
model.layers.22.self_attn.o_proj.weight,layer_22,attention_o,solver_rank1_r1,solver_rank1,1,10485760,0.013012700885057822
model.layers.22.self_attn.o_proj.weight,layer_22,attention_o,solver_rank1_r2,solver_rank1,2,10485760,0.0138841294633357
model.layers.22.self_attn.o_proj.weight,layer_22,attention_o,solver_rank1_r3,solver_rank1,3,10485760,0.013375991761673606
model.layers.22.self_attn.o_proj.weight,layer_22,attention_o,solver_rank1_r4,solver_rank1,4,10485760,0.013232438266267162
model.layers.22.self_attn.o_proj.weight,layer_22,attention_o,solver_rank1_r5,solver_rank1,5,10485760,0.012783793679239338
model.layers.22.self_attn.o_proj.weight,layer_22,attention_o,solver_full_r1,solver_full,1,10485760,0.014222179293343552
model.layers.22.self_attn.o_proj.weight,layer_22,attention_o,solver_full_r2,solver_full,2,10485760,0.015497050123147784
model.layers.22.self_attn.o_proj.weight,layer_22,attention_o,solver_full_r3,solver_full,3,10485760,0.015110598481649003
model.layers.22.self_attn.o_proj.weight,layer_22,attention_o,solver_full_r4,solver_full,4,10485760,0.014990999903822579
model.layers.22.self_attn.o_proj.weight,layer_22,attention_o,solver_full_r5,solver_full,5,10485760,0.014540122304419634
model.layers.3.self_attn.k_norm.weight,layer_03,normalization,questioner_full_r1,questioner_full,1,128,0.0
model.layers.3.self_attn.k_norm.weight,layer_03,normalization,questioner_full_r2,questioner_full,2,128,0.0
model.layers.3.self_attn.k_norm.weight,layer_03,normalization,questioner_full_r3,questioner_full,3,128,6.103515625e-05
model.layers.3.self_attn.k_norm.weight,layer_03,normalization,questioner_full_r4,questioner_full,4,128,4.315837287515549e-05
model.layers.3.self_attn.k_norm.weight,layer_03,normalization,questioner_full_r5,questioner_full,5,128,3.0517578125e-05
model.layers.3.self_attn.k_norm.weight,layer_03,normalization,solver_rank1_r1,solver_rank1,1,128,0.0
model.layers.3.self_attn.k_norm.weight,layer_03,normalization,solver_rank1_r2,solver_rank1,2,128,0.0
model.layers.3.self_attn.k_norm.weight,layer_03,normalization,solver_rank1_r3,solver_rank1,3,128,0.0
model.layers.3.self_attn.k_norm.weight,layer_03,normalization,solver_rank1_r4,solver_rank1,4,128,0.0
model.layers.3.self_attn.k_norm.weight,layer_03,normalization,solver_rank1_r5,solver_rank1,5,128,0.0
model.layers.3.self_attn.k_norm.weight,layer_03,normalization,solver_full_r1,solver_full,1,128,0.0
model.layers.3.self_attn.k_norm.weight,layer_03,normalization,solver_full_r2,solver_full,2,128,0.0
model.layers.3.self_attn.k_norm.weight,layer_03,normalization,solver_full_r3,solver_full,3,128,0.0
model.layers.3.self_attn.k_norm.weight,layer_03,normalization,solver_full_r4,solver_full,4,128,0.0
model.layers.3.self_attn.k_norm.weight,layer_03,normalization,solver_full_r5,solver_full,5,128,0.0
model.layers.4.self_attn.o_proj.weight,layer_04,attention_o,questioner_full_r1,questioner_full,1,10485760,0.007953931825554638
model.layers.4.self_attn.o_proj.weight,layer_04,attention_o,questioner_full_r2,questioner_full,2,10485760,0.044516556785836506
model.layers.4.self_attn.o_proj.weight,layer_04,attention_o,questioner_full_r3,questioner_full,3,10485760,0.046839563906783434
model.layers.4.self_attn.o_proj.weight,layer_04,attention_o,questioner_full_r4,questioner_full,4,10485760,0.049971286525148054
model.layers.4.self_attn.o_proj.weight,layer_04,attention_o,questioner_full_r5,questioner_full,5,10485760,0.05298865170244748
model.layers.4.self_attn.o_proj.weight,layer_04,attention_o,solver_rank1_r1,solver_rank1,1,10485760,0.011417253236477453
model.layers.4.self_attn.o_proj.weight,layer_04,attention_o,solver_rank1_r2,solver_rank1,2,10485760,0.012752174826855726
model.layers.4.self_attn.o_proj.weight,layer_04,attention_o,solver_rank1_r3,solver_rank1,3,10485760,0.012010090754446456
model.layers.4.self_attn.o_proj.weight,layer_04,attention_o,solver_rank1_r4,solver_rank1,4,10485760,0.010822931605659515
model.layers.4.self_attn.o_proj.weight,layer_04,attention_o,solver_rank1_r5,solver_rank1,5,10485760,0.011531424956954322
model.layers.4.self_attn.o_proj.weight,layer_04,attention_o,solver_full_r1,solver_full,1,10485760,0.012242761433603469
model.layers.4.self_attn.o_proj.weight,layer_04,attention_o,solver_full_r2,solver_full,2,10485760,0.013943886773182923
model.layers.4.self_attn.o_proj.weight,layer_04,attention_o,solver_full_r3,solver_full,3,10485760,0.01325442818516007
model.layers.4.self_attn.o_proj.weight,layer_04,attention_o,solver_full_r4,solver_full,4,10485760,0.012053975699050895
model.layers.4.self_attn.o_proj.weight,layer_04,attention_o,solver_full_r5,solver_full,5,10485760,0.013069516509252107
model.layers.34.mlp.gate_proj.weight,layer_34,mlp_gate,questioner_full_r1,questioner_full,1,24903680,0.008812536015308924
model.layers.34.mlp.gate_proj.weight,layer_34,mlp_gate,questioner_full_r2,questioner_full,2,24903680,0.0856500645979195
model.layers.34.mlp.gate_proj.weight,layer_34,mlp_gate,questioner_full_r3,questioner_full,3,24903680,0.0819362225852485
model.layers.34.mlp.gate_proj.weight,layer_34,mlp_gate,questioner_full_r4,questioner_full,4,24903680,0.08467574148513286
model.layers.34.mlp.gate_proj.weight,layer_34,mlp_gate,questioner_full_r5,questioner_full,5,24903680,0.08427749709196053
model.layers.34.mlp.gate_proj.weight,layer_34,mlp_gate,solver_rank1_r1,solver_rank1,1,24903680,0.014351980987664024
model.layers.34.mlp.gate_proj.weight,layer_34,mlp_gate,solver_rank1_r2,solver_rank1,2,24903680,0.014928244171806347
model.layers.34.mlp.gate_proj.weight,layer_34,mlp_gate,solver_rank1_r3,solver_rank1,3,24903680,0.014972179793017685
model.layers.34.mlp.gate_proj.weight,layer_34,mlp_gate,solver_rank1_r4,solver_rank1,4,24903680,0.015078343864838294
model.layers.34.mlp.gate_proj.weight,layer_34,mlp_gate,solver_rank1_r5,solver_rank1,5,24903680,0.01408151284298454
model.layers.34.mlp.gate_proj.weight,layer_34,mlp_gate,solver_full_r1,solver_full,1,24903680,0.015860551965191955
model.layers.34.mlp.gate_proj.weight,layer_34,mlp_gate,solver_full_r2,solver_full,2,24903680,0.016724193336932845
model.layers.34.mlp.gate_proj.weight,layer_34,mlp_gate,solver_full_r3,solver_full,3,24903680,0.016945579294318232
model.layers.34.mlp.gate_proj.weight,layer_34,mlp_gate,solver_full_r4,solver_full,4,24903680,0.016959632609709056
model.layers.34.mlp.gate_proj.weight,layer_34,mlp_gate,solver_full_r5,solver_full,5,24903680,0.015951542092459275
model.layers.13.mlp.gate_proj.weight,layer_13,mlp_gate,questioner_full_r1,questioner_full,1,24903680,0.01318772838084163
model.layers.13.mlp.gate_proj.weight,layer_13,mlp_gate,questioner_full_r2,questioner_full,2,24903680,0.07699892905023391
model.layers.13.mlp.gate_proj.weight,layer_13,mlp_gate,questioner_full_r3,questioner_full,3,24903680,0.08012335242593907
model.layers.13.mlp.gate_proj.weight,layer_13,mlp_gate,questioner_full_r4,questioner_full,4,24903680,0.07816887727940344
model.layers.13.mlp.gate_proj.weight,layer_13,mlp_gate,questioner_full_r5,questioner_full,5,24903680,0.08178259299746939
model.layers.13.mlp.gate_proj.weight,layer_13,mlp_gate,solver_rank1_r1,solver_rank1,1,24903680,0.02035659824008737
model.layers.13.mlp.gate_proj.weight,layer_13,mlp_gate,solver_rank1_r2,solver_rank1,2,24903680,0.020355373397037437
model.layers.13.mlp.gate_proj.weight,layer_13,mlp_gate,solver_rank1_r3,solver_rank1,3,24903680,0.019274312341220227
model.layers.13.mlp.gate_proj.weight,layer_13,mlp_gate,solver_rank1_r4,solver_rank1,4,24903680,0.018230184446325643
model.layers.13.mlp.gate_proj.weight,layer_13,mlp_gate,solver_rank1_r5,solver_rank1,5,24903680,0.01807278168938954
model.layers.13.mlp.gate_proj.weight,layer_13,mlp_gate,solver_full_r1,solver_full,1,24903680,0.022077613937609684
model.layers.13.mlp.gate_proj.weight,layer_13,mlp_gate,solver_full_r2,solver_full,2,24903680,0.022655715642554104
model.layers.13.mlp.gate_proj.weight,layer_13,mlp_gate,solver_full_r3,solver_full,3,24903680,0.021774630904818137
model.layers.13.mlp.gate_proj.weight,layer_13,mlp_gate,solver_full_r4,solver_full,4,24903680,0.02054312514601821
model.layers.13.mlp.gate_proj.weight,layer_13,mlp_gate,solver_full_r5,solver_full,5,24903680,0.020678372090762814
model.layers.11.self_attn.v_proj.weight,layer_11,attention_v,questioner_full_r1,questioner_full,1,2621440,0.004285649715438431
model.layers.11.self_attn.v_proj.weight,layer_11,attention_v,questioner_full_r2,questioner_full,2,2621440,0.02331194770486914
model.layers.11.self_attn.v_proj.weight,layer_11,attention_v,questioner_full_r3,questioner_full,3,2621440,0.02465654446669811
model.layers.11.self_attn.v_proj.weight,layer_11,attention_v,questioner_full_r4,questioner_full,4,2621440,0.024808254499384032
model.layers.11.self_attn.v_proj.weight,layer_11,attention_v,questioner_full_r5,questioner_full,5,2621440,0.02571674589672238
model.layers.11.self_attn.v_proj.weight,layer_11,attention_v,solver_rank1_r1,solver_rank1,1,2621440,0.006870765789920439
model.layers.11.self_attn.v_proj.weight,layer_11,attention_v,solver_rank1_r2,solver_rank1,2,2621440,0.006743000770987306
model.layers.11.self_attn.v_proj.weight,layer_11,attention_v,solver_rank1_r3,solver_rank1,3,2621440,0.006743661379965187
model.layers.11.self_attn.v_proj.weight,layer_11,attention_v,solver_rank1_r4,solver_rank1,4,2621440,0.006034208952600614
model.layers.11.self_attn.v_proj.weight,layer_11,attention_v,solver_rank1_r5,solver_rank1,5,2621440,0.006764472564249076
model.layers.11.self_attn.v_proj.weight,layer_11,attention_v,solver_full_r1,solver_full,1,2621440,0.007462524986839587
model.layers.11.self_attn.v_proj.weight,layer_11,attention_v,solver_full_r2,solver_full,2,2621440,0.007498582748298354
model.layers.11.self_attn.v_proj.weight,layer_11,attention_v,solver_full_r3,solver_full,3,2621440,0.007569884006786186
model.layers.11.self_attn.v_proj.weight,layer_11,attention_v,solver_full_r4,solver_full,4,2621440,0.006860545714989258
model.layers.11.self_attn.v_proj.weight,layer_11,attention_v,solver_full_r5,solver_full,5,2621440,0.007213609550169538
model.layers.9.self_attn.q_norm.weight,layer_09,normalization,questioner_full_r1,questioner_full,1,128,0.0
model.layers.9.self_attn.q_norm.weight,layer_09,normalization,questioner_full_r2,questioner_full,2,128,0.0
model.layers.9.self_attn.q_norm.weight,layer_09,normalization,questioner_full_r3,questioner_full,3,128,0.0
model.layers.9.self_attn.q_norm.weight,layer_09,normalization,questioner_full_r4,questioner_full,4,128,0.0
model.layers.9.self_attn.q_norm.weight,layer_09,normalization,questioner_full_r5,questioner_full,5,128,0.0
model.layers.9.self_attn.q_norm.weight,layer_09,normalization,solver_rank1_r1,solver_rank1,1,128,0.0
model.layers.9.self_attn.q_norm.weight,layer_09,normalization,solver_rank1_r2,solver_rank1,2,128,0.0
model.layers.9.self_attn.q_norm.weight,layer_09,normalization,solver_rank1_r3,solver_rank1,3,128,0.0
model.layers.9.self_attn.q_norm.weight,layer_09,normalization,solver_rank1_r4,solver_rank1,4,128,0.0
model.layers.9.self_attn.q_norm.weight,layer_09,normalization,solver_rank1_r5,solver_rank1,5,128,0.0
model.layers.9.self_attn.q_norm.weight,layer_09,normalization,solver_full_r1,solver_full,1,128,0.0
model.layers.9.self_attn.q_norm.weight,layer_09,normalization,solver_full_r2,solver_full,2,128,0.0
model.layers.9.self_attn.q_norm.weight,layer_09,normalization,solver_full_r3,solver_full,3,128,0.0
model.layers.9.self_attn.q_norm.weight,layer_09,normalization,solver_full_r4,solver_full,4,128,0.0
model.layers.9.self_attn.q_norm.weight,layer_09,normalization,solver_full_r5,solver_full,5,128,0.0
model.layers.23.input_layernorm.weight,layer_23,normalization,questioner_full_r1,questioner_full,1,2560,0.0
model.layers.23.input_layernorm.weight,layer_23,normalization,questioner_full_r2,questioner_full,2,2560,0.0
model.layers.23.input_layernorm.weight,layer_23,normalization,questioner_full_r3,questioner_full,3,2560,0.0
model.layers.23.input_layernorm.weight,layer_23,normalization,questioner_full_r4,questioner_full,4,2560,0.0
model.layers.23.input_layernorm.weight,layer_23,normalization,questioner_full_r5,questioner_full,5,2560,0.0
model.layers.23.input_layernorm.weight,layer_23,normalization,solver_rank1_r1,solver_rank1,1,2560,0.0
model.layers.23.input_layernorm.weight,layer_23,normalization,solver_rank1_r2,solver_rank1,2,2560,0.0
model.layers.23.input_layernorm.weight,layer_23,normalization,solver_rank1_r3,solver_rank1,3,2560,0.0
model.layers.23.input_layernorm.weight,layer_23,normalization,solver_rank1_r4,solver_rank1,4,2560,0.0
model.layers.23.input_layernorm.weight,layer_23,normalization,solver_rank1_r5,solver_rank1,5,2560,0.0
model.layers.23.input_layernorm.weight,layer_23,normalization,solver_full_r1,solver_full,1,2560,0.0
model.layers.23.input_layernorm.weight,layer_23,normalization,solver_full_r2,solver_full,2,2560,0.0
model.layers.23.input_layernorm.weight,layer_23,normalization,solver_full_r3,solver_full,3,2560,0.0
model.layers.23.input_layernorm.weight,layer_23,normalization,solver_full_r4,solver_full,4,2560,0.0
model.layers.23.input_layernorm.weight,layer_23,normalization,solver_full_r5,solver_full,5,2560,0.0
model.layers.16.mlp.gate_proj.weight,layer_16,mlp_gate,questioner_full_r1,questioner_full,1,24903680,0.013741531828037746
model.layers.16.mlp.gate_proj.weight,layer_16,mlp_gate,questioner_full_r2,questioner_full,2,24903680,0.08031182208547995
model.layers.16.mlp.gate_proj.weight,layer_16,mlp_gate,questioner_full_r3,questioner_full,3,24903680,0.08171206899869224
model.layers.16.mlp.gate_proj.weight,layer_16,mlp_gate,questioner_full_r4,questioner_full,4,24903680,0.07893072384779813
model.layers.16.mlp.gate_proj.weight,layer_16,mlp_gate,questioner_full_r5,questioner_full,5,24903680,0.082685040435443
model.layers.16.mlp.gate_proj.weight,layer_16,mlp_gate,solver_rank1_r1,solver_rank1,1,24903680,0.019301327033669147
model.layers.16.mlp.gate_proj.weight,layer_16,mlp_gate,solver_rank1_r2,solver_rank1,2,24903680,0.020120266950040887
model.layers.16.mlp.gate_proj.weight,layer_16,mlp_gate,solver_rank1_r3,solver_rank1,3,24903680,0.018848327918488898
model.layers.16.mlp.gate_proj.weight,layer_16,mlp_gate,solver_rank1_r4,solver_rank1,4,24903680,0.018426647294184837
model.layers.16.mlp.gate_proj.weight,layer_16,mlp_gate,solver_rank1_r5,solver_rank1,5,24903680,0.017995925674651497
model.layers.16.mlp.gate_proj.weight,layer_16,mlp_gate,solver_full_r1,solver_full,1,24903680,0.021136764664963382
model.layers.16.mlp.gate_proj.weight,layer_16,mlp_gate,solver_full_r2,solver_full,2,24903680,0.022533444557476304
model.layers.16.mlp.gate_proj.weight,layer_16,mlp_gate,solver_full_r3,solver_full,3,24903680,0.0215452612707624
model.layers.16.mlp.gate_proj.weight,layer_16,mlp_gate,solver_full_r4,solver_full,4,24903680,0.020958311410522474
model.layers.16.mlp.gate_proj.weight,layer_16,mlp_gate,solver_full_r5,solver_full,5,24903680,0.02063171793232156
model.layers.1.self_attn.v_proj.weight,layer_01,attention_v,questioner_full_r1,questioner_full,1,2621440,0.003885708932890528
model.layers.1.self_attn.v_proj.weight,layer_01,attention_v,questioner_full_r2,questioner_full,2,2621440,0.020197135235288825
model.layers.1.self_attn.v_proj.weight,layer_01,attention_v,questioner_full_r3,questioner_full,3,2621440,0.02213571218612978
model.layers.1.self_attn.v_proj.weight,layer_01,attention_v,questioner_full_r4,questioner_full,4,2621440,0.023886767091121246
model.layers.1.self_attn.v_proj.weight,layer_01,attention_v,questioner_full_r5,questioner_full,5,2621440,0.025041127438693914
model.layers.1.self_attn.v_proj.weight,layer_01,attention_v,solver_rank1_r1,solver_rank1,1,2621440,0.005449249980394365
model.layers.1.self_attn.v_proj.weight,layer_01,attention_v,solver_rank1_r2,solver_rank1,2,2621440,0.006535146410590189
model.layers.1.self_attn.v_proj.weight,layer_01,attention_v,solver_rank1_r3,solver_rank1,3,2621440,0.005499458762819037
model.layers.1.self_attn.v_proj.weight,layer_01,attention_v,solver_rank1_r4,solver_rank1,4,2621440,0.00569136532404375
model.layers.1.self_attn.v_proj.weight,layer_01,attention_v,solver_rank1_r5,solver_rank1,5,2621440,0.005917539757929406
model.layers.1.self_attn.v_proj.weight,layer_01,attention_v,solver_full_r1,solver_full,1,2621440,0.0061273292065869706
model.layers.1.self_attn.v_proj.weight,layer_01,attention_v,solver_full_r2,solver_full,2,2621440,0.00719255137816565
model.layers.1.self_attn.v_proj.weight,layer_01,attention_v,solver_full_r3,solver_full,3,2621440,0.006078973767242397
model.layers.1.self_attn.v_proj.weight,layer_01,attention_v,solver_full_r4,solver_full,4,2621440,0.006233319657525433
model.layers.1.self_attn.v_proj.weight,layer_01,attention_v,solver_full_r5,solver_full,5,2621440,0.006710885751415646
model.layers.6.post_attention_layernorm.weight,layer_06,normalization,questioner_full_r1,questioner_full,1,2560,1.3389702875231716e-05
model.layers.6.post_attention_layernorm.weight,layer_06,normalization,questioner_full_r2,questioner_full,2,2560,3.596961296276137e-05
model.layers.6.post_attention_layernorm.weight,layer_06,normalization,questioner_full_r3,questioner_full,3,2560,2.192543712918521e-05
model.layers.6.post_attention_layernorm.weight,layer_06,normalization,questioner_full_r4,questioner_full,4,2560,5.38692867373127e-05
model.layers.6.post_attention_layernorm.weight,layer_06,normalization,questioner_full_r5,questioner_full,5,2560,7.259670171862066e-05
model.layers.6.post_attention_layernorm.weight,layer_06,normalization,solver_rank1_r1,solver_rank1,1,2560,2.2019862916982302e-05
model.layers.6.post_attention_layernorm.weight,layer_06,normalization,solver_rank1_r2,solver_rank1,2,2560,1.379741315482167e-05
model.layers.6.post_attention_layernorm.weight,layer_06,normalization,solver_rank1_r3,solver_rank1,3,2560,1.2008819827521351e-05
model.layers.6.post_attention_layernorm.weight,layer_06,normalization,solver_rank1_r4,solver_rank1,4,2560,1.2920879273261288e-05
model.layers.6.post_attention_layernorm.weight,layer_06,normalization,solver_rank1_r5,solver_rank1,5,2560,8.573128984625436e-06
model.layers.6.post_attention_layernorm.weight,layer_06,normalization,solver_full_r1,solver_full,1,2560,2.2352933851879542e-05
model.layers.6.post_attention_layernorm.weight,layer_06,normalization,solver_full_r2,solver_full,2,2560,1.3227397448234747e-05
model.layers.6.post_attention_layernorm.weight,layer_06,normalization,solver_full_r3,solver_full,3,2560,1.2436677318329789e-05
model.layers.6.post_attention_layernorm.weight,layer_06,normalization,solver_full_r4,solver_full,4,2560,1.1961391443835194e-05
model.layers.6.post_attention_layernorm.weight,layer_06,normalization,solver_full_r5,solver_full,5,2560,1.0120861662288248e-05
model.layers.35.self_attn.q_norm.weight,layer_35,normalization,questioner_full_r1,questioner_full,1,128,0.0
model.layers.35.self_attn.q_norm.weight,layer_35,normalization,questioner_full_r2,questioner_full,2,128,0.0
model.layers.35.self_attn.q_norm.weight,layer_35,normalization,questioner_full_r3,questioner_full,3,128,0.0
model.layers.35.self_attn.q_norm.weight,layer_35,normalization,questioner_full_r4,questioner_full,4,128,0.0
model.layers.35.self_attn.q_norm.weight,layer_35,normalization,questioner_full_r5,questioner_full,5,128,0.0
model.layers.35.self_attn.q_norm.weight,layer_35,normalization,solver_rank1_r1,solver_rank1,1,128,0.0
model.layers.35.self_attn.q_norm.weight,layer_35,normalization,solver_rank1_r2,solver_rank1,2,128,0.0
model.layers.35.self_attn.q_norm.weight,layer_35,normalization,solver_rank1_r3,solver_rank1,3,128,0.0
model.layers.35.self_attn.q_norm.weight,layer_35,normalization,solver_rank1_r4,solver_rank1,4,128,0.0
model.layers.35.self_attn.q_norm.weight,layer_35,normalization,solver_rank1_r5,solver_rank1,5,128,0.0
model.layers.35.self_attn.q_norm.weight,layer_35,normalization,solver_full_r1,solver_full,1,128,0.0
model.layers.35.self_attn.q_norm.weight,layer_35,normalization,solver_full_r2,solver_full,2,128,0.0
model.layers.35.self_attn.q_norm.weight,layer_35,normalization,solver_full_r3,solver_full,3,128,0.0
model.layers.35.self_attn.q_norm.weight,layer_35,normalization,solver_full_r4,solver_full,4,128,0.0
model.layers.35.self_attn.q_norm.weight,layer_35,normalization,solver_full_r5,solver_full,5,128,0.0
model.layers.27.mlp.up_proj.weight,layer_27,mlp_up,questioner_full_r1,questioner_full,1,24903680,0.010033155324950976
model.layers.27.mlp.up_proj.weight,layer_27,mlp_up,questioner_full_r2,questioner_full,2,24903680,0.08262298573642356
model.layers.27.mlp.up_proj.weight,layer_27,mlp_up,questioner_full_r3,questioner_full,3,24903680,0.08024709979648162
model.layers.27.mlp.up_proj.weight,layer_27,mlp_up,questioner_full_r4,questioner_full,4,24903680,0.07705838060343508
model.layers.27.mlp.up_proj.weight,layer_27,mlp_up,questioner_full_r5,questioner_full,5,24903680,0.07967351741545264
model.layers.27.mlp.up_proj.weight,layer_27,mlp_up,solver_rank1_r1,solver_rank1,1,24903680,0.015422420304258125
model.layers.27.mlp.up_proj.weight,layer_27,mlp_up,solver_rank1_r2,solver_rank1,2,24903680,0.01630391868714823
model.layers.27.mlp.up_proj.weight,layer_27,mlp_up,solver_rank1_r3,solver_rank1,3,24903680,0.01615733960067423
model.layers.27.mlp.up_proj.weight,layer_27,mlp_up,solver_rank1_r4,solver_rank1,4,24903680,0.01645877195588068
model.layers.27.mlp.up_proj.weight,layer_27,mlp_up,solver_rank1_r5,solver_rank1,5,24903680,0.015564469575878873
model.layers.27.mlp.up_proj.weight,layer_27,mlp_up,solver_full_r1,solver_full,1,24903680,0.017060431007885422
model.layers.27.mlp.up_proj.weight,layer_27,mlp_up,solver_full_r2,solver_full,2,24903680,0.01838964363258667
model.layers.27.mlp.up_proj.weight,layer_27,mlp_up,solver_full_r3,solver_full,3,24903680,0.01848936547624245
model.layers.27.mlp.up_proj.weight,layer_27,mlp_up,solver_full_r4,solver_full,4,24903680,0.018768508355718753
model.layers.27.mlp.up_proj.weight,layer_27,mlp_up,solver_full_r5,solver_full,5,24903680,0.01784237714756993
model.layers.35.self_attn.v_proj.weight,layer_35,attention_v,questioner_full_r1,questioner_full,1,2621440,0.004081821329128362
model.layers.35.self_attn.v_proj.weight,layer_35,attention_v,questioner_full_r2,questioner_full,2,2621440,0.02626954178606056
model.layers.35.self_attn.v_proj.weight,layer_35,attention_v,questioner_full_r3,questioner_full,3,2621440,0.02537611141934215
model.layers.35.self_attn.v_proj.weight,layer_35,attention_v,questioner_full_r4,questioner_full,4,2621440,0.025763336825655708
model.layers.35.self_attn.v_proj.weight,layer_35,attention_v,questioner_full_r5,questioner_full,5,2621440,0.025995015974473654
model.layers.35.self_attn.v_proj.weight,layer_35,attention_v,solver_rank1_r1,solver_rank1,1,2621440,0.005898735376805758
model.layers.35.self_attn.v_proj.weight,layer_35,attention_v,solver_rank1_r2,solver_rank1,2,2621440,0.0065713909877602745
model.layers.35.self_attn.v_proj.weight,layer_35,attention_v,solver_rank1_r3,solver_rank1,3,2621440,0.005906526695868912
model.layers.35.self_attn.v_proj.weight,layer_35,attention_v,solver_rank1_r4,solver_rank1,4,2621440,0.005693761138942209
model.layers.35.self_attn.v_proj.weight,layer_35,attention_v,solver_rank1_r5,solver_rank1,5,2621440,0.0052659331459275925
model.layers.35.self_attn.v_proj.weight,layer_35,attention_v,solver_full_r1,solver_full,1,2621440,0.006413189836231237
model.layers.35.self_attn.v_proj.weight,layer_35,attention_v,solver_full_r2,solver_full,2,2621440,0.007212969411628983
model.layers.35.self_attn.v_proj.weight,layer_35,attention_v,solver_full_r3,solver_full,3,2621440,0.006599197356162328
model.layers.35.self_attn.v_proj.weight,layer_35,attention_v,solver_full_r4,solver_full,4,2621440,0.006338212419805211
model.layers.35.self_attn.v_proj.weight,layer_35,attention_v,solver_full_r5,solver_full,5,2621440,0.00586741982962277
model.layers.30.post_attention_layernorm.weight,layer_30,normalization,questioner_full_r1,questioner_full,1,2560,4.106777326771647e-06
model.layers.30.post_attention_layernorm.weight,layer_30,normalization,questioner_full_r2,questioner_full,2,2560,2.588243766442879e-05
model.layers.30.post_attention_layernorm.weight,layer_30,normalization,questioner_full_r3,questioner_full,3,2560,2.9839552036674e-06
model.layers.30.post_attention_layernorm.weight,layer_30,normalization,questioner_full_r4,questioner_full,4,2560,1.4667617997202642e-05
model.layers.30.post_attention_layernorm.weight,layer_30,normalization,questioner_full_r5,questioner_full,5,2560,2.058699907772341e-05
model.layers.30.post_attention_layernorm.weight,layer_30,normalization,solver_rank1_r1,solver_rank1,1,2560,1.611333053946633e-05
model.layers.30.post_attention_layernorm.weight,layer_30,normalization,solver_rank1_r2,solver_rank1,2,2560,2.8789722146352104e-06
model.layers.30.post_attention_layernorm.weight,layer_30,normalization,solver_rank1_r3,solver_rank1,3,2560,1.5402698271502298e-05
model.layers.30.post_attention_layernorm.weight,layer_30,normalization,solver_rank1_r4,solver_rank1,4,2560,4.664801312237539e-06
model.layers.30.post_attention_layernorm.weight,layer_30,normalization,solver_rank1_r5,solver_rank1,5,2560,1.6268683525205096e-05
model.layers.30.post_attention_layernorm.weight,layer_30,normalization,solver_full_r1,solver_full,1,2560,1.6184609341530642e-05
model.layers.30.post_attention_layernorm.weight,layer_30,normalization,solver_full_r2,solver_full,2,2560,3.0224021980232525e-06
model.layers.30.post_attention_layernorm.weight,layer_30,normalization,solver_full_r3,solver_full,3,2560,1.547725015972807e-05
model.layers.30.post_attention_layernorm.weight,layer_30,normalization,solver_full_r4,solver_full,4,2560,4.78510602389009e-06
model.layers.30.post_attention_layernorm.weight,layer_30,normalization,solver_full_r5,solver_full,5,2560,1.6549280875576758e-05
model.layers.14.self_attn.q_proj.weight,layer_14,attention_q,questioner_full_r1,questioner_full,1,10485760,0.009273781664125196
model.layers.14.self_attn.q_proj.weight,layer_14,attention_q,questioner_full_r2,questioner_full,2,10485760,0.049954317645587415
model.layers.14.self_attn.q_proj.weight,layer_14,attention_q,questioner_full_r3,questioner_full,3,10485760,0.05300539873936043
model.layers.14.self_attn.q_proj.weight,layer_14,attention_q,questioner_full_r4,questioner_full,4,10485760,0.05364706050346297
model.layers.14.self_attn.q_proj.weight,layer_14,attention_q,questioner_full_r5,questioner_full,5,10485760,0.055181781871865544
model.layers.14.self_attn.q_proj.weight,layer_14,attention_q,solver_rank1_r1,solver_rank1,1,10485760,0.013322577255649478
model.layers.14.self_attn.q_proj.weight,layer_14,attention_q,solver_rank1_r2,solver_rank1,2,10485760,0.014023034919998954
model.layers.14.self_attn.q_proj.weight,layer_14,attention_q,solver_rank1_r3,solver_rank1,3,10485760,0.012805468835013802
model.layers.14.self_attn.q_proj.weight,layer_14,attention_q,solver_rank1_r4,solver_rank1,4,10485760,0.01219809238409126
model.layers.14.self_attn.q_proj.weight,layer_14,attention_q,solver_rank1_r5,solver_rank1,5,10485760,0.012395928136593586
model.layers.14.self_attn.q_proj.weight,layer_14,attention_q,solver_full_r1,solver_full,1,10485760,0.014472467236082538
model.layers.14.self_attn.q_proj.weight,layer_14,attention_q,solver_full_r2,solver_full,2,10485760,0.015562492247178985
model.layers.14.self_attn.q_proj.weight,layer_14,attention_q,solver_full_r3,solver_full,3,10485760,0.01455039584736333
model.layers.14.self_attn.q_proj.weight,layer_14,attention_q,solver_full_r4,solver_full,4,10485760,0.01375666815006603
model.layers.14.self_attn.q_proj.weight,layer_14,attention_q,solver_full_r5,solver_full,5,10485760,0.01408761689684328
model.layers.25.input_layernorm.weight,layer_25,normalization,questioner_full_r1,questioner_full,1,2560,0.0
model.layers.25.input_layernorm.weight,layer_25,normalization,questioner_full_r2,questioner_full,2,2560,0.0
model.layers.25.input_layernorm.weight,layer_25,normalization,questioner_full_r3,questioner_full,3,2560,0.0
model.layers.25.input_layernorm.weight,layer_25,normalization,questioner_full_r4,questioner_full,4,2560,0.0
model.layers.25.input_layernorm.weight,layer_25,normalization,questioner_full_r5,questioner_full,5,2560,0.0
model.layers.25.input_layernorm.weight,layer_25,normalization,solver_rank1_r1,solver_rank1,1,2560,0.0
model.layers.25.input_layernorm.weight,layer_25,normalization,solver_rank1_r2,solver_rank1,2,2560,0.0
model.layers.25.input_layernorm.weight,layer_25,normalization,solver_rank1_r3,solver_rank1,3,2560,0.0
model.layers.25.input_layernorm.weight,layer_25,normalization,solver_rank1_r4,solver_rank1,4,2560,0.0
model.layers.25.input_layernorm.weight,layer_25,normalization,solver_rank1_r5,solver_rank1,5,2560,0.0
model.layers.25.input_layernorm.weight,layer_25,normalization,solver_full_r1,solver_full,1,2560,0.0
model.layers.25.input_layernorm.weight,layer_25,normalization,solver_full_r2,solver_full,2,2560,0.0
model.layers.25.input_layernorm.weight,layer_25,normalization,solver_full_r3,solver_full,3,2560,0.0
model.layers.25.input_layernorm.weight,layer_25,normalization,solver_full_r4,solver_full,4,2560,0.0
model.layers.25.input_layernorm.weight,layer_25,normalization,solver_full_r5,solver_full,5,2560,0.0
model.layers.33.mlp.up_proj.weight,layer_33,mlp_up,questioner_full_r1,questioner_full,1,24903680,0.009376493845598582
model.layers.33.mlp.up_proj.weight,layer_33,mlp_up,questioner_full_r2,questioner_full,2,24903680,0.08151767630773622
model.layers.33.mlp.up_proj.weight,layer_33,mlp_up,questioner_full_r3,questioner_full,3,24903680,0.0786784862163506
model.layers.33.mlp.up_proj.weight,layer_33,mlp_up,questioner_full_r4,questioner_full,4,24903680,0.08092404391332698
model.layers.33.mlp.up_proj.weight,layer_33,mlp_up,questioner_full_r5,questioner_full,5,24903680,0.08061014174997808
model.layers.33.mlp.up_proj.weight,layer_33,mlp_up,solver_rank1_r1,solver_rank1,1,24903680,0.013921831058544887
model.layers.33.mlp.up_proj.weight,layer_33,mlp_up,solver_rank1_r2,solver_rank1,2,24903680,0.014923747409006045
model.layers.33.mlp.up_proj.weight,layer_33,mlp_up,solver_rank1_r3,solver_rank1,3,24903680,0.014680209912923467
model.layers.33.mlp.up_proj.weight,layer_33,mlp_up,solver_rank1_r4,solver_rank1,4,24903680,0.014737262869018785
model.layers.33.mlp.up_proj.weight,layer_33,mlp_up,solver_rank1_r5,solver_rank1,5,24903680,0.013816143993686183
model.layers.33.mlp.up_proj.weight,layer_33,mlp_up,solver_full_r1,solver_full,1,24903680,0.015329605578551774
model.layers.33.mlp.up_proj.weight,layer_33,mlp_up,solver_full_r2,solver_full,2,24903680,0.016697141712667996
model.layers.33.mlp.up_proj.weight,layer_33,mlp_up,solver_full_r3,solver_full,3,24903680,0.01665107504726744
model.layers.33.mlp.up_proj.weight,layer_33,mlp_up,solver_full_r4,solver_full,4,24903680,0.01656309817281158
model.layers.33.mlp.up_proj.weight,layer_33,mlp_up,solver_full_r5,solver_full,5,24903680,0.015643467283282305
model.layers.13.self_attn.q_proj.weight,layer_13,attention_q,questioner_full_r1,questioner_full,1,10485760,0.008856945687214957
model.layers.13.self_attn.q_proj.weight,layer_13,attention_q,questioner_full_r2,questioner_full,2,10485760,0.049997008787634356
model.layers.13.self_attn.q_proj.weight,layer_13,attention_q,questioner_full_r3,questioner_full,3,10485760,0.05310536190456608
model.layers.13.self_attn.q_proj.weight,layer_13,attention_q,questioner_full_r4,questioner_full,4,10485760,0.05304371443780803
model.layers.13.self_attn.q_proj.weight,layer_13,attention_q,questioner_full_r5,questioner_full,5,10485760,0.0549116277001527
model.layers.13.self_attn.q_proj.weight,layer_13,attention_q,solver_rank1_r1,solver_rank1,1,10485760,0.011912137814528505
model.layers.13.self_attn.q_proj.weight,layer_13,attention_q,solver_rank1_r2,solver_rank1,2,10485760,0.012288270108246709
model.layers.13.self_attn.q_proj.weight,layer_13,attention_q,solver_rank1_r3,solver_rank1,3,10485760,0.011768560604570205
model.layers.13.self_attn.q_proj.weight,layer_13,attention_q,solver_rank1_r4,solver_rank1,4,10485760,0.011319874067580978
model.layers.13.self_attn.q_proj.weight,layer_13,attention_q,solver_rank1_r5,solver_rank1,5,10485760,0.012429278471044638
model.layers.13.self_attn.q_proj.weight,layer_13,attention_q,solver_full_r1,solver_full,1,10485760,0.013061009633267269
model.layers.13.self_attn.q_proj.weight,layer_13,attention_q,solver_full_r2,solver_full,2,10485760,0.013801862710770345
model.layers.13.self_attn.q_proj.weight,layer_13,attention_q,solver_full_r3,solver_full,3,10485760,0.013374843556217467
model.layers.13.self_attn.q_proj.weight,layer_13,attention_q,solver_full_r4,solver_full,4,10485760,0.012766273903101871
model.layers.13.self_attn.q_proj.weight,layer_13,attention_q,solver_full_r5,solver_full,5,10485760,0.013385599580407831
model.layers.22.self_attn.q_proj.weight,layer_22,attention_q,questioner_full_r1,questioner_full,1,10485760,0.009503967444996665
model.layers.22.self_attn.q_proj.weight,layer_22,attention_q,questioner_full_r2,questioner_full,2,10485760,0.056678265286783054
model.layers.22.self_attn.q_proj.weight,layer_22,attention_q,questioner_full_r3,questioner_full,3,10485760,0.05629619838212938
model.layers.22.self_attn.q_proj.weight,layer_22,attention_q,questioner_full_r4,questioner_full,4,10485760,0.05553354052283267
model.layers.22.self_attn.q_proj.weight,layer_22,attention_q,questioner_full_r5,questioner_full,5,10485760,0.05727512063005881
model.layers.22.self_attn.q_proj.weight,layer_22,attention_q,solver_rank1_r1,solver_rank1,1,10485760,0.01243364259991544
model.layers.22.self_attn.q_proj.weight,layer_22,attention_q,solver_rank1_r2,solver_rank1,2,10485760,0.013138080305200032
model.layers.22.self_attn.q_proj.weight,layer_22,attention_q,solver_rank1_r3,solver_rank1,3,10485760,0.012306664765877906
model.layers.22.self_attn.q_proj.weight,layer_22,attention_q,solver_rank1_r4,solver_rank1,4,10485760,0.012033726165085551
model.layers.22.self_attn.q_proj.weight,layer_22,attention_q,solver_rank1_r5,solver_rank1,5,10485760,0.01177485566227105
model.layers.22.self_attn.q_proj.weight,layer_22,attention_q,solver_full_r1,solver_full,1,10485760,0.013564810808175787
model.layers.22.self_attn.q_proj.weight,layer_22,attention_q,solver_full_r2,solver_full,2,10485760,0.014549544045995596
model.layers.22.self_attn.q_proj.weight,layer_22,attention_q,solver_full_r3,solver_full,3,10485760,0.013917606167705265
model.layers.22.self_attn.q_proj.weight,layer_22,attention_q,solver_full_r4,solver_full,4,10485760,0.013521907206177531
model.layers.22.self_attn.q_proj.weight,layer_22,attention_q,solver_full_r5,solver_full,5,10485760,0.013242061279997183
model.layers.21.mlp.down_proj.weight,layer_21,mlp_down,questioner_full_r1,questioner_full,1,24903680,0.013465774561206
model.layers.21.mlp.down_proj.weight,layer_21,mlp_down,questioner_full_r2,questioner_full,2,24903680,0.08378352403771523
model.layers.21.mlp.down_proj.weight,layer_21,mlp_down,questioner_full_r3,questioner_full,3,24903680,0.08295335016206622
model.layers.21.mlp.down_proj.weight,layer_21,mlp_down,questioner_full_r4,questioner_full,4,24903680,0.0800521403142539
model.layers.21.mlp.down_proj.weight,layer_21,mlp_down,questioner_full_r5,questioner_full,5,24903680,0.08177736940720111
model.layers.21.mlp.down_proj.weight,layer_21,mlp_down,solver_rank1_r1,solver_rank1,1,24903680,0.01845606929658469
model.layers.21.mlp.down_proj.weight,layer_21,mlp_down,solver_rank1_r2,solver_rank1,2,24903680,0.019402634127338034
model.layers.21.mlp.down_proj.weight,layer_21,mlp_down,solver_rank1_r3,solver_rank1,3,24903680,0.01882154583539678
model.layers.21.mlp.down_proj.weight,layer_21,mlp_down,solver_rank1_r4,solver_rank1,4,24903680,0.018666894069190802
model.layers.21.mlp.down_proj.weight,layer_21,mlp_down,solver_rank1_r5,solver_rank1,5,24903680,0.018138866933478194
model.layers.21.mlp.down_proj.weight,layer_21,mlp_down,solver_full_r1,solver_full,1,24903680,0.020269999706376215
model.layers.21.mlp.down_proj.weight,layer_21,mlp_down,solver_full_r2,solver_full,2,24903680,0.02181071449250237
model.layers.21.mlp.down_proj.weight,layer_21,mlp_down,solver_full_r3,solver_full,3,24903680,0.021439763617425514
model.layers.21.mlp.down_proj.weight,layer_21,mlp_down,solver_full_r4,solver_full,4,24903680,0.021281272032676674
model.layers.21.mlp.down_proj.weight,layer_21,mlp_down,solver_full_r5,solver_full,5,24903680,0.020682695949131396
model.layers.4.self_attn.v_proj.weight,layer_04,attention_v,questioner_full_r1,questioner_full,1,2621440,0.003915106732448112
model.layers.4.self_attn.v_proj.weight,layer_04,attention_v,questioner_full_r2,questioner_full,2,2621440,0.02027672306412976
model.layers.4.self_attn.v_proj.weight,layer_04,attention_v,questioner_full_r3,questioner_full,3,2621440,0.02173008320409774
model.layers.4.self_attn.v_proj.weight,layer_04,attention_v,questioner_full_r4,questioner_full,4,2621440,0.02392586153367255
model.layers.4.self_attn.v_proj.weight,layer_04,attention_v,questioner_full_r5,questioner_full,5,2621440,0.025584723242673305
model.layers.4.self_attn.v_proj.weight,layer_04,attention_v,solver_rank1_r1,solver_rank1,1,2621440,0.005382451919178067
model.layers.4.self_attn.v_proj.weight,layer_04,attention_v,solver_rank1_r2,solver_rank1,2,2621440,0.006584698720830608
model.layers.4.self_attn.v_proj.weight,layer_04,attention_v,solver_rank1_r3,solver_rank1,3,2621440,0.005824028069161443
model.layers.4.self_attn.v_proj.weight,layer_04,attention_v,solver_rank1_r4,solver_rank1,4,2621440,0.005250188717575071
model.layers.4.self_attn.v_proj.weight,layer_04,attention_v,solver_rank1_r5,solver_rank1,5,2621440,0.005659382947902505
model.layers.4.self_attn.v_proj.weight,layer_04,attention_v,solver_full_r1,solver_full,1,2621440,0.005968340590958894
model.layers.4.self_attn.v_proj.weight,layer_04,attention_v,solver_full_r2,solver_full,2,2621440,0.007140507274981454
model.layers.4.self_attn.v_proj.weight,layer_04,attention_v,solver_full_r3,solver_full,3,2621440,0.00645129561819425
model.layers.4.self_attn.v_proj.weight,layer_04,attention_v,solver_full_r4,solver_full,4,2621440,0.00580397750625169
model.layers.4.self_attn.v_proj.weight,layer_04,attention_v,solver_full_r5,solver_full,5,2621440,0.006398281586463917
model.layers.10.mlp.gate_proj.weight,layer_10,mlp_gate,questioner_full_r1,questioner_full,1,24903680,0.011730607905493235
model.layers.10.mlp.gate_proj.weight,layer_10,mlp_gate,questioner_full_r2,questioner_full,2,24903680,0.07509053581595368
model.layers.10.mlp.gate_proj.weight,layer_10,mlp_gate,questioner_full_r3,questioner_full,3,24903680,0.07762891099239169
model.layers.10.mlp.gate_proj.weight,layer_10,mlp_gate,questioner_full_r4,questioner_full,4,24903680,0.07752326388051546
model.layers.10.mlp.gate_proj.weight,layer_10,mlp_gate,questioner_full_r5,questioner_full,5,24903680,0.07970978351026956
model.layers.10.mlp.gate_proj.weight,layer_10,mlp_gate,solver_rank1_r1,solver_rank1,1,24903680,0.017214513484748024
model.layers.10.mlp.gate_proj.weight,layer_10,mlp_gate,solver_rank1_r2,solver_rank1,2,24903680,0.017811815163043202
model.layers.10.mlp.gate_proj.weight,layer_10,mlp_gate,solver_rank1_r3,solver_rank1,3,24903680,0.01715458245248818
model.layers.10.mlp.gate_proj.weight,layer_10,mlp_gate,solver_rank1_r4,solver_rank1,4,24903680,0.016282128776544967
model.layers.10.mlp.gate_proj.weight,layer_10,mlp_gate,solver_rank1_r5,solver_rank1,5,24903680,0.017841045635371557
model.layers.10.mlp.gate_proj.weight,layer_10,mlp_gate,solver_full_r1,solver_full,1,24903680,0.01868767018777453
model.layers.10.mlp.gate_proj.weight,layer_10,mlp_gate,solver_full_r2,solver_full,2,24903680,0.01977030384572248
model.layers.10.mlp.gate_proj.weight,layer_10,mlp_gate,solver_full_r3,solver_full,3,24903680,0.019320644355621967
model.layers.10.mlp.gate_proj.weight,layer_10,mlp_gate,solver_full_r4,solver_full,4,24903680,0.018331160639412977
model.layers.10.mlp.gate_proj.weight,layer_10,mlp_gate,solver_full_r5,solver_full,5,24903680,0.01914692682687038
model.layers.10.mlp.down_proj.weight,layer_10,mlp_down,questioner_full_r1,questioner_full,1,24903680,0.013462816995206852
model.layers.10.mlp.down_proj.weight,layer_10,mlp_down,questioner_full_r2,questioner_full,2,24903680,0.07826908383269766
model.layers.10.mlp.down_proj.weight,layer_10,mlp_down,questioner_full_r3,questioner_full,3,24903680,0.08225853671349606
model.layers.10.mlp.down_proj.weight,layer_10,mlp_down,questioner_full_r4,questioner_full,4,24903680,0.08149340964878596
model.layers.10.mlp.down_proj.weight,layer_10,mlp_down,questioner_full_r5,questioner_full,5,24903680,0.08392901748178554
model.layers.10.mlp.down_proj.weight,layer_10,mlp_down,solver_rank1_r1,solver_rank1,1,24903680,0.02080617696460259
model.layers.10.mlp.down_proj.weight,layer_10,mlp_down,solver_rank1_r2,solver_rank1,2,24903680,0.021242612256336866
model.layers.10.mlp.down_proj.weight,layer_10,mlp_down,solver_rank1_r3,solver_rank1,3,24903680,0.02059767682498458
model.layers.10.mlp.down_proj.weight,layer_10,mlp_down,solver_rank1_r4,solver_rank1,4,24903680,0.01851772186869983
model.layers.10.mlp.down_proj.weight,layer_10,mlp_down,solver_rank1_r5,solver_rank1,5,24903680,0.019560461276866534
model.layers.10.mlp.down_proj.weight,layer_10,mlp_down,solver_full_r1,solver_full,1,24903680,0.022401706590573545
model.layers.10.mlp.down_proj.weight,layer_10,mlp_down,solver_full_r2,solver_full,2,24903680,0.02351922893878774
model.layers.10.mlp.down_proj.weight,layer_10,mlp_down,solver_full_r3,solver_full,3,24903680,0.02306603612054468
model.layers.10.mlp.down_proj.weight,layer_10,mlp_down,solver_full_r4,solver_full,4,24903680,0.02080091157047783
model.layers.10.mlp.down_proj.weight,layer_10,mlp_down,solver_full_r5,solver_full,5,24903680,0.022132710048113808
model.layers.32.self_attn.q_proj.weight,layer_32,attention_q,questioner_full_r1,questioner_full,1,10485760,0.008057299522889099
model.layers.32.self_attn.q_proj.weight,layer_32,attention_q,questioner_full_r2,questioner_full,2,10485760,0.05625207378948946
model.layers.32.self_attn.q_proj.weight,layer_32,attention_q,questioner_full_r3,questioner_full,3,10485760,0.054526194792041384
model.layers.32.self_attn.q_proj.weight,layer_32,attention_q,questioner_full_r4,questioner_full,4,10485760,0.05636722948470307
model.layers.32.self_attn.q_proj.weight,layer_32,attention_q,questioner_full_r5,questioner_full,5,10485760,0.05784256659619043
model.layers.32.self_attn.q_proj.weight,layer_32,attention_q,solver_rank1_r1,solver_rank1,1,10485760,0.011153549549931583
model.layers.32.self_attn.q_proj.weight,layer_32,attention_q,solver_rank1_r2,solver_rank1,2,10485760,0.012409504505247783
model.layers.32.self_attn.q_proj.weight,layer_32,attention_q,solver_rank1_r3,solver_rank1,3,10485760,0.01135914346308894
model.layers.32.self_attn.q_proj.weight,layer_32,attention_q,solver_rank1_r4,solver_rank1,4,10485760,0.011601193821540201
model.layers.32.self_attn.q_proj.weight,layer_32,attention_q,solver_rank1_r5,solver_rank1,5,10485760,0.011127837187846866
model.layers.32.self_attn.q_proj.weight,layer_32,attention_q,solver_full_r1,solver_full,1,10485760,0.012283410048339806
model.layers.32.self_attn.q_proj.weight,layer_32,attention_q,solver_full_r2,solver_full,2,10485760,0.013740478787666438
model.layers.32.self_attn.q_proj.weight,layer_32,attention_q,solver_full_r3,solver_full,3,10485760,0.012837854212898884
model.layers.32.self_attn.q_proj.weight,layer_32,attention_q,solver_full_r4,solver_full,4,10485760,0.012956543977940719
model.layers.32.self_attn.q_proj.weight,layer_32,attention_q,solver_full_r5,solver_full,5,10485760,0.012713302755865363
model.layers.18.self_attn.k_norm.weight,layer_18,normalization,questioner_full_r1,questioner_full,1,128,9.392602731510261e-06
model.layers.18.self_attn.k_norm.weight,layer_18,normalization,questioner_full_r2,questioner_full,2,128,5.006563090670276e-05
model.layers.18.self_attn.k_norm.weight,layer_18,normalization,questioner_full_r3,questioner_full,3,128,5.035544884660372e-05
model.layers.18.self_attn.k_norm.weight,layer_18,normalization,questioner_full_r4,questioner_full,4,128,3.833723305176121e-05
model.layers.18.self_attn.k_norm.weight,layer_18,normalization,questioner_full_r5,questioner_full,5,128,4.933363783408189e-05
model.layers.18.self_attn.k_norm.weight,layer_18,normalization,solver_rank1_r1,solver_rank1,1,128,1.3787109656144105e-05
model.layers.18.self_attn.k_norm.weight,layer_18,normalization,solver_rank1_r2,solver_rank1,2,128,6.67572021484375e-06
model.layers.18.self_attn.k_norm.weight,layer_18,normalization,solver_rank1_r3,solver_rank1,3,128,7.688768146799611e-06
model.layers.18.self_attn.k_norm.weight,layer_18,normalization,solver_rank1_r4,solver_rank1,4,128,0.0
model.layers.18.self_attn.k_norm.weight,layer_18,normalization,solver_rank1_r5,solver_rank1,5,128,1.4273290202232137e-05
model.layers.18.self_attn.k_norm.weight,layer_18,normalization,solver_full_r1,solver_full,1,128,1.2651919518872833e-05
model.layers.18.self_attn.k_norm.weight,layer_18,normalization,solver_full_r2,solver_full,2,128,7.688768146799611e-06
model.layers.18.self_attn.k_norm.weight,layer_18,normalization,solver_full_r3,solver_full,3,128,7.688768146799611e-06
model.layers.18.self_attn.k_norm.weight,layer_18,normalization,solver_full_r4,solver_full,4,128,6.106495129998063e-06
model.layers.18.self_attn.k_norm.weight,layer_18,normalization,solver_full_r5,solver_full,5,128,1.3787109656144105e-05
model.layers.12.mlp.down_proj.weight,layer_12,mlp_down,questioner_full_r1,questioner_full,1,24903680,0.01375161754862241
model.layers.12.mlp.down_proj.weight,layer_12,mlp_down,questioner_full_r2,questioner_full,2,24903680,0.07718129391810626
model.layers.12.mlp.down_proj.weight,layer_12,mlp_down,questioner_full_r3,questioner_full,3,24903680,0.08137265145213475
model.layers.12.mlp.down_proj.weight,layer_12,mlp_down,questioner_full_r4,questioner_full,4,24903680,0.07971016214133808
model.layers.12.mlp.down_proj.weight,layer_12,mlp_down,questioner_full_r5,questioner_full,5,24903680,0.08249720900265703
model.layers.12.mlp.down_proj.weight,layer_12,mlp_down,solver_rank1_r1,solver_rank1,1,24903680,0.02132722372689098
model.layers.12.mlp.down_proj.weight,layer_12,mlp_down,solver_rank1_r2,solver_rank1,2,24903680,0.02149365672538152
model.layers.12.mlp.down_proj.weight,layer_12,mlp_down,solver_rank1_r3,solver_rank1,3,24903680,0.020320438519045983
model.layers.12.mlp.down_proj.weight,layer_12,mlp_down,solver_rank1_r4,solver_rank1,4,24903680,0.01888525861293858
model.layers.12.mlp.down_proj.weight,layer_12,mlp_down,solver_rank1_r5,solver_rank1,5,24903680,0.019261374434375048
model.layers.12.mlp.down_proj.weight,layer_12,mlp_down,solver_full_r1,solver_full,1,24903680,0.023035025452492922
model.layers.12.mlp.down_proj.weight,layer_12,mlp_down,solver_full_r2,solver_full,2,24903680,0.023907369017034774
model.layers.12.mlp.down_proj.weight,layer_12,mlp_down,solver_full_r3,solver_full,3,24903680,0.02290393224456158
model.layers.12.mlp.down_proj.weight,layer_12,mlp_down,solver_full_r4,solver_full,4,24903680,0.021302414216022317
model.layers.12.mlp.down_proj.weight,layer_12,mlp_down,solver_full_r5,solver_full,5,24903680,0.021986230636628547
model.layers.24.self_attn.v_proj.weight,layer_24,attention_v,questioner_full_r1,questioner_full,1,2621440,0.0042691980935029945
model.layers.24.self_attn.v_proj.weight,layer_24,attention_v,questioner_full_r2,questioner_full,2,2621440,0.027284650125925913
model.layers.24.self_attn.v_proj.weight,layer_24,attention_v,questioner_full_r3,questioner_full,3,2621440,0.027197072695744676
model.layers.24.self_attn.v_proj.weight,layer_24,attention_v,questioner_full_r4,questioner_full,4,2621440,0.026496403363239773
model.layers.24.self_attn.v_proj.weight,layer_24,attention_v,questioner_full_r5,questioner_full,5,2621440,0.027119879455396005
model.layers.24.self_attn.v_proj.weight,layer_24,attention_v,solver_rank1_r1,solver_rank1,1,2621440,0.005860336977252092
model.layers.24.self_attn.v_proj.weight,layer_24,attention_v,solver_rank1_r2,solver_rank1,2,2621440,0.006231232596841348
model.layers.24.self_attn.v_proj.weight,layer_24,attention_v,solver_rank1_r3,solver_rank1,3,2621440,0.006065461619882236
model.layers.24.self_attn.v_proj.weight,layer_24,attention_v,solver_rank1_r4,solver_rank1,4,2621440,0.005974179929115016
model.layers.24.self_attn.v_proj.weight,layer_24,attention_v,solver_rank1_r5,solver_rank1,5,2621440,0.0058513302621446
model.layers.24.self_attn.v_proj.weight,layer_24,attention_v,solver_full_r1,solver_full,1,2621440,0.006418654242056314
model.layers.24.self_attn.v_proj.weight,layer_24,attention_v,solver_full_r2,solver_full,2,2621440,0.006978539488632942
model.layers.24.self_attn.v_proj.weight,layer_24,attention_v,solver_full_r3,solver_full,3,2621440,0.006884923179198405
model.layers.24.self_attn.v_proj.weight,layer_24,attention_v,solver_full_r4,solver_full,4,2621440,0.006786967045977724
model.layers.24.self_attn.v_proj.weight,layer_24,attention_v,solver_full_r5,solver_full,5,2621440,0.006661138754091247
model.layers.34.mlp.up_proj.weight,layer_34,mlp_up,questioner_full_r1,questioner_full,1,24903680,0.009004568515773673
model.layers.34.mlp.up_proj.weight,layer_34,mlp_up,questioner_full_r2,questioner_full,2,24903680,0.08284191108930926
model.layers.34.mlp.up_proj.weight,layer_34,mlp_up,questioner_full_r3,questioner_full,3,24903680,0.07911212782148948
model.layers.34.mlp.up_proj.weight,layer_34,mlp_up,questioner_full_r4,questioner_full,4,24903680,0.08195450487369543
model.layers.34.mlp.up_proj.weight,layer_34,mlp_up,questioner_full_r5,questioner_full,5,24903680,0.08164215783027468
model.layers.34.mlp.up_proj.weight,layer_34,mlp_up,solver_rank1_r1,solver_rank1,1,24903680,0.014140882482929244
model.layers.34.mlp.up_proj.weight,layer_34,mlp_up,solver_rank1_r2,solver_rank1,2,24903680,0.01509791811498645
model.layers.34.mlp.up_proj.weight,layer_34,mlp_up,solver_rank1_r3,solver_rank1,3,24903680,0.014924963350822126
model.layers.34.mlp.up_proj.weight,layer_34,mlp_up,solver_rank1_r4,solver_rank1,4,24903680,0.014873162813800835
model.layers.34.mlp.up_proj.weight,layer_34,mlp_up,solver_rank1_r5,solver_rank1,5,24903680,0.014061218666184507
model.layers.34.mlp.up_proj.weight,layer_34,mlp_up,solver_full_r1,solver_full,1,24903680,0.01561203726294495
model.layers.34.mlp.up_proj.weight,layer_34,mlp_up,solver_full_r2,solver_full,2,24903680,0.016900066920135074
model.layers.34.mlp.up_proj.weight,layer_34,mlp_up,solver_full_r3,solver_full,3,24903680,0.016899997497299025
model.layers.34.mlp.up_proj.weight,layer_34,mlp_up,solver_full_r4,solver_full,4,24903680,0.01676465388253636
model.layers.34.mlp.up_proj.weight,layer_34,mlp_up,solver_full_r5,solver_full,5,24903680,0.01593191334172588
model.layers.24.input_layernorm.weight,layer_24,normalization,questioner_full_r1,questioner_full,1,2560,0.0
model.layers.24.input_layernorm.weight,layer_24,normalization,questioner_full_r2,questioner_full,2,2560,0.0
model.layers.24.input_layernorm.weight,layer_24,normalization,questioner_full_r3,questioner_full,3,2560,0.0
model.layers.24.input_layernorm.weight,layer_24,normalization,questioner_full_r4,questioner_full,4,2560,0.0
model.layers.24.input_layernorm.weight,layer_24,normalization,questioner_full_r5,questioner_full,5,2560,0.0
model.layers.24.input_layernorm.weight,layer_24,normalization,solver_rank1_r1,solver_rank1,1,2560,0.0
model.layers.24.input_layernorm.weight,layer_24,normalization,solver_rank1_r2,solver_rank1,2,2560,0.0
model.layers.24.input_layernorm.weight,layer_24,normalization,solver_rank1_r3,solver_rank1,3,2560,0.0
model.layers.24.input_layernorm.weight,layer_24,normalization,solver_rank1_r4,solver_rank1,4,2560,0.0
model.layers.24.input_layernorm.weight,layer_24,normalization,solver_rank1_r5,solver_rank1,5,2560,0.0
model.layers.24.input_layernorm.weight,layer_24,normalization,solver_full_r1,solver_full,1,2560,0.0
model.layers.24.input_layernorm.weight,layer_24,normalization,solver_full_r2,solver_full,2,2560,0.0
model.layers.24.input_layernorm.weight,layer_24,normalization,solver_full_r3,solver_full,3,2560,0.0
model.layers.24.input_layernorm.weight,layer_24,normalization,solver_full_r4,solver_full,4,2560,0.0
model.layers.24.input_layernorm.weight,layer_24,normalization,solver_full_r5,solver_full,5,2560,0.0
model.layers.13.self_attn.k_norm.weight,layer_13,normalization,questioner_full_r1,questioner_full,1,128,2.714309399930179e-05
model.layers.13.self_attn.k_norm.weight,layer_13,normalization,questioner_full_r2,questioner_full,2,128,3.7000228375561414e-05
model.layers.13.self_attn.k_norm.weight,layer_13,normalization,questioner_full_r3,questioner_full,3,128,6.260383409676272e-05
model.layers.13.self_attn.k_norm.weight,layer_13,normalization,questioner_full_r4,questioner_full,4,128,7.101032319532532e-05
model.layers.13.self_attn.k_norm.weight,layer_13,normalization,questioner_full_r5,questioner_full,5,128,6.990666925480991e-05
model.layers.13.self_attn.k_norm.weight,layer_13,normalization,solver_rank1_r1,solver_rank1,1,128,2.1508276396400777e-05
model.layers.13.self_attn.k_norm.weight,layer_13,normalization,solver_rank1_r2,solver_rank1,2,128,2.600511784605163e-05
model.layers.13.self_attn.k_norm.weight,layer_13,normalization,solver_rank1_r3,solver_rank1,3,128,2.993174108977283e-05
model.layers.13.self_attn.k_norm.weight,layer_13,normalization,solver_rank1_r4,solver_rank1,4,128,2.9165375545119358e-05
model.layers.13.self_attn.k_norm.weight,layer_13,normalization,solver_rank1_r5,solver_rank1,5,128,1.620939520245496e-05
model.layers.13.self_attn.k_norm.weight,layer_13,normalization,solver_full_r1,solver_full,1,128,2.6872640235148185e-05
model.layers.13.self_attn.k_norm.weight,layer_13,normalization,solver_full_r2,solver_full,2,128,2.899311087333729e-05
model.layers.13.self_attn.k_norm.weight,layer_13,normalization,solver_full_r3,solver_full,3,128,2.7340540756801803e-05
model.layers.13.self_attn.k_norm.weight,layer_13,normalization,solver_full_r4,solver_full,4,128,2.9625367292421468e-05
model.layers.13.self_attn.k_norm.weight,layer_13,normalization,solver_full_r5,solver_full,5,128,1.7113488972900825e-05
model.layers.29.self_attn.v_proj.weight,layer_29,attention_v,questioner_full_r1,questioner_full,1,2621440,0.004084806332837889
model.layers.29.self_attn.v_proj.weight,layer_29,attention_v,questioner_full_r2,questioner_full,2,2621440,0.028278939778622145
model.layers.29.self_attn.v_proj.weight,layer_29,attention_v,questioner_full_r3,questioner_full,3,2621440,0.027735606112909907
model.layers.29.self_attn.v_proj.weight,layer_29,attention_v,questioner_full_r4,questioner_full,4,2621440,0.027638870636109602
model.layers.29.self_attn.v_proj.weight,layer_29,attention_v,questioner_full_r5,questioner_full,5,2621440,0.027885066237378645
model.layers.29.self_attn.v_proj.weight,layer_29,attention_v,solver_rank1_r1,solver_rank1,1,2621440,0.005687244721841541
model.layers.29.self_attn.v_proj.weight,layer_29,attention_v,solver_rank1_r2,solver_rank1,2,2621440,0.0061265330001135584
model.layers.29.self_attn.v_proj.weight,layer_29,attention_v,solver_rank1_r3,solver_rank1,3,2621440,0.005755587814908941
model.layers.29.self_attn.v_proj.weight,layer_29,attention_v,solver_rank1_r4,solver_rank1,4,2621440,0.005898652386311072
model.layers.29.self_attn.v_proj.weight,layer_29,attention_v,solver_rank1_r5,solver_rank1,5,2621440,0.005762159646493955
model.layers.29.self_attn.v_proj.weight,layer_29,attention_v,solver_full_r1,solver_full,1,2621440,0.006239572023051249
model.layers.29.self_attn.v_proj.weight,layer_29,attention_v,solver_full_r2,solver_full,2,2621440,0.006869175623662591
model.layers.29.self_attn.v_proj.weight,layer_29,attention_v,solver_full_r3,solver_full,3,2621440,0.006503772239859002
model.layers.29.self_attn.v_proj.weight,layer_29,attention_v,solver_full_r4,solver_full,4,2621440,0.006686577210819298
model.layers.29.self_attn.v_proj.weight,layer_29,attention_v,solver_full_r5,solver_full,5,2621440,0.0065273766066923766
model.layers.2.self_attn.q_proj.weight,layer_02,attention_q,questioner_full_r1,questioner_full,1,10485760,0.007429511852147058
model.layers.2.self_attn.q_proj.weight,layer_02,attention_q,questioner_full_r2,questioner_full,2,10485760,0.0455821209117758
model.layers.2.self_attn.q_proj.weight,layer_02,attention_q,questioner_full_r3,questioner_full,3,10485760,0.04743669184563075
model.layers.2.self_attn.q_proj.weight,layer_02,attention_q,questioner_full_r4,questioner_full,4,10485760,0.05300144293297548
model.layers.2.self_attn.q_proj.weight,layer_02,attention_q,questioner_full_r5,questioner_full,5,10485760,0.05326470971517911
model.layers.2.self_attn.q_proj.weight,layer_02,attention_q,solver_rank1_r1,solver_rank1,1,10485760,0.010508252999524204
model.layers.2.self_attn.q_proj.weight,layer_02,attention_q,solver_rank1_r2,solver_rank1,2,10485760,0.011928320614867597
model.layers.2.self_attn.q_proj.weight,layer_02,attention_q,solver_rank1_r3,solver_rank1,3,10485760,0.010740214947011594
model.layers.2.self_attn.q_proj.weight,layer_02,attention_q,solver_rank1_r4,solver_rank1,4,10485760,0.010699633932147375
model.layers.2.self_attn.q_proj.weight,layer_02,attention_q,solver_rank1_r5,solver_rank1,5,10485760,0.012363834089199175
model.layers.2.self_attn.q_proj.weight,layer_02,attention_q,solver_full_r1,solver_full,1,10485760,0.01185455567159442
model.layers.2.self_attn.q_proj.weight,layer_02,attention_q,solver_full_r2,solver_full,2,10485760,0.013070002440268262
model.layers.2.self_attn.q_proj.weight,layer_02,attention_q,solver_full_r3,solver_full,3,10485760,0.011922065413663438
model.layers.2.self_attn.q_proj.weight,layer_02,attention_q,solver_full_r4,solver_full,4,10485760,0.011848459954573603
model.layers.2.self_attn.q_proj.weight,layer_02,attention_q,solver_full_r5,solver_full,5,10485760,0.013190095606746022
model.layers.34.self_attn.o_proj.weight,layer_34,attention_o,questioner_full_r1,questioner_full,1,10485760,0.0075102343027843585
model.layers.34.self_attn.o_proj.weight,layer_34,attention_o,questioner_full_r2,questioner_full,2,10485760,0.053641956910575175
model.layers.34.self_attn.o_proj.weight,layer_34,attention_o,questioner_full_r3,questioner_full,3,10485760,0.05145788406390094
model.layers.34.self_attn.o_proj.weight,layer_34,attention_o,questioner_full_r4,questioner_full,4,10485760,0.052802948193084565
model.layers.34.self_attn.o_proj.weight,layer_34,attention_o,questioner_full_r5,questioner_full,5,10485760,0.05309749791604343
model.layers.34.self_attn.o_proj.weight,layer_34,attention_o,solver_rank1_r1,solver_rank1,1,10485760,0.01068648003217032
model.layers.34.self_attn.o_proj.weight,layer_34,attention_o,solver_rank1_r2,solver_rank1,2,10485760,0.012265456683289011
model.layers.34.self_attn.o_proj.weight,layer_34,attention_o,solver_rank1_r3,solver_rank1,3,10485760,0.011177901815894061
model.layers.34.self_attn.o_proj.weight,layer_34,attention_o,solver_rank1_r4,solver_rank1,4,10485760,0.011416174713003255
model.layers.34.self_attn.o_proj.weight,layer_34,attention_o,solver_rank1_r5,solver_rank1,5,10485760,0.010621009314236181
model.layers.34.self_attn.o_proj.weight,layer_34,attention_o,solver_full_r1,solver_full,1,10485760,0.01167228005567722
model.layers.34.self_attn.o_proj.weight,layer_34,attention_o,solver_full_r2,solver_full,2,10485760,0.013527408039991744
model.layers.34.self_attn.o_proj.weight,layer_34,attention_o,solver_full_r3,solver_full,3,10485760,0.012549944102048894
model.layers.34.self_attn.o_proj.weight,layer_34,attention_o,solver_full_r4,solver_full,4,10485760,0.01280315571411345
model.layers.34.self_attn.o_proj.weight,layer_34,attention_o,solver_full_r5,solver_full,5,10485760,0.011924815040418627
model.layers.5.self_attn.o_proj.weight,layer_05,attention_o,questioner_full_r1,questioner_full,1,10485760,0.008171676440782078
model.layers.5.self_attn.o_proj.weight,layer_05,attention_o,questioner_full_r2,questioner_full,2,10485760,0.04752731713621738
model.layers.5.self_attn.o_proj.weight,layer_05,attention_o,questioner_full_r3,questioner_full,3,10485760,0.04960918630928759
model.layers.5.self_attn.o_proj.weight,layer_05,attention_o,questioner_full_r4,questioner_full,4,10485760,0.05179074876899733
model.layers.5.self_attn.o_proj.weight,layer_05,attention_o,questioner_full_r5,questioner_full,5,10485760,0.0545517538414547
model.layers.5.self_attn.o_proj.weight,layer_05,attention_o,solver_rank1_r1,solver_rank1,1,10485760,0.012050290935459545
model.layers.5.self_attn.o_proj.weight,layer_05,attention_o,solver_rank1_r2,solver_rank1,2,10485760,0.013283526034045288
model.layers.5.self_attn.o_proj.weight,layer_05,attention_o,solver_rank1_r3,solver_rank1,3,10485760,0.012737179166297284
model.layers.5.self_attn.o_proj.weight,layer_05,attention_o,solver_rank1_r4,solver_rank1,4,10485760,0.011329155386901317
model.layers.5.self_attn.o_proj.weight,layer_05,attention_o,solver_rank1_r5,solver_rank1,5,10485760,0.01199644132442623
model.layers.5.self_attn.o_proj.weight,layer_05,attention_o,solver_full_r1,solver_full,1,10485760,0.012984295465718568
model.layers.5.self_attn.o_proj.weight,layer_05,attention_o,solver_full_r2,solver_full,2,10485760,0.014571709807416578
model.layers.5.self_attn.o_proj.weight,layer_05,attention_o,solver_full_r3,solver_full,3,10485760,0.014118885983469645
model.layers.5.self_attn.o_proj.weight,layer_05,attention_o,solver_full_r4,solver_full,4,10485760,0.012684247183342712
model.layers.5.self_attn.o_proj.weight,layer_05,attention_o,solver_full_r5,solver_full,5,10485760,0.013573527813008008
model.layers.29.mlp.down_proj.weight,layer_29,mlp_down,questioner_full_r1,questioner_full,1,24903680,0.010953160657786638
model.layers.29.mlp.down_proj.weight,layer_29,mlp_down,questioner_full_r2,questioner_full,2,24903680,0.08362629570935028
model.layers.29.mlp.down_proj.weight,layer_29,mlp_down,questioner_full_r3,questioner_full,3,24903680,0.0808068399573119
model.layers.29.mlp.down_proj.weight,layer_29,mlp_down,questioner_full_r4,questioner_full,4,24903680,0.07904978008957889
model.layers.29.mlp.down_proj.weight,layer_29,mlp_down,questioner_full_r5,questioner_full,5,24903680,0.0805718874105407
model.layers.29.mlp.down_proj.weight,layer_29,mlp_down,solver_rank1_r1,solver_rank1,1,24903680,0.015582663046106917
model.layers.29.mlp.down_proj.weight,layer_29,mlp_down,solver_rank1_r2,solver_rank1,2,24903680,0.016813815371873358
model.layers.29.mlp.down_proj.weight,layer_29,mlp_down,solver_rank1_r3,solver_rank1,3,24903680,0.016249479971723647
model.layers.29.mlp.down_proj.weight,layer_29,mlp_down,solver_rank1_r4,solver_rank1,4,24903680,0.016444619814783446
model.layers.29.mlp.down_proj.weight,layer_29,mlp_down,solver_rank1_r5,solver_rank1,5,24903680,0.015409849287082649
model.layers.29.mlp.down_proj.weight,layer_29,mlp_down,solver_full_r1,solver_full,1,24903680,0.017092252592424723
model.layers.29.mlp.down_proj.weight,layer_29,mlp_down,solver_full_r2,solver_full,2,24903680,0.01875064292860792
model.layers.29.mlp.down_proj.weight,layer_29,mlp_down,solver_full_r3,solver_full,3,24903680,0.01841506281605971
model.layers.29.mlp.down_proj.weight,layer_29,mlp_down,solver_full_r4,solver_full,4,24903680,0.018507662771425123
model.layers.29.mlp.down_proj.weight,layer_29,mlp_down,solver_full_r5,solver_full,5,24903680,0.017525493890169008
model.layers.25.self_attn.k_proj.weight,layer_25,attention_k,questioner_full_r1,questioner_full,1,2621440,0.004468095109826528
model.layers.25.self_attn.k_proj.weight,layer_25,attention_k,questioner_full_r2,questioner_full,2,2621440,0.029310528484353837
model.layers.25.self_attn.k_proj.weight,layer_25,attention_k,questioner_full_r3,questioner_full,3,2621440,0.02896416511081455
model.layers.25.self_attn.k_proj.weight,layer_25,attention_k,questioner_full_r4,questioner_full,4,2621440,0.027412246535837664
model.layers.25.self_attn.k_proj.weight,layer_25,attention_k,questioner_full_r5,questioner_full,5,2621440,0.028462041202839714
model.layers.25.self_attn.k_proj.weight,layer_25,attention_k,solver_rank1_r1,solver_rank1,1,2621440,0.006146777507995108
model.layers.25.self_attn.k_proj.weight,layer_25,attention_k,solver_rank1_r2,solver_rank1,2,2621440,0.006578963520069767
model.layers.25.self_attn.k_proj.weight,layer_25,attention_k,solver_rank1_r3,solver_rank1,3,2621440,0.0074317912034287635
model.layers.25.self_attn.k_proj.weight,layer_25,attention_k,solver_rank1_r4,solver_rank1,4,2621440,0.006543046824946674
model.layers.25.self_attn.k_proj.weight,layer_25,attention_k,solver_rank1_r5,solver_rank1,5,2621440,0.007307193010933539
model.layers.25.self_attn.k_proj.weight,layer_25,attention_k,solver_full_r1,solver_full,1,2621440,0.00674577171210229
model.layers.25.self_attn.k_proj.weight,layer_25,attention_k,solver_full_r2,solver_full,2,2621440,0.007486830652986609
model.layers.25.self_attn.k_proj.weight,layer_25,attention_k,solver_full_r3,solver_full,3,2621440,0.00808822089536602
model.layers.25.self_attn.k_proj.weight,layer_25,attention_k,solver_full_r4,solver_full,4,2621440,0.007525830578596254
model.layers.25.self_attn.k_proj.weight,layer_25,attention_k,solver_full_r5,solver_full,5,2621440,0.007960466162113619
model.layers.21.self_attn.k_norm.weight,layer_21,normalization,questioner_full_r1,questioner_full,1,128,8.211607980391753e-06
model.layers.21.self_attn.k_norm.weight,layer_21,normalization,questioner_full_r2,questioner_full,2,128,6.371265359163768e-05
model.layers.21.self_attn.k_norm.weight,layer_21,normalization,questioner_full_r3,questioner_full,3,128,1.8929894677428444e-05
model.layers.21.self_attn.k_norm.weight,layer_21,normalization,questioner_full_r4,questioner_full,4,128,3.669168205873611e-05
model.layers.21.self_attn.k_norm.weight,layer_21,normalization,questioner_full_r5,questioner_full,5,128,3.651464408698396e-05
model.layers.21.self_attn.k_norm.weight,layer_21,normalization,solver_rank1_r1,solver_rank1,1,128,6.893812506974229e-06
model.layers.21.self_attn.k_norm.weight,layer_21,normalization,solver_rank1_r2,solver_rank1,2,128,2.1799680747879998e-05
model.layers.21.self_attn.k_norm.weight,layer_21,normalization,solver_rank1_r3,solver_rank1,3,128,1.610384698442336e-05
model.layers.21.self_attn.k_norm.weight,layer_21,normalization,solver_rank1_r4,solver_rank1,4,128,5.766576110099708e-06
model.layers.21.self_attn.k_norm.weight,layer_21,normalization,solver_rank1_r5,solver_rank1,5,128,1.4633274123118948e-05
model.layers.21.self_attn.k_norm.weight,layer_21,normalization,solver_full_r1,solver_full,1,128,6.668265471909998e-06
model.layers.21.self_attn.k_norm.weight,layer_21,normalization,solver_full_r2,solver_full,2,128,2.1454443291287512e-05
model.layers.21.self_attn.k_norm.weight,layer_21,normalization,solver_full_r3,solver_full,3,128,1.6054353676483485e-05
model.layers.21.self_attn.k_norm.weight,layer_21,normalization,solver_full_r4,solver_full,4,128,6.336060650786548e-06
model.layers.21.self_attn.k_norm.weight,layer_21,normalization,solver_full_r5,solver_full,5,128,1.4759342530388389e-05
model.layers.14.self_attn.q_norm.weight,layer_14,normalization,questioner_full_r1,questioner_full,1,128,0.0
model.layers.14.self_attn.q_norm.weight,layer_14,normalization,questioner_full_r2,questioner_full,2,128,0.0
model.layers.14.self_attn.q_norm.weight,layer_14,normalization,questioner_full_r3,questioner_full,3,128,0.0
model.layers.14.self_attn.q_norm.weight,layer_14,normalization,questioner_full_r4,questioner_full,4,128,1.52587890625e-05
model.layers.14.self_attn.q_norm.weight,layer_14,normalization,questioner_full_r5,questioner_full,5,128,1.52587890625e-05
model.layers.14.self_attn.q_norm.weight,layer_14,normalization,solver_rank1_r1,solver_rank1,1,128,0.0
model.layers.14.self_attn.q_norm.weight,layer_14,normalization,solver_rank1_r2,solver_rank1,2,128,1.52587890625e-05
model.layers.14.self_attn.q_norm.weight,layer_14,normalization,solver_rank1_r3,solver_rank1,3,128,0.0
model.layers.14.self_attn.q_norm.weight,layer_14,normalization,solver_rank1_r4,solver_rank1,4,128,0.0
model.layers.14.self_attn.q_norm.weight,layer_14,normalization,solver_rank1_r5,solver_rank1,5,128,0.0
model.layers.14.self_attn.q_norm.weight,layer_14,normalization,solver_full_r1,solver_full,1,128,0.0
model.layers.14.self_attn.q_norm.weight,layer_14,normalization,solver_full_r2,solver_full,2,128,1.52587890625e-05
model.layers.14.self_attn.q_norm.weight,layer_14,normalization,solver_full_r3,solver_full,3,128,0.0
model.layers.14.self_attn.q_norm.weight,layer_14,normalization,solver_full_r4,solver_full,4,128,0.0
model.layers.14.self_attn.q_norm.weight,layer_14,normalization,solver_full_r5,solver_full,5,128,0.0
model.layers.18.self_attn.v_proj.weight,layer_18,attention_v,questioner_full_r1,questioner_full,1,2621440,0.005009687448265396
model.layers.18.self_attn.v_proj.weight,layer_18,attention_v,questioner_full_r2,questioner_full,2,2621440,0.025031188885147458
model.layers.18.self_attn.v_proj.weight,layer_18,attention_v,questioner_full_r3,questioner_full,3,2621440,0.02560328469265766
model.layers.18.self_attn.v_proj.weight,layer_18,attention_v,questioner_full_r4,questioner_full,4,2621440,0.025086566164623438
model.layers.18.self_attn.v_proj.weight,layer_18,attention_v,questioner_full_r5,questioner_full,5,2621440,0.02522797164714819
model.layers.18.self_attn.v_proj.weight,layer_18,attention_v,solver_rank1_r1,solver_rank1,1,2621440,0.006910695435320098
model.layers.18.self_attn.v_proj.weight,layer_18,attention_v,solver_rank1_r2,solver_rank1,2,2621440,0.007382684548375537
model.layers.18.self_attn.v_proj.weight,layer_18,attention_v,solver_rank1_r3,solver_rank1,3,2621440,0.0076163371526369586
model.layers.18.self_attn.v_proj.weight,layer_18,attention_v,solver_rank1_r4,solver_rank1,4,2621440,0.007104205605762656
model.layers.18.self_attn.v_proj.weight,layer_18,attention_v,solver_rank1_r5,solver_rank1,5,2621440,0.007151634919764423
model.layers.18.self_attn.v_proj.weight,layer_18,attention_v,solver_full_r1,solver_full,1,2621440,0.0075881537166450986
model.layers.18.self_attn.v_proj.weight,layer_18,attention_v,solver_full_r2,solver_full,2,2621440,0.008349588513348266
model.layers.18.self_attn.v_proj.weight,layer_18,attention_v,solver_full_r3,solver_full,3,2621440,0.00824913168090634
model.layers.18.self_attn.v_proj.weight,layer_18,attention_v,solver_full_r4,solver_full,4,2621440,0.007751423718782652
model.layers.18.self_attn.v_proj.weight,layer_18,attention_v,solver_full_r5,solver_full,5,2621440,0.007763150982281695
model.layers.2.input_layernorm.weight,layer_02,normalization,questioner_full_r1,questioner_full,1,2560,2.3235841784946754e-05
model.layers.2.input_layernorm.weight,layer_02,normalization,questioner_full_r2,questioner_full,2,2560,7.818378425641237e-05
model.layers.2.input_layernorm.weight,layer_02,normalization,questioner_full_r3,questioner_full,3,2560,8.865214642702356e-05
model.layers.2.input_layernorm.weight,layer_02,normalization,questioner_full_r4,questioner_full,4,2560,0.00011816617444363816
model.layers.2.input_layernorm.weight,layer_02,normalization,questioner_full_r5,questioner_full,5,2560,0.00010599643317765865
model.layers.2.input_layernorm.weight,layer_02,normalization,solver_rank1_r1,solver_rank1,1,2560,3.597072719299999e-05
model.layers.2.input_layernorm.weight,layer_02,normalization,solver_rank1_r2,solver_rank1,2,2560,3.5990450454362334e-05
model.layers.2.input_layernorm.weight,layer_02,normalization,solver_rank1_r3,solver_rank1,3,2560,2.5904249079220494e-05
model.layers.2.input_layernorm.weight,layer_02,normalization,solver_rank1_r4,solver_rank1,4,2560,3.345023936235174e-05
model.layers.2.input_layernorm.weight,layer_02,normalization,solver_rank1_r5,solver_rank1,5,2560,3.4635277065457765e-05
model.layers.2.input_layernorm.weight,layer_02,normalization,solver_full_r1,solver_full,1,2560,3.628597669456719e-05
model.layers.2.input_layernorm.weight,layer_02,normalization,solver_full_r2,solver_full,2,2560,3.8903804276768635e-05
model.layers.2.input_layernorm.weight,layer_02,normalization,solver_full_r3,solver_full,3,2560,2.5641707583972054e-05
model.layers.2.input_layernorm.weight,layer_02,normalization,solver_full_r4,solver_full,4,2560,3.487725247655419e-05
model.layers.2.input_layernorm.weight,layer_02,normalization,solver_full_r5,solver_full,5,2560,3.664021009847319e-05
model.layers.32.mlp.down_proj.weight,layer_32,mlp_down,questioner_full_r1,questioner_full,1,24903680,0.010593228646847783
model.layers.32.mlp.down_proj.weight,layer_32,mlp_down,questioner_full_r2,questioner_full,2,24903680,0.08244605238741859
model.layers.32.mlp.down_proj.weight,layer_32,mlp_down,questioner_full_r3,questioner_full,3,24903680,0.08001843866594298
model.layers.32.mlp.down_proj.weight,layer_32,mlp_down,questioner_full_r4,questioner_full,4,24903680,0.08031355719060274
model.layers.32.mlp.down_proj.weight,layer_32,mlp_down,questioner_full_r5,questioner_full,5,24903680,0.08037769145807858
model.layers.32.mlp.down_proj.weight,layer_32,mlp_down,solver_rank1_r1,solver_rank1,1,24903680,0.015014282203681511
model.layers.32.mlp.down_proj.weight,layer_32,mlp_down,solver_rank1_r2,solver_rank1,2,24903680,0.016282934120468804
model.layers.32.mlp.down_proj.weight,layer_32,mlp_down,solver_rank1_r3,solver_rank1,3,24903680,0.015719435694551982
model.layers.32.mlp.down_proj.weight,layer_32,mlp_down,solver_rank1_r4,solver_rank1,4,24903680,0.015755561172645465
model.layers.32.mlp.down_proj.weight,layer_32,mlp_down,solver_rank1_r5,solver_rank1,5,24903680,0.014810499092052011
model.layers.32.mlp.down_proj.weight,layer_32,mlp_down,solver_full_r1,solver_full,1,24903680,0.016472570895215415
model.layers.32.mlp.down_proj.weight,layer_32,mlp_down,solver_full_r2,solver_full,2,24903680,0.01815011500308498
model.layers.32.mlp.down_proj.weight,layer_32,mlp_down,solver_full_r3,solver_full,3,24903680,0.01781931893033601
model.layers.32.mlp.down_proj.weight,layer_32,mlp_down,solver_full_r4,solver_full,4,24903680,0.017660697885769537
model.layers.32.mlp.down_proj.weight,layer_32,mlp_down,solver_full_r5,solver_full,5,24903680,0.01670930116973673
model.layers.18.mlp.down_proj.weight,layer_18,mlp_down,questioner_full_r1,questioner_full,1,24903680,0.014620590042314611
model.layers.18.mlp.down_proj.weight,layer_18,mlp_down,questioner_full_r2,questioner_full,2,24903680,0.08257523221298951
model.layers.18.mlp.down_proj.weight,layer_18,mlp_down,questioner_full_r3,questioner_full,3,24903680,0.0833444326180565
model.layers.18.mlp.down_proj.weight,layer_18,mlp_down,questioner_full_r4,questioner_full,4,24903680,0.08029774849931587
model.layers.18.mlp.down_proj.weight,layer_18,mlp_down,questioner_full_r5,questioner_full,5,24903680,0.08242912083811937
model.layers.18.mlp.down_proj.weight,layer_18,mlp_down,solver_rank1_r1,solver_rank1,1,24903680,0.01973900714067678
model.layers.18.mlp.down_proj.weight,layer_18,mlp_down,solver_rank1_r2,solver_rank1,2,24903680,0.021248350911531624
model.layers.18.mlp.down_proj.weight,layer_18,mlp_down,solver_rank1_r3,solver_rank1,3,24903680,0.02039300503135553
model.layers.18.mlp.down_proj.weight,layer_18,mlp_down,solver_rank1_r4,solver_rank1,4,24903680,0.019840985218901673
model.layers.18.mlp.down_proj.weight,layer_18,mlp_down,solver_rank1_r5,solver_rank1,5,24903680,0.019485370053713914
model.layers.18.mlp.down_proj.weight,layer_18,mlp_down,solver_full_r1,solver_full,1,24903680,0.021674095574520512
model.layers.18.mlp.down_proj.weight,layer_18,mlp_down,solver_full_r2,solver_full,2,24903680,0.02389512955629017
model.layers.18.mlp.down_proj.weight,layer_18,mlp_down,solver_full_r3,solver_full,3,24903680,0.023326069814289776
model.layers.18.mlp.down_proj.weight,layer_18,mlp_down,solver_full_r4,solver_full,4,24903680,0.022740279390709734
model.layers.18.mlp.down_proj.weight,layer_18,mlp_down,solver_full_r5,solver_full,5,24903680,0.022346506873954144
model.layers.7.mlp.down_proj.weight,layer_07,mlp_down,questioner_full_r1,questioner_full,1,24903680,0.012661235804555597
model.layers.7.mlp.down_proj.weight,layer_07,mlp_down,questioner_full_r2,questioner_full,2,24903680,0.07655547468679258
model.layers.7.mlp.down_proj.weight,layer_07,mlp_down,questioner_full_r3,questioner_full,3,24903680,0.08019292473588
model.layers.7.mlp.down_proj.weight,layer_07,mlp_down,questioner_full_r4,questioner_full,4,24903680,0.08182688008989263
model.layers.7.mlp.down_proj.weight,layer_07,mlp_down,questioner_full_r5,questioner_full,5,24903680,0.08438802347125575
model.layers.7.mlp.down_proj.weight,layer_07,mlp_down,solver_rank1_r1,solver_rank1,1,24903680,0.018864072883780756
model.layers.7.mlp.down_proj.weight,layer_07,mlp_down,solver_rank1_r2,solver_rank1,2,24903680,0.019797060298264623
model.layers.7.mlp.down_proj.weight,layer_07,mlp_down,solver_rank1_r3,solver_rank1,3,24903680,0.019870978117166597
model.layers.7.mlp.down_proj.weight,layer_07,mlp_down,solver_rank1_r4,solver_rank1,4,24903680,0.01762957468075627
model.layers.7.mlp.down_proj.weight,layer_07,mlp_down,solver_rank1_r5,solver_rank1,5,24903680,0.020152769133331312
model.layers.7.mlp.down_proj.weight,layer_07,mlp_down,solver_full_r1,solver_full,1,24903680,0.020317763772405843
model.layers.7.mlp.down_proj.weight,layer_07,mlp_down,solver_full_r2,solver_full,2,24903680,0.02178965278300752
model.layers.7.mlp.down_proj.weight,layer_07,mlp_down,solver_full_r3,solver_full,3,24903680,0.02211558408824123
model.layers.7.mlp.down_proj.weight,layer_07,mlp_down,solver_full_r4,solver_full,4,24903680,0.019802014105561754
model.layers.7.mlp.down_proj.weight,layer_07,mlp_down,solver_full_r5,solver_full,5,24903680,0.02150721435699489
model.layers.33.input_layernorm.weight,layer_33,normalization,questioner_full_r1,questioner_full,1,2560,0.0
model.layers.33.input_layernorm.weight,layer_33,normalization,questioner_full_r2,questioner_full,2,2560,0.0
model.layers.33.input_layernorm.weight,layer_33,normalization,questioner_full_r3,questioner_full,3,2560,0.0
model.layers.33.input_layernorm.weight,layer_33,normalization,questioner_full_r4,questioner_full,4,2560,0.0
model.layers.33.input_layernorm.weight,layer_33,normalization,questioner_full_r5,questioner_full,5,2560,0.0
model.layers.33.input_layernorm.weight,layer_33,normalization,solver_rank1_r1,solver_rank1,1,2560,0.0
model.layers.33.input_layernorm.weight,layer_33,normalization,solver_rank1_r2,solver_rank1,2,2560,0.0
model.layers.33.input_layernorm.weight,layer_33,normalization,solver_rank1_r3,solver_rank1,3,2560,0.0
model.layers.33.input_layernorm.weight,layer_33,normalization,solver_rank1_r4,solver_rank1,4,2560,0.0
model.layers.33.input_layernorm.weight,layer_33,normalization,solver_rank1_r5,solver_rank1,5,2560,0.0
model.layers.33.input_layernorm.weight,layer_33,normalization,solver_full_r1,solver_full,1,2560,0.0
model.layers.33.input_layernorm.weight,layer_33,normalization,solver_full_r2,solver_full,2,2560,0.0
model.layers.33.input_layernorm.weight,layer_33,normalization,solver_full_r3,solver_full,3,2560,0.0
model.layers.33.input_layernorm.weight,layer_33,normalization,solver_full_r4,solver_full,4,2560,0.0
model.layers.33.input_layernorm.weight,layer_33,normalization,solver_full_r5,solver_full,5,2560,0.0
model.layers.21.post_attention_layernorm.weight,layer_21,normalization,questioner_full_r1,questioner_full,1,2560,1.3624657357848324e-05
model.layers.21.post_attention_layernorm.weight,layer_21,normalization,questioner_full_r2,questioner_full,2,2560,2.7008078220202308e-05
model.layers.21.post_attention_layernorm.weight,layer_21,normalization,questioner_full_r3,questioner_full,3,2560,2.9957664470763254e-05
model.layers.21.post_attention_layernorm.weight,layer_21,normalization,questioner_full_r4,questioner_full,4,2560,2.2776462661670033e-05
model.layers.21.post_attention_layernorm.weight,layer_21,normalization,questioner_full_r5,questioner_full,5,2560,3.215580818348083e-05
model.layers.21.post_attention_layernorm.weight,layer_21,normalization,solver_rank1_r1,solver_rank1,1,2560,8.837199727973098e-06
model.layers.21.post_attention_layernorm.weight,layer_21,normalization,solver_rank1_r2,solver_rank1,2,2560,2.283418078702278e-05
model.layers.21.post_attention_layernorm.weight,layer_21,normalization,solver_rank1_r3,solver_rank1,3,2560,4.095949483296353e-06
model.layers.21.post_attention_layernorm.weight,layer_21,normalization,solver_rank1_r4,solver_rank1,4,2560,1.2116832976388446e-05
model.layers.21.post_attention_layernorm.weight,layer_21,normalization,solver_rank1_r5,solver_rank1,5,2560,8.219621528656538e-06
model.layers.21.post_attention_layernorm.weight,layer_21,normalization,solver_full_r1,solver_full,1,2560,8.864988718352179e-06
model.layers.21.post_attention_layernorm.weight,layer_21,normalization,solver_full_r2,solver_full,2,2560,2.3428871653220336e-05
model.layers.21.post_attention_layernorm.weight,layer_21,normalization,solver_full_r3,solver_full,3,2560,5.2455473920564174e-06
model.layers.21.post_attention_layernorm.weight,layer_21,normalization,solver_full_r4,solver_full,4,2560,1.2317015372668766e-05
model.layers.21.post_attention_layernorm.weight,layer_21,normalization,solver_full_r5,solver_full,5,2560,8.24163544871961e-06
model.layers.26.self_attn.o_proj.weight,layer_26,attention_o,questioner_full_r1,questioner_full,1,10485760,0.007818645214337014
model.layers.26.self_attn.o_proj.weight,layer_26,attention_o,questioner_full_r2,questioner_full,2,10485760,0.05621083739993671
model.layers.26.self_attn.o_proj.weight,layer_26,attention_o,questioner_full_r3,questioner_full,3,10485760,0.05486591115353989
model.layers.26.self_attn.o_proj.weight,layer_26,attention_o,questioner_full_r4,questioner_full,4,10485760,0.053713010076069094
model.layers.26.self_attn.o_proj.weight,layer_26,attention_o,questioner_full_r5,questioner_full,5,10485760,0.054656397887213395
model.layers.26.self_attn.o_proj.weight,layer_26,attention_o,solver_rank1_r1,solver_rank1,1,10485760,0.010959147628955442
model.layers.26.self_attn.o_proj.weight,layer_26,attention_o,solver_rank1_r2,solver_rank1,2,10485760,0.011485312373648734
model.layers.26.self_attn.o_proj.weight,layer_26,attention_o,solver_rank1_r3,solver_rank1,3,10485760,0.011354678779760636
model.layers.26.self_attn.o_proj.weight,layer_26,attention_o,solver_rank1_r4,solver_rank1,4,10485760,0.011844323909746688
model.layers.26.self_attn.o_proj.weight,layer_26,attention_o,solver_rank1_r5,solver_rank1,5,10485760,0.011296264608983617
model.layers.26.self_attn.o_proj.weight,layer_26,attention_o,solver_full_r1,solver_full,1,10485760,0.012160044014375117
model.layers.26.self_attn.o_proj.weight,layer_26,attention_o,solver_full_r2,solver_full,2,10485760,0.013012843395790884
model.layers.26.self_attn.o_proj.weight,layer_26,attention_o,solver_full_r3,solver_full,3,10485760,0.013005855316724395
model.layers.26.self_attn.o_proj.weight,layer_26,attention_o,solver_full_r4,solver_full,4,10485760,0.01359731265668965
model.layers.26.self_attn.o_proj.weight,layer_26,attention_o,solver_full_r5,solver_full,5,10485760,0.012999990481989502
model.layers.14.self_attn.k_norm.weight,layer_14,normalization,questioner_full_r1,questioner_full,1,128,5.7220458984375e-06
model.layers.14.self_attn.k_norm.weight,layer_14,normalization,questioner_full_r2,questioner_full,2,128,4.264961199760036e-06
model.layers.14.self_attn.k_norm.weight,layer_14,normalization,questioner_full_r3,questioner_full,3,128,1.375408659158321e-05
model.layers.14.self_attn.k_norm.weight,layer_14,normalization,questioner_full_r4,questioner_full,4,128,3.618939583017402e-05
model.layers.14.self_attn.k_norm.weight,layer_14,normalization,questioner_full_r5,questioner_full,5,128,2.3592599633890115e-05
model.layers.14.self_attn.k_norm.weight,layer_14,normalization,solver_rank1_r1,solver_rank1,1,128,5.3947966093944364e-06
model.layers.14.self_attn.k_norm.weight,layer_14,normalization,solver_rank1_r2,solver_rank1,2,128,1.2212990259996125e-05
model.layers.14.self_attn.k_norm.weight,layer_14,normalization,solver_rank1_r3,solver_rank1,3,128,1.1444091796875e-05
model.layers.14.self_attn.k_norm.weight,layer_14,normalization,solver_rank1_r4,solver_rank1,4,128,1.3885707644043957e-05
model.layers.14.self_attn.k_norm.weight,layer_14,normalization,solver_rank1_r5,solver_rank1,5,128,5.3947966093944364e-06
model.layers.14.self_attn.k_norm.weight,layer_14,normalization,solver_full_r1,solver_full,1,128,5.3947966093944364e-06
model.layers.14.self_attn.k_norm.weight,layer_14,normalization,solver_full_r2,solver_full,2,128,1.2794883599280108e-05
model.layers.14.self_attn.k_norm.weight,layer_14,normalization,solver_full_r3,solver_full,3,128,1.1444091796875e-05
model.layers.14.self_attn.k_norm.weight,layer_14,normalization,solver_full_r4,solver_full,4,128,1.52587890625e-05
model.layers.14.self_attn.k_norm.weight,layer_14,normalization,solver_full_r5,solver_full,5,128,4.264961199760036e-06
model.layers.28.self_attn.k_proj.weight,layer_28,attention_k,questioner_full_r1,questioner_full,1,2621440,0.004341840370896277
model.layers.28.self_attn.k_proj.weight,layer_28,attention_k,questioner_full_r2,questioner_full,2,2621440,0.02973739393286379
model.layers.28.self_attn.k_proj.weight,layer_28,attention_k,questioner_full_r3,questioner_full,3,2621440,0.02947034861106305
model.layers.28.self_attn.k_proj.weight,layer_28,attention_k,questioner_full_r4,questioner_full,4,2621440,0.02789862929950973
model.layers.28.self_attn.k_proj.weight,layer_28,attention_k,questioner_full_r5,questioner_full,5,2621440,0.028790551128357895
model.layers.28.self_attn.k_proj.weight,layer_28,attention_k,solver_rank1_r1,solver_rank1,1,2621440,0.005876117563815003
model.layers.28.self_attn.k_proj.weight,layer_28,attention_k,solver_rank1_r2,solver_rank1,2,2621440,0.006017553030282254
model.layers.28.self_attn.k_proj.weight,layer_28,attention_k,solver_rank1_r3,solver_rank1,3,2621440,0.0058522887052497264
model.layers.28.self_attn.k_proj.weight,layer_28,attention_k,solver_rank1_r4,solver_rank1,4,2621440,0.005923736558897117
model.layers.28.self_attn.k_proj.weight,layer_28,attention_k,solver_rank1_r5,solver_rank1,5,2621440,0.005826117772973477
model.layers.28.self_attn.k_proj.weight,layer_28,attention_k,solver_full_r1,solver_full,1,2621440,0.006459106391629682
model.layers.28.self_attn.k_proj.weight,layer_28,attention_k,solver_full_r2,solver_full,2,2621440,0.006780484220877484
model.layers.28.self_attn.k_proj.weight,layer_28,attention_k,solver_full_r3,solver_full,3,2621440,0.006674784254128805
model.layers.28.self_attn.k_proj.weight,layer_28,attention_k,solver_full_r4,solver_full,4,2621440,0.006745855707187775
model.layers.28.self_attn.k_proj.weight,layer_28,attention_k,solver_full_r5,solver_full,5,2621440,0.006643315892128723
model.layers.4.self_attn.q_proj.weight,layer_04,attention_q,questioner_full_r1,questioner_full,1,10485760,0.007751038432947294
model.layers.4.self_attn.q_proj.weight,layer_04,attention_q,questioner_full_r2,questioner_full,2,10485760,0.04607207567339625
model.layers.4.self_attn.q_proj.weight,layer_04,attention_q,questioner_full_r3,questioner_full,3,10485760,0.04931060212747138
model.layers.4.self_attn.q_proj.weight,layer_04,attention_q,questioner_full_r4,questioner_full,4,10485760,0.05272504521993674
model.layers.4.self_attn.q_proj.weight,layer_04,attention_q,questioner_full_r5,questioner_full,5,10485760,0.05474114487758608
model.layers.4.self_attn.q_proj.weight,layer_04,attention_q,solver_rank1_r1,solver_rank1,1,10485760,0.012160035749668298
model.layers.4.self_attn.q_proj.weight,layer_04,attention_q,solver_rank1_r2,solver_rank1,2,10485760,0.012456378632604298
model.layers.4.self_attn.q_proj.weight,layer_04,attention_q,solver_rank1_r3,solver_rank1,3,10485760,0.011606205420696519
model.layers.4.self_attn.q_proj.weight,layer_04,attention_q,solver_rank1_r4,solver_rank1,4,10485760,0.01087788383007572
model.layers.4.self_attn.q_proj.weight,layer_04,attention_q,solver_rank1_r5,solver_rank1,5,10485760,0.012778142519342332
model.layers.4.self_attn.q_proj.weight,layer_04,attention_q,solver_full_r1,solver_full,1,10485760,0.013019272595392803
model.layers.4.self_attn.q_proj.weight,layer_04,attention_q,solver_full_r2,solver_full,2,10485760,0.013560658755927135
model.layers.4.self_attn.q_proj.weight,layer_04,attention_q,solver_full_r3,solver_full,3,10485760,0.012865608039923291
model.layers.4.self_attn.q_proj.weight,layer_04,attention_q,solver_full_r4,solver_full,4,10485760,0.012144425379846132
model.layers.4.self_attn.q_proj.weight,layer_04,attention_q,solver_full_r5,solver_full,5,10485760,0.013647928917903831
model.layers.22.self_attn.k_norm.weight,layer_22,normalization,questioner_full_r1,questioner_full,1,128,8.529922399520072e-06
model.layers.22.self_attn.k_norm.weight,layer_22,normalization,questioner_full_r2,questioner_full,2,128,2.1579186437577746e-05
model.layers.22.self_attn.k_norm.weight,layer_22,normalization,questioner_full_r3,questioner_full,3,128,4.5935037913483794e-05
model.layers.22.self_attn.k_norm.weight,layer_22,normalization,questioner_full_r4,questioner_full,4,128,4.055078816503391e-05
model.layers.22.self_attn.k_norm.weight,layer_22,normalization,questioner_full_r5,questioner_full,5,128,6.694766530908297e-05
model.layers.22.self_attn.k_norm.weight,layer_22,normalization,solver_rank1_r1,solver_rank1,1,128,1.0789593218788873e-05
model.layers.22.self_attn.k_norm.weight,layer_22,normalization,solver_rank1_r2,solver_rank1,2,128,1.1444091796875e-05
model.layers.22.self_attn.k_norm.weight,layer_22,normalization,solver_rank1_r3,solver_rank1,3,128,1.0789593218788873e-05
model.layers.22.self_attn.k_norm.weight,layer_22,normalization,solver_rank1_r4,solver_rank1,4,128,1.0789593218788873e-05
model.layers.22.self_attn.k_norm.weight,layer_22,normalization,solver_rank1_r5,solver_rank1,5,128,3.814697265625e-06
model.layers.22.self_attn.k_norm.weight,layer_22,normalization,solver_full_r1,solver_full,1,128,1.0789593218788873e-05
model.layers.22.self_attn.k_norm.weight,layer_22,normalization,solver_full_r2,solver_full,2,128,1.1444091796875e-05
model.layers.22.self_attn.k_norm.weight,layer_22,normalization,solver_full_r3,solver_full,3,128,1.375408659158321e-05
model.layers.22.self_attn.k_norm.weight,layer_22,normalization,solver_full_r4,solver_full,4,128,1.375408659158321e-05
model.layers.22.self_attn.k_norm.weight,layer_22,normalization,solver_full_r5,solver_full,5,128,7.62939453125e-06
model.layers.10.self_attn.k_proj.weight,layer_10,attention_k,questioner_full_r1,questioner_full,1,2621440,0.004478771386972334
model.layers.10.self_attn.k_proj.weight,layer_10,attention_k,questioner_full_r2,questioner_full,2,2621440,0.025421966869092122
model.layers.10.self_attn.k_proj.weight,layer_10,attention_k,questioner_full_r3,questioner_full,3,2621440,0.02660079433689405
model.layers.10.self_attn.k_proj.weight,layer_10,attention_k,questioner_full_r4,questioner_full,4,2621440,0.026649208078430908
model.layers.10.self_attn.k_proj.weight,layer_10,attention_k,questioner_full_r5,questioner_full,5,2621440,0.027668876797076906
model.layers.10.self_attn.k_proj.weight,layer_10,attention_k,solver_rank1_r1,solver_rank1,1,2621440,0.006781217157499398
model.layers.10.self_attn.k_proj.weight,layer_10,attention_k,solver_rank1_r2,solver_rank1,2,2621440,0.006959840544668891
model.layers.10.self_attn.k_proj.weight,layer_10,attention_k,solver_rank1_r3,solver_rank1,3,2621440,0.006852941991575531
model.layers.10.self_attn.k_proj.weight,layer_10,attention_k,solver_rank1_r4,solver_rank1,4,2621440,0.006431040721482992
model.layers.10.self_attn.k_proj.weight,layer_10,attention_k,solver_rank1_r5,solver_rank1,5,2621440,0.00696463312608493
model.layers.10.self_attn.k_proj.weight,layer_10,attention_k,solver_full_r1,solver_full,1,2621440,0.00735878696824747
model.layers.10.self_attn.k_proj.weight,layer_10,attention_k,solver_full_r2,solver_full,2,2621440,0.00767046815615746
model.layers.10.self_attn.k_proj.weight,layer_10,attention_k,solver_full_r3,solver_full,3,2621440,0.007753119517358147
model.layers.10.self_attn.k_proj.weight,layer_10,attention_k,solver_full_r4,solver_full,4,2621440,0.00725981095341712
model.layers.10.self_attn.k_proj.weight,layer_10,attention_k,solver_full_r5,solver_full,5,2621440,0.007418882844141001
model.layers.35.self_attn.q_proj.weight,layer_35,attention_q,questioner_full_r1,questioner_full,1,10485760,0.00722483650689954
model.layers.35.self_attn.q_proj.weight,layer_35,attention_q,questioner_full_r2,questioner_full,2,10485760,0.056245556075707484
model.layers.35.self_attn.q_proj.weight,layer_35,attention_q,questioner_full_r3,questioner_full,3,10485760,0.053373513294551526
model.layers.35.self_attn.q_proj.weight,layer_35,attention_q,questioner_full_r4,questioner_full,4,10485760,0.05504925930819674
model.layers.35.self_attn.q_proj.weight,layer_35,attention_q,questioner_full_r5,questioner_full,5,10485760,0.05497886667449847
model.layers.35.self_attn.q_proj.weight,layer_35,attention_q,solver_rank1_r1,solver_rank1,1,10485760,0.011105369609189033
model.layers.35.self_attn.q_proj.weight,layer_35,attention_q,solver_rank1_r2,solver_rank1,2,10485760,0.011496409653141469
model.layers.35.self_attn.q_proj.weight,layer_35,attention_q,solver_rank1_r3,solver_rank1,3,10485760,0.010899590094041726
model.layers.35.self_attn.q_proj.weight,layer_35,attention_q,solver_rank1_r4,solver_rank1,4,10485760,0.011184013637703591
model.layers.35.self_attn.q_proj.weight,layer_35,attention_q,solver_rank1_r5,solver_rank1,5,10485760,0.010752512323664982
model.layers.35.self_attn.q_proj.weight,layer_35,attention_q,solver_full_r1,solver_full,1,10485760,0.012222668273421505
model.layers.35.self_attn.q_proj.weight,layer_35,attention_q,solver_full_r2,solver_full,2,10485760,0.012914911519620351
model.layers.35.self_attn.q_proj.weight,layer_35,attention_q,solver_full_r3,solver_full,3,10485760,0.012436610459011588
model.layers.35.self_attn.q_proj.weight,layer_35,attention_q,solver_full_r4,solver_full,4,10485760,0.012651869378353792
model.layers.35.self_attn.q_proj.weight,layer_35,attention_q,solver_full_r5,solver_full,5,10485760,0.012199263951385148
model.layers.20.input_layernorm.weight,layer_20,normalization,questioner_full_r1,questioner_full,1,2560,0.0
model.layers.20.input_layernorm.weight,layer_20,normalization,questioner_full_r2,questioner_full,2,2560,0.0
model.layers.20.input_layernorm.weight,layer_20,normalization,questioner_full_r3,questioner_full,3,2560,0.0
model.layers.20.input_layernorm.weight,layer_20,normalization,questioner_full_r4,questioner_full,4,2560,0.0
model.layers.20.input_layernorm.weight,layer_20,normalization,questioner_full_r5,questioner_full,5,2560,0.0
model.layers.20.input_layernorm.weight,layer_20,normalization,solver_rank1_r1,solver_rank1,1,2560,0.0
model.layers.20.input_layernorm.weight,layer_20,normalization,solver_rank1_r2,solver_rank1,2,2560,0.0
model.layers.20.input_layernorm.weight,layer_20,normalization,solver_rank1_r3,solver_rank1,3,2560,0.0
model.layers.20.input_layernorm.weight,layer_20,normalization,solver_rank1_r4,solver_rank1,4,2560,0.0
model.layers.20.input_layernorm.weight,layer_20,normalization,solver_rank1_r5,solver_rank1,5,2560,0.0
model.layers.20.input_layernorm.weight,layer_20,normalization,solver_full_r1,solver_full,1,2560,0.0
model.layers.20.input_layernorm.weight,layer_20,normalization,solver_full_r2,solver_full,2,2560,0.0
model.layers.20.input_layernorm.weight,layer_20,normalization,solver_full_r3,solver_full,3,2560,0.0
model.layers.20.input_layernorm.weight,layer_20,normalization,solver_full_r4,solver_full,4,2560,0.0
model.layers.20.input_layernorm.weight,layer_20,normalization,solver_full_r5,solver_full,5,2560,0.0
model.layers.1.mlp.gate_proj.weight,layer_01,mlp_gate,questioner_full_r1,questioner_full,1,24903680,0.013988470158309367
model.layers.1.mlp.gate_proj.weight,layer_01,mlp_gate,questioner_full_r2,questioner_full,2,24903680,0.061719001381134286
model.layers.1.mlp.gate_proj.weight,layer_01,mlp_gate,questioner_full_r3,questioner_full,3,24903680,0.05624448664164659
model.layers.1.mlp.gate_proj.weight,layer_01,mlp_gate,questioner_full_r4,questioner_full,4,24903680,0.06284321588949658
model.layers.1.mlp.gate_proj.weight,layer_01,mlp_gate,questioner_full_r5,questioner_full,5,24903680,0.06198241825683737
model.layers.1.mlp.gate_proj.weight,layer_01,mlp_gate,solver_rank1_r1,solver_rank1,1,24903680,0.013830834135965154
model.layers.1.mlp.gate_proj.weight,layer_01,mlp_gate,solver_rank1_r2,solver_rank1,2,24903680,0.011838625029695724
model.layers.1.mlp.gate_proj.weight,layer_01,mlp_gate,solver_rank1_r3,solver_rank1,3,24903680,0.01119496659871861
model.layers.1.mlp.gate_proj.weight,layer_01,mlp_gate,solver_rank1_r4,solver_rank1,4,24903680,0.011463978991611223
model.layers.1.mlp.gate_proj.weight,layer_01,mlp_gate,solver_rank1_r5,solver_rank1,5,24903680,0.013236113760497879
model.layers.1.mlp.gate_proj.weight,layer_01,mlp_gate,solver_full_r1,solver_full,1,24903680,0.014873542932963476
model.layers.1.mlp.gate_proj.weight,layer_01,mlp_gate,solver_full_r2,solver_full,2,24903680,0.01278947649404603
model.layers.1.mlp.gate_proj.weight,layer_01,mlp_gate,solver_full_r3,solver_full,3,24903680,0.012229424729205704
model.layers.1.mlp.gate_proj.weight,layer_01,mlp_gate,solver_full_r4,solver_full,4,24903680,0.01252130308269146
model.layers.1.mlp.gate_proj.weight,layer_01,mlp_gate,solver_full_r5,solver_full,5,24903680,0.01483737654594404
model.layers.31.input_layernorm.weight,layer_31,normalization,questioner_full_r1,questioner_full,1,2560,0.0
model.layers.31.input_layernorm.weight,layer_31,normalization,questioner_full_r2,questioner_full,2,2560,0.0
model.layers.31.input_layernorm.weight,layer_31,normalization,questioner_full_r3,questioner_full,3,2560,0.0
model.layers.31.input_layernorm.weight,layer_31,normalization,questioner_full_r4,questioner_full,4,2560,0.0
model.layers.31.input_layernorm.weight,layer_31,normalization,questioner_full_r5,questioner_full,5,2560,0.0
model.layers.31.input_layernorm.weight,layer_31,normalization,solver_rank1_r1,solver_rank1,1,2560,0.0
model.layers.31.input_layernorm.weight,layer_31,normalization,solver_rank1_r2,solver_rank1,2,2560,0.0
model.layers.31.input_layernorm.weight,layer_31,normalization,solver_rank1_r3,solver_rank1,3,2560,0.0
model.layers.31.input_layernorm.weight,layer_31,normalization,solver_rank1_r4,solver_rank1,4,2560,0.0
model.layers.31.input_layernorm.weight,layer_31,normalization,solver_rank1_r5,solver_rank1,5,2560,0.0
model.layers.31.input_layernorm.weight,layer_31,normalization,solver_full_r1,solver_full,1,2560,0.0
model.layers.31.input_layernorm.weight,layer_31,normalization,solver_full_r2,solver_full,2,2560,0.0
model.layers.31.input_layernorm.weight,layer_31,normalization,solver_full_r3,solver_full,3,2560,0.0
model.layers.31.input_layernorm.weight,layer_31,normalization,solver_full_r4,solver_full,4,2560,0.0
model.layers.31.input_layernorm.weight,layer_31,normalization,solver_full_r5,solver_full,5,2560,0.0
model.layers.8.mlp.gate_proj.weight,layer_08,mlp_gate,questioner_full_r1,questioner_full,1,24903680,0.011656424534626097
model.layers.8.mlp.gate_proj.weight,layer_08,mlp_gate,questioner_full_r2,questioner_full,2,24903680,0.07370876324732101
model.layers.8.mlp.gate_proj.weight,layer_08,mlp_gate,questioner_full_r3,questioner_full,3,24903680,0.07710910472371395
model.layers.8.mlp.gate_proj.weight,layer_08,mlp_gate,questioner_full_r4,questioner_full,4,24903680,0.07812022012006015
model.layers.8.mlp.gate_proj.weight,layer_08,mlp_gate,questioner_full_r5,questioner_full,5,24903680,0.0804317257176754
model.layers.8.mlp.gate_proj.weight,layer_08,mlp_gate,solver_rank1_r1,solver_rank1,1,24903680,0.017884085109301315
model.layers.8.mlp.gate_proj.weight,layer_08,mlp_gate,solver_rank1_r2,solver_rank1,2,24903680,0.01888995160957841
model.layers.8.mlp.gate_proj.weight,layer_08,mlp_gate,solver_rank1_r3,solver_rank1,3,24903680,0.018853348106060784
model.layers.8.mlp.gate_proj.weight,layer_08,mlp_gate,solver_rank1_r4,solver_rank1,4,24903680,0.016990001915747354
model.layers.8.mlp.gate_proj.weight,layer_08,mlp_gate,solver_rank1_r5,solver_rank1,5,24903680,0.017540751548426416
model.layers.8.mlp.gate_proj.weight,layer_08,mlp_gate,solver_full_r1,solver_full,1,24903680,0.01925412964175063
model.layers.8.mlp.gate_proj.weight,layer_08,mlp_gate,solver_full_r2,solver_full,2,24903680,0.020711133540364877
model.layers.8.mlp.gate_proj.weight,layer_08,mlp_gate,solver_full_r3,solver_full,3,24903680,0.020969949672859815
model.layers.8.mlp.gate_proj.weight,layer_08,mlp_gate,solver_full_r4,solver_full,4,24903680,0.019131896133192095
model.layers.8.mlp.gate_proj.weight,layer_08,mlp_gate,solver_full_r5,solver_full,5,24903680,0.01992325373975288
model.layers.13.self_attn.v_proj.weight,layer_13,attention_v,questioner_full_r1,questioner_full,1,2621440,0.0044375734620575825
model.layers.13.self_attn.v_proj.weight,layer_13,attention_v,questioner_full_r2,questioner_full,2,2621440,0.021907005979597972
model.layers.13.self_attn.v_proj.weight,layer_13,attention_v,questioner_full_r3,questioner_full,3,2621440,0.024208383230529748
model.layers.13.self_attn.v_proj.weight,layer_13,attention_v,questioner_full_r4,questioner_full,4,2621440,0.0243406769380967
model.layers.13.self_attn.v_proj.weight,layer_13,attention_v,questioner_full_r5,questioner_full,5,2621440,0.025397894293265413
model.layers.13.self_attn.v_proj.weight,layer_13,attention_v,solver_rank1_r1,solver_rank1,1,2621440,0.007122207784178386
model.layers.13.self_attn.v_proj.weight,layer_13,attention_v,solver_rank1_r2,solver_rank1,2,2621440,0.006861058339606287
model.layers.13.self_attn.v_proj.weight,layer_13,attention_v,solver_rank1_r3,solver_rank1,3,2621440,0.00654797883184755
model.layers.13.self_attn.v_proj.weight,layer_13,attention_v,solver_rank1_r4,solver_rank1,4,2621440,0.006142367298853203
model.layers.13.self_attn.v_proj.weight,layer_13,attention_v,solver_rank1_r5,solver_rank1,5,2621440,0.006768687722865369
model.layers.13.self_attn.v_proj.weight,layer_13,attention_v,solver_full_r1,solver_full,1,2621440,0.0076969376178139875
model.layers.13.self_attn.v_proj.weight,layer_13,attention_v,solver_full_r2,solver_full,2,2621440,0.0076774259452983065
model.layers.13.self_attn.v_proj.weight,layer_13,attention_v,solver_full_r3,solver_full,3,2621440,0.007395808516616699
model.layers.13.self_attn.v_proj.weight,layer_13,attention_v,solver_full_r4,solver_full,4,2621440,0.006978629479102073
model.layers.13.self_attn.v_proj.weight,layer_13,attention_v,solver_full_r5,solver_full,5,2621440,0.007292168934638314
model.layers.34.post_attention_layernorm.weight,layer_34,normalization,questioner_full_r1,questioner_full,1,2560,1.9073486328125e-05
model.layers.34.post_attention_layernorm.weight,layer_34,normalization,questioner_full_r2,questioner_full,2,2560,3.411968959808029e-05
model.layers.34.post_attention_layernorm.weight,layer_34,normalization,questioner_full_r3,questioner_full,3,2560,4.315837287515549e-05
model.layers.34.post_attention_layernorm.weight,layer_34,normalization,questioner_full_r4,questioner_full,4,2560,4.5816086385590795e-05
model.layers.34.post_attention_layernorm.weight,layer_34,normalization,questioner_full_r5,questioner_full,5,2560,4.055078816503391e-05
model.layers.34.post_attention_layernorm.weight,layer_34,normalization,solver_rank1_r1,solver_rank1,1,2560,3.0755072587198445e-05
model.layers.34.post_attention_layernorm.weight,layer_34,normalization,solver_rank1_r2,solver_rank1,2,2560,3.5014266492244376e-05
model.layers.34.post_attention_layernorm.weight,layer_34,normalization,solver_rank1_r3,solver_rank1,3,2560,2.3203897591774824e-05
model.layers.34.post_attention_layernorm.weight,layer_34,normalization,solver_rank1_r4,solver_rank1,4,2560,2.442598051999225e-05
model.layers.34.post_attention_layernorm.weight,layer_34,normalization,solver_rank1_r5,solver_rank1,5,2560,1.375408659158321e-05
model.layers.34.post_attention_layernorm.weight,layer_34,normalization,solver_full_r1,solver_full,1,2560,3.057712467552452e-05
model.layers.34.post_attention_layernorm.weight,layer_34,normalization,solver_full_r2,solver_full,2,2560,3.411968959808029e-05
model.layers.34.post_attention_layernorm.weight,layer_34,normalization,solver_full_r3,solver_full,3,2560,2.3592599633890115e-05
model.layers.34.post_attention_layernorm.weight,layer_34,normalization,solver_full_r4,solver_full,4,2560,2.2967518956741897e-05
model.layers.34.post_attention_layernorm.weight,layer_34,normalization,solver_full_r5,solver_full,5,2560,1.2212990259996125e-05
model.layers.33.post_attention_layernorm.weight,layer_33,normalization,questioner_full_r1,questioner_full,1,2560,2.0509541671377722e-06
model.layers.33.post_attention_layernorm.weight,layer_33,normalization,questioner_full_r2,questioner_full,2,2560,1.2839233415447483e-05
model.layers.33.post_attention_layernorm.weight,layer_33,normalization,questioner_full_r3,questioner_full,3,2560,2.3358025282132703e-05
model.layers.33.post_attention_layernorm.weight,layer_33,normalization,questioner_full_r4,questioner_full,4,2560,3.958933147376486e-05
model.layers.33.post_attention_layernorm.weight,layer_33,normalization,questioner_full_r5,questioner_full,5,2560,4.173159515874382e-05
model.layers.33.post_attention_layernorm.weight,layer_33,normalization,solver_rank1_r1,solver_rank1,1,2560,8.099216342669978e-06
model.layers.33.post_attention_layernorm.weight,layer_33,normalization,solver_rank1_r2,solver_rank1,2,2560,2.384185791015625e-07
model.layers.33.post_attention_layernorm.weight,layer_33,normalization,solver_rank1_r3,solver_rank1,3,2560,1.0276919394613412e-05
model.layers.33.post_attention_layernorm.weight,layer_33,normalization,solver_rank1_r4,solver_rank1,4,2560,1.0120861662288248e-05
model.layers.33.post_attention_layernorm.weight,layer_33,normalization,solver_rank1_r5,solver_rank1,5,2560,4.4348419279428184e-06
model.layers.33.post_attention_layernorm.weight,layer_33,normalization,solver_full_r1,solver_full,1,2560,8.546566166369877e-06
model.layers.33.post_attention_layernorm.weight,layer_33,normalization,solver_full_r2,solver_full,2,2560,2.384185791015625e-07
model.layers.33.post_attention_layernorm.weight,layer_33,normalization,solver_full_r3,solver_full,3,2560,1.0373948272390063e-05
model.layers.33.post_attention_layernorm.weight,layer_33,normalization,solver_full_r4,solver_full,4,2560,1.0240903661210312e-05
model.layers.33.post_attention_layernorm.weight,layer_33,normalization,solver_full_r5,solver_full,5,2560,4.6292514417046546e-06
model.layers.12.self_attn.o_proj.weight,layer_12,attention_o,questioner_full_r1,questioner_full,1,10485760,0.009134642233283708
model.layers.12.self_attn.o_proj.weight,layer_12,attention_o,questioner_full_r2,questioner_full,2,10485760,0.04880687623805956
model.layers.12.self_attn.o_proj.weight,layer_12,attention_o,questioner_full_r3,questioner_full,3,10485760,0.05128180606676837
model.layers.12.self_attn.o_proj.weight,layer_12,attention_o,questioner_full_r4,questioner_full,4,10485760,0.05170294208092927
model.layers.12.self_attn.o_proj.weight,layer_12,attention_o,questioner_full_r5,questioner_full,5,10485760,0.05279249406489855
model.layers.12.self_attn.o_proj.weight,layer_12,attention_o,solver_rank1_r1,solver_rank1,1,10485760,0.014410717118552002
model.layers.12.self_attn.o_proj.weight,layer_12,attention_o,solver_rank1_r2,solver_rank1,2,10485760,0.014179262160448097
model.layers.12.self_attn.o_proj.weight,layer_12,attention_o,solver_rank1_r3,solver_rank1,3,10485760,0.013607324687023166
model.layers.12.self_attn.o_proj.weight,layer_12,attention_o,solver_rank1_r4,solver_rank1,4,10485760,0.012641416276426053
model.layers.12.self_attn.o_proj.weight,layer_12,attention_o,solver_rank1_r5,solver_rank1,5,10485760,0.013892661037869953
model.layers.12.self_attn.o_proj.weight,layer_12,attention_o,solver_full_r1,solver_full,1,10485760,0.015620090955145879
model.layers.12.self_attn.o_proj.weight,layer_12,attention_o,solver_full_r2,solver_full,2,10485760,0.015821958313183046
model.layers.12.self_attn.o_proj.weight,layer_12,attention_o,solver_full_r3,solver_full,3,10485760,0.01538311197587559
model.layers.12.self_attn.o_proj.weight,layer_12,attention_o,solver_full_r4,solver_full,4,10485760,0.014297403386989463
model.layers.12.self_attn.o_proj.weight,layer_12,attention_o,solver_full_r5,solver_full,5,10485760,0.014933832287015595
model.layers.27.mlp.gate_proj.weight,layer_27,mlp_gate,questioner_full_r1,questioner_full,1,24903680,0.00916350838727162
model.layers.27.mlp.gate_proj.weight,layer_27,mlp_gate,questioner_full_r2,questioner_full,2,24903680,0.0852048371442759
model.layers.27.mlp.gate_proj.weight,layer_27,mlp_gate,questioner_full_r3,questioner_full,3,24903680,0.08052049226226815
model.layers.27.mlp.gate_proj.weight,layer_27,mlp_gate,questioner_full_r4,questioner_full,4,24903680,0.07820239685025189
model.layers.27.mlp.gate_proj.weight,layer_27,mlp_gate,questioner_full_r5,questioner_full,5,24903680,0.0811298449919009
model.layers.27.mlp.gate_proj.weight,layer_27,mlp_gate,solver_rank1_r1,solver_rank1,1,24903680,0.014927969841828237
model.layers.27.mlp.gate_proj.weight,layer_27,mlp_gate,solver_rank1_r2,solver_rank1,2,24903680,0.01550294898859835
model.layers.27.mlp.gate_proj.weight,layer_27,mlp_gate,solver_rank1_r3,solver_rank1,3,24903680,0.015355486249502824
model.layers.27.mlp.gate_proj.weight,layer_27,mlp_gate,solver_rank1_r4,solver_rank1,4,24903680,0.015814600839226603
model.layers.27.mlp.gate_proj.weight,layer_27,mlp_gate,solver_rank1_r5,solver_rank1,5,24903680,0.014720529737523143
model.layers.27.mlp.gate_proj.weight,layer_27,mlp_gate,solver_full_r1,solver_full,1,24903680,0.016513081295071737
model.layers.27.mlp.gate_proj.weight,layer_27,mlp_gate,solver_full_r2,solver_full,2,24903680,0.017436066674247637
model.layers.27.mlp.gate_proj.weight,layer_27,mlp_gate,solver_full_r3,solver_full,3,24903680,0.017513963929459864
model.layers.27.mlp.gate_proj.weight,layer_27,mlp_gate,solver_full_r4,solver_full,4,24903680,0.01795502818713409
model.layers.27.mlp.gate_proj.weight,layer_27,mlp_gate,solver_full_r5,solver_full,5,24903680,0.016843993102965235
model.layers.0.self_attn.q_proj.weight,layer_00,attention_q,questioner_full_r1,questioner_full,1,10485760,0.007265650451812196
model.layers.0.self_attn.q_proj.weight,layer_00,attention_q,questioner_full_r2,questioner_full,2,10485760,0.04613429667253494
model.layers.0.self_attn.q_proj.weight,layer_00,attention_q,questioner_full_r3,questioner_full,3,10485760,0.04682440498347953
model.layers.0.self_attn.q_proj.weight,layer_00,attention_q,questioner_full_r4,questioner_full,4,10485760,0.05214823349321658
model.layers.0.self_attn.q_proj.weight,layer_00,attention_q,questioner_full_r5,questioner_full,5,10485760,0.05170444733661861
model.layers.0.self_attn.q_proj.weight,layer_00,attention_q,solver_rank1_r1,solver_rank1,1,10485760,0.01097925593070276
model.layers.0.self_attn.q_proj.weight,layer_00,attention_q,solver_rank1_r2,solver_rank1,2,10485760,0.010355352954004214
model.layers.0.self_attn.q_proj.weight,layer_00,attention_q,solver_rank1_r3,solver_rank1,3,10485760,0.010231683029949878
model.layers.0.self_attn.q_proj.weight,layer_00,attention_q,solver_rank1_r4,solver_rank1,4,10485760,0.011890375579691982
model.layers.0.self_attn.q_proj.weight,layer_00,attention_q,solver_rank1_r5,solver_rank1,5,10485760,0.011519080326506283
model.layers.0.self_attn.q_proj.weight,layer_00,attention_q,solver_full_r1,solver_full,1,10485760,0.01208551215500556
model.layers.0.self_attn.q_proj.weight,layer_00,attention_q,solver_full_r2,solver_full,2,10485760,0.011468751009802318
model.layers.0.self_attn.q_proj.weight,layer_00,attention_q,solver_full_r3,solver_full,3,10485760,0.01135180836134637
model.layers.0.self_attn.q_proj.weight,layer_00,attention_q,solver_full_r4,solver_full,4,10485760,0.013039553321449949
model.layers.0.self_attn.q_proj.weight,layer_00,attention_q,solver_full_r5,solver_full,5,10485760,0.013074264713855371
model.layers.32.self_attn.o_proj.weight,layer_32,attention_o,questioner_full_r1,questioner_full,1,10485760,0.007852641302761613
model.layers.32.self_attn.o_proj.weight,layer_32,attention_o,questioner_full_r2,questioner_full,2,10485760,0.05353121640783987
model.layers.32.self_attn.o_proj.weight,layer_32,attention_o,questioner_full_r3,questioner_full,3,10485760,0.05200284075091385
model.layers.32.self_attn.o_proj.weight,layer_32,attention_o,questioner_full_r4,questioner_full,4,10485760,0.053702404823732786
model.layers.32.self_attn.o_proj.weight,layer_32,attention_o,questioner_full_r5,questioner_full,5,10485760,0.05369025016242873
model.layers.32.self_attn.o_proj.weight,layer_32,attention_o,solver_rank1_r1,solver_rank1,1,10485760,0.010560183841421109
model.layers.32.self_attn.o_proj.weight,layer_32,attention_o,solver_rank1_r2,solver_rank1,2,10485760,0.012229658795284601
model.layers.32.self_attn.o_proj.weight,layer_32,attention_o,solver_rank1_r3,solver_rank1,3,10485760,0.01086745087977092
model.layers.32.self_attn.o_proj.weight,layer_32,attention_o,solver_rank1_r4,solver_rank1,4,10485760,0.011281220543599693
model.layers.32.self_attn.o_proj.weight,layer_32,attention_o,solver_rank1_r5,solver_rank1,5,10485760,0.010813913012112167
model.layers.32.self_attn.o_proj.weight,layer_32,attention_o,solver_full_r1,solver_full,1,10485760,0.011565113908694864
model.layers.32.self_attn.o_proj.weight,layer_32,attention_o,solver_full_r2,solver_full,2,10485760,0.013488864719666692
model.layers.32.self_attn.o_proj.weight,layer_32,attention_o,solver_full_r3,solver_full,3,10485760,0.012199559495502622
model.layers.32.self_attn.o_proj.weight,layer_32,attention_o,solver_full_r4,solver_full,4,10485760,0.01255366081078623
model.layers.32.self_attn.o_proj.weight,layer_32,attention_o,solver_full_r5,solver_full,5,10485760,0.012166329903508364
model.layers.18.self_attn.q_norm.weight,layer_18,normalization,questioner_full_r1,questioner_full,1,128,0.0
model.layers.18.self_attn.q_norm.weight,layer_18,normalization,questioner_full_r2,questioner_full,2,128,3.0517578125e-05
model.layers.18.self_attn.q_norm.weight,layer_18,normalization,questioner_full_r3,questioner_full,3,128,3.0517578125e-05
model.layers.18.self_attn.q_norm.weight,layer_18,normalization,questioner_full_r4,questioner_full,4,128,3.0517578125e-05
model.layers.18.self_attn.q_norm.weight,layer_18,normalization,questioner_full_r5,questioner_full,5,128,0.0
model.layers.18.self_attn.q_norm.weight,layer_18,normalization,solver_rank1_r1,solver_rank1,1,128,0.0
model.layers.18.self_attn.q_norm.weight,layer_18,normalization,solver_rank1_r2,solver_rank1,2,128,0.0
model.layers.18.self_attn.q_norm.weight,layer_18,normalization,solver_rank1_r3,solver_rank1,3,128,0.0
model.layers.18.self_attn.q_norm.weight,layer_18,normalization,solver_rank1_r4,solver_rank1,4,128,0.0
model.layers.18.self_attn.q_norm.weight,layer_18,normalization,solver_rank1_r5,solver_rank1,5,128,0.0
model.layers.18.self_attn.q_norm.weight,layer_18,normalization,solver_full_r1,solver_full,1,128,0.0
model.layers.18.self_attn.q_norm.weight,layer_18,normalization,solver_full_r2,solver_full,2,128,0.0
model.layers.18.self_attn.q_norm.weight,layer_18,normalization,solver_full_r3,solver_full,3,128,0.0
model.layers.18.self_attn.q_norm.weight,layer_18,normalization,solver_full_r4,solver_full,4,128,0.0
model.layers.18.self_attn.q_norm.weight,layer_18,normalization,solver_full_r5,solver_full,5,128,0.0
model.layers.34.self_attn.q_proj.weight,layer_34,attention_q,questioner_full_r1,questioner_full,1,10485760,0.008630080091507024
model.layers.34.self_attn.q_proj.weight,layer_34,attention_q,questioner_full_r2,questioner_full,2,10485760,0.05915222611275012
model.layers.34.self_attn.q_proj.weight,layer_34,attention_q,questioner_full_r3,questioner_full,3,10485760,0.055374917061487436
model.layers.34.self_attn.q_proj.weight,layer_34,attention_q,questioner_full_r4,questioner_full,4,10485760,0.05838059070221504
model.layers.34.self_attn.q_proj.weight,layer_34,attention_q,questioner_full_r5,questioner_full,5,10485760,0.057565445367170724
model.layers.34.self_attn.q_proj.weight,layer_34,attention_q,solver_rank1_r1,solver_rank1,1,10485760,0.012611560184302222
model.layers.34.self_attn.q_proj.weight,layer_34,attention_q,solver_rank1_r2,solver_rank1,2,10485760,0.013287108115122423
model.layers.34.self_attn.q_proj.weight,layer_34,attention_q,solver_rank1_r3,solver_rank1,3,10485760,0.01210393294710553
model.layers.34.self_attn.q_proj.weight,layer_34,attention_q,solver_rank1_r4,solver_rank1,4,10485760,0.01191283332591533
model.layers.34.self_attn.q_proj.weight,layer_34,attention_q,solver_rank1_r5,solver_rank1,5,10485760,0.011416461531245795
model.layers.34.self_attn.q_proj.weight,layer_34,attention_q,solver_full_r1,solver_full,1,10485760,0.013778560415801888
model.layers.34.self_attn.q_proj.weight,layer_34,attention_q,solver_full_r2,solver_full,2,10485760,0.014653713485659635
model.layers.34.self_attn.q_proj.weight,layer_34,attention_q,solver_full_r3,solver_full,3,10485760,0.013651799172898615
model.layers.34.self_attn.q_proj.weight,layer_34,attention_q,solver_full_r4,solver_full,4,10485760,0.013343916816793786
model.layers.34.self_attn.q_proj.weight,layer_34,attention_q,solver_full_r5,solver_full,5,10485760,0.012943107048585414
model.layers.19.self_attn.q_proj.weight,layer_19,attention_q,questioner_full_r1,questioner_full,1,10485760,0.009624284147096712
model.layers.19.self_attn.q_proj.weight,layer_19,attention_q,questioner_full_r2,questioner_full,2,10485760,0.05604179140314187
model.layers.19.self_attn.q_proj.weight,layer_19,attention_q,questioner_full_r3,questioner_full,3,10485760,0.056674986546130075
model.layers.19.self_attn.q_proj.weight,layer_19,attention_q,questioner_full_r4,questioner_full,4,10485760,0.05665659448130137
model.layers.19.self_attn.q_proj.weight,layer_19,attention_q,questioner_full_r5,questioner_full,5,10485760,0.05698651402361871
model.layers.19.self_attn.q_proj.weight,layer_19,attention_q,solver_rank1_r1,solver_rank1,1,10485760,0.012387607832712942
model.layers.19.self_attn.q_proj.weight,layer_19,attention_q,solver_rank1_r2,solver_rank1,2,10485760,0.01297677941281164
model.layers.19.self_attn.q_proj.weight,layer_19,attention_q,solver_rank1_r3,solver_rank1,3,10485760,0.01250747868992882
model.layers.19.self_attn.q_proj.weight,layer_19,attention_q,solver_rank1_r4,solver_rank1,4,10485760,0.01233310213341246
model.layers.19.self_attn.q_proj.weight,layer_19,attention_q,solver_rank1_r5,solver_rank1,5,10485760,0.012301963125695101
model.layers.19.self_attn.q_proj.weight,layer_19,attention_q,solver_full_r1,solver_full,1,10485760,0.013644441280303767
model.layers.19.self_attn.q_proj.weight,layer_19,attention_q,solver_full_r2,solver_full,2,10485760,0.014589590468156693
model.layers.19.self_attn.q_proj.weight,layer_19,attention_q,solver_full_r3,solver_full,3,10485760,0.014370258395131171
model.layers.19.self_attn.q_proj.weight,layer_19,attention_q,solver_full_r4,solver_full,4,10485760,0.013939528517825615
model.layers.19.self_attn.q_proj.weight,layer_19,attention_q,solver_full_r5,solver_full,5,10485760,0.01403216021188907
model.layers.23.self_attn.k_norm.weight,layer_23,normalization,questioner_full_r1,questioner_full,1,128,7.62939453125e-06
model.layers.23.self_attn.k_norm.weight,layer_23,normalization,questioner_full_r2,questioner_full,2,128,3.411968959808029e-05
model.layers.23.self_attn.k_norm.weight,layer_23,normalization,questioner_full_r3,questioner_full,3,128,0.0
model.layers.23.self_attn.k_norm.weight,layer_23,normalization,questioner_full_r4,questioner_full,4,128,3.411968959808029e-05
model.layers.23.self_attn.k_norm.weight,layer_23,normalization,questioner_full_r5,questioner_full,5,128,1.52587890625e-05
model.layers.23.self_attn.k_norm.weight,layer_23,normalization,solver_rank1_r1,solver_rank1,1,128,0.0
model.layers.23.self_attn.k_norm.weight,layer_23,normalization,solver_rank1_r2,solver_rank1,2,128,7.62939453125e-06
model.layers.23.self_attn.k_norm.weight,layer_23,normalization,solver_rank1_r3,solver_rank1,3,128,7.62939453125e-06
model.layers.23.self_attn.k_norm.weight,layer_23,normalization,solver_rank1_r4,solver_rank1,4,128,1.52587890625e-05
model.layers.23.self_attn.k_norm.weight,layer_23,normalization,solver_rank1_r5,solver_rank1,5,128,7.62939453125e-06
model.layers.23.self_attn.k_norm.weight,layer_23,normalization,solver_full_r1,solver_full,1,128,0.0
model.layers.23.self_attn.k_norm.weight,layer_23,normalization,solver_full_r2,solver_full,2,128,7.62939453125e-06
model.layers.23.self_attn.k_norm.weight,layer_23,normalization,solver_full_r3,solver_full,3,128,7.62939453125e-06
model.layers.23.self_attn.k_norm.weight,layer_23,normalization,solver_full_r4,solver_full,4,128,1.52587890625e-05
model.layers.23.self_attn.k_norm.weight,layer_23,normalization,solver_full_r5,solver_full,5,128,7.62939453125e-06
model.layers.14.mlp.gate_proj.weight,layer_14,mlp_gate,questioner_full_r1,questioner_full,1,24903680,0.013452004923137167
model.layers.14.mlp.gate_proj.weight,layer_14,mlp_gate,questioner_full_r2,questioner_full,2,24903680,0.0776120477852435
model.layers.14.mlp.gate_proj.weight,layer_14,mlp_gate,questioner_full_r3,questioner_full,3,24903680,0.08023791745145838
model.layers.14.mlp.gate_proj.weight,layer_14,mlp_gate,questioner_full_r4,questioner_full,4,24903680,0.07813456437678333
model.layers.14.mlp.gate_proj.weight,layer_14,mlp_gate,questioner_full_r5,questioner_full,5,24903680,0.08181194615091227
model.layers.14.mlp.gate_proj.weight,layer_14,mlp_gate,solver_rank1_r1,solver_rank1,1,24903680,0.021219520181416443
model.layers.14.mlp.gate_proj.weight,layer_14,mlp_gate,solver_rank1_r2,solver_rank1,2,24903680,0.02091016141314733
model.layers.14.mlp.gate_proj.weight,layer_14,mlp_gate,solver_rank1_r3,solver_rank1,3,24903680,0.019792380630387345
model.layers.14.mlp.gate_proj.weight,layer_14,mlp_gate,solver_rank1_r4,solver_rank1,4,24903680,0.018553451079069787
model.layers.14.mlp.gate_proj.weight,layer_14,mlp_gate,solver_rank1_r5,solver_rank1,5,24903680,0.018139455036243236
model.layers.14.mlp.gate_proj.weight,layer_14,mlp_gate,solver_full_r1,solver_full,1,24903680,0.02296722671300347
model.layers.14.mlp.gate_proj.weight,layer_14,mlp_gate,solver_full_r2,solver_full,2,24903680,0.023300518999453523
model.layers.14.mlp.gate_proj.weight,layer_14,mlp_gate,solver_full_r3,solver_full,3,24903680,0.02232100356830404
model.layers.14.mlp.gate_proj.weight,layer_14,mlp_gate,solver_full_r4,solver_full,4,24903680,0.020933170057909598
model.layers.14.mlp.gate_proj.weight,layer_14,mlp_gate,solver_full_r5,solver_full,5,24903680,0.020797969396219276
model.layers.15.self_attn.o_proj.weight,layer_15,attention_o,questioner_full_r1,questioner_full,1,10485760,0.009938086602871573
model.layers.15.self_attn.o_proj.weight,layer_15,attention_o,questioner_full_r2,questioner_full,2,10485760,0.05013132260204562
model.layers.15.self_attn.o_proj.weight,layer_15,attention_o,questioner_full_r3,questioner_full,3,10485760,0.05224051554371518
model.layers.15.self_attn.o_proj.weight,layer_15,attention_o,questioner_full_r4,questioner_full,4,10485760,0.05208763389477825
model.layers.15.self_attn.o_proj.weight,layer_15,attention_o,questioner_full_r5,questioner_full,5,10485760,0.0528801748170027
model.layers.15.self_attn.o_proj.weight,layer_15,attention_o,solver_rank1_r1,solver_rank1,1,10485760,0.01648349848478974
model.layers.15.self_attn.o_proj.weight,layer_15,attention_o,solver_rank1_r2,solver_rank1,2,10485760,0.01591396737557277
model.layers.15.self_attn.o_proj.weight,layer_15,attention_o,solver_rank1_r3,solver_rank1,3,10485760,0.015170692883725159
model.layers.15.self_attn.o_proj.weight,layer_15,attention_o,solver_rank1_r4,solver_rank1,4,10485760,0.013947943362077426
model.layers.15.self_attn.o_proj.weight,layer_15,attention_o,solver_rank1_r5,solver_rank1,5,10485760,0.013838178345922342
model.layers.15.self_attn.o_proj.weight,layer_15,attention_o,solver_full_r1,solver_full,1,10485760,0.01777780332538172
model.layers.15.self_attn.o_proj.weight,layer_15,attention_o,solver_full_r2,solver_full,2,10485760,0.017786572859592446
model.layers.15.self_attn.o_proj.weight,layer_15,attention_o,solver_full_r3,solver_full,3,10485760,0.017139513880302996
model.layers.15.self_attn.o_proj.weight,layer_15,attention_o,solver_full_r4,solver_full,4,10485760,0.015827037334153315
model.layers.15.self_attn.o_proj.weight,layer_15,attention_o,solver_full_r5,solver_full,5,10485760,0.015873995110646893
model.layers.8.post_attention_layernorm.weight,layer_08,normalization,questioner_full_r1,questioner_full,1,2560,5.415829034614824e-06
model.layers.8.post_attention_layernorm.weight,layer_08,normalization,questioner_full_r2,questioner_full,2,2560,1.7546052449201677e-05
model.layers.8.post_attention_layernorm.weight,layer_08,normalization,questioner_full_r3,questioner_full,3,2560,5.560678923013855e-05
model.layers.8.post_attention_layernorm.weight,layer_08,normalization,questioner_full_r4,questioner_full,4,2560,3.851294980598309e-05
model.layers.8.post_attention_layernorm.weight,layer_08,normalization,questioner_full_r5,questioner_full,5,2560,2.3348003663130784e-05
model.layers.8.post_attention_layernorm.weight,layer_08,normalization,solver_rank1_r1,solver_rank1,1,2560,1.4001891002679847e-05
model.layers.8.post_attention_layernorm.weight,layer_08,normalization,solver_rank1_r2,solver_rank1,2,2560,1.3912291012663992e-05
model.layers.8.post_attention_layernorm.weight,layer_08,normalization,solver_rank1_r3,solver_rank1,3,2560,8.17605409597504e-06
model.layers.8.post_attention_layernorm.weight,layer_08,normalization,solver_rank1_r4,solver_rank1,4,2560,9.362294157062464e-06
model.layers.8.post_attention_layernorm.weight,layer_08,normalization,solver_rank1_r5,solver_rank1,5,2560,2.1851423716334533e-06
model.layers.8.post_attention_layernorm.weight,layer_08,normalization,solver_full_r1,solver_full,1,2560,1.409293814290204e-05
model.layers.8.post_attention_layernorm.weight,layer_08,normalization,solver_full_r2,solver_full,2,2560,1.4681629484501507e-05
model.layers.8.post_attention_layernorm.weight,layer_08,normalization,solver_full_r3,solver_full,3,2560,8.151684282912616e-06
model.layers.8.post_attention_layernorm.weight,layer_08,normalization,solver_full_r4,solver_full,4,2560,9.670658451250586e-06
model.layers.8.post_attention_layernorm.weight,layer_08,normalization,solver_full_r5,solver_full,5,2560,4.4348419279428184e-06
model.layers.5.mlp.down_proj.weight,layer_05,mlp_down,questioner_full_r1,questioner_full,1,24903680,0.012470461444526598
model.layers.5.mlp.down_proj.weight,layer_05,mlp_down,questioner_full_r2,questioner_full,2,24903680,0.07649425378895332
model.layers.5.mlp.down_proj.weight,layer_05,mlp_down,questioner_full_r3,questioner_full,3,24903680,0.0794729471536791
model.layers.5.mlp.down_proj.weight,layer_05,mlp_down,questioner_full_r4,questioner_full,4,24903680,0.08450037188980226
model.layers.5.mlp.down_proj.weight,layer_05,mlp_down,questioner_full_r5,questioner_full,5,24903680,0.08669854781897901
model.layers.5.mlp.down_proj.weight,layer_05,mlp_down,solver_rank1_r1,solver_rank1,1,24903680,0.017902774965574197
model.layers.5.mlp.down_proj.weight,layer_05,mlp_down,solver_rank1_r2,solver_rank1,2,24903680,0.019502160455834205
model.layers.5.mlp.down_proj.weight,layer_05,mlp_down,solver_rank1_r3,solver_rank1,3,24903680,0.018967889363284578
model.layers.5.mlp.down_proj.weight,layer_05,mlp_down,solver_rank1_r4,solver_rank1,4,24903680,0.01698625280785612
model.layers.5.mlp.down_proj.weight,layer_05,mlp_down,solver_rank1_r5,solver_rank1,5,24903680,0.0197919879572248
model.layers.5.mlp.down_proj.weight,layer_05,mlp_down,solver_full_r1,solver_full,1,24903680,0.019258064635319514
model.layers.5.mlp.down_proj.weight,layer_05,mlp_down,solver_full_r2,solver_full,2,24903680,0.02141973004642255
model.layers.5.mlp.down_proj.weight,layer_05,mlp_down,solver_full_r3,solver_full,3,24903680,0.02099548055176494
model.layers.5.mlp.down_proj.weight,layer_05,mlp_down,solver_full_r4,solver_full,4,24903680,0.018915347198977965
model.layers.5.mlp.down_proj.weight,layer_05,mlp_down,solver_full_r5,solver_full,5,24903680,0.021069261928737062
model.layers.5.mlp.up_proj.weight,layer_05,mlp_up,questioner_full_r1,questioner_full,1,24903680,0.012189454410637547
model.layers.5.mlp.up_proj.weight,layer_05,mlp_up,questioner_full_r2,questioner_full,2,24903680,0.07343540385623672
model.layers.5.mlp.up_proj.weight,layer_05,mlp_up,questioner_full_r3,questioner_full,3,24903680,0.07704452169971128
model.layers.5.mlp.up_proj.weight,layer_05,mlp_up,questioner_full_r4,questioner_full,4,24903680,0.0827054067267456
model.layers.5.mlp.up_proj.weight,layer_05,mlp_up,questioner_full_r5,questioner_full,5,24903680,0.08534058443247763
model.layers.5.mlp.up_proj.weight,layer_05,mlp_up,solver_rank1_r1,solver_rank1,1,24903680,0.017189334666817907
model.layers.5.mlp.up_proj.weight,layer_05,mlp_up,solver_rank1_r2,solver_rank1,2,24903680,0.019076868544155665
model.layers.5.mlp.up_proj.weight,layer_05,mlp_up,solver_rank1_r3,solver_rank1,3,24903680,0.018324206691024067
model.layers.5.mlp.up_proj.weight,layer_05,mlp_up,solver_rank1_r4,solver_rank1,4,24903680,0.016591847880657918
model.layers.5.mlp.up_proj.weight,layer_05,mlp_up,solver_rank1_r5,solver_rank1,5,24903680,0.019269433331494817
model.layers.5.mlp.up_proj.weight,layer_05,mlp_up,solver_full_r1,solver_full,1,24903680,0.01843356407769707
model.layers.5.mlp.up_proj.weight,layer_05,mlp_up,solver_full_r2,solver_full,2,24903680,0.020888427084862077
model.layers.5.mlp.up_proj.weight,layer_05,mlp_up,solver_full_r3,solver_full,3,24903680,0.020201127098187024
model.layers.5.mlp.up_proj.weight,layer_05,mlp_up,solver_full_r4,solver_full,4,24903680,0.01838956556470984
model.layers.5.mlp.up_proj.weight,layer_05,mlp_up,solver_full_r5,solver_full,5,24903680,0.020495233325955063
model.layers.1.self_attn.k_proj.weight,layer_01,attention_k,questioner_full_r1,questioner_full,1,2621440,0.003940786356871283
model.layers.1.self_attn.k_proj.weight,layer_01,attention_k,questioner_full_r2,questioner_full,2,2621440,0.022426346324627297
model.layers.1.self_attn.k_proj.weight,layer_01,attention_k,questioner_full_r3,questioner_full,3,2621440,0.023288879581484557
model.layers.1.self_attn.k_proj.weight,layer_01,attention_k,questioner_full_r4,questioner_full,4,2621440,0.02522902229688043
model.layers.1.self_attn.k_proj.weight,layer_01,attention_k,questioner_full_r5,questioner_full,5,2621440,0.026006098699417505
model.layers.1.self_attn.k_proj.weight,layer_01,attention_k,solver_rank1_r1,solver_rank1,1,2621440,0.005425632217036279
model.layers.1.self_attn.k_proj.weight,layer_01,attention_k,solver_rank1_r2,solver_rank1,2,2621440,0.006343692234711225
model.layers.1.self_attn.k_proj.weight,layer_01,attention_k,solver_rank1_r3,solver_rank1,3,2621440,0.005792750940183851
model.layers.1.self_attn.k_proj.weight,layer_01,attention_k,solver_rank1_r4,solver_rank1,4,2621440,0.005916600992875306
model.layers.1.self_attn.k_proj.weight,layer_01,attention_k,solver_rank1_r5,solver_rank1,5,2621440,0.00617147762617071
model.layers.1.self_attn.k_proj.weight,layer_01,attention_k,solver_full_r1,solver_full,1,2621440,0.006098723616565416
model.layers.1.self_attn.k_proj.weight,layer_01,attention_k,solver_full_r2,solver_full,2,2621440,0.006962780559931854
model.layers.1.self_attn.k_proj.weight,layer_01,attention_k,solver_full_r3,solver_full,3,2621440,0.0064262866689053354
model.layers.1.self_attn.k_proj.weight,layer_01,attention_k,solver_full_r4,solver_full,4,2621440,0.00657780618733265
model.layers.1.self_attn.k_proj.weight,layer_01,attention_k,solver_full_r5,solver_full,5,2621440,0.006996752561055515
model.layers.16.input_layernorm.weight,layer_16,normalization,questioner_full_r1,questioner_full,1,2560,0.0
model.layers.16.input_layernorm.weight,layer_16,normalization,questioner_full_r2,questioner_full,2,2560,0.0
model.layers.16.input_layernorm.weight,layer_16,normalization,questioner_full_r3,questioner_full,3,2560,0.0
model.layers.16.input_layernorm.weight,layer_16,normalization,questioner_full_r4,questioner_full,4,2560,0.0
model.layers.16.input_layernorm.weight,layer_16,normalization,questioner_full_r5,questioner_full,5,2560,0.0
model.layers.16.input_layernorm.weight,layer_16,normalization,solver_rank1_r1,solver_rank1,1,2560,0.0
model.layers.16.input_layernorm.weight,layer_16,normalization,solver_rank1_r2,solver_rank1,2,2560,0.0
model.layers.16.input_layernorm.weight,layer_16,normalization,solver_rank1_r3,solver_rank1,3,2560,0.0
model.layers.16.input_layernorm.weight,layer_16,normalization,solver_rank1_r4,solver_rank1,4,2560,0.0
model.layers.16.input_layernorm.weight,layer_16,normalization,solver_rank1_r5,solver_rank1,5,2560,0.0
model.layers.16.input_layernorm.weight,layer_16,normalization,solver_full_r1,solver_full,1,2560,0.0
model.layers.16.input_layernorm.weight,layer_16,normalization,solver_full_r2,solver_full,2,2560,0.0
model.layers.16.input_layernorm.weight,layer_16,normalization,solver_full_r3,solver_full,3,2560,0.0
model.layers.16.input_layernorm.weight,layer_16,normalization,solver_full_r4,solver_full,4,2560,0.0
model.layers.16.input_layernorm.weight,layer_16,normalization,solver_full_r5,solver_full,5,2560,0.0
model.layers.26.self_attn.q_proj.weight,layer_26,attention_q,questioner_full_r1,questioner_full,1,10485760,0.007531820061494121
model.layers.26.self_attn.q_proj.weight,layer_26,attention_q,questioner_full_r2,questioner_full,2,10485760,0.058300666778019164
model.layers.26.self_attn.q_proj.weight,layer_26,attention_q,questioner_full_r3,questioner_full,3,10485760,0.055289232032767144
model.layers.26.self_attn.q_proj.weight,layer_26,attention_q,questioner_full_r4,questioner_full,4,10485760,0.05463844985656868
model.layers.26.self_attn.q_proj.weight,layer_26,attention_q,questioner_full_r5,questioner_full,5,10485760,0.05543719323996626
model.layers.26.self_attn.q_proj.weight,layer_26,attention_q,solver_rank1_r1,solver_rank1,1,10485760,0.010709782551129426
model.layers.26.self_attn.q_proj.weight,layer_26,attention_q,solver_rank1_r2,solver_rank1,2,10485760,0.011400809236242229
model.layers.26.self_attn.q_proj.weight,layer_26,attention_q,solver_rank1_r3,solver_rank1,3,10485760,0.011115438274505694
model.layers.26.self_attn.q_proj.weight,layer_26,attention_q,solver_rank1_r4,solver_rank1,4,10485760,0.01103696600175001
model.layers.26.self_attn.q_proj.weight,layer_26,attention_q,solver_rank1_r5,solver_rank1,5,10485760,0.010899916476523318
model.layers.26.self_attn.q_proj.weight,layer_26,attention_q,solver_full_r1,solver_full,1,10485760,0.011898977553745518
model.layers.26.self_attn.q_proj.weight,layer_26,attention_q,solver_full_r2,solver_full,2,10485760,0.012898381492189817
model.layers.26.self_attn.q_proj.weight,layer_26,attention_q,solver_full_r3,solver_full,3,10485760,0.012723398312177796
model.layers.26.self_attn.q_proj.weight,layer_26,attention_q,solver_full_r4,solver_full,4,10485760,0.01262230441852383
model.layers.26.self_attn.q_proj.weight,layer_26,attention_q,solver_full_r5,solver_full,5,10485760,0.012467245112677418
model.layers.5.input_layernorm.weight,layer_05,normalization,questioner_full_r1,questioner_full,1,2560,8.363574572029777e-06
model.layers.5.input_layernorm.weight,layer_05,normalization,questioner_full_r2,questioner_full,2,2560,3.79591748554532e-05
model.layers.5.input_layernorm.weight,layer_05,normalization,questioner_full_r3,questioner_full,3,2560,4.5896040926478205e-05
model.layers.5.input_layernorm.weight,layer_05,normalization,questioner_full_r4,questioner_full,4,2560,4.362213073411716e-05
model.layers.5.input_layernorm.weight,layer_05,normalization,questioner_full_r5,questioner_full,5,2560,4.800687007390297e-05
model.layers.5.input_layernorm.weight,layer_05,normalization,solver_rank1_r1,solver_rank1,1,2560,2.560649115503917e-05
model.layers.5.input_layernorm.weight,layer_05,normalization,solver_rank1_r2,solver_rank1,2,2560,2.676938760193171e-05
model.layers.5.input_layernorm.weight,layer_05,normalization,solver_rank1_r3,solver_rank1,3,2560,2.4543872638422238e-05
model.layers.5.input_layernorm.weight,layer_05,normalization,solver_rank1_r4,solver_rank1,4,2560,2.46997073998317e-05
model.layers.5.input_layernorm.weight,layer_05,normalization,solver_rank1_r5,solver_rank1,5,2560,1.7862309762897837e-05
model.layers.5.input_layernorm.weight,layer_05,normalization,solver_full_r1,solver_full,1,2560,2.5927472382814225e-05
model.layers.5.input_layernorm.weight,layer_05,normalization,solver_full_r2,solver_full,2,2560,2.9808997360396927e-05
model.layers.5.input_layernorm.weight,layer_05,normalization,solver_full_r3,solver_full,3,2560,2.452932099838177e-05
model.layers.5.input_layernorm.weight,layer_05,normalization,solver_full_r4,solver_full,4,2560,2.42221572219633e-05
model.layers.5.input_layernorm.weight,layer_05,normalization,solver_full_r5,solver_full,5,2560,1.90570880016256e-05
model.layers.20.mlp.gate_proj.weight,layer_20,mlp_gate,questioner_full_r1,questioner_full,1,24903680,0.013079635478958565
model.layers.20.mlp.gate_proj.weight,layer_20,mlp_gate,questioner_full_r2,questioner_full,2,24903680,0.08557381928902845
model.layers.20.mlp.gate_proj.weight,layer_20,mlp_gate,questioner_full_r3,questioner_full,3,24903680,0.08463222238965376
model.layers.20.mlp.gate_proj.weight,layer_20,mlp_gate,questioner_full_r4,questioner_full,4,24903680,0.08145732918918162
model.layers.20.mlp.gate_proj.weight,layer_20,mlp_gate,questioner_full_r5,questioner_full,5,24903680,0.08411538743705303
model.layers.20.mlp.gate_proj.weight,layer_20,mlp_gate,solver_rank1_r1,solver_rank1,1,24903680,0.018511479138470597
model.layers.20.mlp.gate_proj.weight,layer_20,mlp_gate,solver_rank1_r2,solver_rank1,2,24903680,0.019479880098609802
model.layers.20.mlp.gate_proj.weight,layer_20,mlp_gate,solver_rank1_r3,solver_rank1,3,24903680,0.01877576890121176
model.layers.20.mlp.gate_proj.weight,layer_20,mlp_gate,solver_rank1_r4,solver_rank1,4,24903680,0.01845193744551191
model.layers.20.mlp.gate_proj.weight,layer_20,mlp_gate,solver_rank1_r5,solver_rank1,5,24903680,0.018149246401573
model.layers.20.mlp.gate_proj.weight,layer_20,mlp_gate,solver_full_r1,solver_full,1,24903680,0.02043573805216002
model.layers.20.mlp.gate_proj.weight,layer_20,mlp_gate,solver_full_r2,solver_full,2,24903680,0.0218633671875646
model.layers.20.mlp.gate_proj.weight,layer_20,mlp_gate,solver_full_r3,solver_full,3,24903680,0.02145783297160576
model.layers.20.mlp.gate_proj.weight,layer_20,mlp_gate,solver_full_r4,solver_full,4,24903680,0.021094322053685187
model.layers.20.mlp.gate_proj.weight,layer_20,mlp_gate,solver_full_r5,solver_full,5,24903680,0.02073745337118844
model.layers.12.self_attn.k_proj.weight,layer_12,attention_k,questioner_full_r1,questioner_full,1,2621440,0.004435283852021674
model.layers.12.self_attn.k_proj.weight,layer_12,attention_k,questioner_full_r2,questioner_full,2,2621440,0.024987990050570598
model.layers.12.self_attn.k_proj.weight,layer_12,attention_k,questioner_full_r3,questioner_full,3,2621440,0.026171111682446686
model.layers.12.self_attn.k_proj.weight,layer_12,attention_k,questioner_full_r4,questioner_full,4,2621440,0.02663756529515528
model.layers.12.self_attn.k_proj.weight,layer_12,attention_k,questioner_full_r5,questioner_full,5,2621440,0.02722886176796043
model.layers.12.self_attn.k_proj.weight,layer_12,attention_k,solver_rank1_r1,solver_rank1,1,2621440,0.006786035908010785
model.layers.12.self_attn.k_proj.weight,layer_12,attention_k,solver_rank1_r2,solver_rank1,2,2621440,0.006994815209892629
model.layers.12.self_attn.k_proj.weight,layer_12,attention_k,solver_rank1_r3,solver_rank1,3,2621440,0.006460327997861353
model.layers.12.self_attn.k_proj.weight,layer_12,attention_k,solver_rank1_r4,solver_rank1,4,2621440,0.006142268165801256
model.layers.12.self_attn.k_proj.weight,layer_12,attention_k,solver_rank1_r5,solver_rank1,5,2621440,0.006983747251785868
model.layers.12.self_attn.k_proj.weight,layer_12,attention_k,solver_full_r1,solver_full,1,2621440,0.007354024562287612
model.layers.12.self_attn.k_proj.weight,layer_12,attention_k,solver_full_r2,solver_full,2,2621440,0.007754406443608745
model.layers.12.self_attn.k_proj.weight,layer_12,attention_k,solver_full_r3,solver_full,3,2621440,0.007240556748882211
model.layers.12.self_attn.k_proj.weight,layer_12,attention_k,solver_full_r4,solver_full,4,2621440,0.006868299130670094
model.layers.12.self_attn.k_proj.weight,layer_12,attention_k,solver_full_r5,solver_full,5,2621440,0.0074263370368539755
model.layers.8.input_layernorm.weight,layer_08,normalization,questioner_full_r1,questioner_full,1,2560,5.245208740234375e-06
model.layers.8.input_layernorm.weight,layer_08,normalization,questioner_full_r2,questioner_full,2,2560,1.528856233776226e-05
model.layers.8.input_layernorm.weight,layer_08,normalization,questioner_full_r3,questioner_full,3,2560,2.711271090665722e-05
model.layers.8.input_layernorm.weight,layer_08,normalization,questioner_full_r4,questioner_full,4,2560,1.430511474609375e-06
model.layers.8.input_layernorm.weight,layer_08,normalization,questioner_full_r5,questioner_full,5,2560,2.0592520600976166e-05
model.layers.8.input_layernorm.weight,layer_08,normalization,solver_rank1_r1,solver_rank1,1,2560,7.62939453125e-06
model.layers.8.input_layernorm.weight,layer_08,normalization,solver_rank1_r2,solver_rank1,2,2560,1.9363346580740883e-05
model.layers.8.input_layernorm.weight,layer_08,normalization,solver_rank1_r3,solver_rank1,3,2560,2.384185791015625e-06
model.layers.8.input_layernorm.weight,layer_08,normalization,solver_rank1_r4,solver_rank1,4,2560,8.106231689453125e-06
model.layers.8.input_layernorm.weight,layer_08,normalization,solver_rank1_r5,solver_rank1,5,2560,1.430511474609375e-06
model.layers.8.input_layernorm.weight,layer_08,normalization,solver_full_r1,solver_full,1,2560,7.62939453125e-06
model.layers.8.input_layernorm.weight,layer_08,normalization,solver_full_r2,solver_full,2,2560,1.8791256423223526e-05
model.layers.8.input_layernorm.weight,layer_08,normalization,solver_full_r3,solver_full,3,2560,9.5367431640625e-06
model.layers.8.input_layernorm.weight,layer_08,normalization,solver_full_r4,solver_full,4,2560,8.106231689453125e-06
model.layers.8.input_layernorm.weight,layer_08,normalization,solver_full_r5,solver_full,5,2560,1.430511474609375e-06
model.layers.19.self_attn.k_norm.weight,layer_19,normalization,questioner_full_r1,questioner_full,1,128,1.8688123647942946e-05
model.layers.19.self_attn.k_norm.weight,layer_19,normalization,questioner_full_r2,questioner_full,2,128,6.151014517439689e-05
model.layers.19.self_attn.k_norm.weight,layer_19,normalization,questioner_full_r3,questioner_full,3,128,4.382753483992026e-05
model.layers.19.self_attn.k_norm.weight,layer_19,normalization,questioner_full_r4,questioner_full,4,128,4.178791484872178e-05
model.layers.19.self_attn.k_norm.weight,layer_19,normalization,questioner_full_r5,questioner_full,5,128,4.178791484872178e-05
model.layers.19.self_attn.k_norm.weight,layer_19,normalization,solver_rank1_r1,solver_rank1,1,128,1.8688123647942946e-05
model.layers.19.self_attn.k_norm.weight,layer_19,normalization,solver_rank1_r2,solver_rank1,2,128,1.7059844799040144e-05
model.layers.19.self_attn.k_norm.weight,layer_19,normalization,solver_rank1_r3,solver_rank1,3,128,1.7059844799040144e-05
model.layers.19.self_attn.k_norm.weight,layer_19,normalization,solver_rank1_r4,solver_rank1,4,128,1.7059844799040144e-05
model.layers.19.self_attn.k_norm.weight,layer_19,normalization,solver_rank1_r5,solver_rank1,5,128,1.8688123647942946e-05
model.layers.19.self_attn.k_norm.weight,layer_19,normalization,solver_full_r1,solver_full,1,128,2.412626388678268e-05
model.layers.19.self_attn.k_norm.weight,layer_19,normalization,solver_full_r2,solver_full,2,128,1.7059844799040144e-05
model.layers.19.self_attn.k_norm.weight,layer_19,normalization,solver_full_r3,solver_full,3,128,1.8688123647942946e-05
model.layers.19.self_attn.k_norm.weight,layer_19,normalization,solver_full_r4,solver_full,4,128,1.7059844799040144e-05
model.layers.19.self_attn.k_norm.weight,layer_19,normalization,solver_full_r5,solver_full,5,128,2.1579186437577746e-05
model.layers.35.self_attn.o_proj.weight,layer_35,attention_o,questioner_full_r1,questioner_full,1,10485760,0.008093830355628495
model.layers.35.self_attn.o_proj.weight,layer_35,attention_o,questioner_full_r2,questioner_full,2,10485760,0.054968388504553045
model.layers.35.self_attn.o_proj.weight,layer_35,attention_o,questioner_full_r3,questioner_full,3,10485760,0.053147308303952104
model.layers.35.self_attn.o_proj.weight,layer_35,attention_o,questioner_full_r4,questioner_full,4,10485760,0.053346216794198986
model.layers.35.self_attn.o_proj.weight,layer_35,attention_o,questioner_full_r5,questioner_full,5,10485760,0.05363454737322283
model.layers.35.self_attn.o_proj.weight,layer_35,attention_o,solver_rank1_r1,solver_rank1,1,10485760,0.011430179523946971
model.layers.35.self_attn.o_proj.weight,layer_35,attention_o,solver_rank1_r2,solver_rank1,2,10485760,0.01277076369186065
model.layers.35.self_attn.o_proj.weight,layer_35,attention_o,solver_rank1_r3,solver_rank1,3,10485760,0.011594310219622211
model.layers.35.self_attn.o_proj.weight,layer_35,attention_o,solver_rank1_r4,solver_rank1,4,10485760,0.011790323785752559
model.layers.35.self_attn.o_proj.weight,layer_35,attention_o,solver_rank1_r5,solver_rank1,5,10485760,0.010772913945634418
model.layers.35.self_attn.o_proj.weight,layer_35,attention_o,solver_full_r1,solver_full,1,10485760,0.012419897920924424
model.layers.35.self_attn.o_proj.weight,layer_35,attention_o,solver_full_r2,solver_full,2,10485760,0.014025769616376428
model.layers.35.self_attn.o_proj.weight,layer_35,attention_o,solver_full_r3,solver_full,3,10485760,0.0130169070731465
model.layers.35.self_attn.o_proj.weight,layer_35,attention_o,solver_full_r4,solver_full,4,10485760,0.013151811344752693
model.layers.35.self_attn.o_proj.weight,layer_35,attention_o,solver_full_r5,solver_full,5,10485760,0.012019724527176513
model.layers.6.input_layernorm.weight,layer_06,normalization,questioner_full_r1,questioner_full,1,2560,1.5130338892782237e-05
model.layers.6.input_layernorm.weight,layer_06,normalization,questioner_full_r2,questioner_full,2,2560,1.900715395011952e-05
model.layers.6.input_layernorm.weight,layer_06,normalization,questioner_full_r3,questioner_full,3,2560,4.2505133290888174e-05
model.layers.6.input_layernorm.weight,layer_06,normalization,questioner_full_r4,questioner_full,4,2560,3.331899642944336e-05
model.layers.6.input_layernorm.weight,layer_06,normalization,questioner_full_r5,questioner_full,5,2560,3.537609733072923e-05
model.layers.6.input_layernorm.weight,layer_06,normalization,solver_rank1_r1,solver_rank1,1,2560,2.076561287984446e-05
model.layers.6.input_layernorm.weight,layer_06,normalization,solver_rank1_r2,solver_rank1,2,2560,2.8852635742041727e-05
model.layers.6.input_layernorm.weight,layer_06,normalization,solver_rank1_r3,solver_rank1,3,2560,1.2812297506574211e-05
model.layers.6.input_layernorm.weight,layer_06,normalization,solver_rank1_r4,solver_rank1,4,2560,2.423600575162383e-05
model.layers.6.input_layernorm.weight,layer_06,normalization,solver_rank1_r5,solver_rank1,5,2560,1.3483371100714014e-05
model.layers.6.input_layernorm.weight,layer_06,normalization,solver_full_r1,solver_full,1,2560,2.1059006418208314e-05
model.layers.6.input_layernorm.weight,layer_06,normalization,solver_full_r2,solver_full,2,2560,2.9301489123242708e-05
model.layers.6.input_layernorm.weight,layer_06,normalization,solver_full_r3,solver_full,3,2560,1.4063477605728055e-05
model.layers.6.input_layernorm.weight,layer_06,normalization,solver_full_r4,solver_full,4,2560,2.3669209372602433e-05
model.layers.6.input_layernorm.weight,layer_06,normalization,solver_full_r5,solver_full,5,2560,1.4633321541643351e-05
model.layers.8.self_attn.q_norm.weight,layer_08,normalization,questioner_full_r1,questioner_full,1,128,0.0
model.layers.8.self_attn.q_norm.weight,layer_08,normalization,questioner_full_r2,questioner_full,2,128,0.0
model.layers.8.self_attn.q_norm.weight,layer_08,normalization,questioner_full_r3,questioner_full,3,128,0.0
model.layers.8.self_attn.q_norm.weight,layer_08,normalization,questioner_full_r4,questioner_full,4,128,0.0
model.layers.8.self_attn.q_norm.weight,layer_08,normalization,questioner_full_r5,questioner_full,5,128,0.0
model.layers.8.self_attn.q_norm.weight,layer_08,normalization,solver_rank1_r1,solver_rank1,1,128,0.0
model.layers.8.self_attn.q_norm.weight,layer_08,normalization,solver_rank1_r2,solver_rank1,2,128,0.0
model.layers.8.self_attn.q_norm.weight,layer_08,normalization,solver_rank1_r3,solver_rank1,3,128,0.0
model.layers.8.self_attn.q_norm.weight,layer_08,normalization,solver_rank1_r4,solver_rank1,4,128,0.0
model.layers.8.self_attn.q_norm.weight,layer_08,normalization,solver_rank1_r5,solver_rank1,5,128,0.0
model.layers.8.self_attn.q_norm.weight,layer_08,normalization,solver_full_r1,solver_full,1,128,0.0
model.layers.8.self_attn.q_norm.weight,layer_08,normalization,solver_full_r2,solver_full,2,128,0.0
model.layers.8.self_attn.q_norm.weight,layer_08,normalization,solver_full_r3,solver_full,3,128,0.0
model.layers.8.self_attn.q_norm.weight,layer_08,normalization,solver_full_r4,solver_full,4,128,0.0
model.layers.8.self_attn.q_norm.weight,layer_08,normalization,solver_full_r5,solver_full,5,128,0.0
model.layers.27.self_attn.q_norm.weight,layer_27,normalization,questioner_full_r1,questioner_full,1,128,0.0
model.layers.27.self_attn.q_norm.weight,layer_27,normalization,questioner_full_r2,questioner_full,2,128,1.52587890625e-05
model.layers.27.self_attn.q_norm.weight,layer_27,normalization,questioner_full_r3,questioner_full,3,128,3.411968959808029e-05
model.layers.27.self_attn.q_norm.weight,layer_27,normalization,questioner_full_r4,questioner_full,4,128,3.814697265625e-06
model.layers.27.self_attn.q_norm.weight,layer_27,normalization,questioner_full_r5,questioner_full,5,128,3.0755072587198445e-05
model.layers.27.self_attn.q_norm.weight,layer_27,normalization,solver_rank1_r1,solver_rank1,1,128,0.0
model.layers.27.self_attn.q_norm.weight,layer_27,normalization,solver_rank1_r2,solver_rank1,2,128,7.62939453125e-06
model.layers.27.self_attn.q_norm.weight,layer_27,normalization,solver_rank1_r3,solver_rank1,3,128,0.0
model.layers.27.self_attn.q_norm.weight,layer_27,normalization,solver_rank1_r4,solver_rank1,4,128,1.1444091796875e-05
model.layers.27.self_attn.q_norm.weight,layer_27,normalization,solver_rank1_r5,solver_rank1,5,128,3.814697265625e-06
model.layers.27.self_attn.q_norm.weight,layer_27,normalization,solver_full_r1,solver_full,1,128,0.0
model.layers.27.self_attn.q_norm.weight,layer_27,normalization,solver_full_r2,solver_full,2,128,7.62939453125e-06
model.layers.27.self_attn.q_norm.weight,layer_27,normalization,solver_full_r3,solver_full,3,128,0.0
model.layers.27.self_attn.q_norm.weight,layer_27,normalization,solver_full_r4,solver_full,4,128,1.1444091796875e-05
model.layers.27.self_attn.q_norm.weight,layer_27,normalization,solver_full_r5,solver_full,5,128,3.814697265625e-06
model.layers.12.self_attn.v_proj.weight,layer_12,attention_v,questioner_full_r1,questioner_full,1,2621440,0.004449310722434128
model.layers.12.self_attn.v_proj.weight,layer_12,attention_v,questioner_full_r2,questioner_full,2,2621440,0.022988044647714524
model.layers.12.self_attn.v_proj.weight,layer_12,attention_v,questioner_full_r3,questioner_full,3,2621440,0.024490248896757803
model.layers.12.self_attn.v_proj.weight,layer_12,attention_v,questioner_full_r4,questioner_full,4,2621440,0.02458150544832503
model.layers.12.self_attn.v_proj.weight,layer_12,attention_v,questioner_full_r5,questioner_full,5,2621440,0.024870637268483455
model.layers.12.self_attn.v_proj.weight,layer_12,attention_v,solver_rank1_r1,solver_rank1,1,2621440,0.0072402098025575986
model.layers.12.self_attn.v_proj.weight,layer_12,attention_v,solver_rank1_r2,solver_rank1,2,2621440,0.007085198355027599
model.layers.12.self_attn.v_proj.weight,layer_12,attention_v,solver_rank1_r3,solver_rank1,3,2621440,0.0066998519698985804
model.layers.12.self_attn.v_proj.weight,layer_12,attention_v,solver_rank1_r4,solver_rank1,4,2621440,0.006327076767803153
model.layers.12.self_attn.v_proj.weight,layer_12,attention_v,solver_rank1_r5,solver_rank1,5,2621440,0.006865655402136011
model.layers.12.self_attn.v_proj.weight,layer_12,attention_v,solver_full_r1,solver_full,1,2621440,0.007820174752080612
model.layers.12.self_attn.v_proj.weight,layer_12,attention_v,solver_full_r2,solver_full,2,2621440,0.007891844951728438
model.layers.12.self_attn.v_proj.weight,layer_12,attention_v,solver_full_r3,solver_full,3,2621440,0.007548773132767921
model.layers.12.self_attn.v_proj.weight,layer_12,attention_v,solver_full_r4,solver_full,4,2621440,0.00714933526260853
model.layers.12.self_attn.v_proj.weight,layer_12,attention_v,solver_full_r5,solver_full,5,2621440,0.007377075783403485
model.layers.6.mlp.down_proj.weight,layer_06,mlp_down,questioner_full_r1,questioner_full,1,24903680,0.012581254738908365
model.layers.6.mlp.down_proj.weight,layer_06,mlp_down,questioner_full_r2,questioner_full,2,24903680,0.07716372239629324
model.layers.6.mlp.down_proj.weight,layer_06,mlp_down,questioner_full_r3,questioner_full,3,24903680,0.080323255062803
model.layers.6.mlp.down_proj.weight,layer_06,mlp_down,questioner_full_r4,questioner_full,4,24903680,0.08293069670839359
model.layers.6.mlp.down_proj.weight,layer_06,mlp_down,questioner_full_r5,questioner_full,5,24903680,0.08520411614073775
model.layers.6.mlp.down_proj.weight,layer_06,mlp_down,solver_rank1_r1,solver_rank1,1,24903680,0.018576967541034696
model.layers.6.mlp.down_proj.weight,layer_06,mlp_down,solver_rank1_r2,solver_rank1,2,24903680,0.01955654023056902
model.layers.6.mlp.down_proj.weight,layer_06,mlp_down,solver_rank1_r3,solver_rank1,3,24903680,0.019511924666399626
model.layers.6.mlp.down_proj.weight,layer_06,mlp_down,solver_rank1_r4,solver_rank1,4,24903680,0.01740840624659615
model.layers.6.mlp.down_proj.weight,layer_06,mlp_down,solver_rank1_r5,solver_rank1,5,24903680,0.020104398334291358
model.layers.6.mlp.down_proj.weight,layer_06,mlp_down,solver_full_r1,solver_full,1,24903680,0.020074350728718618
model.layers.6.mlp.down_proj.weight,layer_06,mlp_down,solver_full_r2,solver_full,2,24903680,0.021534237852526946
model.layers.6.mlp.down_proj.weight,layer_06,mlp_down,solver_full_r3,solver_full,3,24903680,0.021703302018133076
model.layers.6.mlp.down_proj.weight,layer_06,mlp_down,solver_full_r4,solver_full,4,24903680,0.019524402277718064
model.layers.6.mlp.down_proj.weight,layer_06,mlp_down,solver_full_r5,solver_full,5,24903680,0.02144541044637776
model.layers.20.self_attn.q_proj.weight,layer_20,attention_q,questioner_full_r1,questioner_full,1,10485760,0.009903555020297928
model.layers.20.self_attn.q_proj.weight,layer_20,attention_q,questioner_full_r2,questioner_full,2,10485760,0.05612400404898135
model.layers.20.self_attn.q_proj.weight,layer_20,attention_q,questioner_full_r3,questioner_full,3,10485760,0.055669723999783066
model.layers.20.self_attn.q_proj.weight,layer_20,attention_q,questioner_full_r4,questioner_full,4,10485760,0.05615394786948368
model.layers.20.self_attn.q_proj.weight,layer_20,attention_q,questioner_full_r5,questioner_full,5,10485760,0.05701885464277223
model.layers.20.self_attn.q_proj.weight,layer_20,attention_q,solver_rank1_r1,solver_rank1,1,10485760,0.012615094993313066
model.layers.20.self_attn.q_proj.weight,layer_20,attention_q,solver_rank1_r2,solver_rank1,2,10485760,0.013016543218674166
model.layers.20.self_attn.q_proj.weight,layer_20,attention_q,solver_rank1_r3,solver_rank1,3,10485760,0.012397571085349564
model.layers.20.self_attn.q_proj.weight,layer_20,attention_q,solver_rank1_r4,solver_rank1,4,10485760,0.011896392480911176
model.layers.20.self_attn.q_proj.weight,layer_20,attention_q,solver_rank1_r5,solver_rank1,5,10485760,0.011907576521715021
model.layers.20.self_attn.q_proj.weight,layer_20,attention_q,solver_full_r1,solver_full,1,10485760,0.013861292068900806
model.layers.20.self_attn.q_proj.weight,layer_20,attention_q,solver_full_r2,solver_full,2,10485760,0.014593740693803071
model.layers.20.self_attn.q_proj.weight,layer_20,attention_q,solver_full_r3,solver_full,3,10485760,0.014067725451037816
model.layers.20.self_attn.q_proj.weight,layer_20,attention_q,solver_full_r4,solver_full,4,10485760,0.01346549602259825
model.layers.20.self_attn.q_proj.weight,layer_20,attention_q,solver_full_r5,solver_full,5,10485760,0.013533653613699853
model.layers.27.post_attention_layernorm.weight,layer_27,normalization,questioner_full_r1,questioner_full,1,2560,5.863791534651531e-06
model.layers.27.post_attention_layernorm.weight,layer_27,normalization,questioner_full_r2,questioner_full,2,2560,1.7281569898577683e-05
model.layers.27.post_attention_layernorm.weight,layer_27,normalization,questioner_full_r3,questioner_full,3,2560,4.105345630985886e-05
model.layers.27.post_attention_layernorm.weight,layer_27,normalization,questioner_full_r4,questioner_full,4,2560,2.1475509880208462e-05
model.layers.27.post_attention_layernorm.weight,layer_27,normalization,questioner_full_r5,questioner_full,5,2560,4.891780467925917e-05
model.layers.27.post_attention_layernorm.weight,layer_27,normalization,solver_rank1_r1,solver_rank1,1,2560,7.461662544532102e-06
model.layers.27.post_attention_layernorm.weight,layer_27,normalization,solver_rank1_r2,solver_rank1,2,2560,1.0508822076102733e-05
model.layers.27.post_attention_layernorm.weight,layer_27,normalization,solver_rank1_r3,solver_rank1,3,2560,1.3575505793616564e-05
model.layers.27.post_attention_layernorm.weight,layer_27,normalization,solver_rank1_r4,solver_rank1,4,2560,5.6204248700306975e-06
model.layers.27.post_attention_layernorm.weight,layer_27,normalization,solver_rank1_r5,solver_rank1,5,2560,1.792623936231085e-05
model.layers.27.post_attention_layernorm.weight,layer_27,normalization,solver_full_r1,solver_full,1,2560,7.498306103692337e-06
model.layers.27.post_attention_layernorm.weight,layer_27,normalization,solver_full_r2,solver_full,2,2560,1.0545017710335382e-05
model.layers.27.post_attention_layernorm.weight,layer_27,normalization,solver_full_r3,solver_full,3,2560,1.403331837603884e-05
model.layers.27.post_attention_layernorm.weight,layer_27,normalization,solver_full_r4,solver_full,4,2560,6.045704290825386e-06
model.layers.27.post_attention_layernorm.weight,layer_27,normalization,solver_full_r5,solver_full,5,2560,1.8435573060863877e-05
model.layers.1.self_attn.q_norm.weight,layer_01,normalization,questioner_full_r1,questioner_full,1,128,0.0
model.layers.1.self_attn.q_norm.weight,layer_01,normalization,questioner_full_r2,questioner_full,2,128,0.0
model.layers.1.self_attn.q_norm.weight,layer_01,normalization,questioner_full_r3,questioner_full,3,128,0.0
model.layers.1.self_attn.q_norm.weight,layer_01,normalization,questioner_full_r4,questioner_full,4,128,0.0
model.layers.1.self_attn.q_norm.weight,layer_01,normalization,questioner_full_r5,questioner_full,5,128,0.0
model.layers.1.self_attn.q_norm.weight,layer_01,normalization,solver_rank1_r1,solver_rank1,1,128,0.0
model.layers.1.self_attn.q_norm.weight,layer_01,normalization,solver_rank1_r2,solver_rank1,2,128,0.0
model.layers.1.self_attn.q_norm.weight,layer_01,normalization,solver_rank1_r3,solver_rank1,3,128,0.0
model.layers.1.self_attn.q_norm.weight,layer_01,normalization,solver_rank1_r4,solver_rank1,4,128,0.0
model.layers.1.self_attn.q_norm.weight,layer_01,normalization,solver_rank1_r5,solver_rank1,5,128,0.0
model.layers.1.self_attn.q_norm.weight,layer_01,normalization,solver_full_r1,solver_full,1,128,0.0
model.layers.1.self_attn.q_norm.weight,layer_01,normalization,solver_full_r2,solver_full,2,128,0.0
model.layers.1.self_attn.q_norm.weight,layer_01,normalization,solver_full_r3,solver_full,3,128,0.0
model.layers.1.self_attn.q_norm.weight,layer_01,normalization,solver_full_r4,solver_full,4,128,0.0
model.layers.1.self_attn.q_norm.weight,layer_01,normalization,solver_full_r5,solver_full,5,128,0.0
model.layers.10.self_attn.q_norm.weight,layer_10,normalization,questioner_full_r1,questioner_full,1,128,0.0
model.layers.10.self_attn.q_norm.weight,layer_10,normalization,questioner_full_r2,questioner_full,2,128,3.0517578125e-05
model.layers.10.self_attn.q_norm.weight,layer_10,normalization,questioner_full_r3,questioner_full,3,128,0.0
model.layers.10.self_attn.q_norm.weight,layer_10,normalization,questioner_full_r4,questioner_full,4,128,0.0
model.layers.10.self_attn.q_norm.weight,layer_10,normalization,questioner_full_r5,questioner_full,5,128,0.0
model.layers.10.self_attn.q_norm.weight,layer_10,normalization,solver_rank1_r1,solver_rank1,1,128,0.0
model.layers.10.self_attn.q_norm.weight,layer_10,normalization,solver_rank1_r2,solver_rank1,2,128,0.0
model.layers.10.self_attn.q_norm.weight,layer_10,normalization,solver_rank1_r3,solver_rank1,3,128,3.0517578125e-05
model.layers.10.self_attn.q_norm.weight,layer_10,normalization,solver_rank1_r4,solver_rank1,4,128,0.0
model.layers.10.self_attn.q_norm.weight,layer_10,normalization,solver_rank1_r5,solver_rank1,5,128,0.0
model.layers.10.self_attn.q_norm.weight,layer_10,normalization,solver_full_r1,solver_full,1,128,0.0
model.layers.10.self_attn.q_norm.weight,layer_10,normalization,solver_full_r2,solver_full,2,128,0.0
model.layers.10.self_attn.q_norm.weight,layer_10,normalization,solver_full_r3,solver_full,3,128,3.0517578125e-05
model.layers.10.self_attn.q_norm.weight,layer_10,normalization,solver_full_r4,solver_full,4,128,0.0
model.layers.10.self_attn.q_norm.weight,layer_10,normalization,solver_full_r5,solver_full,5,128,0.0
model.layers.28.input_layernorm.weight,layer_28,normalization,questioner_full_r1,questioner_full,1,2560,0.0
model.layers.28.input_layernorm.weight,layer_28,normalization,questioner_full_r2,questioner_full,2,2560,0.0
model.layers.28.input_layernorm.weight,layer_28,normalization,questioner_full_r3,questioner_full,3,2560,0.0
model.layers.28.input_layernorm.weight,layer_28,normalization,questioner_full_r4,questioner_full,4,2560,0.0
model.layers.28.input_layernorm.weight,layer_28,normalization,questioner_full_r5,questioner_full,5,2560,0.0
model.layers.28.input_layernorm.weight,layer_28,normalization,solver_rank1_r1,solver_rank1,1,2560,0.0
model.layers.28.input_layernorm.weight,layer_28,normalization,solver_rank1_r2,solver_rank1,2,2560,0.0
model.layers.28.input_layernorm.weight,layer_28,normalization,solver_rank1_r3,solver_rank1,3,2560,0.0
model.layers.28.input_layernorm.weight,layer_28,normalization,solver_rank1_r4,solver_rank1,4,2560,0.0
model.layers.28.input_layernorm.weight,layer_28,normalization,solver_rank1_r5,solver_rank1,5,2560,0.0
model.layers.28.input_layernorm.weight,layer_28,normalization,solver_full_r1,solver_full,1,2560,0.0
model.layers.28.input_layernorm.weight,layer_28,normalization,solver_full_r2,solver_full,2,2560,0.0
model.layers.28.input_layernorm.weight,layer_28,normalization,solver_full_r3,solver_full,3,2560,0.0
model.layers.28.input_layernorm.weight,layer_28,normalization,solver_full_r4,solver_full,4,2560,0.0
model.layers.28.input_layernorm.weight,layer_28,normalization,solver_full_r5,solver_full,5,2560,0.0
model.layers.2.mlp.gate_proj.weight,layer_02,mlp_gate,questioner_full_r1,questioner_full,1,24903680,0.012315823268392541
model.layers.2.mlp.gate_proj.weight,layer_02,mlp_gate,questioner_full_r2,questioner_full,2,24903680,0.057927330415106205
model.layers.2.mlp.gate_proj.weight,layer_02,mlp_gate,questioner_full_r3,questioner_full,3,24903680,0.05509015841280262
model.layers.2.mlp.gate_proj.weight,layer_02,mlp_gate,questioner_full_r4,questioner_full,4,24903680,0.06018613492780003
model.layers.2.mlp.gate_proj.weight,layer_02,mlp_gate,questioner_full_r5,questioner_full,5,24903680,0.06073928580806793
model.layers.2.mlp.gate_proj.weight,layer_02,mlp_gate,solver_rank1_r1,solver_rank1,1,24903680,0.010852523654855999
model.layers.2.mlp.gate_proj.weight,layer_02,mlp_gate,solver_rank1_r2,solver_rank1,2,24903680,0.011258029452622336
model.layers.2.mlp.gate_proj.weight,layer_02,mlp_gate,solver_rank1_r3,solver_rank1,3,24903680,0.010736397801716546
model.layers.2.mlp.gate_proj.weight,layer_02,mlp_gate,solver_rank1_r4,solver_rank1,4,24903680,0.011072698414884511
model.layers.2.mlp.gate_proj.weight,layer_02,mlp_gate,solver_rank1_r5,solver_rank1,5,24903680,0.013344204900516682
model.layers.2.mlp.gate_proj.weight,layer_02,mlp_gate,solver_full_r1,solver_full,1,24903680,0.011750682058278136
model.layers.2.mlp.gate_proj.weight,layer_02,mlp_gate,solver_full_r2,solver_full,2,24903680,0.012084708894524038
model.layers.2.mlp.gate_proj.weight,layer_02,mlp_gate,solver_full_r3,solver_full,3,24903680,0.011688742123849677
model.layers.2.mlp.gate_proj.weight,layer_02,mlp_gate,solver_full_r4,solver_full,4,24903680,0.0122470598579984
model.layers.2.mlp.gate_proj.weight,layer_02,mlp_gate,solver_full_r5,solver_full,5,24903680,0.014495427100398727
model.layers.3.mlp.up_proj.weight,layer_03,mlp_up,questioner_full_r1,questioner_full,1,24903680,0.016652677939794115
model.layers.3.mlp.up_proj.weight,layer_03,mlp_up,questioner_full_r2,questioner_full,2,24903680,0.07291869647814003
model.layers.3.mlp.up_proj.weight,layer_03,mlp_up,questioner_full_r3,questioner_full,3,24903680,0.06948033009327245
model.layers.3.mlp.up_proj.weight,layer_03,mlp_up,questioner_full_r4,questioner_full,4,24903680,0.08091791651988456
model.layers.3.mlp.up_proj.weight,layer_03,mlp_up,questioner_full_r5,questioner_full,5,24903680,0.08600001015762067
model.layers.3.mlp.up_proj.weight,layer_03,mlp_up,solver_rank1_r1,solver_rank1,1,24903680,0.02006670716702582
model.layers.3.mlp.up_proj.weight,layer_03,mlp_up,solver_rank1_r2,solver_rank1,2,24903680,0.020259540286393356
model.layers.3.mlp.up_proj.weight,layer_03,mlp_up,solver_rank1_r3,solver_rank1,3,24903680,0.019981882706150176
model.layers.3.mlp.up_proj.weight,layer_03,mlp_up,solver_rank1_r4,solver_rank1,4,24903680,0.017737251704541025
model.layers.3.mlp.up_proj.weight,layer_03,mlp_up,solver_rank1_r5,solver_rank1,5,24903680,0.019788831273992374
model.layers.3.mlp.up_proj.weight,layer_03,mlp_up,solver_full_r1,solver_full,1,24903680,0.020885037587587266
model.layers.3.mlp.up_proj.weight,layer_03,mlp_up,solver_full_r2,solver_full,2,24903680,0.021977523527049053
model.layers.3.mlp.up_proj.weight,layer_03,mlp_up,solver_full_r3,solver_full,3,24903680,0.02174564228065988
model.layers.3.mlp.up_proj.weight,layer_03,mlp_up,solver_full_r4,solver_full,4,24903680,0.01911684943493318
model.layers.3.mlp.up_proj.weight,layer_03,mlp_up,solver_full_r5,solver_full,5,24903680,0.021461048623502687
model.layers.7.input_layernorm.weight,layer_07,normalization,questioner_full_r1,questioner_full,1,2560,9.725607897935456e-06
model.layers.7.input_layernorm.weight,layer_07,normalization,questioner_full_r2,questioner_full,2,2560,1.587230394086193e-05
model.layers.7.input_layernorm.weight,layer_07,normalization,questioner_full_r3,questioner_full,3,2560,3.8111193089843913e-05
model.layers.7.input_layernorm.weight,layer_07,normalization,questioner_full_r4,questioner_full,4,2560,3.128284352656694e-05
model.layers.7.input_layernorm.weight,layer_07,normalization,questioner_full_r5,questioner_full,5,2560,2.8626119651419896e-05
model.layers.7.input_layernorm.weight,layer_07,normalization,solver_rank1_r1,solver_rank1,1,2560,7.762346551942685e-06
model.layers.7.input_layernorm.weight,layer_07,normalization,solver_rank1_r2,solver_rank1,2,2560,3.0532475649990313e-06
model.layers.7.input_layernorm.weight,layer_07,normalization,solver_rank1_r3,solver_rank1,3,2560,1.6022012344752733e-05
model.layers.7.input_layernorm.weight,layer_07,normalization,solver_rank1_r4,solver_rank1,4,2560,1.348699152348609e-05
model.layers.7.input_layernorm.weight,layer_07,normalization,solver_rank1_r5,solver_rank1,5,2560,1.2794883599280108e-05
model.layers.7.input_layernorm.weight,layer_07,normalization,solver_full_r1,solver_full,1,2560,7.62939453125e-06
model.layers.7.input_layernorm.weight,layer_07,normalization,solver_full_r2,solver_full,2,2560,2.6973983046972182e-06
model.layers.7.input_layernorm.weight,layer_07,normalization,solver_full_r3,solver_full,3,2560,1.5850801600069677e-05
model.layers.7.input_layernorm.weight,layer_07,normalization,solver_full_r4,solver_full,4,2560,1.4557206652139423e-05
model.layers.7.input_layernorm.weight,layer_07,normalization,solver_full_r5,solver_full,5,2560,1.2794883599280108e-05
model.layers.16.self_attn.q_proj.weight,layer_16,attention_q,questioner_full_r1,questioner_full,1,10485760,0.009739550480778649
model.layers.16.self_attn.q_proj.weight,layer_16,attention_q,questioner_full_r2,questioner_full,2,10485760,0.05113000588978102
model.layers.16.self_attn.q_proj.weight,layer_16,attention_q,questioner_full_r3,questioner_full,3,10485760,0.05367236689635582
model.layers.16.self_attn.q_proj.weight,layer_16,attention_q,questioner_full_r4,questioner_full,4,10485760,0.05347112470468929
model.layers.16.self_attn.q_proj.weight,layer_16,attention_q,questioner_full_r5,questioner_full,5,10485760,0.05434258383819931
model.layers.16.self_attn.q_proj.weight,layer_16,attention_q,solver_rank1_r1,solver_rank1,1,10485760,0.013807808590816392
model.layers.16.self_attn.q_proj.weight,layer_16,attention_q,solver_rank1_r2,solver_rank1,2,10485760,0.014365455363244137
model.layers.16.self_attn.q_proj.weight,layer_16,attention_q,solver_rank1_r3,solver_rank1,3,10485760,0.012719176274452569
model.layers.16.self_attn.q_proj.weight,layer_16,attention_q,solver_rank1_r4,solver_rank1,4,10485760,0.012413783437111386
model.layers.16.self_attn.q_proj.weight,layer_16,attention_q,solver_rank1_r5,solver_rank1,5,10485760,0.012296646255549125
model.layers.16.self_attn.q_proj.weight,layer_16,attention_q,solver_full_r1,solver_full,1,10485760,0.015032295125708247
model.layers.16.self_attn.q_proj.weight,layer_16,attention_q,solver_full_r2,solver_full,2,10485760,0.01599201262262671
model.layers.16.self_attn.q_proj.weight,layer_16,attention_q,solver_full_r3,solver_full,3,10485760,0.014391084945892316
model.layers.16.self_attn.q_proj.weight,layer_16,attention_q,solver_full_r4,solver_full,4,10485760,0.01400203585187871
model.layers.16.self_attn.q_proj.weight,layer_16,attention_q,solver_full_r5,solver_full,5,10485760,0.01406987946262168
model.layers.29.mlp.gate_proj.weight,layer_29,mlp_gate,questioner_full_r1,questioner_full,1,24903680,0.008768265520814932
model.layers.29.mlp.gate_proj.weight,layer_29,mlp_gate,questioner_full_r2,questioner_full,2,24903680,0.08575954353920419
model.layers.29.mlp.gate_proj.weight,layer_29,mlp_gate,questioner_full_r3,questioner_full,3,24903680,0.08063267678915342
model.layers.29.mlp.gate_proj.weight,layer_29,mlp_gate,questioner_full_r4,questioner_full,4,24903680,0.0791637102378303
model.layers.29.mlp.gate_proj.weight,layer_29,mlp_gate,questioner_full_r5,questioner_full,5,24903680,0.0816758851402739
model.layers.29.mlp.gate_proj.weight,layer_29,mlp_gate,solver_rank1_r1,solver_rank1,1,24903680,0.014511370568760153
model.layers.29.mlp.gate_proj.weight,layer_29,mlp_gate,solver_rank1_r2,solver_rank1,2,24903680,0.015007714389129866
model.layers.29.mlp.gate_proj.weight,layer_29,mlp_gate,solver_rank1_r3,solver_rank1,3,24903680,0.014990343871438975
model.layers.29.mlp.gate_proj.weight,layer_29,mlp_gate,solver_rank1_r4,solver_rank1,4,24903680,0.015362106776479766
model.layers.29.mlp.gate_proj.weight,layer_29,mlp_gate,solver_rank1_r5,solver_rank1,5,24903680,0.014187134553251865
model.layers.29.mlp.gate_proj.weight,layer_29,mlp_gate,solver_full_r1,solver_full,1,24903680,0.01610133444356707
model.layers.29.mlp.gate_proj.weight,layer_29,mlp_gate,solver_full_r2,solver_full,2,24903680,0.016895981142906198
model.layers.29.mlp.gate_proj.weight,layer_29,mlp_gate,solver_full_r3,solver_full,3,24903680,0.01707075404054521
model.layers.29.mlp.gate_proj.weight,layer_29,mlp_gate,solver_full_r4,solver_full,4,24903680,0.0173911173944436
model.layers.29.mlp.gate_proj.weight,layer_29,mlp_gate,solver_full_r5,solver_full,5,24903680,0.016237436330778874
model.layers.26.mlp.down_proj.weight,layer_26,mlp_down,questioner_full_r1,questioner_full,1,24903680,0.011321853644243245
model.layers.26.mlp.down_proj.weight,layer_26,mlp_down,questioner_full_r2,questioner_full,2,24903680,0.08350634458591212
model.layers.26.mlp.down_proj.weight,layer_26,mlp_down,questioner_full_r3,questioner_full,3,24903680,0.08107139709329748
model.layers.26.mlp.down_proj.weight,layer_26,mlp_down,questioner_full_r4,questioner_full,4,24903680,0.07792794221322924
model.layers.26.mlp.down_proj.weight,layer_26,mlp_down,questioner_full_r5,questioner_full,5,24903680,0.08078755340799872
model.layers.26.mlp.down_proj.weight,layer_26,mlp_down,solver_rank1_r1,solver_rank1,1,24903680,0.016252794452676255
model.layers.26.mlp.down_proj.weight,layer_26,mlp_down,solver_rank1_r2,solver_rank1,2,24903680,0.017265213230872732
model.layers.26.mlp.down_proj.weight,layer_26,mlp_down,solver_rank1_r3,solver_rank1,3,24903680,0.01687693442805511
model.layers.26.mlp.down_proj.weight,layer_26,mlp_down,solver_rank1_r4,solver_rank1,4,24903680,0.017270523818665246
model.layers.26.mlp.down_proj.weight,layer_26,mlp_down,solver_rank1_r5,solver_rank1,5,24903680,0.016336800330659883
model.layers.26.mlp.down_proj.weight,layer_26,mlp_down,solver_full_r1,solver_full,1,24903680,0.017893862808026104
model.layers.26.mlp.down_proj.weight,layer_26,mlp_down,solver_full_r2,solver_full,2,24903680,0.019368606273526424
model.layers.26.mlp.down_proj.weight,layer_26,mlp_down,solver_full_r3,solver_full,3,24903680,0.019220155128125
model.layers.26.mlp.down_proj.weight,layer_26,mlp_down,solver_full_r4,solver_full,4,24903680,0.01961470604869999
model.layers.26.mlp.down_proj.weight,layer_26,mlp_down,solver_full_r5,solver_full,5,24903680,0.018650394421441046
model.layers.29.self_attn.o_proj.weight,layer_29,attention_o,questioner_full_r1,questioner_full,1,10485760,0.007752795992739556
model.layers.29.self_attn.o_proj.weight,layer_29,attention_o,questioner_full_r2,questioner_full,2,10485760,0.05551899929228094
model.layers.29.self_attn.o_proj.weight,layer_29,attention_o,questioner_full_r3,questioner_full,3,10485760,0.05420122741615649
model.layers.29.self_attn.o_proj.weight,layer_29,attention_o,questioner_full_r4,questioner_full,4,10485760,0.054921103632476515
model.layers.29.self_attn.o_proj.weight,layer_29,attention_o,questioner_full_r5,questioner_full,5,10485760,0.0547681727270379
model.layers.29.self_attn.o_proj.weight,layer_29,attention_o,solver_rank1_r1,solver_rank1,1,10485760,0.01068888584381693
model.layers.29.self_attn.o_proj.weight,layer_29,attention_o,solver_rank1_r2,solver_rank1,2,10485760,0.011622612788103335
model.layers.29.self_attn.o_proj.weight,layer_29,attention_o,solver_rank1_r3,solver_rank1,3,10485760,0.010802965376640623
model.layers.29.self_attn.o_proj.weight,layer_29,attention_o,solver_rank1_r4,solver_rank1,4,10485760,0.011115648720389289
model.layers.29.self_attn.o_proj.weight,layer_29,attention_o,solver_rank1_r5,solver_rank1,5,10485760,0.010798081247795634
model.layers.29.self_attn.o_proj.weight,layer_29,attention_o,solver_full_r1,solver_full,1,10485760,0.011695625495016175
model.layers.29.self_attn.o_proj.weight,layer_29,attention_o,solver_full_r2,solver_full,2,10485760,0.012991967271439435
model.layers.29.self_attn.o_proj.weight,layer_29,attention_o,solver_full_r3,solver_full,3,10485760,0.012220812725677231
model.layers.29.self_attn.o_proj.weight,layer_29,attention_o,solver_full_r4,solver_full,4,10485760,0.012503715885328682
model.layers.29.self_attn.o_proj.weight,layer_29,attention_o,solver_full_r5,solver_full,5,10485760,0.012239224703827564
model.layers.8.mlp.down_proj.weight,layer_08,mlp_down,questioner_full_r1,questioner_full,1,24903680,0.012620104738626726
model.layers.8.mlp.down_proj.weight,layer_08,mlp_down,questioner_full_r2,questioner_full,2,24903680,0.07730346321274645
model.layers.8.mlp.down_proj.weight,layer_08,mlp_down,questioner_full_r3,questioner_full,3,24903680,0.08107068098337726
model.layers.8.mlp.down_proj.weight,layer_08,mlp_down,questioner_full_r4,questioner_full,4,24903680,0.08174790793569664
model.layers.8.mlp.down_proj.weight,layer_08,mlp_down,questioner_full_r5,questioner_full,5,24903680,0.08394688144945416
model.layers.8.mlp.down_proj.weight,layer_08,mlp_down,solver_rank1_r1,solver_rank1,1,24903680,0.01936548330032244
model.layers.8.mlp.down_proj.weight,layer_08,mlp_down,solver_rank1_r2,solver_rank1,2,24903680,0.020238110051043274
model.layers.8.mlp.down_proj.weight,layer_08,mlp_down,solver_rank1_r3,solver_rank1,3,24903680,0.01993416403628676
model.layers.8.mlp.down_proj.weight,layer_08,mlp_down,solver_rank1_r4,solver_rank1,4,24903680,0.017981538264257916
model.layers.8.mlp.down_proj.weight,layer_08,mlp_down,solver_rank1_r5,solver_rank1,5,24903680,0.020264451702391374
model.layers.8.mlp.down_proj.weight,layer_08,mlp_down,solver_full_r1,solver_full,1,24903680,0.020884388902324268
model.layers.8.mlp.down_proj.weight,layer_08,mlp_down,solver_full_r2,solver_full,2,24903680,0.02227212826182181
model.layers.8.mlp.down_proj.weight,layer_08,mlp_down,solver_full_r3,solver_full,3,24903680,0.022234639070541944
model.layers.8.mlp.down_proj.weight,layer_08,mlp_down,solver_full_r4,solver_full,4,24903680,0.020219477426297473
model.layers.8.mlp.down_proj.weight,layer_08,mlp_down,solver_full_r5,solver_full,5,24903680,0.021616963382605145
model.layers.15.mlp.up_proj.weight,layer_15,mlp_up,questioner_full_r1,questioner_full,1,24903680,0.014389842283716522
model.layers.15.mlp.up_proj.weight,layer_15,mlp_up,questioner_full_r2,questioner_full,2,24903680,0.07669728607714515
model.layers.15.mlp.up_proj.weight,layer_15,mlp_up,questioner_full_r3,questioner_full,3,24903680,0.07985094547188454
model.layers.15.mlp.up_proj.weight,layer_15,mlp_up,questioner_full_r4,questioner_full,4,24903680,0.07771688787197426
model.layers.15.mlp.up_proj.weight,layer_15,mlp_up,questioner_full_r5,questioner_full,5,24903680,0.08049956460565776
model.layers.15.mlp.up_proj.weight,layer_15,mlp_up,solver_rank1_r1,solver_rank1,1,24903680,0.02262781517149513
model.layers.15.mlp.up_proj.weight,layer_15,mlp_up,solver_rank1_r2,solver_rank1,2,24903680,0.02290769035857064
model.layers.15.mlp.up_proj.weight,layer_15,mlp_up,solver_rank1_r3,solver_rank1,3,24903680,0.021412868475961806
model.layers.15.mlp.up_proj.weight,layer_15,mlp_up,solver_rank1_r4,solver_rank1,4,24903680,0.020009767495426538
model.layers.15.mlp.up_proj.weight,layer_15,mlp_up,solver_rank1_r5,solver_rank1,5,24903680,0.01987493973665919
model.layers.15.mlp.up_proj.weight,layer_15,mlp_up,solver_full_r1,solver_full,1,24903680,0.02444849090152532
model.layers.15.mlp.up_proj.weight,layer_15,mlp_up,solver_full_r2,solver_full,2,24903680,0.02554949325173619
model.layers.15.mlp.up_proj.weight,layer_15,mlp_up,solver_full_r3,solver_full,3,24903680,0.02417836055502606
model.layers.15.mlp.up_proj.weight,layer_15,mlp_up,solver_full_r4,solver_full,4,24903680,0.022649392576669123
model.layers.15.mlp.up_proj.weight,layer_15,mlp_up,solver_full_r5,solver_full,5,24903680,0.02277081868555647
model.layers.17.input_layernorm.weight,layer_17,normalization,questioner_full_r1,questioner_full,1,2560,0.0
model.layers.17.input_layernorm.weight,layer_17,normalization,questioner_full_r2,questioner_full,2,2560,0.0
model.layers.17.input_layernorm.weight,layer_17,normalization,questioner_full_r3,questioner_full,3,2560,0.0
model.layers.17.input_layernorm.weight,layer_17,normalization,questioner_full_r4,questioner_full,4,2560,0.0
model.layers.17.input_layernorm.weight,layer_17,normalization,questioner_full_r5,questioner_full,5,2560,0.0
model.layers.17.input_layernorm.weight,layer_17,normalization,solver_rank1_r1,solver_rank1,1,2560,0.0
model.layers.17.input_layernorm.weight,layer_17,normalization,solver_rank1_r2,solver_rank1,2,2560,0.0
model.layers.17.input_layernorm.weight,layer_17,normalization,solver_rank1_r3,solver_rank1,3,2560,0.0
model.layers.17.input_layernorm.weight,layer_17,normalization,solver_rank1_r4,solver_rank1,4,2560,0.0
model.layers.17.input_layernorm.weight,layer_17,normalization,solver_rank1_r5,solver_rank1,5,2560,0.0
model.layers.17.input_layernorm.weight,layer_17,normalization,solver_full_r1,solver_full,1,2560,0.0
model.layers.17.input_layernorm.weight,layer_17,normalization,solver_full_r2,solver_full,2,2560,0.0
model.layers.17.input_layernorm.weight,layer_17,normalization,solver_full_r3,solver_full,3,2560,0.0
model.layers.17.input_layernorm.weight,layer_17,normalization,solver_full_r4,solver_full,4,2560,0.0
model.layers.17.input_layernorm.weight,layer_17,normalization,solver_full_r5,solver_full,5,2560,0.0
model.layers.9.self_attn.q_proj.weight,layer_09,attention_q,questioner_full_r1,questioner_full,1,10485760,0.008252822799993939
model.layers.9.self_attn.q_proj.weight,layer_09,attention_q,questioner_full_r2,questioner_full,2,10485760,0.049983060034005135
model.layers.9.self_attn.q_proj.weight,layer_09,attention_q,questioner_full_r3,questioner_full,3,10485760,0.05119941378541235
model.layers.9.self_attn.q_proj.weight,layer_09,attention_q,questioner_full_r4,questioner_full,4,10485760,0.054815662391677546
model.layers.9.self_attn.q_proj.weight,layer_09,attention_q,questioner_full_r5,questioner_full,5,10485760,0.05602859539228551
model.layers.9.self_attn.q_proj.weight,layer_09,attention_q,solver_rank1_r1,solver_rank1,1,10485760,0.01147751271295929
model.layers.9.self_attn.q_proj.weight,layer_09,attention_q,solver_rank1_r2,solver_rank1,2,10485760,0.012146538925680487
model.layers.9.self_attn.q_proj.weight,layer_09,attention_q,solver_rank1_r3,solver_rank1,3,10485760,0.01206246624747515
model.layers.9.self_attn.q_proj.weight,layer_09,attention_q,solver_rank1_r4,solver_rank1,4,10485760,0.011060227060857478
model.layers.9.self_attn.q_proj.weight,layer_09,attention_q,solver_rank1_r5,solver_rank1,5,10485760,0.012686402992614495
model.layers.9.self_attn.q_proj.weight,layer_09,attention_q,solver_full_r1,solver_full,1,10485760,0.012537027156149327
model.layers.9.self_attn.q_proj.weight,layer_09,attention_q,solver_full_r2,solver_full,2,10485760,0.01344091299721892
model.layers.9.self_attn.q_proj.weight,layer_09,attention_q,solver_full_r3,solver_full,3,10485760,0.013513816990654385
model.layers.9.self_attn.q_proj.weight,layer_09,attention_q,solver_full_r4,solver_full,4,10485760,0.01243963597233666
model.layers.9.self_attn.q_proj.weight,layer_09,attention_q,solver_full_r5,solver_full,5,10485760,0.013591796184804704
model.layers.14.post_attention_layernorm.weight,layer_14,normalization,questioner_full_r1,questioner_full,1,2560,1.3116122364879722e-05
model.layers.14.post_attention_layernorm.weight,layer_14,normalization,questioner_full_r2,questioner_full,2,2560,3.105968242499411e-05
model.layers.14.post_attention_layernorm.weight,layer_14,normalization,questioner_full_r3,questioner_full,3,2560,1.5278915639543995e-05
model.layers.14.post_attention_layernorm.weight,layer_14,normalization,questioner_full_r4,questioner_full,4,2560,1.7956733931534808e-05
model.layers.14.post_attention_layernorm.weight,layer_14,normalization,questioner_full_r5,questioner_full,5,2560,1.71398335493672e-05
model.layers.14.post_attention_layernorm.weight,layer_14,normalization,solver_rank1_r1,solver_rank1,1,2560,1.3691485395201297e-05
model.layers.14.post_attention_layernorm.weight,layer_14,normalization,solver_rank1_r2,solver_rank1,2,2560,2.2408418522791583e-06
model.layers.14.post_attention_layernorm.weight,layer_14,normalization,solver_rank1_r3,solver_rank1,3,2560,6.999185021242475e-07
model.layers.14.post_attention_layernorm.weight,layer_14,normalization,solver_rank1_r4,solver_rank1,4,2560,1.2091319057634693e-05
model.layers.14.post_attention_layernorm.weight,layer_14,normalization,solver_rank1_r5,solver_rank1,5,2560,1.9653881740960834e-05
model.layers.14.post_attention_layernorm.weight,layer_14,normalization,solver_full_r1,solver_full,1,2560,1.3779459561500025e-05
model.layers.14.post_attention_layernorm.weight,layer_14,normalization,solver_full_r2,solver_full,2,2560,3.0200595528982233e-06
model.layers.14.post_attention_layernorm.weight,layer_14,normalization,solver_full_r3,solver_full,3,2560,2.649234112648714e-06
model.layers.14.post_attention_layernorm.weight,layer_14,normalization,solver_full_r4,solver_full,4,2560,1.2216682721242744e-05
model.layers.14.post_attention_layernorm.weight,layer_14,normalization,solver_full_r5,solver_full,5,2560,1.9734304036918405e-05
model.layers.5.self_attn.q_proj.weight,layer_05,attention_q,questioner_full_r1,questioner_full,1,10485760,0.007983826852047383
model.layers.5.self_attn.q_proj.weight,layer_05,attention_q,questioner_full_r2,questioner_full,2,10485760,0.04764235411611434
model.layers.5.self_attn.q_proj.weight,layer_05,attention_q,questioner_full_r3,questioner_full,3,10485760,0.050054950237910296
model.layers.5.self_attn.q_proj.weight,layer_05,attention_q,questioner_full_r4,questioner_full,4,10485760,0.053840929241126274
model.layers.5.self_attn.q_proj.weight,layer_05,attention_q,questioner_full_r5,questioner_full,5,10485760,0.056512383274425274
model.layers.5.self_attn.q_proj.weight,layer_05,attention_q,solver_rank1_r1,solver_rank1,1,10485760,0.011666169357246362
model.layers.5.self_attn.q_proj.weight,layer_05,attention_q,solver_rank1_r2,solver_rank1,2,10485760,0.011936301942969666
model.layers.5.self_attn.q_proj.weight,layer_05,attention_q,solver_rank1_r3,solver_rank1,3,10485760,0.011578469110724932
model.layers.5.self_attn.q_proj.weight,layer_05,attention_q,solver_rank1_r4,solver_rank1,4,10485760,0.011109955765773059
model.layers.5.self_attn.q_proj.weight,layer_05,attention_q,solver_rank1_r5,solver_rank1,5,10485760,0.011971219793316794
model.layers.5.self_attn.q_proj.weight,layer_05,attention_q,solver_full_r1,solver_full,1,10485760,0.012589601609492284
model.layers.5.self_attn.q_proj.weight,layer_05,attention_q,solver_full_r2,solver_full,2,10485760,0.013234002364238493
model.layers.5.self_attn.q_proj.weight,layer_05,attention_q,solver_full_r3,solver_full,3,10485760,0.01298896083020813
model.layers.5.self_attn.q_proj.weight,layer_05,attention_q,solver_full_r4,solver_full,4,10485760,0.012419979918645902
model.layers.5.self_attn.q_proj.weight,layer_05,attention_q,solver_full_r5,solver_full,5,10485760,0.013537702829285217
model.layers.28.mlp.down_proj.weight,layer_28,mlp_down,questioner_full_r1,questioner_full,1,24903680,0.010973273893050684
model.layers.28.mlp.down_proj.weight,layer_28,mlp_down,questioner_full_r2,questioner_full,2,24903680,0.0838694519949388
model.layers.28.mlp.down_proj.weight,layer_28,mlp_down,questioner_full_r3,questioner_full,3,24903680,0.081462665487069
model.layers.28.mlp.down_proj.weight,layer_28,mlp_down,questioner_full_r4,questioner_full,4,24903680,0.07919168516936906
model.layers.28.mlp.down_proj.weight,layer_28,mlp_down,questioner_full_r5,questioner_full,5,24903680,0.08075686976387664
model.layers.28.mlp.down_proj.weight,layer_28,mlp_down,solver_rank1_r1,solver_rank1,1,24903680,0.01580177578552084
model.layers.28.mlp.down_proj.weight,layer_28,mlp_down,solver_rank1_r2,solver_rank1,2,24903680,0.016905856990091686
model.layers.28.mlp.down_proj.weight,layer_28,mlp_down,solver_rank1_r3,solver_rank1,3,24903680,0.016500538362829626
model.layers.28.mlp.down_proj.weight,layer_28,mlp_down,solver_rank1_r4,solver_rank1,4,24903680,0.016765374059063545
model.layers.28.mlp.down_proj.weight,layer_28,mlp_down,solver_rank1_r5,solver_rank1,5,24903680,0.015920232172452982
model.layers.28.mlp.down_proj.weight,layer_28,mlp_down,solver_full_r1,solver_full,1,24903680,0.017360567024584106
model.layers.28.mlp.down_proj.weight,layer_28,mlp_down,solver_full_r2,solver_full,2,24903680,0.01891242742421098
model.layers.28.mlp.down_proj.weight,layer_28,mlp_down,solver_full_r3,solver_full,3,24903680,0.018719373579434904
model.layers.28.mlp.down_proj.weight,layer_28,mlp_down,solver_full_r4,solver_full,4,24903680,0.01898340243026434
model.layers.28.mlp.down_proj.weight,layer_28,mlp_down,solver_full_r5,solver_full,5,24903680,0.018136226058471927
model.layers.4.mlp.down_proj.weight,layer_04,mlp_down,questioner_full_r1,questioner_full,1,24903680,0.012140841837878252
model.layers.4.mlp.down_proj.weight,layer_04,mlp_down,questioner_full_r2,questioner_full,2,24903680,0.07718651775690166
model.layers.4.mlp.down_proj.weight,layer_04,mlp_down,questioner_full_r3,questioner_full,3,24903680,0.07774295265022478
model.layers.4.mlp.down_proj.weight,layer_04,mlp_down,questioner_full_r4,questioner_full,4,24903680,0.08626891083751799
model.layers.4.mlp.down_proj.weight,layer_04,mlp_down,questioner_full_r5,questioner_full,5,24903680,0.0877519889602221
model.layers.4.mlp.down_proj.weight,layer_04,mlp_down,solver_rank1_r1,solver_rank1,1,24903680,0.01655569472732669
model.layers.4.mlp.down_proj.weight,layer_04,mlp_down,solver_rank1_r2,solver_rank1,2,24903680,0.01858869454621682
model.layers.4.mlp.down_proj.weight,layer_04,mlp_down,solver_rank1_r3,solver_rank1,3,24903680,0.017873767285142644
model.layers.4.mlp.down_proj.weight,layer_04,mlp_down,solver_rank1_r4,solver_rank1,4,24903680,0.016470384005474743
model.layers.4.mlp.down_proj.weight,layer_04,mlp_down,solver_rank1_r5,solver_rank1,5,24903680,0.018131550907723556
model.layers.4.mlp.down_proj.weight,layer_04,mlp_down,solver_full_r1,solver_full,1,24903680,0.018266199354396283
model.layers.4.mlp.down_proj.weight,layer_04,mlp_down,solver_full_r2,solver_full,2,24903680,0.02023675343596881
model.layers.4.mlp.down_proj.weight,layer_04,mlp_down,solver_full_r3,solver_full,3,24903680,0.019632291700533322
model.layers.4.mlp.down_proj.weight,layer_04,mlp_down,solver_full_r4,solver_full,4,24903680,0.018089610459888723
model.layers.4.mlp.down_proj.weight,layer_04,mlp_down,solver_full_r5,solver_full,5,24903680,0.020389997823339303
model.layers.9.mlp.gate_proj.weight,layer_09,mlp_gate,questioner_full_r1,questioner_full,1,24903680,0.011568139863016181
model.layers.9.mlp.gate_proj.weight,layer_09,mlp_gate,questioner_full_r2,questioner_full,2,24903680,0.07385785954596784
model.layers.9.mlp.gate_proj.weight,layer_09,mlp_gate,questioner_full_r3,questioner_full,3,24903680,0.07659802284061323
model.layers.9.mlp.gate_proj.weight,layer_09,mlp_gate,questioner_full_r4,questioner_full,4,24903680,0.07726987485189463
model.layers.9.mlp.gate_proj.weight,layer_09,mlp_gate,questioner_full_r5,questioner_full,5,24903680,0.0791148656347726
model.layers.9.mlp.gate_proj.weight,layer_09,mlp_gate,solver_rank1_r1,solver_rank1,1,24903680,0.017366524176974416
model.layers.9.mlp.gate_proj.weight,layer_09,mlp_gate,solver_rank1_r2,solver_rank1,2,24903680,0.01796127132645497
model.layers.9.mlp.gate_proj.weight,layer_09,mlp_gate,solver_rank1_r3,solver_rank1,3,24903680,0.017523889424411798
model.layers.9.mlp.gate_proj.weight,layer_09,mlp_gate,solver_rank1_r4,solver_rank1,4,24903680,0.016390021265629145
model.layers.9.mlp.gate_proj.weight,layer_09,mlp_gate,solver_rank1_r5,solver_rank1,5,24903680,0.016789185230400006
model.layers.9.mlp.gate_proj.weight,layer_09,mlp_gate,solver_full_r1,solver_full,1,24903680,0.018743920566887447
model.layers.9.mlp.gate_proj.weight,layer_09,mlp_gate,solver_full_r2,solver_full,2,24903680,0.019781226259059377
model.layers.9.mlp.gate_proj.weight,layer_09,mlp_gate,solver_full_r3,solver_full,3,24903680,0.01958447522870391
model.layers.9.mlp.gate_proj.weight,layer_09,mlp_gate,solver_full_r4,solver_full,4,24903680,0.018383616866209894
model.layers.9.mlp.gate_proj.weight,layer_09,mlp_gate,solver_full_r5,solver_full,5,24903680,0.01909794779045036
model.layers.6.self_attn.o_proj.weight,layer_06,attention_o,questioner_full_r1,questioner_full,1,10485760,0.008238494370120098
model.layers.6.self_attn.o_proj.weight,layer_06,attention_o,questioner_full_r2,questioner_full,2,10485760,0.04788731884607094
model.layers.6.self_attn.o_proj.weight,layer_06,attention_o,questioner_full_r3,questioner_full,3,10485760,0.050318536043601945
model.layers.6.self_attn.o_proj.weight,layer_06,attention_o,questioner_full_r4,questioner_full,4,10485760,0.05192820276268191
model.layers.6.self_attn.o_proj.weight,layer_06,attention_o,questioner_full_r5,questioner_full,5,10485760,0.054014996743381415
model.layers.6.self_attn.o_proj.weight,layer_06,attention_o,solver_rank1_r1,solver_rank1,1,10485760,0.012457017364234928
model.layers.6.self_attn.o_proj.weight,layer_06,attention_o,solver_rank1_r2,solver_rank1,2,10485760,0.013567913908339946
model.layers.6.self_attn.o_proj.weight,layer_06,attention_o,solver_rank1_r3,solver_rank1,3,10485760,0.013179668986389498
model.layers.6.self_attn.o_proj.weight,layer_06,attention_o,solver_rank1_r4,solver_rank1,4,10485760,0.01146767756757095
model.layers.6.self_attn.o_proj.weight,layer_06,attention_o,solver_rank1_r5,solver_rank1,5,10485760,0.013116711842935797
model.layers.6.self_attn.o_proj.weight,layer_06,attention_o,solver_full_r1,solver_full,1,10485760,0.013443501755936667
model.layers.6.self_attn.o_proj.weight,layer_06,attention_o,solver_full_r2,solver_full,2,10485760,0.014862662119361726
model.layers.6.self_attn.o_proj.weight,layer_06,attention_o,solver_full_r3,solver_full,3,10485760,0.014620688538087939
model.layers.6.self_attn.o_proj.weight,layer_06,attention_o,solver_full_r4,solver_full,4,10485760,0.012860390023146314
model.layers.6.self_attn.o_proj.weight,layer_06,attention_o,solver_full_r5,solver_full,5,10485760,0.014010688652624165
model.layers.20.self_attn.q_norm.weight,layer_20,normalization,questioner_full_r1,questioner_full,1,128,0.0
model.layers.20.self_attn.q_norm.weight,layer_20,normalization,questioner_full_r2,questioner_full,2,128,1.52587890625e-05
model.layers.20.self_attn.q_norm.weight,layer_20,normalization,questioner_full_r3,questioner_full,3,128,3.0517578125e-05
model.layers.20.self_attn.q_norm.weight,layer_20,normalization,questioner_full_r4,questioner_full,4,128,4.57763671875e-05
model.layers.20.self_attn.q_norm.weight,layer_20,normalization,questioner_full_r5,questioner_full,5,128,0.0
model.layers.20.self_attn.q_norm.weight,layer_20,normalization,solver_rank1_r1,solver_rank1,1,128,3.0517578125e-05
model.layers.20.self_attn.q_norm.weight,layer_20,normalization,solver_rank1_r2,solver_rank1,2,128,1.52587890625e-05
model.layers.20.self_attn.q_norm.weight,layer_20,normalization,solver_rank1_r3,solver_rank1,3,128,0.0
model.layers.20.self_attn.q_norm.weight,layer_20,normalization,solver_rank1_r4,solver_rank1,4,128,0.0
model.layers.20.self_attn.q_norm.weight,layer_20,normalization,solver_rank1_r5,solver_rank1,5,128,1.52587890625e-05
model.layers.20.self_attn.q_norm.weight,layer_20,normalization,solver_full_r1,solver_full,1,128,3.0517578125e-05
model.layers.20.self_attn.q_norm.weight,layer_20,normalization,solver_full_r2,solver_full,2,128,1.52587890625e-05
model.layers.20.self_attn.q_norm.weight,layer_20,normalization,solver_full_r3,solver_full,3,128,0.0
model.layers.20.self_attn.q_norm.weight,layer_20,normalization,solver_full_r4,solver_full,4,128,0.0
model.layers.20.self_attn.q_norm.weight,layer_20,normalization,solver_full_r5,solver_full,5,128,1.52587890625e-05
model.layers.25.self_attn.o_proj.weight,layer_25,attention_o,questioner_full_r1,questioner_full,1,10485760,0.008117200624772437
model.layers.25.self_attn.o_proj.weight,layer_25,attention_o,questioner_full_r2,questioner_full,2,10485760,0.056030255387288765
model.layers.25.self_attn.o_proj.weight,layer_25,attention_o,questioner_full_r3,questioner_full,3,10485760,0.055027235351304625
model.layers.25.self_attn.o_proj.weight,layer_25,attention_o,questioner_full_r4,questioner_full,4,10485760,0.05344773931614007
model.layers.25.self_attn.o_proj.weight,layer_25,attention_o,questioner_full_r5,questioner_full,5,10485760,0.0538142705820186
model.layers.25.self_attn.o_proj.weight,layer_25,attention_o,solver_rank1_r1,solver_rank1,1,10485760,0.011352993318515334
model.layers.25.self_attn.o_proj.weight,layer_25,attention_o,solver_rank1_r2,solver_rank1,2,10485760,0.012119577011727499
model.layers.25.self_attn.o_proj.weight,layer_25,attention_o,solver_rank1_r3,solver_rank1,3,10485760,0.01172022867233604
model.layers.25.self_attn.o_proj.weight,layer_25,attention_o,solver_rank1_r4,solver_rank1,4,10485760,0.011832109607258083
model.layers.25.self_attn.o_proj.weight,layer_25,attention_o,solver_rank1_r5,solver_rank1,5,10485760,0.011480958683479581
model.layers.25.self_attn.o_proj.weight,layer_25,attention_o,solver_full_r1,solver_full,1,10485760,0.012545176788998972
model.layers.25.self_attn.o_proj.weight,layer_25,attention_o,solver_full_r2,solver_full,2,10485760,0.013645206212221659
model.layers.25.self_attn.o_proj.weight,layer_25,attention_o,solver_full_r3,solver_full,3,10485760,0.013399205971193085
model.layers.25.self_attn.o_proj.weight,layer_25,attention_o,solver_full_r4,solver_full,4,10485760,0.01350311350956617
model.layers.25.self_attn.o_proj.weight,layer_25,attention_o,solver_full_r5,solver_full,5,10485760,0.013125016812523703
model.layers.24.self_attn.q_proj.weight,layer_24,attention_q,questioner_full_r1,questioner_full,1,10485760,0.007916971767268473
model.layers.24.self_attn.q_proj.weight,layer_24,attention_q,questioner_full_r2,questioner_full,2,10485760,0.057736644600048
model.layers.24.self_attn.q_proj.weight,layer_24,attention_q,questioner_full_r3,questioner_full,3,10485760,0.05557528810400848
model.layers.24.self_attn.q_proj.weight,layer_24,attention_q,questioner_full_r4,questioner_full,4,10485760,0.054021087245060016
model.layers.24.self_attn.q_proj.weight,layer_24,attention_q,questioner_full_r5,questioner_full,5,10485760,0.05604238589579405
model.layers.24.self_attn.q_proj.weight,layer_24,attention_q,solver_rank1_r1,solver_rank1,1,10485760,0.011056972758909546
model.layers.24.self_attn.q_proj.weight,layer_24,attention_q,solver_rank1_r2,solver_rank1,2,10485760,0.011142013250660143
model.layers.24.self_attn.q_proj.weight,layer_24,attention_q,solver_rank1_r3,solver_rank1,3,10485760,0.011183396170955678
model.layers.24.self_attn.q_proj.weight,layer_24,attention_q,solver_rank1_r4,solver_rank1,4,10485760,0.011246165790455275
model.layers.24.self_attn.q_proj.weight,layer_24,attention_q,solver_rank1_r5,solver_rank1,5,10485760,0.011080545034941061
model.layers.24.self_attn.q_proj.weight,layer_24,attention_q,solver_full_r1,solver_full,1,10485760,0.012168629170527067
model.layers.24.self_attn.q_proj.weight,layer_24,attention_q,solver_full_r2,solver_full,2,10485760,0.012587124901033983
model.layers.24.self_attn.q_proj.weight,layer_24,attention_q,solver_full_r3,solver_full,3,10485760,0.01274008168733916
model.layers.24.self_attn.q_proj.weight,layer_24,attention_q,solver_full_r4,solver_full,4,10485760,0.012771521631253191
model.layers.24.self_attn.q_proj.weight,layer_24,attention_q,solver_full_r5,solver_full,5,10485760,0.012649525311940515
model.layers.2.self_attn.k_proj.weight,layer_02,attention_k,questioner_full_r1,questioner_full,1,2621440,0.0037275750821276097
model.layers.2.self_attn.k_proj.weight,layer_02,attention_k,questioner_full_r2,questioner_full,2,2621440,0.02213958834304333
model.layers.2.self_attn.k_proj.weight,layer_02,attention_k,questioner_full_r3,questioner_full,3,2621440,0.023506754824746557
model.layers.2.self_attn.k_proj.weight,layer_02,attention_k,questioner_full_r4,questioner_full,4,2621440,0.026800199010041655
model.layers.2.self_attn.k_proj.weight,layer_02,attention_k,questioner_full_r5,questioner_full,5,2621440,0.026551378710240086
model.layers.2.self_attn.k_proj.weight,layer_02,attention_k,solver_rank1_r1,solver_rank1,1,2621440,0.005571965574107205
model.layers.2.self_attn.k_proj.weight,layer_02,attention_k,solver_rank1_r2,solver_rank1,2,2621440,0.0065628067306848425
model.layers.2.self_attn.k_proj.weight,layer_02,attention_k,solver_rank1_r3,solver_rank1,3,2621440,0.00577149206623805
model.layers.2.self_attn.k_proj.weight,layer_02,attention_k,solver_rank1_r4,solver_rank1,4,2621440,0.005397438485628121
model.layers.2.self_attn.k_proj.weight,layer_02,attention_k,solver_rank1_r5,solver_rank1,5,2621440,0.006431546146106764
model.layers.2.self_attn.k_proj.weight,layer_02,attention_k,solver_full_r1,solver_full,1,2621440,0.0062961888218637015
model.layers.2.self_attn.k_proj.weight,layer_02,attention_k,solver_full_r2,solver_full,2,2621440,0.007195079734592203
model.layers.2.self_attn.k_proj.weight,layer_02,attention_k,solver_full_r3,solver_full,3,2621440,0.006395341956789348
model.layers.2.self_attn.k_proj.weight,layer_02,attention_k,solver_full_r4,solver_full,4,2621440,0.005957359802383333
model.layers.2.self_attn.k_proj.weight,layer_02,attention_k,solver_full_r5,solver_full,5,2621440,0.006841935978248254
model.layers.25.mlp.down_proj.weight,layer_25,mlp_down,questioner_full_r1,questioner_full,1,24903680,0.011451210308937709
model.layers.25.mlp.down_proj.weight,layer_25,mlp_down,questioner_full_r2,questioner_full,2,24903680,0.08375566447430377
model.layers.25.mlp.down_proj.weight,layer_25,mlp_down,questioner_full_r3,questioner_full,3,24903680,0.08170409670267131
model.layers.25.mlp.down_proj.weight,layer_25,mlp_down,questioner_full_r4,questioner_full,4,24903680,0.07821878470229038
model.layers.25.mlp.down_proj.weight,layer_25,mlp_down,questioner_full_r5,questioner_full,5,24903680,0.08101956958112344
model.layers.25.mlp.down_proj.weight,layer_25,mlp_down,solver_rank1_r1,solver_rank1,1,24903680,0.016461454967477005
model.layers.25.mlp.down_proj.weight,layer_25,mlp_down,solver_rank1_r2,solver_rank1,2,24903680,0.017387086991234327
model.layers.25.mlp.down_proj.weight,layer_25,mlp_down,solver_rank1_r3,solver_rank1,3,24903680,0.01709486468379939
model.layers.25.mlp.down_proj.weight,layer_25,mlp_down,solver_rank1_r4,solver_rank1,4,24903680,0.01751026898249096
model.layers.25.mlp.down_proj.weight,layer_25,mlp_down,solver_rank1_r5,solver_rank1,5,24903680,0.016664873274561644
model.layers.25.mlp.down_proj.weight,layer_25,mlp_down,solver_full_r1,solver_full,1,24903680,0.018160803155380913
model.layers.25.mlp.down_proj.weight,layer_25,mlp_down,solver_full_r2,solver_full,2,24903680,0.01957320269321172
model.layers.25.mlp.down_proj.weight,layer_25,mlp_down,solver_full_r3,solver_full,3,24903680,0.019498917328163754
model.layers.25.mlp.down_proj.weight,layer_25,mlp_down,solver_full_r4,solver_full,4,24903680,0.01994314265016638
model.layers.25.mlp.down_proj.weight,layer_25,mlp_down,solver_full_r5,solver_full,5,24903680,0.019015083579938034
model.layers.16.self_attn.q_norm.weight,layer_16,normalization,questioner_full_r1,questioner_full,1,128,0.0
model.layers.16.self_attn.q_norm.weight,layer_16,normalization,questioner_full_r2,questioner_full,2,128,0.0
model.layers.16.self_attn.q_norm.weight,layer_16,normalization,questioner_full_r3,questioner_full,3,128,0.0
model.layers.16.self_attn.q_norm.weight,layer_16,normalization,questioner_full_r4,questioner_full,4,128,0.0
model.layers.16.self_attn.q_norm.weight,layer_16,normalization,questioner_full_r5,questioner_full,5,128,0.0
model.layers.16.self_attn.q_norm.weight,layer_16,normalization,solver_rank1_r1,solver_rank1,1,128,0.0
model.layers.16.self_attn.q_norm.weight,layer_16,normalization,solver_rank1_r2,solver_rank1,2,128,0.0
model.layers.16.self_attn.q_norm.weight,layer_16,normalization,solver_rank1_r3,solver_rank1,3,128,0.0
model.layers.16.self_attn.q_norm.weight,layer_16,normalization,solver_rank1_r4,solver_rank1,4,128,0.0
model.layers.16.self_attn.q_norm.weight,layer_16,normalization,solver_rank1_r5,solver_rank1,5,128,0.0
model.layers.16.self_attn.q_norm.weight,layer_16,normalization,solver_full_r1,solver_full,1,128,0.0
model.layers.16.self_attn.q_norm.weight,layer_16,normalization,solver_full_r2,solver_full,2,128,0.0
model.layers.16.self_attn.q_norm.weight,layer_16,normalization,solver_full_r3,solver_full,3,128,0.0
model.layers.16.self_attn.q_norm.weight,layer_16,normalization,solver_full_r4,solver_full,4,128,0.0
model.layers.16.self_attn.q_norm.weight,layer_16,normalization,solver_full_r5,solver_full,5,128,0.0
model.layers.9.self_attn.k_proj.weight,layer_09,attention_k,questioner_full_r1,questioner_full,1,2621440,0.004366348465659613
model.layers.9.self_attn.k_proj.weight,layer_09,attention_k,questioner_full_r2,questioner_full,2,2621440,0.024670623434372704
model.layers.9.self_attn.k_proj.weight,layer_09,attention_k,questioner_full_r3,questioner_full,3,2621440,0.026144132560352192
model.layers.9.self_attn.k_proj.weight,layer_09,attention_k,questioner_full_r4,questioner_full,4,2621440,0.027459440814986632
model.layers.9.self_attn.k_proj.weight,layer_09,attention_k,questioner_full_r5,questioner_full,5,2621440,0.028706711909035842
model.layers.9.self_attn.k_proj.weight,layer_09,attention_k,solver_rank1_r1,solver_rank1,1,2621440,0.0062430189700931294
model.layers.9.self_attn.k_proj.weight,layer_09,attention_k,solver_rank1_r2,solver_rank1,2,2621440,0.006967899726985956
model.layers.9.self_attn.k_proj.weight,layer_09,attention_k,solver_rank1_r3,solver_rank1,3,2621440,0.006709873640030978
model.layers.9.self_attn.k_proj.weight,layer_09,attention_k,solver_rank1_r4,solver_rank1,4,2621440,0.005922179980685365
model.layers.9.self_attn.k_proj.weight,layer_09,attention_k,solver_rank1_r5,solver_rank1,5,2621440,0.007199863398669085
model.layers.9.self_attn.k_proj.weight,layer_09,attention_k,solver_full_r1,solver_full,1,2621440,0.006841363294263609
model.layers.9.self_attn.k_proj.weight,layer_09,attention_k,solver_full_r2,solver_full,2,2621440,0.0073558874609454105
model.layers.9.self_attn.k_proj.weight,layer_09,attention_k,solver_full_r3,solver_full,3,2621440,0.007502502447519895
model.layers.9.self_attn.k_proj.weight,layer_09,attention_k,solver_full_r4,solver_full,4,2621440,0.006657179630776558
model.layers.9.self_attn.k_proj.weight,layer_09,attention_k,solver_full_r5,solver_full,5,2621440,0.007671737590283533
model.layers.7.self_attn.q_proj.weight,layer_07,attention_q,questioner_full_r1,questioner_full,1,10485760,0.008272749084279024
model.layers.7.self_attn.q_proj.weight,layer_07,attention_q,questioner_full_r2,questioner_full,2,10485760,0.04948569702090394
model.layers.7.self_attn.q_proj.weight,layer_07,attention_q,questioner_full_r3,questioner_full,3,10485760,0.05102843507668914
model.layers.7.self_attn.q_proj.weight,layer_07,attention_q,questioner_full_r4,questioner_full,4,10485760,0.052841191893535165
model.layers.7.self_attn.q_proj.weight,layer_07,attention_q,questioner_full_r5,questioner_full,5,10485760,0.05563706432914118
model.layers.7.self_attn.q_proj.weight,layer_07,attention_q,solver_rank1_r1,solver_rank1,1,10485760,0.011334478007426282
model.layers.7.self_attn.q_proj.weight,layer_07,attention_q,solver_rank1_r2,solver_rank1,2,10485760,0.01193693193131624
model.layers.7.self_attn.q_proj.weight,layer_07,attention_q,solver_rank1_r3,solver_rank1,3,10485760,0.011743309182958872
model.layers.7.self_attn.q_proj.weight,layer_07,attention_q,solver_rank1_r4,solver_rank1,4,10485760,0.010904812584463247
model.layers.7.self_attn.q_proj.weight,layer_07,attention_q,solver_rank1_r5,solver_rank1,5,10485760,0.012913633577653722
model.layers.7.self_attn.q_proj.weight,layer_07,attention_q,solver_full_r1,solver_full,1,10485760,0.012431917049499397
model.layers.7.self_attn.q_proj.weight,layer_07,attention_q,solver_full_r2,solver_full,2,10485760,0.013314660280204647
model.layers.7.self_attn.q_proj.weight,layer_07,attention_q,solver_full_r3,solver_full,3,10485760,0.013185270506913047
model.layers.7.self_attn.q_proj.weight,layer_07,attention_q,solver_full_r4,solver_full,4,10485760,0.012368137976557357
model.layers.7.self_attn.q_proj.weight,layer_07,attention_q,solver_full_r5,solver_full,5,10485760,0.013792367281574076
model.layers.26.mlp.up_proj.weight,layer_26,mlp_up,questioner_full_r1,questioner_full,1,24903680,0.010628765545828906
model.layers.26.mlp.up_proj.weight,layer_26,mlp_up,questioner_full_r2,questioner_full,2,24903680,0.08283441696793614
model.layers.26.mlp.up_proj.weight,layer_26,mlp_up,questioner_full_r3,questioner_full,3,24903680,0.0805213656924085
model.layers.26.mlp.up_proj.weight,layer_26,mlp_up,questioner_full_r4,questioner_full,4,24903680,0.07688386083600718
model.layers.26.mlp.up_proj.weight,layer_26,mlp_up,questioner_full_r5,questioner_full,5,24903680,0.07959668647130934
model.layers.26.mlp.up_proj.weight,layer_26,mlp_up,solver_rank1_r1,solver_rank1,1,24903680,0.015703291877106305
model.layers.26.mlp.up_proj.weight,layer_26,mlp_up,solver_rank1_r2,solver_rank1,2,24903680,0.016628004097422686
model.layers.26.mlp.up_proj.weight,layer_26,mlp_up,solver_rank1_r3,solver_rank1,3,24903680,0.016448451263421697
model.layers.26.mlp.up_proj.weight,layer_26,mlp_up,solver_rank1_r4,solver_rank1,4,24903680,0.016855616013319696
model.layers.26.mlp.up_proj.weight,layer_26,mlp_up,solver_rank1_r5,solver_rank1,5,24903680,0.015965641202556488
model.layers.26.mlp.up_proj.weight,layer_26,mlp_up,solver_full_r1,solver_full,1,24903680,0.017373474795396998
model.layers.26.mlp.up_proj.weight,layer_26,mlp_up,solver_full_r2,solver_full,2,24903680,0.01873524751249378
model.layers.26.mlp.up_proj.weight,layer_26,mlp_up,solver_full_r3,solver_full,3,24903680,0.018811590000201706
model.layers.26.mlp.up_proj.weight,layer_26,mlp_up,solver_full_r4,solver_full,4,24903680,0.01925064727607784
model.layers.26.mlp.up_proj.weight,layer_26,mlp_up,solver_full_r5,solver_full,5,24903680,0.018288494480117344
model.layers.3.self_attn.v_proj.weight,layer_03,attention_v,questioner_full_r1,questioner_full,1,2621440,0.0038846835498931396
model.layers.3.self_attn.v_proj.weight,layer_03,attention_v,questioner_full_r2,questioner_full,2,2621440,0.02008315895035521
model.layers.3.self_attn.v_proj.weight,layer_03,attention_v,questioner_full_r3,questioner_full,3,2621440,0.021038526804701904
model.layers.3.self_attn.v_proj.weight,layer_03,attention_v,questioner_full_r4,questioner_full,4,2621440,0.024017805363877643
model.layers.3.self_attn.v_proj.weight,layer_03,attention_v,questioner_full_r5,questioner_full,5,2621440,0.025144754912800386
model.layers.3.self_attn.v_proj.weight,layer_03,attention_v,solver_rank1_r1,solver_rank1,1,2621440,0.0053955289876153395
model.layers.3.self_attn.v_proj.weight,layer_03,attention_v,solver_rank1_r2,solver_rank1,2,2621440,0.006563393396404194
model.layers.3.self_attn.v_proj.weight,layer_03,attention_v,solver_rank1_r3,solver_rank1,3,2621440,0.005738906655723816
model.layers.3.self_attn.v_proj.weight,layer_03,attention_v,solver_rank1_r4,solver_rank1,4,2621440,0.005397257550485017
model.layers.3.self_attn.v_proj.weight,layer_03,attention_v,solver_rank1_r5,solver_rank1,5,2621440,0.005778949676939662
model.layers.3.self_attn.v_proj.weight,layer_03,attention_v,solver_full_r1,solver_full,1,2621440,0.006015833601633373
model.layers.3.self_attn.v_proj.weight,layer_03,attention_v,solver_full_r2,solver_full,2,2621440,0.007138280607280614
model.layers.3.self_attn.v_proj.weight,layer_03,attention_v,solver_full_r3,solver_full,3,2621440,0.006340620363712224
model.layers.3.self_attn.v_proj.weight,layer_03,attention_v,solver_full_r4,solver_full,4,2621440,0.005957887626576683
model.layers.3.self_attn.v_proj.weight,layer_03,attention_v,solver_full_r5,solver_full,5,2621440,0.006515855941545053
model.layers.12.self_attn.q_norm.weight,layer_12,normalization,questioner_full_r1,questioner_full,1,128,0.0
model.layers.12.self_attn.q_norm.weight,layer_12,normalization,questioner_full_r2,questioner_full,2,128,0.0
model.layers.12.self_attn.q_norm.weight,layer_12,normalization,questioner_full_r3,questioner_full,3,128,0.0
model.layers.12.self_attn.q_norm.weight,layer_12,normalization,questioner_full_r4,questioner_full,4,128,0.0
model.layers.12.self_attn.q_norm.weight,layer_12,normalization,questioner_full_r5,questioner_full,5,128,0.0
model.layers.12.self_attn.q_norm.weight,layer_12,normalization,solver_rank1_r1,solver_rank1,1,128,0.0
model.layers.12.self_attn.q_norm.weight,layer_12,normalization,solver_rank1_r2,solver_rank1,2,128,0.0
model.layers.12.self_attn.q_norm.weight,layer_12,normalization,solver_rank1_r3,solver_rank1,3,128,0.0
model.layers.12.self_attn.q_norm.weight,layer_12,normalization,solver_rank1_r4,solver_rank1,4,128,0.0
model.layers.12.self_attn.q_norm.weight,layer_12,normalization,solver_rank1_r5,solver_rank1,5,128,0.0
model.layers.12.self_attn.q_norm.weight,layer_12,normalization,solver_full_r1,solver_full,1,128,0.0
model.layers.12.self_attn.q_norm.weight,layer_12,normalization,solver_full_r2,solver_full,2,128,0.0
model.layers.12.self_attn.q_norm.weight,layer_12,normalization,solver_full_r3,solver_full,3,128,0.0
model.layers.12.self_attn.q_norm.weight,layer_12,normalization,solver_full_r4,solver_full,4,128,0.0
model.layers.12.self_attn.q_norm.weight,layer_12,normalization,solver_full_r5,solver_full,5,128,0.0
model.layers.15.self_attn.v_proj.weight,layer_15,attention_v,questioner_full_r1,questioner_full,1,2621440,0.004754103294084527
model.layers.15.self_attn.v_proj.weight,layer_15,attention_v,questioner_full_r2,questioner_full,2,2621440,0.022875508295475612
model.layers.15.self_attn.v_proj.weight,layer_15,attention_v,questioner_full_r3,questioner_full,3,2621440,0.024419511842534596
model.layers.15.self_attn.v_proj.weight,layer_15,attention_v,questioner_full_r4,questioner_full,4,2621440,0.024435207627532984
model.layers.15.self_attn.v_proj.weight,layer_15,attention_v,questioner_full_r5,questioner_full,5,2621440,0.0252579583880031
model.layers.15.self_attn.v_proj.weight,layer_15,attention_v,solver_rank1_r1,solver_rank1,1,2621440,0.008156142237465951
model.layers.15.self_attn.v_proj.weight,layer_15,attention_v,solver_rank1_r2,solver_rank1,2,2621440,0.007824556679181251
model.layers.15.self_attn.v_proj.weight,layer_15,attention_v,solver_rank1_r3,solver_rank1,3,2621440,0.007387817569360529
model.layers.15.self_attn.v_proj.weight,layer_15,attention_v,solver_rank1_r4,solver_rank1,4,2621440,0.006727455893156596
model.layers.15.self_attn.v_proj.weight,layer_15,attention_v,solver_rank1_r5,solver_rank1,5,2621440,0.0067691594051233215
model.layers.15.self_attn.v_proj.weight,layer_15,attention_v,solver_full_r1,solver_full,1,2621440,0.00875661420393185
model.layers.15.self_attn.v_proj.weight,layer_15,attention_v,solver_full_r2,solver_full,2,2621440,0.00873028202545258
model.layers.15.self_attn.v_proj.weight,layer_15,attention_v,solver_full_r3,solver_full,3,2621440,0.00830045297969325
model.layers.15.self_attn.v_proj.weight,layer_15,attention_v,solver_full_r4,solver_full,4,2621440,0.007579448950357351
model.layers.15.self_attn.v_proj.weight,layer_15,attention_v,solver_full_r5,solver_full,5,2621440,0.00772434698567905
model.layers.0.self_attn.v_proj.weight,layer_00,attention_v,questioner_full_r1,questioner_full,1,2621440,0.0033528649737955747
model.layers.0.self_attn.v_proj.weight,layer_00,attention_v,questioner_full_r2,questioner_full,2,2621440,0.02114549904638447
model.layers.0.self_attn.v_proj.weight,layer_00,attention_v,questioner_full_r3,questioner_full,3,2621440,0.02113303759116998
model.layers.0.self_attn.v_proj.weight,layer_00,attention_v,questioner_full_r4,questioner_full,4,2621440,0.0248684377643991
model.layers.0.self_attn.v_proj.weight,layer_00,attention_v,questioner_full_r5,questioner_full,5,2621440,0.025488028739723424
model.layers.0.self_attn.v_proj.weight,layer_00,attention_v,solver_rank1_r1,solver_rank1,1,2621440,0.004271411926626225
model.layers.0.self_attn.v_proj.weight,layer_00,attention_v,solver_rank1_r2,solver_rank1,2,2621440,0.005073580302583278
model.layers.0.self_attn.v_proj.weight,layer_00,attention_v,solver_rank1_r3,solver_rank1,3,2621440,0.004418893913485814
model.layers.0.self_attn.v_proj.weight,layer_00,attention_v,solver_rank1_r4,solver_rank1,4,2621440,0.0046338190085555885
model.layers.0.self_attn.v_proj.weight,layer_00,attention_v,solver_rank1_r5,solver_rank1,5,2621440,0.005716151062088438
model.layers.0.self_attn.v_proj.weight,layer_00,attention_v,solver_full_r1,solver_full,1,2621440,0.004617155576603793
model.layers.0.self_attn.v_proj.weight,layer_00,attention_v,solver_full_r2,solver_full,2,2621440,0.005535252745135288
model.layers.0.self_attn.v_proj.weight,layer_00,attention_v,solver_full_r3,solver_full,3,2621440,0.004895385279779213
model.layers.0.self_attn.v_proj.weight,layer_00,attention_v,solver_full_r4,solver_full,4,2621440,0.005026843556346692
model.layers.0.self_attn.v_proj.weight,layer_00,attention_v,solver_full_r5,solver_full,5,2621440,0.006046420766927809
model.layers.7.self_attn.q_norm.weight,layer_07,normalization,questioner_full_r1,questioner_full,1,128,0.0
model.layers.7.self_attn.q_norm.weight,layer_07,normalization,questioner_full_r2,questioner_full,2,128,0.0
model.layers.7.self_attn.q_norm.weight,layer_07,normalization,questioner_full_r3,questioner_full,3,128,0.0
model.layers.7.self_attn.q_norm.weight,layer_07,normalization,questioner_full_r4,questioner_full,4,128,0.0
model.layers.7.self_attn.q_norm.weight,layer_07,normalization,questioner_full_r5,questioner_full,5,128,0.0
model.layers.7.self_attn.q_norm.weight,layer_07,normalization,solver_rank1_r1,solver_rank1,1,128,0.0
model.layers.7.self_attn.q_norm.weight,layer_07,normalization,solver_rank1_r2,solver_rank1,2,128,0.0
model.layers.7.self_attn.q_norm.weight,layer_07,normalization,solver_rank1_r3,solver_rank1,3,128,0.0
model.layers.7.self_attn.q_norm.weight,layer_07,normalization,solver_rank1_r4,solver_rank1,4,128,0.0
model.layers.7.self_attn.q_norm.weight,layer_07,normalization,solver_rank1_r5,solver_rank1,5,128,0.0
model.layers.7.self_attn.q_norm.weight,layer_07,normalization,solver_full_r1,solver_full,1,128,0.0
model.layers.7.self_attn.q_norm.weight,layer_07,normalization,solver_full_r2,solver_full,2,128,0.0
model.layers.7.self_attn.q_norm.weight,layer_07,normalization,solver_full_r3,solver_full,3,128,0.0
model.layers.7.self_attn.q_norm.weight,layer_07,normalization,solver_full_r4,solver_full,4,128,0.0
model.layers.7.self_attn.q_norm.weight,layer_07,normalization,solver_full_r5,solver_full,5,128,0.0
model.layers.25.mlp.gate_proj.weight,layer_25,mlp_gate,questioner_full_r1,questioner_full,1,24903680,0.009898282312119906
model.layers.25.mlp.gate_proj.weight,layer_25,mlp_gate,questioner_full_r2,questioner_full,2,24903680,0.08468120078590644
model.layers.25.mlp.gate_proj.weight,layer_25,mlp_gate,questioner_full_r3,questioner_full,3,24903680,0.0804804813354172
model.layers.25.mlp.gate_proj.weight,layer_25,mlp_gate,questioner_full_r4,questioner_full,4,24903680,0.07751335167363324
model.layers.25.mlp.gate_proj.weight,layer_25,mlp_gate,questioner_full_r5,questioner_full,5,24903680,0.08058949974010073
model.layers.25.mlp.gate_proj.weight,layer_25,mlp_gate,solver_rank1_r1,solver_rank1,1,24903680,0.015335369196399103
model.layers.25.mlp.gate_proj.weight,layer_25,mlp_gate,solver_rank1_r2,solver_rank1,2,24903680,0.016018570662556107
model.layers.25.mlp.gate_proj.weight,layer_25,mlp_gate,solver_rank1_r3,solver_rank1,3,24903680,0.0157512859971106
model.layers.25.mlp.gate_proj.weight,layer_25,mlp_gate,solver_rank1_r4,solver_rank1,4,24903680,0.016231946962422812
model.layers.25.mlp.gate_proj.weight,layer_25,mlp_gate,solver_rank1_r5,solver_rank1,5,24903680,0.015333697240997701
model.layers.25.mlp.gate_proj.weight,layer_25,mlp_gate,solver_full_r1,solver_full,1,24903680,0.016987228346439565
model.layers.25.mlp.gate_proj.weight,layer_25,mlp_gate,solver_full_r2,solver_full,2,24903680,0.018052800116780225
model.layers.25.mlp.gate_proj.weight,layer_25,mlp_gate,solver_full_r3,solver_full,3,24903680,0.018017779207779375
model.layers.25.mlp.gate_proj.weight,layer_25,mlp_gate,solver_full_r4,solver_full,4,24903680,0.01844981763495997
model.layers.25.mlp.gate_proj.weight,layer_25,mlp_gate,solver_full_r5,solver_full,5,24903680,0.017511443470462212
model.layers.24.self_attn.q_norm.weight,layer_24,normalization,questioner_full_r1,questioner_full,1,128,0.0
model.layers.24.self_attn.q_norm.weight,layer_24,normalization,questioner_full_r2,questioner_full,2,128,0.0
model.layers.24.self_attn.q_norm.weight,layer_24,normalization,questioner_full_r3,questioner_full,3,128,3.0517578125e-05
model.layers.24.self_attn.q_norm.weight,layer_24,normalization,questioner_full_r4,questioner_full,4,128,6.291359902370698e-05
model.layers.24.self_attn.q_norm.weight,layer_24,normalization,questioner_full_r5,questioner_full,5,128,3.0517578125e-05
model.layers.24.self_attn.q_norm.weight,layer_24,normalization,solver_rank1_r1,solver_rank1,1,128,0.0
model.layers.24.self_attn.q_norm.weight,layer_24,normalization,solver_rank1_r2,solver_rank1,2,128,1.52587890625e-05
model.layers.24.self_attn.q_norm.weight,layer_24,normalization,solver_rank1_r3,solver_rank1,3,128,0.0
model.layers.24.self_attn.q_norm.weight,layer_24,normalization,solver_rank1_r4,solver_rank1,4,128,0.0
model.layers.24.self_attn.q_norm.weight,layer_24,normalization,solver_rank1_r5,solver_rank1,5,128,0.0
model.layers.24.self_attn.q_norm.weight,layer_24,normalization,solver_full_r1,solver_full,1,128,0.0
model.layers.24.self_attn.q_norm.weight,layer_24,normalization,solver_full_r2,solver_full,2,128,1.52587890625e-05
model.layers.24.self_attn.q_norm.weight,layer_24,normalization,solver_full_r3,solver_full,3,128,0.0
model.layers.24.self_attn.q_norm.weight,layer_24,normalization,solver_full_r4,solver_full,4,128,0.0
model.layers.24.self_attn.q_norm.weight,layer_24,normalization,solver_full_r5,solver_full,5,128,0.0
model.layers.25.self_attn.q_proj.weight,layer_25,attention_q,questioner_full_r1,questioner_full,1,10485760,0.008063189225235327
model.layers.25.self_attn.q_proj.weight,layer_25,attention_q,questioner_full_r2,questioner_full,2,10485760,0.05809818049810971
model.layers.25.self_attn.q_proj.weight,layer_25,attention_q,questioner_full_r3,questioner_full,3,10485760,0.05642441668346744
model.layers.25.self_attn.q_proj.weight,layer_25,attention_q,questioner_full_r4,questioner_full,4,10485760,0.05507942268562513
model.layers.25.self_attn.q_proj.weight,layer_25,attention_q,questioner_full_r5,questioner_full,5,10485760,0.056745501831710746
model.layers.25.self_attn.q_proj.weight,layer_25,attention_q,solver_rank1_r1,solver_rank1,1,10485760,0.011402677264124672
model.layers.25.self_attn.q_proj.weight,layer_25,attention_q,solver_rank1_r2,solver_rank1,2,10485760,0.01200293774788709
model.layers.25.self_attn.q_proj.weight,layer_25,attention_q,solver_rank1_r3,solver_rank1,3,10485760,0.012367695617066393
model.layers.25.self_attn.q_proj.weight,layer_25,attention_q,solver_rank1_r4,solver_rank1,4,10485760,0.012007940619081146
model.layers.25.self_attn.q_proj.weight,layer_25,attention_q,solver_rank1_r5,solver_rank1,5,10485760,0.012180315003356387
model.layers.25.self_attn.q_proj.weight,layer_25,attention_q,solver_full_r1,solver_full,1,10485760,0.012584197688786535
model.layers.25.self_attn.q_proj.weight,layer_25,attention_q,solver_full_r2,solver_full,2,10485760,0.01361549232039745
model.layers.25.self_attn.q_proj.weight,layer_25,attention_q,solver_full_r3,solver_full,3,10485760,0.014189059507931433
model.layers.25.self_attn.q_proj.weight,layer_25,attention_q,solver_full_r4,solver_full,4,10485760,0.013756171533247773
model.layers.25.self_attn.q_proj.weight,layer_25,attention_q,solver_full_r5,solver_full,5,10485760,0.013964851980805056
model.layers.28.post_attention_layernorm.weight,layer_28,normalization,questioner_full_r1,questioner_full,1,2560,8.607042792408322e-06
model.layers.28.post_attention_layernorm.weight,layer_28,normalization,questioner_full_r2,questioner_full,2,2560,2.1252712915484e-05
model.layers.28.post_attention_layernorm.weight,layer_28,normalization,questioner_full_r3,questioner_full,3,2560,3.4556714881884456e-05
model.layers.28.post_attention_layernorm.weight,layer_28,normalization,questioner_full_r4,questioner_full,4,2560,2.4506136379781223e-05
model.layers.28.post_attention_layernorm.weight,layer_28,normalization,questioner_full_r5,questioner_full,5,2560,2.5181392897276923e-05
model.layers.28.post_attention_layernorm.weight,layer_28,normalization,solver_rank1_r1,solver_rank1,1,2560,6.1308817246550515e-06
model.layers.28.post_attention_layernorm.weight,layer_28,normalization,solver_rank1_r2,solver_rank1,2,2560,1.2289546936855195e-05
model.layers.28.post_attention_layernorm.weight,layer_28,normalization,solver_rank1_r3,solver_rank1,3,2560,1.9193806231096967e-05
model.layers.28.post_attention_layernorm.weight,layer_28,normalization,solver_rank1_r4,solver_rank1,4,2560,5.757944429270421e-06
model.layers.28.post_attention_layernorm.weight,layer_28,normalization,solver_rank1_r5,solver_rank1,5,2560,3.741348940485767e-06
model.layers.28.post_attention_layernorm.weight,layer_28,normalization,solver_full_r1,solver_full,1,2560,6.222907608098119e-06
model.layers.28.post_attention_layernorm.weight,layer_28,normalization,solver_full_r2,solver_full,2,2560,1.2379412637469454e-05
model.layers.28.post_attention_layernorm.weight,layer_28,normalization,solver_full_r3,solver_full,3,2560,1.9118509202595026e-05
model.layers.28.post_attention_layernorm.weight,layer_28,normalization,solver_full_r4,solver_full,4,2560,6.612624286822635e-06
model.layers.28.post_attention_layernorm.weight,layer_28,normalization,solver_full_r5,solver_full,5,2560,4.317944115704259e-06
model.layers.31.mlp.up_proj.weight,layer_31,mlp_up,questioner_full_r1,questioner_full,1,24903680,0.009406030594868588
model.layers.31.mlp.up_proj.weight,layer_31,mlp_up,questioner_full_r2,questioner_full,2,24903680,0.0824754400725145
model.layers.31.mlp.up_proj.weight,layer_31,mlp_up,questioner_full_r3,questioner_full,3,24903680,0.07891570226208561
model.layers.31.mlp.up_proj.weight,layer_31,mlp_up,questioner_full_r4,questioner_full,4,24903680,0.07706422893538233
model.layers.31.mlp.up_proj.weight,layer_31,mlp_up,questioner_full_r5,questioner_full,5,24903680,0.07875014580122283
model.layers.31.mlp.up_proj.weight,layer_31,mlp_up,solver_rank1_r1,solver_rank1,1,24903680,0.014346761368490224
model.layers.31.mlp.up_proj.weight,layer_31,mlp_up,solver_rank1_r2,solver_rank1,2,24903680,0.015556014709196956
model.layers.31.mlp.up_proj.weight,layer_31,mlp_up,solver_rank1_r3,solver_rank1,3,24903680,0.015197611805958145
model.layers.31.mlp.up_proj.weight,layer_31,mlp_up,solver_rank1_r4,solver_rank1,4,24903680,0.015286127544437398
model.layers.31.mlp.up_proj.weight,layer_31,mlp_up,solver_rank1_r5,solver_rank1,5,24903680,0.014227148097054726
model.layers.31.mlp.up_proj.weight,layer_31,mlp_up,solver_full_r1,solver_full,1,24903680,0.015880496777151944
model.layers.31.mlp.up_proj.weight,layer_31,mlp_up,solver_full_r2,solver_full,2,24903680,0.017492994189026542
model.layers.31.mlp.up_proj.weight,layer_31,mlp_up,solver_full_r3,solver_full,3,24903680,0.01730020118964934
model.layers.31.mlp.up_proj.weight,layer_31,mlp_up,solver_full_r4,solver_full,4,24903680,0.017299872195096037
model.layers.31.mlp.up_proj.weight,layer_31,mlp_up,solver_full_r5,solver_full,5,24903680,0.016213410966893455
model.layers.15.self_attn.q_norm.weight,layer_15,normalization,questioner_full_r1,questioner_full,1,128,0.0
model.layers.15.self_attn.q_norm.weight,layer_15,normalization,questioner_full_r2,questioner_full,2,128,0.0
model.layers.15.self_attn.q_norm.weight,layer_15,normalization,questioner_full_r3,questioner_full,3,128,0.0
model.layers.15.self_attn.q_norm.weight,layer_15,normalization,questioner_full_r4,questioner_full,4,128,6.103515625e-05
model.layers.15.self_attn.q_norm.weight,layer_15,normalization,questioner_full_r5,questioner_full,5,128,0.0
model.layers.15.self_attn.q_norm.weight,layer_15,normalization,solver_rank1_r1,solver_rank1,1,128,0.0
model.layers.15.self_attn.q_norm.weight,layer_15,normalization,solver_rank1_r2,solver_rank1,2,128,0.0
model.layers.15.self_attn.q_norm.weight,layer_15,normalization,solver_rank1_r3,solver_rank1,3,128,0.0
model.layers.15.self_attn.q_norm.weight,layer_15,normalization,solver_rank1_r4,solver_rank1,4,128,0.0
model.layers.15.self_attn.q_norm.weight,layer_15,normalization,solver_rank1_r5,solver_rank1,5,128,0.0
model.layers.15.self_attn.q_norm.weight,layer_15,normalization,solver_full_r1,solver_full,1,128,0.0
model.layers.15.self_attn.q_norm.weight,layer_15,normalization,solver_full_r2,solver_full,2,128,0.0
model.layers.15.self_attn.q_norm.weight,layer_15,normalization,solver_full_r3,solver_full,3,128,0.0
model.layers.15.self_attn.q_norm.weight,layer_15,normalization,solver_full_r4,solver_full,4,128,0.0
model.layers.15.self_attn.q_norm.weight,layer_15,normalization,solver_full_r5,solver_full,5,128,0.0
model.layers.2.self_attn.o_proj.weight,layer_02,attention_o,questioner_full_r1,questioner_full,1,10485760,0.007996690805337369
model.layers.2.self_attn.o_proj.weight,layer_02,attention_o,questioner_full_r2,questioner_full,2,10485760,0.04305023863832247
model.layers.2.self_attn.o_proj.weight,layer_02,attention_o,questioner_full_r3,questioner_full,3,10485760,0.04499995547266958
model.layers.2.self_attn.o_proj.weight,layer_02,attention_o,questioner_full_r4,questioner_full,4,10485760,0.04922491655682703
model.layers.2.self_attn.o_proj.weight,layer_02,attention_o,questioner_full_r5,questioner_full,5,10485760,0.05220549529041067
model.layers.2.self_attn.o_proj.weight,layer_02,attention_o,solver_rank1_r1,solver_rank1,1,10485760,0.010898501442050365
model.layers.2.self_attn.o_proj.weight,layer_02,attention_o,solver_rank1_r2,solver_rank1,2,10485760,0.0133076531846611
model.layers.2.self_attn.o_proj.weight,layer_02,attention_o,solver_rank1_r3,solver_rank1,3,10485760,0.01177269383296008
model.layers.2.self_attn.o_proj.weight,layer_02,attention_o,solver_rank1_r4,solver_rank1,4,10485760,0.011097517778675622
model.layers.2.self_attn.o_proj.weight,layer_02,attention_o,solver_rank1_r5,solver_rank1,5,10485760,0.011551080006970253
model.layers.2.self_attn.o_proj.weight,layer_02,attention_o,solver_full_r1,solver_full,1,10485760,0.012239913926668282
model.layers.2.self_attn.o_proj.weight,layer_02,attention_o,solver_full_r2,solver_full,2,10485760,0.014554273048166845
model.layers.2.self_attn.o_proj.weight,layer_02,attention_o,solver_full_r3,solver_full,3,10485760,0.013022977069189949
model.layers.2.self_attn.o_proj.weight,layer_02,attention_o,solver_full_r4,solver_full,4,10485760,0.012246112735835197
model.layers.2.self_attn.o_proj.weight,layer_02,attention_o,solver_full_r5,solver_full,5,10485760,0.013075925477359834
model.layers.27.self_attn.q_proj.weight,layer_27,attention_q,questioner_full_r1,questioner_full,1,10485760,0.008003433831794474
model.layers.27.self_attn.q_proj.weight,layer_27,attention_q,questioner_full_r2,questioner_full,2,10485760,0.05730299248988786
model.layers.27.self_attn.q_proj.weight,layer_27,attention_q,questioner_full_r3,questioner_full,3,10485760,0.05497481040587993
model.layers.27.self_attn.q_proj.weight,layer_27,attention_q,questioner_full_r4,questioner_full,4,10485760,0.054428296427030856
model.layers.27.self_attn.q_proj.weight,layer_27,attention_q,questioner_full_r5,questioner_full,5,10485760,0.055442411435207235
model.layers.27.self_attn.q_proj.weight,layer_27,attention_q,solver_rank1_r1,solver_rank1,1,10485760,0.010876497934813685
model.layers.27.self_attn.q_proj.weight,layer_27,attention_q,solver_rank1_r2,solver_rank1,2,10485760,0.011006758984667846
model.layers.27.self_attn.q_proj.weight,layer_27,attention_q,solver_rank1_r3,solver_rank1,3,10485760,0.011003726521019714
model.layers.27.self_attn.q_proj.weight,layer_27,attention_q,solver_rank1_r4,solver_rank1,4,10485760,0.01098611683692017
model.layers.27.self_attn.q_proj.weight,layer_27,attention_q,solver_rank1_r5,solver_rank1,5,10485760,0.010894903510639974
model.layers.27.self_attn.q_proj.weight,layer_27,attention_q,solver_full_r1,solver_full,1,10485760,0.01202567432806938
model.layers.27.self_attn.q_proj.weight,layer_27,attention_q,solver_full_r2,solver_full,2,10485760,0.012422766073206233
model.layers.27.self_attn.q_proj.weight,layer_27,attention_q,solver_full_r3,solver_full,3,10485760,0.012538672035277332
model.layers.27.self_attn.q_proj.weight,layer_27,attention_q,solver_full_r4,solver_full,4,10485760,0.012483135109939635
model.layers.27.self_attn.q_proj.weight,layer_27,attention_q,solver_full_r5,solver_full,5,10485760,0.012420258073438604
model.layers.20.self_attn.v_proj.weight,layer_20,attention_v,questioner_full_r1,questioner_full,1,2621440,0.00493917172336788
model.layers.20.self_attn.v_proj.weight,layer_20,attention_v,questioner_full_r2,questioner_full,2,2621440,0.025363760901914226
model.layers.20.self_attn.v_proj.weight,layer_20,attention_v,questioner_full_r3,questioner_full,3,2621440,0.02597910085041079
model.layers.20.self_attn.v_proj.weight,layer_20,attention_v,questioner_full_r4,questioner_full,4,2621440,0.025784438719031834
model.layers.20.self_attn.v_proj.weight,layer_20,attention_v,questioner_full_r5,questioner_full,5,2621440,0.026093095081731462
model.layers.20.self_attn.v_proj.weight,layer_20,attention_v,solver_rank1_r1,solver_rank1,1,2621440,0.006473637848775822
model.layers.20.self_attn.v_proj.weight,layer_20,attention_v,solver_rank1_r2,solver_rank1,2,2621440,0.0069110246419577335
model.layers.20.self_attn.v_proj.weight,layer_20,attention_v,solver_rank1_r3,solver_rank1,3,2621440,0.007121784834443304
model.layers.20.self_attn.v_proj.weight,layer_20,attention_v,solver_rank1_r4,solver_rank1,4,2621440,0.006432133118531898
model.layers.20.self_attn.v_proj.weight,layer_20,attention_v,solver_rank1_r5,solver_rank1,5,2621440,0.006393308641169439
model.layers.20.self_attn.v_proj.weight,layer_20,attention_v,solver_full_r1,solver_full,1,2621440,0.007098071791545196
model.layers.20.self_attn.v_proj.weight,layer_20,attention_v,solver_full_r2,solver_full,2,2621440,0.007744646617140595
model.layers.20.self_attn.v_proj.weight,layer_20,attention_v,solver_full_r3,solver_full,3,2621440,0.007697690694064263
model.layers.20.self_attn.v_proj.weight,layer_20,attention_v,solver_full_r4,solver_full,4,2621440,0.007366371115276109
model.layers.20.self_attn.v_proj.weight,layer_20,attention_v,solver_full_r5,solver_full,5,2621440,0.007292542031288184
model.layers.13.post_attention_layernorm.weight,layer_13,normalization,questioner_full_r1,questioner_full,1,2560,6.794929504394531e-06
model.layers.13.post_attention_layernorm.weight,layer_13,normalization,questioner_full_r2,questioner_full,2,2560,1.0907649993896484e-05
model.layers.13.post_attention_layernorm.weight,layer_13,normalization,questioner_full_r3,questioner_full,3,2560,1.681596040725708e-05
model.layers.13.post_attention_layernorm.weight,layer_13,normalization,questioner_full_r4,questioner_full,4,2560,2.7544796466827393e-05
model.layers.13.post_attention_layernorm.weight,layer_13,normalization,questioner_full_r5,questioner_full,5,2560,2.8252601623535156e-05
model.layers.13.post_attention_layernorm.weight,layer_13,normalization,solver_rank1_r1,solver_rank1,1,2560,5.662441253662109e-06
model.layers.13.post_attention_layernorm.weight,layer_13,normalization,solver_rank1_r2,solver_rank1,2,2560,1.1742115020751953e-05
model.layers.13.post_attention_layernorm.weight,layer_13,normalization,solver_rank1_r3,solver_rank1,3,2560,5.841255187988281e-06
model.layers.13.post_attention_layernorm.weight,layer_13,normalization,solver_rank1_r4,solver_rank1,4,2560,8.881092071533203e-06
model.layers.13.post_attention_layernorm.weight,layer_13,normalization,solver_rank1_r5,solver_rank1,5,2560,2.4437904357910156e-06
model.layers.13.post_attention_layernorm.weight,layer_13,normalization,solver_full_r1,solver_full,1,2560,5.662441253662109e-06
model.layers.13.post_attention_layernorm.weight,layer_13,normalization,solver_full_r2,solver_full,2,2560,1.1771917343139648e-05
model.layers.13.post_attention_layernorm.weight,layer_13,normalization,solver_full_r3,solver_full,3,2560,5.841255187988281e-06
model.layers.13.post_attention_layernorm.weight,layer_13,normalization,solver_full_r4,solver_full,4,2560,8.881092071533203e-06
model.layers.13.post_attention_layernorm.weight,layer_13,normalization,solver_full_r5,solver_full,5,2560,2.4437904357910156e-06
model.layers.1.self_attn.k_norm.weight,layer_01,normalization,questioner_full_r1,questioner_full,1,128,0.0
model.layers.1.self_attn.k_norm.weight,layer_01,normalization,questioner_full_r2,questioner_full,2,128,0.0
model.layers.1.self_attn.k_norm.weight,layer_01,normalization,questioner_full_r3,questioner_full,3,128,0.0
model.layers.1.self_attn.k_norm.weight,layer_01,normalization,questioner_full_r4,questioner_full,4,128,0.0
model.layers.1.self_attn.k_norm.weight,layer_01,normalization,questioner_full_r5,questioner_full,5,128,0.0
model.layers.1.self_attn.k_norm.weight,layer_01,normalization,solver_rank1_r1,solver_rank1,1,128,0.0
model.layers.1.self_attn.k_norm.weight,layer_01,normalization,solver_rank1_r2,solver_rank1,2,128,0.0
model.layers.1.self_attn.k_norm.weight,layer_01,normalization,solver_rank1_r3,solver_rank1,3,128,0.0
model.layers.1.self_attn.k_norm.weight,layer_01,normalization,solver_rank1_r4,solver_rank1,4,128,0.0
model.layers.1.self_attn.k_norm.weight,layer_01,normalization,solver_rank1_r5,solver_rank1,5,128,0.0
model.layers.1.self_attn.k_norm.weight,layer_01,normalization,solver_full_r1,solver_full,1,128,0.0
model.layers.1.self_attn.k_norm.weight,layer_01,normalization,solver_full_r2,solver_full,2,128,0.0
model.layers.1.self_attn.k_norm.weight,layer_01,normalization,solver_full_r3,solver_full,3,128,0.0
model.layers.1.self_attn.k_norm.weight,layer_01,normalization,solver_full_r4,solver_full,4,128,0.0
model.layers.1.self_attn.k_norm.weight,layer_01,normalization,solver_full_r5,solver_full,5,128,0.0
model.layers.9.mlp.down_proj.weight,layer_09,mlp_down,questioner_full_r1,questioner_full,1,24903680,0.013435548427158035
model.layers.9.mlp.down_proj.weight,layer_09,mlp_down,questioner_full_r2,questioner_full,2,24903680,0.07824823020006202
model.layers.9.mlp.down_proj.weight,layer_09,mlp_down,questioner_full_r3,questioner_full,3,24903680,0.08275769866744884
model.layers.9.mlp.down_proj.weight,layer_09,mlp_down,questioner_full_r4,questioner_full,4,24903680,0.08279278638129282
model.layers.9.mlp.down_proj.weight,layer_09,mlp_down,questioner_full_r5,questioner_full,5,24903680,0.08500658119833596
model.layers.9.mlp.down_proj.weight,layer_09,mlp_down,solver_rank1_r1,solver_rank1,1,24903680,0.020682313979037976
model.layers.9.mlp.down_proj.weight,layer_09,mlp_down,solver_rank1_r2,solver_rank1,2,24903680,0.021442847376018558
model.layers.9.mlp.down_proj.weight,layer_09,mlp_down,solver_rank1_r3,solver_rank1,3,24903680,0.02093214776668735
model.layers.9.mlp.down_proj.weight,layer_09,mlp_down,solver_rank1_r4,solver_rank1,4,24903680,0.01869910238459079
model.layers.9.mlp.down_proj.weight,layer_09,mlp_down,solver_rank1_r5,solver_rank1,5,24903680,0.021156998554319843
model.layers.9.mlp.down_proj.weight,layer_09,mlp_down,solver_full_r1,solver_full,1,24903680,0.022274889995649586
model.layers.9.mlp.down_proj.weight,layer_09,mlp_down,solver_full_r2,solver_full,2,24903680,0.023585078414359306
model.layers.9.mlp.down_proj.weight,layer_09,mlp_down,solver_full_r3,solver_full,3,24903680,0.023307657787680264
model.layers.9.mlp.down_proj.weight,layer_09,mlp_down,solver_full_r4,solver_full,4,24903680,0.020987848353225175
model.layers.9.mlp.down_proj.weight,layer_09,mlp_down,solver_full_r5,solver_full,5,24903680,0.022554259138509048
model.layers.21.mlp.gate_proj.weight,layer_21,mlp_gate,questioner_full_r1,questioner_full,1,24903680,0.012810212816346873
model.layers.21.mlp.gate_proj.weight,layer_21,mlp_gate,questioner_full_r2,questioner_full,2,24903680,0.08712937408521336
model.layers.21.mlp.gate_proj.weight,layer_21,mlp_gate,questioner_full_r3,questioner_full,3,24903680,0.08492036171177211
model.layers.21.mlp.gate_proj.weight,layer_21,mlp_gate,questioner_full_r4,questioner_full,4,24903680,0.08179908529538443
model.layers.21.mlp.gate_proj.weight,layer_21,mlp_gate,questioner_full_r5,questioner_full,5,24903680,0.08434591059555997
model.layers.21.mlp.gate_proj.weight,layer_21,mlp_gate,solver_rank1_r1,solver_rank1,1,24903680,0.018324494414224464
model.layers.21.mlp.gate_proj.weight,layer_21,mlp_gate,solver_rank1_r2,solver_rank1,2,24903680,0.01923734187147934
model.layers.21.mlp.gate_proj.weight,layer_21,mlp_gate,solver_rank1_r3,solver_rank1,3,24903680,0.01860653714640843
model.layers.21.mlp.gate_proj.weight,layer_21,mlp_gate,solver_rank1_r4,solver_rank1,4,24903680,0.018392572459323513
model.layers.21.mlp.gate_proj.weight,layer_21,mlp_gate,solver_rank1_r5,solver_rank1,5,24903680,0.01800185458143875
model.layers.21.mlp.gate_proj.weight,layer_21,mlp_gate,solver_full_r1,solver_full,1,24903680,0.020221477047364586
model.layers.21.mlp.gate_proj.weight,layer_21,mlp_gate,solver_full_r2,solver_full,2,24903680,0.021596871552624707
model.layers.21.mlp.gate_proj.weight,layer_21,mlp_gate,solver_full_r3,solver_full,3,24903680,0.02123500393725276
model.layers.21.mlp.gate_proj.weight,layer_21,mlp_gate,solver_full_r4,solver_full,4,24903680,0.020982546519779155
model.layers.21.mlp.gate_proj.weight,layer_21,mlp_gate,solver_full_r5,solver_full,5,24903680,0.02058463547944386
model.layers.21.self_attn.v_proj.weight,layer_21,attention_v,questioner_full_r1,questioner_full,1,2621440,0.005062713025760837
model.layers.21.self_attn.v_proj.weight,layer_21,attention_v,questioner_full_r2,questioner_full,2,2621440,0.026072705975949677
model.layers.21.self_attn.v_proj.weight,layer_21,attention_v,questioner_full_r3,questioner_full,3,2621440,0.026479949062668047
model.layers.21.self_attn.v_proj.weight,layer_21,attention_v,questioner_full_r4,questioner_full,4,2621440,0.025632838335702915
model.layers.21.self_attn.v_proj.weight,layer_21,attention_v,questioner_full_r5,questioner_full,5,2621440,0.025952353593297107
model.layers.21.self_attn.v_proj.weight,layer_21,attention_v,solver_rank1_r1,solver_rank1,1,2621440,0.006692164127456715
model.layers.21.self_attn.v_proj.weight,layer_21,attention_v,solver_rank1_r2,solver_rank1,2,2621440,0.0071238752026991665
model.layers.21.self_attn.v_proj.weight,layer_21,attention_v,solver_rank1_r3,solver_rank1,3,2621440,0.006812566922208835
model.layers.21.self_attn.v_proj.weight,layer_21,attention_v,solver_rank1_r4,solver_rank1,4,2621440,0.006653354508330843
model.layers.21.self_attn.v_proj.weight,layer_21,attention_v,solver_rank1_r5,solver_rank1,5,2621440,0.006602120745204543
model.layers.21.self_attn.v_proj.weight,layer_21,attention_v,solver_full_r1,solver_full,1,2621440,0.0073301561945828125
model.layers.21.self_attn.v_proj.weight,layer_21,attention_v,solver_full_r2,solver_full,2,2621440,0.00798338109608394
model.layers.21.self_attn.v_proj.weight,layer_21,attention_v,solver_full_r3,solver_full,3,2621440,0.00776120455352966
model.layers.21.self_attn.v_proj.weight,layer_21,attention_v,solver_full_r4,solver_full,4,2621440,0.007597361850692575
model.layers.21.self_attn.v_proj.weight,layer_21,attention_v,solver_full_r5,solver_full,5,2621440,0.007535853526695447
model.layers.10.self_attn.o_proj.weight,layer_10,attention_o,questioner_full_r1,questioner_full,1,10485760,0.008709821566967074
model.layers.10.self_attn.o_proj.weight,layer_10,attention_o,questioner_full_r2,questioner_full,2,10485760,0.048660132308338974
model.layers.10.self_attn.o_proj.weight,layer_10,attention_o,questioner_full_r3,questioner_full,3,10485760,0.05112295627813682
model.layers.10.self_attn.o_proj.weight,layer_10,attention_o,questioner_full_r4,questioner_full,4,10485760,0.05040654908755248
model.layers.10.self_attn.o_proj.weight,layer_10,attention_o,questioner_full_r5,questioner_full,5,10485760,0.05222528786475119
model.layers.10.self_attn.o_proj.weight,layer_10,attention_o,solver_rank1_r1,solver_rank1,1,10485760,0.014059591471147636
model.layers.10.self_attn.o_proj.weight,layer_10,attention_o,solver_rank1_r2,solver_rank1,2,10485760,0.014028580183854614
model.layers.10.self_attn.o_proj.weight,layer_10,attention_o,solver_rank1_r3,solver_rank1,3,10485760,0.014096642767669882
model.layers.10.self_attn.o_proj.weight,layer_10,attention_o,solver_rank1_r4,solver_rank1,4,10485760,0.012489833486931836
model.layers.10.self_attn.o_proj.weight,layer_10,attention_o,solver_rank1_r5,solver_rank1,5,10485760,0.01379420931107733
model.layers.10.self_attn.o_proj.weight,layer_10,attention_o,solver_full_r1,solver_full,1,10485760,0.015225827139419324
model.layers.10.self_attn.o_proj.weight,layer_10,attention_o,solver_full_r2,solver_full,2,10485760,0.015492842455613717
model.layers.10.self_attn.o_proj.weight,layer_10,attention_o,solver_full_r3,solver_full,3,10485760,0.015777702603209053
model.layers.10.self_attn.o_proj.weight,layer_10,attention_o,solver_full_r4,solver_full,4,10485760,0.014179850624495241
model.layers.10.self_attn.o_proj.weight,layer_10,attention_o,solver_full_r5,solver_full,5,10485760,0.014768269697877666
model.layers.0.mlp.up_proj.weight,layer_00,mlp_up,questioner_full_r1,questioner_full,1,24903680,0.01096804043815748
model.layers.0.mlp.up_proj.weight,layer_00,mlp_up,questioner_full_r2,questioner_full,2,24903680,0.07015009789023163
model.layers.0.mlp.up_proj.weight,layer_00,mlp_up,questioner_full_r3,questioner_full,3,24903680,0.07055419679224134
model.layers.0.mlp.up_proj.weight,layer_00,mlp_up,questioner_full_r4,questioner_full,4,24903680,0.07891295504954811
model.layers.0.mlp.up_proj.weight,layer_00,mlp_up,questioner_full_r5,questioner_full,5,24903680,0.08073628840659015
model.layers.0.mlp.up_proj.weight,layer_00,mlp_up,solver_rank1_r1,solver_rank1,1,24903680,0.014595721911345233
model.layers.0.mlp.up_proj.weight,layer_00,mlp_up,solver_rank1_r2,solver_rank1,2,24903680,0.016641364546560608
model.layers.0.mlp.up_proj.weight,layer_00,mlp_up,solver_rank1_r3,solver_rank1,3,24903680,0.014983246171651773
model.layers.0.mlp.up_proj.weight,layer_00,mlp_up,solver_rank1_r4,solver_rank1,4,24903680,0.015445596643189707
model.layers.0.mlp.up_proj.weight,layer_00,mlp_up,solver_rank1_r5,solver_rank1,5,24903680,0.017983982649175192
model.layers.0.mlp.up_proj.weight,layer_00,mlp_up,solver_full_r1,solver_full,1,24903680,0.016052222523835143
model.layers.0.mlp.up_proj.weight,layer_00,mlp_up,solver_full_r2,solver_full,2,24903680,0.018130974944984776
model.layers.0.mlp.up_proj.weight,layer_00,mlp_up,solver_full_r3,solver_full,3,24903680,0.01644197225481327
model.layers.0.mlp.up_proj.weight,layer_00,mlp_up,solver_full_r4,solver_full,4,24903680,0.016907815972040708
model.layers.0.mlp.up_proj.weight,layer_00,mlp_up,solver_full_r5,solver_full,5,24903680,0.01910015513895332
model.layers.17.self_attn.k_proj.weight,layer_17,attention_k,questioner_full_r1,questioner_full,1,2621440,0.005264093215976932
model.layers.17.self_attn.k_proj.weight,layer_17,attention_k,questioner_full_r2,questioner_full,2,2621440,0.025971071132971743
model.layers.17.self_attn.k_proj.weight,layer_17,attention_k,questioner_full_r3,questioner_full,3,2621440,0.027621866768368055
model.layers.17.self_attn.k_proj.weight,layer_17,attention_k,questioner_full_r4,questioner_full,4,2621440,0.027340957220115363
model.layers.17.self_attn.k_proj.weight,layer_17,attention_k,questioner_full_r5,questioner_full,5,2621440,0.02814105301346293
model.layers.17.self_attn.k_proj.weight,layer_17,attention_k,solver_rank1_r1,solver_rank1,1,2621440,0.006568865285789819
model.layers.17.self_attn.k_proj.weight,layer_17,attention_k,solver_rank1_r2,solver_rank1,2,2621440,0.007280923487476456
model.layers.17.self_attn.k_proj.weight,layer_17,attention_k,solver_rank1_r3,solver_rank1,3,2621440,0.006635611000173896
model.layers.17.self_attn.k_proj.weight,layer_17,attention_k,solver_rank1_r4,solver_rank1,4,2621440,0.00621021796992823
model.layers.17.self_attn.k_proj.weight,layer_17,attention_k,solver_rank1_r5,solver_rank1,5,2621440,0.0063624398994057575
model.layers.17.self_attn.k_proj.weight,layer_17,attention_k,solver_full_r1,solver_full,1,2621440,0.0071783124711585315
model.layers.17.self_attn.k_proj.weight,layer_17,attention_k,solver_full_r2,solver_full,2,2621440,0.008120831861080348
model.layers.17.self_attn.k_proj.weight,layer_17,attention_k,solver_full_r3,solver_full,3,2621440,0.007517084736894314
model.layers.17.self_attn.k_proj.weight,layer_17,attention_k,solver_full_r4,solver_full,4,2621440,0.007001485647394534
model.layers.17.self_attn.k_proj.weight,layer_17,attention_k,solver_full_r5,solver_full,5,2621440,0.0072485138628659105
model.layers.8.self_attn.v_proj.weight,layer_08,attention_v,questioner_full_r1,questioner_full,1,2621440,0.004014970627646165
model.layers.8.self_attn.v_proj.weight,layer_08,attention_v,questioner_full_r2,questioner_full,2,2621440,0.022486555802946163
model.layers.8.self_attn.v_proj.weight,layer_08,attention_v,questioner_full_r3,questioner_full,3,2621440,0.024303192882309987
model.layers.8.self_attn.v_proj.weight,layer_08,attention_v,questioner_full_r4,questioner_full,4,2621440,0.024163114246478556
model.layers.8.self_attn.v_proj.weight,layer_08,attention_v,questioner_full_r5,questioner_full,5,2621440,0.025098351538987002
model.layers.8.self_attn.v_proj.weight,layer_08,attention_v,solver_rank1_r1,solver_rank1,1,2621440,0.0062720943404228555
model.layers.8.self_attn.v_proj.weight,layer_08,attention_v,solver_rank1_r2,solver_rank1,2,2621440,0.0065402514594239455
model.layers.8.self_attn.v_proj.weight,layer_08,attention_v,solver_rank1_r3,solver_rank1,3,2621440,0.006411800879028505
model.layers.8.self_attn.v_proj.weight,layer_08,attention_v,solver_rank1_r4,solver_rank1,4,2621440,0.00559434551699255
model.layers.8.self_attn.v_proj.weight,layer_08,attention_v,solver_rank1_r5,solver_rank1,5,2621440,0.006587335640968126
model.layers.8.self_attn.v_proj.weight,layer_08,attention_v,solver_full_r1,solver_full,1,2621440,0.006810612365506508
model.layers.8.self_attn.v_proj.weight,layer_08,attention_v,solver_full_r2,solver_full,2,2621440,0.00723366809645206
model.layers.8.self_attn.v_proj.weight,layer_08,attention_v,solver_full_r3,solver_full,3,2621440,0.0071382496463666375
model.layers.8.self_attn.v_proj.weight,layer_08,attention_v,solver_full_r4,solver_full,4,2621440,0.006311178058785523
model.layers.8.self_attn.v_proj.weight,layer_08,attention_v,solver_full_r5,solver_full,5,2621440,0.007020299283357533
model.layers.5.self_attn.k_norm.weight,layer_05,normalization,questioner_full_r1,questioner_full,1,128,5.7220458984375e-06
model.layers.5.self_attn.k_norm.weight,layer_05,normalization,questioner_full_r2,questioner_full,2,128,1.9073486328125e-05
model.layers.5.self_attn.k_norm.weight,layer_05,normalization,questioner_full_r3,questioner_full,3,128,3.0755072587198445e-05
model.layers.5.self_attn.k_norm.weight,layer_05,normalization,questioner_full_r4,questioner_full,4,128,1.629639386237627e-05
model.layers.5.self_attn.k_norm.weight,layer_05,normalization,questioner_full_r5,questioner_full,5,128,1.5728399755926745e-05
model.layers.5.self_attn.k_norm.weight,layer_05,normalization,solver_rank1_r1,solver_rank1,1,128,2.0275394082516956e-05
model.layers.5.self_attn.k_norm.weight,layer_05,normalization,solver_rank1_r2,solver_rank1,2,128,9.5367431640625e-06
model.layers.5.self_attn.k_norm.weight,layer_05,normalization,solver_rank1_r3,solver_rank1,3,128,1.629639386237627e-05
model.layers.5.self_attn.k_norm.weight,layer_05,normalization,solver_rank1_r4,solver_rank1,4,128,7.62939453125e-06
model.layers.5.self_attn.k_norm.weight,layer_05,normalization,solver_rank1_r5,solver_rank1,5,128,1.629639386237627e-05
model.layers.5.self_attn.k_norm.weight,layer_05,normalization,solver_full_r1,solver_full,1,128,1.9073486328125e-05
model.layers.5.self_attn.k_norm.weight,layer_05,normalization,solver_full_r2,solver_full,2,128,9.5367431640625e-06
model.layers.5.self_attn.k_norm.weight,layer_05,normalization,solver_full_r3,solver_full,3,128,1.5728399755926745e-05
model.layers.5.self_attn.k_norm.weight,layer_05,normalization,solver_full_r4,solver_full,4,128,7.62939453125e-06
model.layers.5.self_attn.k_norm.weight,layer_05,normalization,solver_full_r5,solver_full,5,128,1.5728399755926745e-05
model.layers.32.post_attention_layernorm.weight,layer_32,normalization,questioner_full_r1,questioner_full,1,2560,1.3691953673707228e-05
model.layers.32.post_attention_layernorm.weight,layer_32,normalization,questioner_full_r2,questioner_full,2,2560,2.506231789783077e-05
model.layers.32.post_attention_layernorm.weight,layer_32,normalization,questioner_full_r3,questioner_full,3,2560,1.746324546549796e-05
model.layers.32.post_attention_layernorm.weight,layer_32,normalization,questioner_full_r4,questioner_full,4,2560,1.889382625213523e-05
model.layers.32.post_attention_layernorm.weight,layer_32,normalization,questioner_full_r5,questioner_full,5,2560,3.7084820166384846e-05
model.layers.32.post_attention_layernorm.weight,layer_32,normalization,solver_rank1_r1,solver_rank1,1,2560,5.357791198311861e-06
model.layers.32.post_attention_layernorm.weight,layer_32,normalization,solver_rank1_r2,solver_rank1,2,2560,4.579871347498547e-06
model.layers.32.post_attention_layernorm.weight,layer_32,normalization,solver_rank1_r3,solver_rank1,3,2560,1.9624891521801255e-05
model.layers.32.post_attention_layernorm.weight,layer_32,normalization,solver_rank1_r4,solver_rank1,4,2560,2.1973876739803317e-05
model.layers.32.post_attention_layernorm.weight,layer_32,normalization,solver_rank1_r5,solver_rank1,5,2560,1.2582087327917825e-05
model.layers.32.post_attention_layernorm.weight,layer_32,normalization,solver_full_r1,solver_full,1,2560,5.337861341771629e-06
model.layers.32.post_attention_layernorm.weight,layer_32,normalization,solver_full_r2,solver_full,2,2560,4.579871347498547e-06
model.layers.32.post_attention_layernorm.weight,layer_32,normalization,solver_full_r3,solver_full,3,2560,1.9646784061335244e-05
model.layers.32.post_attention_layernorm.weight,layer_32,normalization,solver_full_r4,solver_full,4,2560,2.227526859579417e-05
model.layers.32.post_attention_layernorm.weight,layer_32,normalization,solver_full_r5,solver_full,5,2560,1.2669878249727653e-05
model.layers.16.mlp.down_proj.weight,layer_16,mlp_down,questioner_full_r1,questioner_full,1,24903680,0.014882365052738244
model.layers.16.mlp.down_proj.weight,layer_16,mlp_down,questioner_full_r2,questioner_full,2,24903680,0.08059845029968113
model.layers.16.mlp.down_proj.weight,layer_16,mlp_down,questioner_full_r3,questioner_full,3,24903680,0.08254259685349553
model.layers.16.mlp.down_proj.weight,layer_16,mlp_down,questioner_full_r4,questioner_full,4,24903680,0.07962409151142508
model.layers.16.mlp.down_proj.weight,layer_16,mlp_down,questioner_full_r5,questioner_full,5,24903680,0.08225342765995763
model.layers.16.mlp.down_proj.weight,layer_16,mlp_down,solver_rank1_r1,solver_rank1,1,24903680,0.020778039101759405
model.layers.16.mlp.down_proj.weight,layer_16,mlp_down,solver_rank1_r2,solver_rank1,2,24903680,0.022028983653326287
model.layers.16.mlp.down_proj.weight,layer_16,mlp_down,solver_rank1_r3,solver_rank1,3,24903680,0.02082473075717654
model.layers.16.mlp.down_proj.weight,layer_16,mlp_down,solver_rank1_r4,solver_rank1,4,24903680,0.019842994647096553
model.layers.16.mlp.down_proj.weight,layer_16,mlp_down,solver_rank1_r5,solver_rank1,5,24903680,0.019637015612373895
model.layers.16.mlp.down_proj.weight,layer_16,mlp_down,solver_full_r1,solver_full,1,24903680,0.022659297410385762
model.layers.16.mlp.down_proj.weight,layer_16,mlp_down,solver_full_r2,solver_full,2,24903680,0.024664102158860224
model.layers.16.mlp.down_proj.weight,layer_16,mlp_down,solver_full_r3,solver_full,3,24903680,0.02375878272984221
model.layers.16.mlp.down_proj.weight,layer_16,mlp_down,solver_full_r4,solver_full,4,24903680,0.022642466378039502
model.layers.16.mlp.down_proj.weight,layer_16,mlp_down,solver_full_r5,solver_full,5,24903680,0.022511108179586434
model.embed_tokens.weight,embedding,embedding,questioner_full_r1,questioner_full,1,388956160,0.03826501503617972
model.embed_tokens.weight,embedding,embedding,questioner_full_r2,questioner_full,2,388956160,0.3414663985387247
model.embed_tokens.weight,embedding,embedding,questioner_full_r3,questioner_full,3,388956160,0.3855709547596676
model.embed_tokens.weight,embedding,embedding,questioner_full_r4,questioner_full,4,388956160,0.3993037407898727
model.embed_tokens.weight,embedding,embedding,questioner_full_r5,questioner_full,5,388956160,0.3442167001583654
model.embed_tokens.weight,embedding,embedding,solver_rank1_r1,solver_rank1,1,388956160,0.0768773371167099
model.embed_tokens.weight,embedding,embedding,solver_rank1_r2,solver_rank1,2,388956160,0.062147511611758625
model.embed_tokens.weight,embedding,embedding,solver_rank1_r3,solver_rank1,3,388956160,0.05703532568587143
model.embed_tokens.weight,embedding,embedding,solver_rank1_r4,solver_rank1,4,388956160,0.05954790062090709
model.embed_tokens.weight,embedding,embedding,solver_rank1_r5,solver_rank1,5,388956160,0.05256211014364229
model.embed_tokens.weight,embedding,embedding,solver_full_r1,solver_full,1,388956160,0.08184944329159866
model.embed_tokens.weight,embedding,embedding,solver_full_r2,solver_full,2,388956160,0.06763377420780968
model.embed_tokens.weight,embedding,embedding,solver_full_r3,solver_full,3,388956160,0.06258981555708955
model.embed_tokens.weight,embedding,embedding,solver_full_r4,solver_full,4,388956160,0.06507826849109229
model.embed_tokens.weight,embedding,embedding,solver_full_r5,solver_full,5,388956160,0.0581567832017999
model.layers.1.mlp.down_proj.weight,layer_01,mlp_down,questioner_full_r1,questioner_full,1,24903680,0.01819910106416887
model.layers.1.mlp.down_proj.weight,layer_01,mlp_down,questioner_full_r2,questioner_full,2,24903680,0.0749868043857737
model.layers.1.mlp.down_proj.weight,layer_01,mlp_down,questioner_full_r3,questioner_full,3,24903680,0.07396018805904271
model.layers.1.mlp.down_proj.weight,layer_01,mlp_down,questioner_full_r4,questioner_full,4,24903680,0.08184756615080216
model.layers.1.mlp.down_proj.weight,layer_01,mlp_down,questioner_full_r5,questioner_full,5,24903680,0.08190301182912652
model.layers.1.mlp.down_proj.weight,layer_01,mlp_down,solver_rank1_r1,solver_rank1,1,24903680,0.020777255490247046
model.layers.1.mlp.down_proj.weight,layer_01,mlp_down,solver_rank1_r2,solver_rank1,2,24903680,0.022175024825580966
model.layers.1.mlp.down_proj.weight,layer_01,mlp_down,solver_rank1_r3,solver_rank1,3,24903680,0.018755530054847813
model.layers.1.mlp.down_proj.weight,layer_01,mlp_down,solver_rank1_r4,solver_rank1,4,24903680,0.018813741773174138
model.layers.1.mlp.down_proj.weight,layer_01,mlp_down,solver_rank1_r5,solver_rank1,5,24903680,0.019910420144784922
model.layers.1.mlp.down_proj.weight,layer_01,mlp_down,solver_full_r1,solver_full,1,24903680,0.022155599734736173
model.layers.1.mlp.down_proj.weight,layer_01,mlp_down,solver_full_r2,solver_full,2,24903680,0.023446434877866046
model.layers.1.mlp.down_proj.weight,layer_01,mlp_down,solver_full_r3,solver_full,3,24903680,0.020411916937752364
model.layers.1.mlp.down_proj.weight,layer_01,mlp_down,solver_full_r4,solver_full,4,24903680,0.020546947714594376
model.layers.1.mlp.down_proj.weight,layer_01,mlp_down,solver_full_r5,solver_full,5,24903680,0.02168208249308073
model.layers.28.self_attn.k_norm.weight,layer_28,normalization,questioner_full_r1,questioner_full,1,128,9.344061823971473e-06
model.layers.28.self_attn.k_norm.weight,layer_28,normalization,questioner_full_r2,questioner_full,2,128,4.332663227691859e-05
model.layers.28.self_attn.k_norm.weight,layer_28,normalization,questioner_full_r3,questioner_full,3,128,7.514082185208209e-05
model.layers.28.self_attn.k_norm.weight,layer_28,normalization,questioner_full_r4,questioner_full,4,128,1.5728399755926745e-05
model.layers.28.self_attn.k_norm.weight,layer_28,normalization,questioner_full_r5,questioner_full,5,128,5.4751205804471296e-05
model.layers.28.self_attn.k_norm.weight,layer_28,normalization,solver_rank1_r1,solver_rank1,1,128,1.7059844799040144e-05
model.layers.28.self_attn.k_norm.weight,layer_28,normalization,solver_rank1_r2,solver_rank1,2,128,8.529922399520072e-06
model.layers.28.self_attn.k_norm.weight,layer_28,normalization,solver_rank1_r3,solver_rank1,3,128,1.3214498959113138e-05
model.layers.28.self_attn.k_norm.weight,layer_28,normalization,solver_rank1_r4,solver_rank1,4,128,2.5589767198560217e-05
model.layers.28.self_attn.k_norm.weight,layer_28,normalization,solver_rank1_r5,solver_rank1,5,128,2.0542773464715972e-05
model.layers.28.self_attn.k_norm.weight,layer_28,normalization,solver_full_r1,solver_full,1,128,1.7892516173642844e-05
model.layers.28.self_attn.k_norm.weight,layer_28,normalization,solver_full_r2,solver_full,2,128,8.529922399520072e-06
model.layers.28.self_attn.k_norm.weight,layer_28,normalization,solver_full_r3,solver_full,3,128,1.375408659158321e-05
model.layers.28.self_attn.k_norm.weight,layer_28,normalization,solver_full_r4,solver_full,4,128,2.5589767198560217e-05
model.layers.28.self_attn.k_norm.weight,layer_28,normalization,solver_full_r5,solver_full,5,128,2.089395742436089e-05
model.layers.3.input_layernorm.weight,layer_03,normalization,questioner_full_r1,questioner_full,1,2560,2.3284412583417147e-05
model.layers.3.input_layernorm.weight,layer_03,normalization,questioner_full_r2,questioner_full,2,2560,6.882686825028918e-05
model.layers.3.input_layernorm.weight,layer_03,normalization,questioner_full_r3,questioner_full,3,2560,7.694121909562327e-05
model.layers.3.input_layernorm.weight,layer_03,normalization,questioner_full_r4,questioner_full,4,2560,0.00010018258016928078
model.layers.3.input_layernorm.weight,layer_03,normalization,questioner_full_r5,questioner_full,5,2560,0.00011004954567412756
model.layers.3.input_layernorm.weight,layer_03,normalization,solver_rank1_r1,solver_rank1,1,2560,3.577784628497468e-05
model.layers.3.input_layernorm.weight,layer_03,normalization,solver_rank1_r2,solver_rank1,2,2560,3.22634607107457e-05
model.layers.3.input_layernorm.weight,layer_03,normalization,solver_rank1_r3,solver_rank1,3,2560,3.972721117095179e-05
model.layers.3.input_layernorm.weight,layer_03,normalization,solver_rank1_r4,solver_rank1,4,2560,3.7594988871717475e-05
model.layers.3.input_layernorm.weight,layer_03,normalization,solver_rank1_r5,solver_rank1,5,2560,3.373645272281821e-05
model.layers.3.input_layernorm.weight,layer_03,normalization,solver_full_r1,solver_full,1,2560,3.6380287098442195e-05
model.layers.3.input_layernorm.weight,layer_03,normalization,solver_full_r2,solver_full,2,2560,3.376965114590994e-05
model.layers.3.input_layernorm.weight,layer_03,normalization,solver_full_r3,solver_full,3,2560,4.139113438293743e-05
model.layers.3.input_layernorm.weight,layer_03,normalization,solver_full_r4,solver_full,4,2560,3.823660319824891e-05
model.layers.3.input_layernorm.weight,layer_03,normalization,solver_full_r5,solver_full,5,2560,3.695844865685739e-05
model.layers.24.post_attention_layernorm.weight,layer_24,normalization,questioner_full_r1,questioner_full,1,2560,1.0633051403936317e-05
model.layers.24.post_attention_layernorm.weight,layer_24,normalization,questioner_full_r2,questioner_full,2,2560,3.39456824801424e-05
model.layers.24.post_attention_layernorm.weight,layer_24,normalization,questioner_full_r3,questioner_full,3,2560,3.2718335453403676e-05
model.layers.24.post_attention_layernorm.weight,layer_24,normalization,questioner_full_r4,questioner_full,4,2560,1.696796736589249e-05
model.layers.24.post_attention_layernorm.weight,layer_24,normalization,questioner_full_r5,questioner_full,5,2560,2.73249431397657e-05
model.layers.24.post_attention_layernorm.weight,layer_24,normalization,solver_rank1_r1,solver_rank1,1,2560,7.785325539871848e-06
model.layers.24.post_attention_layernorm.weight,layer_24,normalization,solver_rank1_r2,solver_rank1,2,2560,1.6582689463843973e-05
model.layers.24.post_attention_layernorm.weight,layer_24,normalization,solver_rank1_r3,solver_rank1,3,2560,1.0410708825232402e-05
model.layers.24.post_attention_layernorm.weight,layer_24,normalization,solver_rank1_r4,solver_rank1,4,2560,2.0582794933065954e-05
model.layers.24.post_attention_layernorm.weight,layer_24,normalization,solver_rank1_r5,solver_rank1,5,2560,1.4097356933944254e-06
model.layers.24.post_attention_layernorm.weight,layer_24,normalization,solver_full_r1,solver_full,1,2560,7.856191216458943e-06
model.layers.24.post_attention_layernorm.weight,layer_24,normalization,solver_full_r2,solver_full,2,2560,1.660800429429491e-05
model.layers.24.post_attention_layernorm.weight,layer_24,normalization,solver_full_r3,solver_full,3,2560,1.0425116908199661e-05
model.layers.24.post_attention_layernorm.weight,layer_24,normalization,solver_full_r4,solver_full,4,2560,2.0702727620392712e-05
model.layers.24.post_attention_layernorm.weight,layer_24,normalization,solver_full_r5,solver_full,5,2560,2.2916803868966634e-06
model.layers.23.mlp.gate_proj.weight,layer_23,mlp_gate,questioner_full_r1,questioner_full,1,24903680,0.010800148728147961
model.layers.23.mlp.gate_proj.weight,layer_23,mlp_gate,questioner_full_r2,questioner_full,2,24903680,0.08565434273393564
model.layers.23.mlp.gate_proj.weight,layer_23,mlp_gate,questioner_full_r3,questioner_full,3,24903680,0.08268588677719742
model.layers.23.mlp.gate_proj.weight,layer_23,mlp_gate,questioner_full_r4,questioner_full,4,24903680,0.07961999424125646
model.layers.23.mlp.gate_proj.weight,layer_23,mlp_gate,questioner_full_r5,questioner_full,5,24903680,0.08242584181257913
model.layers.23.mlp.gate_proj.weight,layer_23,mlp_gate,solver_rank1_r1,solver_rank1,1,24903680,0.016220410643070914
model.layers.23.mlp.gate_proj.weight,layer_23,mlp_gate,solver_rank1_r2,solver_rank1,2,24903680,0.016989342398917244
model.layers.23.mlp.gate_proj.weight,layer_23,mlp_gate,solver_rank1_r3,solver_rank1,3,24903680,0.016773605955048024
model.layers.23.mlp.gate_proj.weight,layer_23,mlp_gate,solver_rank1_r4,solver_rank1,4,24903680,0.01699509809514681
model.layers.23.mlp.gate_proj.weight,layer_23,mlp_gate,solver_rank1_r5,solver_rank1,5,24903680,0.016419440090695764
model.layers.23.mlp.gate_proj.weight,layer_23,mlp_gate,solver_full_r1,solver_full,1,24903680,0.017974348968887274
model.layers.23.mlp.gate_proj.weight,layer_23,mlp_gate,solver_full_r2,solver_full,2,24903680,0.01918803339657705
model.layers.23.mlp.gate_proj.weight,layer_23,mlp_gate,solver_full_r3,solver_full,3,24903680,0.019199307623700087
model.layers.23.mlp.gate_proj.weight,layer_23,mlp_gate,solver_full_r4,solver_full,4,24903680,0.019464978062974175
model.layers.23.mlp.gate_proj.weight,layer_23,mlp_gate,solver_full_r5,solver_full,5,24903680,0.018807972528783173
model.layers.9.self_attn.v_proj.weight,layer_09,attention_v,questioner_full_r1,questioner_full,1,2621440,0.004164090722986723
model.layers.9.self_attn.v_proj.weight,layer_09,attention_v,questioner_full_r2,questioner_full,2,2621440,0.02275182925310192
model.layers.9.self_attn.v_proj.weight,layer_09,attention_v,questioner_full_r3,questioner_full,3,2621440,0.02420771598859312
model.layers.9.self_attn.v_proj.weight,layer_09,attention_v,questioner_full_r4,questioner_full,4,2621440,0.024154274504205403
model.layers.9.self_attn.v_proj.weight,layer_09,attention_v,questioner_full_r5,questioner_full,5,2621440,0.025471136704975465
model.layers.9.self_attn.v_proj.weight,layer_09,attention_v,solver_rank1_r1,solver_rank1,1,2621440,0.006551126315080818
model.layers.9.self_attn.v_proj.weight,layer_09,attention_v,solver_rank1_r2,solver_rank1,2,2621440,0.006664297412823023
model.layers.9.self_attn.v_proj.weight,layer_09,attention_v,solver_rank1_r3,solver_rank1,3,2621440,0.006631258929040658
model.layers.9.self_attn.v_proj.weight,layer_09,attention_v,solver_rank1_r4,solver_rank1,4,2621440,0.005922558989953452
model.layers.9.self_attn.v_proj.weight,layer_09,attention_v,solver_rank1_r5,solver_rank1,5,2621440,0.00689814341891891
model.layers.9.self_attn.v_proj.weight,layer_09,attention_v,solver_full_r1,solver_full,1,2621440,0.0071501738073508365
model.layers.9.self_attn.v_proj.weight,layer_09,attention_v,solver_full_r2,solver_full,2,2621440,0.007390689044428952
model.layers.9.self_attn.v_proj.weight,layer_09,attention_v,solver_full_r3,solver_full,3,2621440,0.0074386824093984555
model.layers.9.self_attn.v_proj.weight,layer_09,attention_v,solver_full_r4,solver_full,4,2621440,0.006711847437692233
model.layers.9.self_attn.v_proj.weight,layer_09,attention_v,solver_full_r5,solver_full,5,2621440,0.007340575557883895
model.layers.3.self_attn.q_norm.weight,layer_03,normalization,questioner_full_r1,questioner_full,1,128,0.0
model.layers.3.self_attn.q_norm.weight,layer_03,normalization,questioner_full_r2,questioner_full,2,128,0.0
model.layers.3.self_attn.q_norm.weight,layer_03,normalization,questioner_full_r3,questioner_full,3,128,8.631674575031098e-05
model.layers.3.self_attn.q_norm.weight,layer_03,normalization,questioner_full_r4,questioner_full,4,128,3.0517578125e-05
model.layers.3.self_attn.q_norm.weight,layer_03,normalization,questioner_full_r5,questioner_full,5,128,3.0517578125e-05
model.layers.3.self_attn.q_norm.weight,layer_03,normalization,solver_rank1_r1,solver_rank1,1,128,0.0
model.layers.3.self_attn.q_norm.weight,layer_03,normalization,solver_rank1_r2,solver_rank1,2,128,0.0
model.layers.3.self_attn.q_norm.weight,layer_03,normalization,solver_rank1_r3,solver_rank1,3,128,0.0
model.layers.3.self_attn.q_norm.weight,layer_03,normalization,solver_rank1_r4,solver_rank1,4,128,0.0
model.layers.3.self_attn.q_norm.weight,layer_03,normalization,solver_rank1_r5,solver_rank1,5,128,0.0
model.layers.3.self_attn.q_norm.weight,layer_03,normalization,solver_full_r1,solver_full,1,128,0.0
model.layers.3.self_attn.q_norm.weight,layer_03,normalization,solver_full_r2,solver_full,2,128,0.0
model.layers.3.self_attn.q_norm.weight,layer_03,normalization,solver_full_r3,solver_full,3,128,0.0
model.layers.3.self_attn.q_norm.weight,layer_03,normalization,solver_full_r4,solver_full,4,128,0.0
model.layers.3.self_attn.q_norm.weight,layer_03,normalization,solver_full_r5,solver_full,5,128,0.0
model.layers.27.self_attn.k_proj.weight,layer_27,attention_k,questioner_full_r1,questioner_full,1,2621440,0.004597725127982668
model.layers.27.self_attn.k_proj.weight,layer_27,attention_k,questioner_full_r2,questioner_full,2,2621440,0.02875642958521485
model.layers.27.self_attn.k_proj.weight,layer_27,attention_k,questioner_full_r3,questioner_full,3,2621440,0.027865859855470916
model.layers.27.self_attn.k_proj.weight,layer_27,attention_k,questioner_full_r4,questioner_full,4,2621440,0.027463905214724138
model.layers.27.self_attn.k_proj.weight,layer_27,attention_k,questioner_full_r5,questioner_full,5,2621440,0.0278892170109231
model.layers.27.self_attn.k_proj.weight,layer_27,attention_k,solver_rank1_r1,solver_rank1,1,2621440,0.00599497873113207
model.layers.27.self_attn.k_proj.weight,layer_27,attention_k,solver_rank1_r2,solver_rank1,2,2621440,0.006088121566249707
model.layers.27.self_attn.k_proj.weight,layer_27,attention_k,solver_rank1_r3,solver_rank1,3,2621440,0.006078762434927747
model.layers.27.self_attn.k_proj.weight,layer_27,attention_k,solver_rank1_r4,solver_rank1,4,2621440,0.006052300332050645
model.layers.27.self_attn.k_proj.weight,layer_27,attention_k,solver_rank1_r5,solver_rank1,5,2621440,0.006143286813075873
model.layers.27.self_attn.k_proj.weight,layer_27,attention_k,solver_full_r1,solver_full,1,2621440,0.006589986342230956
model.layers.27.self_attn.k_proj.weight,layer_27,attention_k,solver_full_r2,solver_full,2,2621440,0.006814403001644365
model.layers.27.self_attn.k_proj.weight,layer_27,attention_k,solver_full_r3,solver_full,3,2621440,0.006883692298410108
model.layers.27.self_attn.k_proj.weight,layer_27,attention_k,solver_full_r4,solver_full,4,2621440,0.006829605165821181
model.layers.27.self_attn.k_proj.weight,layer_27,attention_k,solver_full_r5,solver_full,5,2621440,0.006962573847007573
model.layers.24.mlp.up_proj.weight,layer_24,mlp_up,questioner_full_r1,questioner_full,1,24903680,0.011122788857649106
model.layers.24.mlp.up_proj.weight,layer_24,mlp_up,questioner_full_r2,questioner_full,2,24903680,0.0835808921500031
model.layers.24.mlp.up_proj.weight,layer_24,mlp_up,questioner_full_r3,questioner_full,3,24903680,0.08154688150475205
model.layers.24.mlp.up_proj.weight,layer_24,mlp_up,questioner_full_r4,questioner_full,4,24903680,0.0777347026226793
model.layers.24.mlp.up_proj.weight,layer_24,mlp_up,questioner_full_r5,questioner_full,5,24903680,0.08030536901089322
model.layers.24.mlp.up_proj.weight,layer_24,mlp_up,solver_rank1_r1,solver_rank1,1,24903680,0.016312620563822017
model.layers.24.mlp.up_proj.weight,layer_24,mlp_up,solver_rank1_r2,solver_rank1,2,24903680,0.017224097368043555
model.layers.24.mlp.up_proj.weight,layer_24,mlp_up,solver_rank1_r3,solver_rank1,3,24903680,0.01693868445802415
model.layers.24.mlp.up_proj.weight,layer_24,mlp_up,solver_rank1_r4,solver_rank1,4,24903680,0.01720294326006087
model.layers.24.mlp.up_proj.weight,layer_24,mlp_up,solver_rank1_r5,solver_rank1,5,24903680,0.01670969463598871
model.layers.24.mlp.up_proj.weight,layer_24,mlp_up,solver_full_r1,solver_full,1,24903680,0.018061508616538758
model.layers.24.mlp.up_proj.weight,layer_24,mlp_up,solver_full_r2,solver_full,2,24903680,0.01943670255655184
model.layers.24.mlp.up_proj.weight,layer_24,mlp_up,solver_full_r3,solver_full,3,24903680,0.019432194194150956
model.layers.24.mlp.up_proj.weight,layer_24,mlp_up,solver_full_r4,solver_full,4,24903680,0.019727071215948536
model.layers.24.mlp.up_proj.weight,layer_24,mlp_up,solver_full_r5,solver_full,5,24903680,0.01916041686725835
model.layers.22.self_attn.q_norm.weight,layer_22,normalization,questioner_full_r1,questioner_full,1,128,0.0
model.layers.22.self_attn.q_norm.weight,layer_22,normalization,questioner_full_r2,questioner_full,2,128,0.0
model.layers.22.self_attn.q_norm.weight,layer_22,normalization,questioner_full_r3,questioner_full,3,128,3.0517578125e-05
model.layers.22.self_attn.q_norm.weight,layer_22,normalization,questioner_full_r4,questioner_full,4,128,0.0
model.layers.22.self_attn.q_norm.weight,layer_22,normalization,questioner_full_r5,questioner_full,5,128,0.0
model.layers.22.self_attn.q_norm.weight,layer_22,normalization,solver_rank1_r1,solver_rank1,1,128,0.0
model.layers.22.self_attn.q_norm.weight,layer_22,normalization,solver_rank1_r2,solver_rank1,2,128,0.0
model.layers.22.self_attn.q_norm.weight,layer_22,normalization,solver_rank1_r3,solver_rank1,3,128,0.0
model.layers.22.self_attn.q_norm.weight,layer_22,normalization,solver_rank1_r4,solver_rank1,4,128,0.0
model.layers.22.self_attn.q_norm.weight,layer_22,normalization,solver_rank1_r5,solver_rank1,5,128,0.0
model.layers.22.self_attn.q_norm.weight,layer_22,normalization,solver_full_r1,solver_full,1,128,0.0
model.layers.22.self_attn.q_norm.weight,layer_22,normalization,solver_full_r2,solver_full,2,128,0.0
model.layers.22.self_attn.q_norm.weight,layer_22,normalization,solver_full_r3,solver_full,3,128,0.0
model.layers.22.self_attn.q_norm.weight,layer_22,normalization,solver_full_r4,solver_full,4,128,0.0
model.layers.22.self_attn.q_norm.weight,layer_22,normalization,solver_full_r5,solver_full,5,128,0.0
model.layers.7.mlp.up_proj.weight,layer_07,mlp_up,questioner_full_r1,questioner_full,1,24903680,0.012655530192161943
model.layers.7.mlp.up_proj.weight,layer_07,mlp_up,questioner_full_r2,questioner_full,2,24903680,0.07483041324212616
model.layers.7.mlp.up_proj.weight,layer_07,mlp_up,questioner_full_r3,questioner_full,3,24903680,0.07900978644933632
model.layers.7.mlp.up_proj.weight,layer_07,mlp_up,questioner_full_r4,questioner_full,4,24903680,0.08121405780685649
model.layers.7.mlp.up_proj.weight,layer_07,mlp_up,questioner_full_r5,questioner_full,5,24903680,0.08386414833346659
model.layers.7.mlp.up_proj.weight,layer_07,mlp_up,solver_rank1_r1,solver_rank1,1,24903680,0.018820707448178226
model.layers.7.mlp.up_proj.weight,layer_07,mlp_up,solver_rank1_r2,solver_rank1,2,24903680,0.019919624606726662
model.layers.7.mlp.up_proj.weight,layer_07,mlp_up,solver_rank1_r3,solver_rank1,3,24903680,0.020165916756635524
model.layers.7.mlp.up_proj.weight,layer_07,mlp_up,solver_rank1_r4,solver_rank1,4,24903680,0.017547475746946137
model.layers.7.mlp.up_proj.weight,layer_07,mlp_up,solver_rank1_r5,solver_rank1,5,24903680,0.020331000812921992
model.layers.7.mlp.up_proj.weight,layer_07,mlp_up,solver_full_r1,solver_full,1,24903680,0.02024106371671855
model.layers.7.mlp.up_proj.weight,layer_07,mlp_up,solver_full_r2,solver_full,2,24903680,0.021875575193059087
model.layers.7.mlp.up_proj.weight,layer_07,mlp_up,solver_full_r3,solver_full,3,24903680,0.022375011452018114
model.layers.7.mlp.up_proj.weight,layer_07,mlp_up,solver_full_r4,solver_full,4,24903680,0.01968655327246569
model.layers.7.mlp.up_proj.weight,layer_07,mlp_up,solver_full_r5,solver_full,5,24903680,0.021675614682099012
model.layers.12.mlp.up_proj.weight,layer_12,mlp_up,questioner_full_r1,questioner_full,1,24903680,0.013600384467619929
model.layers.12.mlp.up_proj.weight,layer_12,mlp_up,questioner_full_r2,questioner_full,2,24903680,0.07535461994134383
model.layers.12.mlp.up_proj.weight,layer_12,mlp_up,questioner_full_r3,questioner_full,3,24903680,0.08054979669703315
model.layers.12.mlp.up_proj.weight,layer_12,mlp_up,questioner_full_r4,questioner_full,4,24903680,0.07887556248272917
model.layers.12.mlp.up_proj.weight,layer_12,mlp_up,questioner_full_r5,questioner_full,5,24903680,0.0814157270565046
model.layers.12.mlp.up_proj.weight,layer_12,mlp_up,solver_rank1_r1,solver_rank1,1,24903680,0.021215772064577185
model.layers.12.mlp.up_proj.weight,layer_12,mlp_up,solver_rank1_r2,solver_rank1,2,24903680,0.021332583571165145
model.layers.12.mlp.up_proj.weight,layer_12,mlp_up,solver_rank1_r3,solver_rank1,3,24903680,0.020140931021662194
model.layers.12.mlp.up_proj.weight,layer_12,mlp_up,solver_rank1_r4,solver_rank1,4,24903680,0.01867774956557848
model.layers.12.mlp.up_proj.weight,layer_12,mlp_up,solver_rank1_r5,solver_rank1,5,24903680,0.019155437058578154
model.layers.12.mlp.up_proj.weight,layer_12,mlp_up,solver_full_r1,solver_full,1,24903680,0.022920884336031178
model.layers.12.mlp.up_proj.weight,layer_12,mlp_up,solver_full_r2,solver_full,2,24903680,0.023746311501131087
model.layers.12.mlp.up_proj.weight,layer_12,mlp_up,solver_full_r3,solver_full,3,24903680,0.02272884077334364
model.layers.12.mlp.up_proj.weight,layer_12,mlp_up,solver_full_r4,solver_full,4,24903680,0.021064634557634795
model.layers.12.mlp.up_proj.weight,layer_12,mlp_up,solver_full_r5,solver_full,5,24903680,0.021873156657009108
model.layers.7.self_attn.k_proj.weight,layer_07,attention_k,questioner_full_r1,questioner_full,1,2621440,0.004140534129419964
model.layers.7.self_attn.k_proj.weight,layer_07,attention_k,questioner_full_r2,questioner_full,2,2621440,0.024269651438568816
model.layers.7.self_attn.k_proj.weight,layer_07,attention_k,questioner_full_r3,questioner_full,3,2621440,0.025248061672015872
model.layers.7.self_attn.k_proj.weight,layer_07,attention_k,questioner_full_r4,questioner_full,4,2621440,0.026598455329710724
model.layers.7.self_attn.k_proj.weight,layer_07,attention_k,questioner_full_r5,questioner_full,5,2621440,0.028149425528508257
model.layers.7.self_attn.k_proj.weight,layer_07,attention_k,solver_rank1_r1,solver_rank1,1,2621440,0.0060677576908174605
model.layers.7.self_attn.k_proj.weight,layer_07,attention_k,solver_rank1_r2,solver_rank1,2,2621440,0.006812717444612425
model.layers.7.self_attn.k_proj.weight,layer_07,attention_k,solver_rank1_r3,solver_rank1,3,2621440,0.006317312516363538
model.layers.7.self_attn.k_proj.weight,layer_07,attention_k,solver_rank1_r4,solver_rank1,4,2621440,0.005815968803163064
model.layers.7.self_attn.k_proj.weight,layer_07,attention_k,solver_rank1_r5,solver_rank1,5,2621440,0.006914412065564607
model.layers.7.self_attn.k_proj.weight,layer_07,attention_k,solver_full_r1,solver_full,1,2621440,0.006689918813584812
model.layers.7.self_attn.k_proj.weight,layer_07,attention_k,solver_full_r2,solver_full,2,2621440,0.007190514114251558
model.layers.7.self_attn.k_proj.weight,layer_07,attention_k,solver_full_r3,solver_full,3,2621440,0.007061677936188592
model.layers.7.self_attn.k_proj.weight,layer_07,attention_k,solver_full_r4,solver_full,4,2621440,0.0065529270434044875
model.layers.7.self_attn.k_proj.weight,layer_07,attention_k,solver_full_r5,solver_full,5,2621440,0.00738243199850467
model.layers.28.mlp.gate_proj.weight,layer_28,mlp_gate,questioner_full_r1,questioner_full,1,24903680,0.009197662144639402
model.layers.28.mlp.gate_proj.weight,layer_28,mlp_gate,questioner_full_r2,questioner_full,2,24903680,0.08566095124493588
model.layers.28.mlp.gate_proj.weight,layer_28,mlp_gate,questioner_full_r3,questioner_full,3,24903680,0.08110703830142352
model.layers.28.mlp.gate_proj.weight,layer_28,mlp_gate,questioner_full_r4,questioner_full,4,24903680,0.07931389189307671
model.layers.28.mlp.gate_proj.weight,layer_28,mlp_gate,questioner_full_r5,questioner_full,5,24903680,0.08177313792045901
model.layers.28.mlp.gate_proj.weight,layer_28,mlp_gate,solver_rank1_r1,solver_rank1,1,24903680,0.014849818499998522
model.layers.28.mlp.gate_proj.weight,layer_28,mlp_gate,solver_rank1_r2,solver_rank1,2,24903680,0.015459776025796243
model.layers.28.mlp.gate_proj.weight,layer_28,mlp_gate,solver_rank1_r3,solver_rank1,3,24903680,0.015308610790586213
model.layers.28.mlp.gate_proj.weight,layer_28,mlp_gate,solver_rank1_r4,solver_rank1,4,24903680,0.015690327842734386
model.layers.28.mlp.gate_proj.weight,layer_28,mlp_gate,solver_rank1_r5,solver_rank1,5,24903680,0.014650467363174796
model.layers.28.mlp.gate_proj.weight,layer_28,mlp_gate,solver_full_r1,solver_full,1,24903680,0.016435347893755826
model.layers.28.mlp.gate_proj.weight,layer_28,mlp_gate,solver_full_r2,solver_full,2,24903680,0.01739254225901427
model.layers.28.mlp.gate_proj.weight,layer_28,mlp_gate,solver_full_r3,solver_full,3,24903680,0.017443016486382138
model.layers.28.mlp.gate_proj.weight,layer_28,mlp_gate,solver_full_r4,solver_full,4,24903680,0.017763846479624562
model.layers.28.mlp.gate_proj.weight,layer_28,mlp_gate,solver_full_r5,solver_full,5,24903680,0.016725394482912936
model.layers.18.self_attn.k_proj.weight,layer_18,attention_k,questioner_full_r1,questioner_full,1,2621440,0.005199120171774247
model.layers.18.self_attn.k_proj.weight,layer_18,attention_k,questioner_full_r2,questioner_full,2,2621440,0.027992211625414574
model.layers.18.self_attn.k_proj.weight,layer_18,attention_k,questioner_full_r3,questioner_full,3,2621440,0.02912346210721605
model.layers.18.self_attn.k_proj.weight,layer_18,attention_k,questioner_full_r4,questioner_full,4,2621440,0.028102629313426913
model.layers.18.self_attn.k_proj.weight,layer_18,attention_k,questioner_full_r5,questioner_full,5,2621440,0.028466651502683002
model.layers.18.self_attn.k_proj.weight,layer_18,attention_k,solver_rank1_r1,solver_rank1,1,2621440,0.006747476284012608
model.layers.18.self_attn.k_proj.weight,layer_18,attention_k,solver_rank1_r2,solver_rank1,2,2621440,0.006995165941166895
model.layers.18.self_attn.k_proj.weight,layer_18,attention_k,solver_rank1_r3,solver_rank1,3,2621440,0.00700109918349941
model.layers.18.self_attn.k_proj.weight,layer_18,attention_k,solver_rank1_r4,solver_rank1,4,2621440,0.007026878420182816
model.layers.18.self_attn.k_proj.weight,layer_18,attention_k,solver_rank1_r5,solver_rank1,5,2621440,0.006514197080215307
model.layers.18.self_attn.k_proj.weight,layer_18,attention_k,solver_full_r1,solver_full,1,2621440,0.0074654333309118115
model.layers.18.self_attn.k_proj.weight,layer_18,attention_k,solver_full_r2,solver_full,2,2621440,0.007898867673382944
model.layers.18.self_attn.k_proj.weight,layer_18,attention_k,solver_full_r3,solver_full,3,2621440,0.007619065325878482
model.layers.18.self_attn.k_proj.weight,layer_18,attention_k,solver_full_r4,solver_full,4,2621440,0.0076302910516422295
model.layers.18.self_attn.k_proj.weight,layer_18,attention_k,solver_full_r5,solver_full,5,2621440,0.007501936303017206
model.layers.35.mlp.up_proj.weight,layer_35,mlp_up,questioner_full_r1,questioner_full,1,24903680,0.00963257836867862
model.layers.35.mlp.up_proj.weight,layer_35,mlp_up,questioner_full_r2,questioner_full,2,24903680,0.08198418581625797
model.layers.35.mlp.up_proj.weight,layer_35,mlp_up,questioner_full_r3,questioner_full,3,24903680,0.07723932009722387
model.layers.35.mlp.up_proj.weight,layer_35,mlp_up,questioner_full_r4,questioner_full,4,24903680,0.07991667025024565
model.layers.35.mlp.up_proj.weight,layer_35,mlp_up,questioner_full_r5,questioner_full,5,24903680,0.07934127877811531
model.layers.35.mlp.up_proj.weight,layer_35,mlp_up,solver_rank1_r1,solver_rank1,1,24903680,0.015177852133934976
model.layers.35.mlp.up_proj.weight,layer_35,mlp_up,solver_rank1_r2,solver_rank1,2,24903680,0.016096781478298513
model.layers.35.mlp.up_proj.weight,layer_35,mlp_up,solver_rank1_r3,solver_rank1,3,24903680,0.01578090012584726
model.layers.35.mlp.up_proj.weight,layer_35,mlp_up,solver_rank1_r4,solver_rank1,4,24903680,0.01555938828724484
model.layers.35.mlp.up_proj.weight,layer_35,mlp_up,solver_rank1_r5,solver_rank1,5,24903680,0.014321794401927308
model.layers.35.mlp.up_proj.weight,layer_35,mlp_up,solver_full_r1,solver_full,1,24903680,0.016708882696429977
model.layers.35.mlp.up_proj.weight,layer_35,mlp_up,solver_full_r2,solver_full,2,24903680,0.017921840927103312
model.layers.35.mlp.up_proj.weight,layer_35,mlp_up,solver_full_r3,solver_full,3,24903680,0.017782536131033925
model.layers.35.mlp.up_proj.weight,layer_35,mlp_up,solver_full_r4,solver_full,4,24903680,0.01753690592832588
model.layers.35.mlp.up_proj.weight,layer_35,mlp_up,solver_full_r5,solver_full,5,24903680,0.01617620938960183
model.layers.21.input_layernorm.weight,layer_21,normalization,questioner_full_r1,questioner_full,1,2560,0.0
model.layers.21.input_layernorm.weight,layer_21,normalization,questioner_full_r2,questioner_full,2,2560,0.0
model.layers.21.input_layernorm.weight,layer_21,normalization,questioner_full_r3,questioner_full,3,2560,0.0
model.layers.21.input_layernorm.weight,layer_21,normalization,questioner_full_r4,questioner_full,4,2560,0.0
model.layers.21.input_layernorm.weight,layer_21,normalization,questioner_full_r5,questioner_full,5,2560,0.0
model.layers.21.input_layernorm.weight,layer_21,normalization,solver_rank1_r1,solver_rank1,1,2560,0.0
model.layers.21.input_layernorm.weight,layer_21,normalization,solver_rank1_r2,solver_rank1,2,2560,0.0
model.layers.21.input_layernorm.weight,layer_21,normalization,solver_rank1_r3,solver_rank1,3,2560,0.0
model.layers.21.input_layernorm.weight,layer_21,normalization,solver_rank1_r4,solver_rank1,4,2560,0.0
model.layers.21.input_layernorm.weight,layer_21,normalization,solver_rank1_r5,solver_rank1,5,2560,0.0
model.layers.21.input_layernorm.weight,layer_21,normalization,solver_full_r1,solver_full,1,2560,0.0
model.layers.21.input_layernorm.weight,layer_21,normalization,solver_full_r2,solver_full,2,2560,0.0
model.layers.21.input_layernorm.weight,layer_21,normalization,solver_full_r3,solver_full,3,2560,0.0
model.layers.21.input_layernorm.weight,layer_21,normalization,solver_full_r4,solver_full,4,2560,0.0
model.layers.21.input_layernorm.weight,layer_21,normalization,solver_full_r5,solver_full,5,2560,0.0
model.layers.11.self_attn.k_proj.weight,layer_11,attention_k,questioner_full_r1,questioner_full,1,2621440,0.004669638365548403
model.layers.11.self_attn.k_proj.weight,layer_11,attention_k,questioner_full_r2,questioner_full,2,2621440,0.024703427250269697
model.layers.11.self_attn.k_proj.weight,layer_11,attention_k,questioner_full_r3,questioner_full,3,2621440,0.02659869796579194
model.layers.11.self_attn.k_proj.weight,layer_11,attention_k,questioner_full_r4,questioner_full,4,2621440,0.026724935415706388
model.layers.11.self_attn.k_proj.weight,layer_11,attention_k,questioner_full_r5,questioner_full,5,2621440,0.027401143322696372
model.layers.11.self_attn.k_proj.weight,layer_11,attention_k,solver_rank1_r1,solver_rank1,1,2621440,0.005977053103152601
model.layers.11.self_attn.k_proj.weight,layer_11,attention_k,solver_rank1_r2,solver_rank1,2,2621440,0.006228100657966167
model.layers.11.self_attn.k_proj.weight,layer_11,attention_k,solver_rank1_r3,solver_rank1,3,2621440,0.006220351128150958
model.layers.11.self_attn.k_proj.weight,layer_11,attention_k,solver_rank1_r4,solver_rank1,4,2621440,0.005678320874229414
model.layers.11.self_attn.k_proj.weight,layer_11,attention_k,solver_rank1_r5,solver_rank1,5,2621440,0.006892988675756322
model.layers.11.self_attn.k_proj.weight,layer_11,attention_k,solver_full_r1,solver_full,1,2621440,0.006578374855656105
model.layers.11.self_attn.k_proj.weight,layer_11,attention_k,solver_full_r2,solver_full,2,2621440,0.006990922179528508
model.layers.11.self_attn.k_proj.weight,layer_11,attention_k,solver_full_r3,solver_full,3,2621440,0.0070456081153860775
model.layers.11.self_attn.k_proj.weight,layer_11,attention_k,solver_full_r4,solver_full,4,2621440,0.0064374213737372005
model.layers.11.self_attn.k_proj.weight,layer_11,attention_k,solver_full_r5,solver_full,5,2621440,0.0073396782218120415
model.layers.19.self_attn.o_proj.weight,layer_19,attention_o,questioner_full_r1,questioner_full,1,10485760,0.010259349937655541
model.layers.19.self_attn.o_proj.weight,layer_19,attention_o,questioner_full_r2,questioner_full,2,10485760,0.05338724019541081
model.layers.19.self_attn.o_proj.weight,layer_19,attention_o,questioner_full_r3,questioner_full,3,10485760,0.05400951878655042
model.layers.19.self_attn.o_proj.weight,layer_19,attention_o,questioner_full_r4,questioner_full,4,10485760,0.05390001673764343
model.layers.19.self_attn.o_proj.weight,layer_19,attention_o,questioner_full_r5,questioner_full,5,10485760,0.054207001967080996
model.layers.19.self_attn.o_proj.weight,layer_19,attention_o,solver_rank1_r1,solver_rank1,1,10485760,0.013392773002033087
model.layers.19.self_attn.o_proj.weight,layer_19,attention_o,solver_rank1_r2,solver_rank1,2,10485760,0.014415784089013091
model.layers.19.self_attn.o_proj.weight,layer_19,attention_o,solver_rank1_r3,solver_rank1,3,10485760,0.014758618458508907
model.layers.19.self_attn.o_proj.weight,layer_19,attention_o,solver_rank1_r4,solver_rank1,4,10485760,0.013536447401664969
model.layers.19.self_attn.o_proj.weight,layer_19,attention_o,solver_rank1_r5,solver_rank1,5,10485760,0.013440282807682778
model.layers.19.self_attn.o_proj.weight,layer_19,attention_o,solver_full_r1,solver_full,1,10485760,0.014737022568367389
model.layers.19.self_attn.o_proj.weight,layer_19,attention_o,solver_full_r2,solver_full,2,10485760,0.01623433102496086
model.layers.19.self_attn.o_proj.weight,layer_19,attention_o,solver_full_r3,solver_full,3,10485760,0.01596537437276067
model.layers.19.self_attn.o_proj.weight,layer_19,attention_o,solver_full_r4,solver_full,4,10485760,0.01554265316255191
model.layers.19.self_attn.o_proj.weight,layer_19,attention_o,solver_full_r5,solver_full,5,10485760,0.015380570218796897
model.norm.weight,final_norm,normalization,questioner_full_r1,questioner_full,1,2560,0.0
model.norm.weight,final_norm,normalization,questioner_full_r2,questioner_full,2,2560,3.0517578125e-05
model.norm.weight,final_norm,normalization,questioner_full_r3,questioner_full,3,2560,3.0517578125e-05
model.norm.weight,final_norm,normalization,questioner_full_r4,questioner_full,4,2560,0.0
model.norm.weight,final_norm,normalization,questioner_full_r5,questioner_full,5,2560,3.0517578125e-05
model.norm.weight,final_norm,normalization,solver_rank1_r1,solver_rank1,1,2560,0.0
model.norm.weight,final_norm,normalization,solver_rank1_r2,solver_rank1,2,2560,0.0
model.norm.weight,final_norm,normalization,solver_rank1_r3,solver_rank1,3,2560,0.0
model.norm.weight,final_norm,normalization,solver_rank1_r4,solver_rank1,4,2560,0.0
model.norm.weight,final_norm,normalization,solver_rank1_r5,solver_rank1,5,2560,0.0
model.norm.weight,final_norm,normalization,solver_full_r1,solver_full,1,2560,0.0
model.norm.weight,final_norm,normalization,solver_full_r2,solver_full,2,2560,0.0
model.norm.weight,final_norm,normalization,solver_full_r3,solver_full,3,2560,0.0
model.norm.weight,final_norm,normalization,solver_full_r4,solver_full,4,2560,0.0
model.norm.weight,final_norm,normalization,solver_full_r5,solver_full,5,2560,0.0
model.layers.25.self_attn.q_norm.weight,layer_25,normalization,questioner_full_r1,questioner_full,1,128,0.0
model.layers.25.self_attn.q_norm.weight,layer_25,normalization,questioner_full_r2,questioner_full,2,128,0.0
model.layers.25.self_attn.q_norm.weight,layer_25,normalization,questioner_full_r3,questioner_full,3,128,6.103515625e-05
model.layers.25.self_attn.q_norm.weight,layer_25,normalization,questioner_full_r4,questioner_full,4,128,0.0
model.layers.25.self_attn.q_norm.weight,layer_25,normalization,questioner_full_r5,questioner_full,5,128,0.0
model.layers.25.self_attn.q_norm.weight,layer_25,normalization,solver_rank1_r1,solver_rank1,1,128,0.0
model.layers.25.self_attn.q_norm.weight,layer_25,normalization,solver_rank1_r2,solver_rank1,2,128,0.0
model.layers.25.self_attn.q_norm.weight,layer_25,normalization,solver_rank1_r3,solver_rank1,3,128,0.0
model.layers.25.self_attn.q_norm.weight,layer_25,normalization,solver_rank1_r4,solver_rank1,4,128,0.0
model.layers.25.self_attn.q_norm.weight,layer_25,normalization,solver_rank1_r5,solver_rank1,5,128,0.0
model.layers.25.self_attn.q_norm.weight,layer_25,normalization,solver_full_r1,solver_full,1,128,0.0
model.layers.25.self_attn.q_norm.weight,layer_25,normalization,solver_full_r2,solver_full,2,128,0.0
model.layers.25.self_attn.q_norm.weight,layer_25,normalization,solver_full_r3,solver_full,3,128,0.0
model.layers.25.self_attn.q_norm.weight,layer_25,normalization,solver_full_r4,solver_full,4,128,0.0
model.layers.25.self_attn.q_norm.weight,layer_25,normalization,solver_full_r5,solver_full,5,128,0.0
model.layers.33.self_attn.v_proj.weight,layer_33,attention_v,questioner_full_r1,questioner_full,1,2621440,0.0038231119688304956
model.layers.33.self_attn.v_proj.weight,layer_33,attention_v,questioner_full_r2,questioner_full,2,2621440,0.026187784760104516
model.layers.33.self_attn.v_proj.weight,layer_33,attention_v,questioner_full_r3,questioner_full,3,2621440,0.02502437074006215
model.layers.33.self_attn.v_proj.weight,layer_33,attention_v,questioner_full_r4,questioner_full,4,2621440,0.026240153175912658
model.layers.33.self_attn.v_proj.weight,layer_33,attention_v,questioner_full_r5,questioner_full,5,2621440,0.026423984742826558
model.layers.33.self_attn.v_proj.weight,layer_33,attention_v,solver_rank1_r1,solver_rank1,1,2621440,0.0044888739927731415
model.layers.33.self_attn.v_proj.weight,layer_33,attention_v,solver_rank1_r2,solver_rank1,2,2621440,0.0054160371411942215
model.layers.33.self_attn.v_proj.weight,layer_33,attention_v,solver_rank1_r3,solver_rank1,3,2621440,0.005008678307318503
model.layers.33.self_attn.v_proj.weight,layer_33,attention_v,solver_rank1_r4,solver_rank1,4,2621440,0.0051332368989862424
model.layers.33.self_attn.v_proj.weight,layer_33,attention_v,solver_rank1_r5,solver_rank1,5,2621440,0.004964508223269967
model.layers.33.self_attn.v_proj.weight,layer_33,attention_v,solver_full_r1,solver_full,1,2621440,0.004972296422437392
model.layers.33.self_attn.v_proj.weight,layer_33,attention_v,solver_full_r2,solver_full,2,2621440,0.005960988441325548
model.layers.33.self_attn.v_proj.weight,layer_33,attention_v,solver_full_r3,solver_full,3,2621440,0.005565466577313644
model.layers.33.self_attn.v_proj.weight,layer_33,attention_v,solver_full_r4,solver_full,4,2621440,0.005614081360258969
model.layers.33.self_attn.v_proj.weight,layer_33,attention_v,solver_full_r5,solver_full,5,2621440,0.005544003894340524
model.layers.34.self_attn.k_norm.weight,layer_34,normalization,questioner_full_r1,questioner_full,1,128,2.0415091160400053e-05
model.layers.34.self_attn.k_norm.weight,layer_34,normalization,questioner_full_r2,questioner_full,2,128,4.8349030571789845e-05
model.layers.34.self_attn.k_norm.weight,layer_34,normalization,questioner_full_r3,questioner_full,3,128,4.485311895868243e-05
model.layers.34.self_attn.k_norm.weight,layer_34,normalization,questioner_full_r4,questioner_full,4,128,5.760066555229759e-05
model.layers.34.self_attn.k_norm.weight,layer_34,normalization,questioner_full_r5,questioner_full,5,128,4.985628365557759e-05
model.layers.34.self_attn.k_norm.weight,layer_34,normalization,solver_rank1_r1,solver_rank1,1,128,1.1131875543526413e-05
model.layers.34.self_attn.k_norm.weight,layer_34,normalization,solver_rank1_r2,solver_rank1,2,128,1.7917913654380737e-05
model.layers.34.self_attn.k_norm.weight,layer_34,normalization,solver_rank1_r3,solver_rank1,3,128,1.430511474609375e-05
model.layers.34.self_attn.k_norm.weight,layer_34,normalization,solver_rank1_r4,solver_rank1,4,128,1.815115576808384e-05
model.layers.34.self_attn.k_norm.weight,layer_34,normalization,solver_rank1_r5,solver_rank1,5,128,1.0630367665103891e-05
model.layers.34.self_attn.k_norm.weight,layer_34,normalization,solver_full_r1,solver_full,1,128,1.3015121520954305e-05
model.layers.34.self_attn.k_norm.weight,layer_34,normalization,solver_full_r2,solver_full,2,128,1.7993891014207083e-05
model.layers.34.self_attn.k_norm.weight,layer_34,normalization,solver_full_r3,solver_full,3,128,1.5850801600069677e-05
model.layers.34.self_attn.k_norm.weight,layer_34,normalization,solver_full_r4,solver_full,4,128,1.9550323486328125e-05
model.layers.34.self_attn.k_norm.weight,layer_34,normalization,solver_full_r5,solver_full,5,128,1.1444091796875e-05
model.layers.17.post_attention_layernorm.weight,layer_17,normalization,questioner_full_r1,questioner_full,1,2560,1.3798571816965525e-05
model.layers.17.post_attention_layernorm.weight,layer_17,normalization,questioner_full_r2,questioner_full,2,2560,2.164034441234166e-05
model.layers.17.post_attention_layernorm.weight,layer_17,normalization,questioner_full_r3,questioner_full,3,2560,1.8710162881554136e-05
model.layers.17.post_attention_layernorm.weight,layer_17,normalization,questioner_full_r4,questioner_full,4,2560,6.557128617060498e-05
model.layers.17.post_attention_layernorm.weight,layer_17,normalization,questioner_full_r5,questioner_full,5,2560,5.2474840604381654e-05
model.layers.17.post_attention_layernorm.weight,layer_17,normalization,solver_rank1_r1,solver_rank1,1,2560,1.0356982384074212e-05
model.layers.17.post_attention_layernorm.weight,layer_17,normalization,solver_rank1_r2,solver_rank1,2,2560,1.1850386757217091e-05
model.layers.17.post_attention_layernorm.weight,layer_17,normalization,solver_rank1_r3,solver_rank1,3,2560,5.379298552211996e-06
model.layers.17.post_attention_layernorm.weight,layer_17,normalization,solver_rank1_r4,solver_rank1,4,2560,1.6459625967934076e-05
model.layers.17.post_attention_layernorm.weight,layer_17,normalization,solver_rank1_r5,solver_rank1,5,2560,2.054977643261896e-05
model.layers.17.post_attention_layernorm.weight,layer_17,normalization,solver_full_r1,solver_full,1,2560,1.1355740768414088e-05
model.layers.17.post_attention_layernorm.weight,layer_17,normalization,solver_full_r2,solver_full,2,2560,1.1946085374035184e-05
model.layers.17.post_attention_layernorm.weight,layer_17,normalization,solver_full_r3,solver_full,3,2560,5.6372886973145594e-06
model.layers.17.post_attention_layernorm.weight,layer_17,normalization,solver_full_r4,solver_full,4,2560,1.645617209944549e-05
model.layers.17.post_attention_layernorm.weight,layer_17,normalization,solver_full_r5,solver_full,5,2560,2.0625360326870673e-05
model.layers.2.self_attn.k_norm.weight,layer_02,normalization,questioner_full_r1,questioner_full,1,128,0.0
model.layers.2.self_attn.k_norm.weight,layer_02,normalization,questioner_full_r2,questioner_full,2,128,0.0
model.layers.2.self_attn.k_norm.weight,layer_02,normalization,questioner_full_r3,questioner_full,3,128,6.103515625e-05
model.layers.2.self_attn.k_norm.weight,layer_02,normalization,questioner_full_r4,questioner_full,4,128,6.103515625e-05
model.layers.2.self_attn.k_norm.weight,layer_02,normalization,questioner_full_r5,questioner_full,5,128,0.0
model.layers.2.self_attn.k_norm.weight,layer_02,normalization,solver_rank1_r1,solver_rank1,1,128,0.0
model.layers.2.self_attn.k_norm.weight,layer_02,normalization,solver_rank1_r2,solver_rank1,2,128,0.0
model.layers.2.self_attn.k_norm.weight,layer_02,normalization,solver_rank1_r3,solver_rank1,3,128,0.0
model.layers.2.self_attn.k_norm.weight,layer_02,normalization,solver_rank1_r4,solver_rank1,4,128,0.0
model.layers.2.self_attn.k_norm.weight,layer_02,normalization,solver_rank1_r5,solver_rank1,5,128,0.0
model.layers.2.self_attn.k_norm.weight,layer_02,normalization,solver_full_r1,solver_full,1,128,0.0
model.layers.2.self_attn.k_norm.weight,layer_02,normalization,solver_full_r2,solver_full,2,128,0.0
model.layers.2.self_attn.k_norm.weight,layer_02,normalization,solver_full_r3,solver_full,3,128,0.0
model.layers.2.self_attn.k_norm.weight,layer_02,normalization,solver_full_r4,solver_full,4,128,0.0
model.layers.2.self_attn.k_norm.weight,layer_02,normalization,solver_full_r5,solver_full,5,128,0.0
model.layers.32.mlp.gate_proj.weight,layer_32,mlp_gate,questioner_full_r1,questioner_full,1,24903680,0.00880509903334459
model.layers.32.mlp.gate_proj.weight,layer_32,mlp_gate,questioner_full_r2,questioner_full,2,24903680,0.0851661014354148
model.layers.32.mlp.gate_proj.weight,layer_32,mlp_gate,questioner_full_r3,questioner_full,3,24903680,0.08121476753477698
model.layers.32.mlp.gate_proj.weight,layer_32,mlp_gate,questioner_full_r4,questioner_full,4,24903680,0.0821869131051891
model.layers.32.mlp.gate_proj.weight,layer_32,mlp_gate,questioner_full_r5,questioner_full,5,24903680,0.08327991838832091
model.layers.32.mlp.gate_proj.weight,layer_32,mlp_gate,solver_rank1_r1,solver_rank1,1,24903680,0.014204117744695943
model.layers.32.mlp.gate_proj.weight,layer_32,mlp_gate,solver_rank1_r2,solver_rank1,2,24903680,0.014787830106928489
model.layers.32.mlp.gate_proj.weight,layer_32,mlp_gate,solver_rank1_r3,solver_rank1,3,24903680,0.014905851892328736
model.layers.32.mlp.gate_proj.weight,layer_32,mlp_gate,solver_rank1_r4,solver_rank1,4,24903680,0.014904272227732596
model.layers.32.mlp.gate_proj.weight,layer_32,mlp_gate,solver_rank1_r5,solver_rank1,5,24903680,0.013750450783613328
model.layers.32.mlp.gate_proj.weight,layer_32,mlp_gate,solver_full_r1,solver_full,1,24903680,0.015748865453563608
model.layers.32.mlp.gate_proj.weight,layer_32,mlp_gate,solver_full_r2,solver_full,2,24903680,0.016625401622654048
model.layers.32.mlp.gate_proj.weight,layer_32,mlp_gate,solver_full_r3,solver_full,3,24903680,0.016979586883920775
model.layers.32.mlp.gate_proj.weight,layer_32,mlp_gate,solver_full_r4,solver_full,4,24903680,0.016810852807340328
model.layers.32.mlp.gate_proj.weight,layer_32,mlp_gate,solver_full_r5,solver_full,5,24903680,0.01570132172024145
model.layers.12.input_layernorm.weight,layer_12,normalization,questioner_full_r1,questioner_full,1,2560,0.0
model.layers.12.input_layernorm.weight,layer_12,normalization,questioner_full_r2,questioner_full,2,2560,0.0
model.layers.12.input_layernorm.weight,layer_12,normalization,questioner_full_r3,questioner_full,3,2560,0.0
model.layers.12.input_layernorm.weight,layer_12,normalization,questioner_full_r4,questioner_full,4,2560,0.0
model.layers.12.input_layernorm.weight,layer_12,normalization,questioner_full_r5,questioner_full,5,2560,0.0
model.layers.12.input_layernorm.weight,layer_12,normalization,solver_rank1_r1,solver_rank1,1,2560,0.0
model.layers.12.input_layernorm.weight,layer_12,normalization,solver_rank1_r2,solver_rank1,2,2560,0.0
model.layers.12.input_layernorm.weight,layer_12,normalization,solver_rank1_r3,solver_rank1,3,2560,0.0
model.layers.12.input_layernorm.weight,layer_12,normalization,solver_rank1_r4,solver_rank1,4,2560,0.0
model.layers.12.input_layernorm.weight,layer_12,normalization,solver_rank1_r5,solver_rank1,5,2560,0.0
model.layers.12.input_layernorm.weight,layer_12,normalization,solver_full_r1,solver_full,1,2560,0.0
model.layers.12.input_layernorm.weight,layer_12,normalization,solver_full_r2,solver_full,2,2560,0.0
model.layers.12.input_layernorm.weight,layer_12,normalization,solver_full_r3,solver_full,3,2560,0.0
model.layers.12.input_layernorm.weight,layer_12,normalization,solver_full_r4,solver_full,4,2560,0.0
model.layers.12.input_layernorm.weight,layer_12,normalization,solver_full_r5,solver_full,5,2560,0.0
model.layers.30.mlp.down_proj.weight,layer_30,mlp_down,questioner_full_r1,questioner_full,1,24903680,0.01115041874331151
model.layers.30.mlp.down_proj.weight,layer_30,mlp_down,questioner_full_r2,questioner_full,2,24903680,0.08358148366136746
model.layers.30.mlp.down_proj.weight,layer_30,mlp_down,questioner_full_r3,questioner_full,3,24903680,0.08056888337192465
model.layers.30.mlp.down_proj.weight,layer_30,mlp_down,questioner_full_r4,questioner_full,4,24903680,0.07908649451917078
model.layers.30.mlp.down_proj.weight,layer_30,mlp_down,questioner_full_r5,questioner_full,5,24903680,0.08037340126353139
model.layers.30.mlp.down_proj.weight,layer_30,mlp_down,solver_rank1_r1,solver_rank1,1,24903680,0.015548262336669477
model.layers.30.mlp.down_proj.weight,layer_30,mlp_down,solver_rank1_r2,solver_rank1,2,24903680,0.016887676708778086
model.layers.30.mlp.down_proj.weight,layer_30,mlp_down,solver_rank1_r3,solver_rank1,3,24903680,0.016286385457239864
model.layers.30.mlp.down_proj.weight,layer_30,mlp_down,solver_rank1_r4,solver_rank1,4,24903680,0.016425425951235133
model.layers.30.mlp.down_proj.weight,layer_30,mlp_down,solver_rank1_r5,solver_rank1,5,24903680,0.015281146028690757
model.layers.30.mlp.down_proj.weight,layer_30,mlp_down,solver_full_r1,solver_full,1,24903680,0.017027673430585262
model.layers.30.mlp.down_proj.weight,layer_30,mlp_down,solver_full_r2,solver_full,2,24903680,0.01879868841399955
model.layers.30.mlp.down_proj.weight,layer_30,mlp_down,solver_full_r3,solver_full,3,24903680,0.018433364885589425
model.layers.30.mlp.down_proj.weight,layer_30,mlp_down,solver_full_r4,solver_full,4,24903680,0.018427273409117477
model.layers.30.mlp.down_proj.weight,layer_30,mlp_down,solver_full_r5,solver_full,5,24903680,0.0172871521336042
model.layers.19.mlp.down_proj.weight,layer_19,mlp_down,questioner_full_r1,questioner_full,1,24903680,0.014244609750442857
model.layers.19.mlp.down_proj.weight,layer_19,mlp_down,questioner_full_r2,questioner_full,2,24903680,0.08339351130063645
model.layers.19.mlp.down_proj.weight,layer_19,mlp_down,questioner_full_r3,questioner_full,3,24903680,0.0835228104383375
model.layers.19.mlp.down_proj.weight,layer_19,mlp_down,questioner_full_r4,questioner_full,4,24903680,0.0804978354192909
model.layers.19.mlp.down_proj.weight,layer_19,mlp_down,questioner_full_r5,questioner_full,5,24903680,0.0825746739486886
model.layers.19.mlp.down_proj.weight,layer_19,mlp_down,solver_rank1_r1,solver_rank1,1,24903680,0.01925958644060768
model.layers.19.mlp.down_proj.weight,layer_19,mlp_down,solver_rank1_r2,solver_rank1,2,24903680,0.020503575988799854
model.layers.19.mlp.down_proj.weight,layer_19,mlp_down,solver_rank1_r3,solver_rank1,3,24903680,0.019693450399373133
model.layers.19.mlp.down_proj.weight,layer_19,mlp_down,solver_rank1_r4,solver_rank1,4,24903680,0.019300742602739313
model.layers.19.mlp.down_proj.weight,layer_19,mlp_down,solver_rank1_r5,solver_rank1,5,24903680,0.018986777778552497
model.layers.19.mlp.down_proj.weight,layer_19,mlp_down,solver_full_r1,solver_full,1,24903680,0.021125651841711023
model.layers.19.mlp.down_proj.weight,layer_19,mlp_down,solver_full_r2,solver_full,2,24903680,0.02300019452045095
model.layers.19.mlp.down_proj.weight,layer_19,mlp_down,solver_full_r3,solver_full,3,24903680,0.02249512339633787
model.layers.19.mlp.down_proj.weight,layer_19,mlp_down,solver_full_r4,solver_full,4,24903680,0.02204144912885714
model.layers.19.mlp.down_proj.weight,layer_19,mlp_down,solver_full_r5,solver_full,5,24903680,0.021629994298623084
model.layers.14.self_attn.v_proj.weight,layer_14,attention_v,questioner_full_r1,questioner_full,1,2621440,0.004653339025928515
model.layers.14.self_attn.v_proj.weight,layer_14,attention_v,questioner_full_r2,questioner_full,2,2621440,0.023334374395479418
model.layers.14.self_attn.v_proj.weight,layer_14,attention_v,questioner_full_r3,questioner_full,3,2621440,0.02501916714067571
model.layers.14.self_attn.v_proj.weight,layer_14,attention_v,questioner_full_r4,questioner_full,4,2621440,0.02488616167480695
model.layers.14.self_attn.v_proj.weight,layer_14,attention_v,questioner_full_r5,questioner_full,5,2621440,0.02532827276229631
model.layers.14.self_attn.v_proj.weight,layer_14,attention_v,solver_rank1_r1,solver_rank1,1,2621440,0.0077643725821988615
model.layers.14.self_attn.v_proj.weight,layer_14,attention_v,solver_rank1_r2,solver_rank1,2,2621440,0.0074467293055147515
model.layers.14.self_attn.v_proj.weight,layer_14,attention_v,solver_rank1_r3,solver_rank1,3,2621440,0.007169536464836046
model.layers.14.self_attn.v_proj.weight,layer_14,attention_v,solver_rank1_r4,solver_rank1,4,2621440,0.006504857316323863
model.layers.14.self_attn.v_proj.weight,layer_14,attention_v,solver_rank1_r5,solver_rank1,5,2621440,0.0065540181362941435
model.layers.14.self_attn.v_proj.weight,layer_14,attention_v,solver_full_r1,solver_full,1,2621440,0.008349490369644408
model.layers.14.self_attn.v_proj.weight,layer_14,attention_v,solver_full_r2,solver_full,2,2621440,0.008273941076712824
model.layers.14.self_attn.v_proj.weight,layer_14,attention_v,solver_full_r3,solver_full,3,2621440,0.008059612745558185
model.layers.14.self_attn.v_proj.weight,layer_14,attention_v,solver_full_r4,solver_full,4,2621440,0.0073313479074244275
model.layers.14.self_attn.v_proj.weight,layer_14,attention_v,solver_full_r5,solver_full,5,2621440,0.0074736102361026855
model.layers.16.self_attn.v_proj.weight,layer_16,attention_v,questioner_full_r1,questioner_full,1,2621440,0.004830669523103797
model.layers.16.self_attn.v_proj.weight,layer_16,attention_v,questioner_full_r2,questioner_full,2,2621440,0.02286259014990113
model.layers.16.self_attn.v_proj.weight,layer_16,attention_v,questioner_full_r3,questioner_full,3,2621440,0.024355502229910737
model.layers.16.self_attn.v_proj.weight,layer_16,attention_v,questioner_full_r4,questioner_full,4,2621440,0.024209157148027828
model.layers.16.self_attn.v_proj.weight,layer_16,attention_v,questioner_full_r5,questioner_full,5,2621440,0.024876915522166823
model.layers.16.self_attn.v_proj.weight,layer_16,attention_v,solver_rank1_r1,solver_rank1,1,2621440,0.007829753024958482
model.layers.16.self_attn.v_proj.weight,layer_16,attention_v,solver_rank1_r2,solver_rank1,2,2621440,0.007939561090418563
model.layers.16.self_attn.v_proj.weight,layer_16,attention_v,solver_rank1_r3,solver_rank1,3,2621440,0.0073784928269445315
model.layers.16.self_attn.v_proj.weight,layer_16,attention_v,solver_rank1_r4,solver_rank1,4,2621440,0.006956464521537321
model.layers.16.self_attn.v_proj.weight,layer_16,attention_v,solver_rank1_r5,solver_rank1,5,2621440,0.006937446573681904
model.layers.16.self_attn.v_proj.weight,layer_16,attention_v,solver_full_r1,solver_full,1,2621440,0.008461470199523187
model.layers.16.self_attn.v_proj.weight,layer_16,attention_v,solver_full_r2,solver_full,2,2621440,0.008875375956315754
model.layers.16.self_attn.v_proj.weight,layer_16,attention_v,solver_full_r3,solver_full,3,2621440,0.00832072134983457
model.layers.16.self_attn.v_proj.weight,layer_16,attention_v,solver_full_r4,solver_full,4,2621440,0.007874905943752343
model.layers.16.self_attn.v_proj.weight,layer_16,attention_v,solver_full_r5,solver_full,5,2621440,0.007930102718243768
model.layers.16.self_attn.o_proj.weight,layer_16,attention_o,questioner_full_r1,questioner_full,1,10485760,0.010104615187236496
model.layers.16.self_attn.o_proj.weight,layer_16,attention_o,questioner_full_r2,questioner_full,2,10485760,0.04958176672412504
model.layers.16.self_attn.o_proj.weight,layer_16,attention_o,questioner_full_r3,questioner_full,3,10485760,0.05158177304817136
model.layers.16.self_attn.o_proj.weight,layer_16,attention_o,questioner_full_r4,questioner_full,4,10485760,0.051174135951014325
model.layers.16.self_attn.o_proj.weight,layer_16,attention_o,questioner_full_r5,questioner_full,5,10485760,0.05193457917780949
model.layers.16.self_attn.o_proj.weight,layer_16,attention_o,solver_rank1_r1,solver_rank1,1,10485760,0.01504340004881728
model.layers.16.self_attn.o_proj.weight,layer_16,attention_o,solver_rank1_r2,solver_rank1,2,10485760,0.015538163513693672
model.layers.16.self_attn.o_proj.weight,layer_16,attention_o,solver_rank1_r3,solver_rank1,3,10485760,0.015227909432619584
model.layers.16.self_attn.o_proj.weight,layer_16,attention_o,solver_rank1_r4,solver_rank1,4,10485760,0.013518800643301757
model.layers.16.self_attn.o_proj.weight,layer_16,attention_o,solver_rank1_r5,solver_rank1,5,10485760,0.013659740036115085
model.layers.16.self_attn.o_proj.weight,layer_16,attention_o,solver_full_r1,solver_full,1,10485760,0.016335777574329007
model.layers.16.self_attn.o_proj.weight,layer_16,attention_o,solver_full_r2,solver_full,2,10485760,0.017383720624617526
model.layers.16.self_attn.o_proj.weight,layer_16,attention_o,solver_full_r3,solver_full,3,10485760,0.016389778575002747
model.layers.16.self_attn.o_proj.weight,layer_16,attention_o,solver_full_r4,solver_full,4,10485760,0.015435007805099401
model.layers.16.self_attn.o_proj.weight,layer_16,attention_o,solver_full_r5,solver_full,5,10485760,0.01566931421503022
model.layers.1.self_attn.q_proj.weight,layer_01,attention_q,questioner_full_r1,questioner_full,1,10485760,0.00777766757323355
model.layers.1.self_attn.q_proj.weight,layer_01,attention_q,questioner_full_r2,questioner_full,2,10485760,0.045044240023390615
model.layers.1.self_attn.q_proj.weight,layer_01,attention_q,questioner_full_r3,questioner_full,3,10485760,0.047706455606888326
model.layers.1.self_attn.q_proj.weight,layer_01,attention_q,questioner_full_r4,questioner_full,4,10485760,0.05101032938849068
model.layers.1.self_attn.q_proj.weight,layer_01,attention_q,questioner_full_r5,questioner_full,5,10485760,0.05256329098769268
model.layers.1.self_attn.q_proj.weight,layer_01,attention_q,solver_rank1_r1,solver_rank1,1,10485760,0.010741106984472452
model.layers.1.self_attn.q_proj.weight,layer_01,attention_q,solver_rank1_r2,solver_rank1,2,10485760,0.012023934555534608
model.layers.1.self_attn.q_proj.weight,layer_01,attention_q,solver_rank1_r3,solver_rank1,3,10485760,0.010867347417773282
model.layers.1.self_attn.q_proj.weight,layer_01,attention_q,solver_rank1_r4,solver_rank1,4,10485760,0.011086484909037764
model.layers.1.self_attn.q_proj.weight,layer_01,attention_q,solver_rank1_r5,solver_rank1,5,10485760,0.012693415845268898
model.layers.1.self_attn.q_proj.weight,layer_01,attention_q,solver_full_r1,solver_full,1,10485760,0.01213189474168168
model.layers.1.self_attn.q_proj.weight,layer_01,attention_q,solver_full_r2,solver_full,2,10485760,0.013285085537823519
model.layers.1.self_attn.q_proj.weight,layer_01,attention_q,solver_full_r3,solver_full,3,10485760,0.012052704683443525
model.layers.1.self_attn.q_proj.weight,layer_01,attention_q,solver_full_r4,solver_full,4,10485760,0.012297384918592686
model.layers.1.self_attn.q_proj.weight,layer_01,attention_q,solver_full_r5,solver_full,5,10485760,0.01354659689996876
model.layers.35.post_attention_layernorm.weight,layer_35,normalization,questioner_full_r1,questioner_full,1,2560,0.0
model.layers.35.post_attention_layernorm.weight,layer_35,normalization,questioner_full_r2,questioner_full,2,2560,0.0
model.layers.35.post_attention_layernorm.weight,layer_35,normalization,questioner_full_r3,questioner_full,3,2560,0.0
model.layers.35.post_attention_layernorm.weight,layer_35,normalization,questioner_full_r4,questioner_full,4,2560,0.0
model.layers.35.post_attention_layernorm.weight,layer_35,normalization,questioner_full_r5,questioner_full,5,2560,0.0
model.layers.35.post_attention_layernorm.weight,layer_35,normalization,solver_rank1_r1,solver_rank1,1,2560,0.0
model.layers.35.post_attention_layernorm.weight,layer_35,normalization,solver_rank1_r2,solver_rank1,2,2560,0.0
model.layers.35.post_attention_layernorm.weight,layer_35,normalization,solver_rank1_r3,solver_rank1,3,2560,0.0
model.layers.35.post_attention_layernorm.weight,layer_35,normalization,solver_rank1_r4,solver_rank1,4,2560,0.0
model.layers.35.post_attention_layernorm.weight,layer_35,normalization,solver_rank1_r5,solver_rank1,5,2560,0.0
model.layers.35.post_attention_layernorm.weight,layer_35,normalization,solver_full_r1,solver_full,1,2560,0.0
model.layers.35.post_attention_layernorm.weight,layer_35,normalization,solver_full_r2,solver_full,2,2560,0.0
model.layers.35.post_attention_layernorm.weight,layer_35,normalization,solver_full_r3,solver_full,3,2560,0.0
model.layers.35.post_attention_layernorm.weight,layer_35,normalization,solver_full_r4,solver_full,4,2560,0.0
model.layers.35.post_attention_layernorm.weight,layer_35,normalization,solver_full_r5,solver_full,5,2560,0.0
model.layers.7.mlp.gate_proj.weight,layer_07,mlp_gate,questioner_full_r1,questioner_full,1,24903680,0.011123031247755993
model.layers.7.mlp.gate_proj.weight,layer_07,mlp_gate,questioner_full_r2,questioner_full,2,24903680,0.07196892471244777
model.layers.7.mlp.gate_proj.weight,layer_07,mlp_gate,questioner_full_r3,questioner_full,3,24903680,0.07384097958572643
model.layers.7.mlp.gate_proj.weight,layer_07,mlp_gate,questioner_full_r4,questioner_full,4,24903680,0.07667029842936056
model.layers.7.mlp.gate_proj.weight,layer_07,mlp_gate,questioner_full_r5,questioner_full,5,24903680,0.07893969205144899
model.layers.7.mlp.gate_proj.weight,layer_07,mlp_gate,solver_rank1_r1,solver_rank1,1,24903680,0.016238033437970072
model.layers.7.mlp.gate_proj.weight,layer_07,mlp_gate,solver_rank1_r2,solver_rank1,2,24903680,0.01695509015405123
model.layers.7.mlp.gate_proj.weight,layer_07,mlp_gate,solver_rank1_r3,solver_rank1,3,24903680,0.017073125983039894
model.layers.7.mlp.gate_proj.weight,layer_07,mlp_gate,solver_rank1_r4,solver_rank1,4,24903680,0.015399164611083697
model.layers.7.mlp.gate_proj.weight,layer_07,mlp_gate,solver_rank1_r5,solver_rank1,5,24903680,0.016298696681496725
model.layers.7.mlp.gate_proj.weight,layer_07,mlp_gate,solver_full_r1,solver_full,1,24903680,0.017511521038444028
model.layers.7.mlp.gate_proj.weight,layer_07,mlp_gate,solver_full_r2,solver_full,2,24903680,0.01867869497256109
model.layers.7.mlp.gate_proj.weight,layer_07,mlp_gate,solver_full_r3,solver_full,3,24903680,0.019026833460901144
model.layers.7.mlp.gate_proj.weight,layer_07,mlp_gate,solver_full_r4,solver_full,4,24903680,0.017297846661539946
model.layers.7.mlp.gate_proj.weight,layer_07,mlp_gate,solver_full_r5,solver_full,5,24903680,0.018524710774578044
model.layers.4.mlp.gate_proj.weight,layer_04,mlp_gate,questioner_full_r1,questioner_full,1,24903680,0.009490184046367886
model.layers.4.mlp.gate_proj.weight,layer_04,mlp_gate,questioner_full_r2,questioner_full,2,24903680,0.06697473505896277
model.layers.4.mlp.gate_proj.weight,layer_04,mlp_gate,questioner_full_r3,questioner_full,3,24903680,0.06591999075137257
model.layers.4.mlp.gate_proj.weight,layer_04,mlp_gate,questioner_full_r4,questioner_full,4,24903680,0.07428801288424504
model.layers.4.mlp.gate_proj.weight,layer_04,mlp_gate,questioner_full_r5,questioner_full,5,24903680,0.07446144016604207
model.layers.4.mlp.gate_proj.weight,layer_04,mlp_gate,solver_rank1_r1,solver_rank1,1,24903680,0.012755180802747505
model.layers.4.mlp.gate_proj.weight,layer_04,mlp_gate,solver_rank1_r2,solver_rank1,2,24903680,0.01401712742283459
model.layers.4.mlp.gate_proj.weight,layer_04,mlp_gate,solver_rank1_r3,solver_rank1,3,24903680,0.013504499744414063
model.layers.4.mlp.gate_proj.weight,layer_04,mlp_gate,solver_rank1_r4,solver_rank1,4,24903680,0.012928285807547825
model.layers.4.mlp.gate_proj.weight,layer_04,mlp_gate,solver_rank1_r5,solver_rank1,5,24903680,0.014070730439042636
model.layers.4.mlp.gate_proj.weight,layer_04,mlp_gate,solver_full_r1,solver_full,1,24903680,0.014040276561211897
model.layers.4.mlp.gate_proj.weight,layer_04,mlp_gate,solver_full_r2,solver_full,2,24903680,0.015244153215760066
model.layers.4.mlp.gate_proj.weight,layer_04,mlp_gate,solver_full_r3,solver_full,3,24903680,0.01485422617768912
model.layers.4.mlp.gate_proj.weight,layer_04,mlp_gate,solver_full_r4,solver_full,4,24903680,0.014193528315106828
model.layers.4.mlp.gate_proj.weight,layer_04,mlp_gate,solver_full_r5,solver_full,5,24903680,0.01585509682920404
model.layers.26.self_attn.k_proj.weight,layer_26,attention_k,questioner_full_r1,questioner_full,1,2621440,0.004162645337507812
model.layers.26.self_attn.k_proj.weight,layer_26,attention_k,questioner_full_r2,questioner_full,2,2621440,0.029545953777272753
model.layers.26.self_attn.k_proj.weight,layer_26,attention_k,questioner_full_r3,questioner_full,3,2621440,0.028417866551405543
model.layers.26.self_attn.k_proj.weight,layer_26,attention_k,questioner_full_r4,questioner_full,4,2621440,0.027400127367647114
model.layers.26.self_attn.k_proj.weight,layer_26,attention_k,questioner_full_r5,questioner_full,5,2621440,0.028245217706417487
model.layers.26.self_attn.k_proj.weight,layer_26,attention_k,solver_rank1_r1,solver_rank1,1,2621440,0.0056671748202374115
model.layers.26.self_attn.k_proj.weight,layer_26,attention_k,solver_rank1_r2,solver_rank1,2,2621440,0.006004437405706236
model.layers.26.self_attn.k_proj.weight,layer_26,attention_k,solver_rank1_r3,solver_rank1,3,2621440,0.005971444735428731
model.layers.26.self_attn.k_proj.weight,layer_26,attention_k,solver_rank1_r4,solver_rank1,4,2621440,0.00593603460624673
model.layers.26.self_attn.k_proj.weight,layer_26,attention_k,solver_rank1_r5,solver_rank1,5,2621440,0.005747529661873263
model.layers.26.self_attn.k_proj.weight,layer_26,attention_k,solver_full_r1,solver_full,1,2621440,0.006270155085670122
model.layers.26.self_attn.k_proj.weight,layer_26,attention_k,solver_full_r2,solver_full,2,2621440,0.006751034552422905
model.layers.26.self_attn.k_proj.weight,layer_26,attention_k,solver_full_r3,solver_full,3,2621440,0.006796401282749724
model.layers.26.self_attn.k_proj.weight,layer_26,attention_k,solver_full_r4,solver_full,4,2621440,0.006772566687540246
model.layers.26.self_attn.k_proj.weight,layer_26,attention_k,solver_full_r5,solver_full,5,2621440,0.006546701966007481
model.layers.5.self_attn.q_norm.weight,layer_05,normalization,questioner_full_r1,questioner_full,1,128,0.0
model.layers.5.self_attn.q_norm.weight,layer_05,normalization,questioner_full_r2,questioner_full,2,128,0.0
model.layers.5.self_attn.q_norm.weight,layer_05,normalization,questioner_full_r3,questioner_full,3,128,0.0
model.layers.5.self_attn.q_norm.weight,layer_05,normalization,questioner_full_r4,questioner_full,4,128,0.0
model.layers.5.self_attn.q_norm.weight,layer_05,normalization,questioner_full_r5,questioner_full,5,128,0.0
model.layers.5.self_attn.q_norm.weight,layer_05,normalization,solver_rank1_r1,solver_rank1,1,128,0.0
model.layers.5.self_attn.q_norm.weight,layer_05,normalization,solver_rank1_r2,solver_rank1,2,128,0.0
model.layers.5.self_attn.q_norm.weight,layer_05,normalization,solver_rank1_r3,solver_rank1,3,128,0.0
model.layers.5.self_attn.q_norm.weight,layer_05,normalization,solver_rank1_r4,solver_rank1,4,128,0.0
model.layers.5.self_attn.q_norm.weight,layer_05,normalization,solver_rank1_r5,solver_rank1,5,128,0.0
model.layers.5.self_attn.q_norm.weight,layer_05,normalization,solver_full_r1,solver_full,1,128,0.0
model.layers.5.self_attn.q_norm.weight,layer_05,normalization,solver_full_r2,solver_full,2,128,0.0
model.layers.5.self_attn.q_norm.weight,layer_05,normalization,solver_full_r3,solver_full,3,128,0.0
model.layers.5.self_attn.q_norm.weight,layer_05,normalization,solver_full_r4,solver_full,4,128,0.0
model.layers.5.self_attn.q_norm.weight,layer_05,normalization,solver_full_r5,solver_full,5,128,0.0
model.layers.4.input_layernorm.weight,layer_04,normalization,questioner_full_r1,questioner_full,1,2560,1.6413160639164246e-05
model.layers.4.input_layernorm.weight,layer_04,normalization,questioner_full_r2,questioner_full,2,2560,4.413678668393294e-05
model.layers.4.input_layernorm.weight,layer_04,normalization,questioner_full_r3,questioner_full,3,2560,6.853589480029965e-05
model.layers.4.input_layernorm.weight,layer_04,normalization,questioner_full_r4,questioner_full,4,2560,7.683458337133735e-05
model.layers.4.input_layernorm.weight,layer_04,normalization,questioner_full_r5,questioner_full,5,2560,6.764642712811251e-05
model.layers.4.input_layernorm.weight,layer_04,normalization,solver_rank1_r1,solver_rank1,1,2560,2.562155764819576e-05
model.layers.4.input_layernorm.weight,layer_04,normalization,solver_rank1_r2,solver_rank1,2,2560,2.1045757761682425e-05
model.layers.4.input_layernorm.weight,layer_04,normalization,solver_rank1_r3,solver_rank1,3,2560,2.6728563033736257e-05
model.layers.4.input_layernorm.weight,layer_04,normalization,solver_rank1_r4,solver_rank1,4,2560,3.0989500375928914e-05
model.layers.4.input_layernorm.weight,layer_04,normalization,solver_rank1_r5,solver_rank1,5,2560,2.0665562999339514e-05
model.layers.4.input_layernorm.weight,layer_04,normalization,solver_full_r1,solver_full,1,2560,2.6882173873328622e-05
model.layers.4.input_layernorm.weight,layer_04,normalization,solver_full_r2,solver_full,2,2560,2.262538187421941e-05
model.layers.4.input_layernorm.weight,layer_04,normalization,solver_full_r3,solver_full,3,2560,2.9965090320756596e-05
model.layers.4.input_layernorm.weight,layer_04,normalization,solver_full_r4,solver_full,4,2560,3.11347559215397e-05
model.layers.4.input_layernorm.weight,layer_04,normalization,solver_full_r5,solver_full,5,2560,2.2934566906299954e-05
model.layers.17.mlp.down_proj.weight,layer_17,mlp_down,questioner_full_r1,questioner_full,1,24903680,0.01474045533300178
model.layers.17.mlp.down_proj.weight,layer_17,mlp_down,questioner_full_r2,questioner_full,2,24903680,0.08186910429218988
model.layers.17.mlp.down_proj.weight,layer_17,mlp_down,questioner_full_r3,questioner_full,3,24903680,0.08291572018497978
model.layers.17.mlp.down_proj.weight,layer_17,mlp_down,questioner_full_r4,questioner_full,4,24903680,0.07985298556008963
model.layers.17.mlp.down_proj.weight,layer_17,mlp_down,questioner_full_r5,questioner_full,5,24903680,0.08227700730772598
model.layers.17.mlp.down_proj.weight,layer_17,mlp_down,solver_rank1_r1,solver_rank1,1,24903680,0.01988777016886646
model.layers.17.mlp.down_proj.weight,layer_17,mlp_down,solver_rank1_r2,solver_rank1,2,24903680,0.021451170079262456
model.layers.17.mlp.down_proj.weight,layer_17,mlp_down,solver_rank1_r3,solver_rank1,3,24903680,0.02179001521147684
model.layers.17.mlp.down_proj.weight,layer_17,mlp_down,solver_rank1_r4,solver_rank1,4,24903680,0.01977350333909531
model.layers.17.mlp.down_proj.weight,layer_17,mlp_down,solver_rank1_r5,solver_rank1,5,24903680,0.019478039213133704
model.layers.17.mlp.down_proj.weight,layer_17,mlp_down,solver_full_r1,solver_full,1,24903680,0.02182208792553664
model.layers.17.mlp.down_proj.weight,layer_17,mlp_down,solver_full_r2,solver_full,2,24903680,0.02408950017622216
model.layers.17.mlp.down_proj.weight,layer_17,mlp_down,solver_full_r3,solver_full,3,24903680,0.023568810699526353
model.layers.17.mlp.down_proj.weight,layer_17,mlp_down,solver_full_r4,solver_full,4,24903680,0.02263710912683542
model.layers.17.mlp.down_proj.weight,layer_17,mlp_down,solver_full_r5,solver_full,5,24903680,0.02233759253186223
model.layers.28.self_attn.q_proj.weight,layer_28,attention_q,questioner_full_r1,questioner_full,1,10485760,0.007691154562307538
model.layers.28.self_attn.q_proj.weight,layer_28,attention_q,questioner_full_r2,questioner_full,2,10485760,0.057829940406876
model.layers.28.self_attn.q_proj.weight,layer_28,attention_q,questioner_full_r3,questioner_full,3,10485760,0.05689580650583148
model.layers.28.self_attn.q_proj.weight,layer_28,attention_q,questioner_full_r4,questioner_full,4,10485760,0.05438625985599226
model.layers.28.self_attn.q_proj.weight,layer_28,attention_q,questioner_full_r5,questioner_full,5,10485760,0.055944784374793034
model.layers.28.self_attn.q_proj.weight,layer_28,attention_q,solver_rank1_r1,solver_rank1,1,10485760,0.01103352100085064
model.layers.28.self_attn.q_proj.weight,layer_28,attention_q,solver_rank1_r2,solver_rank1,2,10485760,0.011368829725143918
model.layers.28.self_attn.q_proj.weight,layer_28,attention_q,solver_rank1_r3,solver_rank1,3,10485760,0.011058607914656573
model.layers.28.self_attn.q_proj.weight,layer_28,attention_q,solver_rank1_r4,solver_rank1,4,10485760,0.011184000992287495
model.layers.28.self_attn.q_proj.weight,layer_28,attention_q,solver_rank1_r5,solver_rank1,5,10485760,0.01110833046097838
model.layers.28.self_attn.q_proj.weight,layer_28,attention_q,solver_full_r1,solver_full,1,10485760,0.01219988559777126
model.layers.28.self_attn.q_proj.weight,layer_28,attention_q,solver_full_r2,solver_full,2,10485760,0.012890107462122697
model.layers.28.self_attn.q_proj.weight,layer_28,attention_q,solver_full_r3,solver_full,3,10485760,0.01267114542542849
model.layers.28.self_attn.q_proj.weight,layer_28,attention_q,solver_full_r4,solver_full,4,10485760,0.01278033942111976
model.layers.28.self_attn.q_proj.weight,layer_28,attention_q,solver_full_r5,solver_full,5,10485760,0.012683597253468109
model.layers.31.self_attn.q_norm.weight,layer_31,normalization,questioner_full_r1,questioner_full,1,128,1.7059844799040144e-05
model.layers.31.self_attn.q_norm.weight,layer_31,normalization,questioner_full_r2,questioner_full,2,128,4.2134708470105214e-05
model.layers.31.self_attn.q_norm.weight,layer_31,normalization,questioner_full_r3,questioner_full,3,128,2.9793738082529655e-05
model.layers.31.self_attn.q_norm.weight,layer_31,normalization,questioner_full_r4,questioner_full,4,128,3.496227794613525e-05
model.layers.31.self_attn.q_norm.weight,layer_31,normalization,questioner_full_r5,questioner_full,5,128,3.4332275390625e-05
model.layers.31.self_attn.q_norm.weight,layer_31,normalization,solver_rank1_r1,solver_rank1,1,128,1.7059844799040144e-05
model.layers.31.self_attn.q_norm.weight,layer_31,normalization,solver_rank1_r2,solver_rank1,2,128,7.62939453125e-06
model.layers.31.self_attn.q_norm.weight,layer_31,normalization,solver_rank1_r3,solver_rank1,3,128,1.206313194339134e-05
model.layers.31.self_attn.q_norm.weight,layer_31,normalization,solver_rank1_r4,solver_rank1,4,128,3.814697265625e-06
model.layers.31.self_attn.q_norm.weight,layer_31,normalization,solver_rank1_r5,solver_rank1,5,128,1.5728399755926745e-05
model.layers.31.self_attn.q_norm.weight,layer_31,normalization,solver_full_r1,solver_full,1,128,1.7059844799040144e-05
model.layers.31.self_attn.q_norm.weight,layer_31,normalization,solver_full_r2,solver_full,2,128,7.62939453125e-06
model.layers.31.self_attn.q_norm.weight,layer_31,normalization,solver_full_r3,solver_full,3,128,1.1444091796875e-05
model.layers.31.self_attn.q_norm.weight,layer_31,normalization,solver_full_r4,solver_full,4,128,3.814697265625e-06
model.layers.31.self_attn.q_norm.weight,layer_31,normalization,solver_full_r5,solver_full,5,128,1.52587890625e-05
model.layers.3.self_attn.k_proj.weight,layer_03,attention_k,questioner_full_r1,questioner_full,1,2621440,0.003742211242936017
model.layers.3.self_attn.k_proj.weight,layer_03,attention_k,questioner_full_r2,questioner_full,2,2621440,0.02168125886447218
model.layers.3.self_attn.k_proj.weight,layer_03,attention_k,questioner_full_r3,questioner_full,3,2621440,0.023175824903082648
model.layers.3.self_attn.k_proj.weight,layer_03,attention_k,questioner_full_r4,questioner_full,4,2621440,0.025807452128617923
model.layers.3.self_attn.k_proj.weight,layer_03,attention_k,questioner_full_r5,questioner_full,5,2621440,0.027243893801154734
model.layers.3.self_attn.k_proj.weight,layer_03,attention_k,solver_rank1_r1,solver_rank1,1,2621440,0.005460479225824607
model.layers.3.self_attn.k_proj.weight,layer_03,attention_k,solver_rank1_r2,solver_rank1,2,2621440,0.005906029507797554
model.layers.3.self_attn.k_proj.weight,layer_03,attention_k,solver_rank1_r3,solver_rank1,3,2621440,0.005603568130787352
model.layers.3.self_attn.k_proj.weight,layer_03,attention_k,solver_rank1_r4,solver_rank1,4,2621440,0.005709925291675506
model.layers.3.self_attn.k_proj.weight,layer_03,attention_k,solver_rank1_r5,solver_rank1,5,2621440,0.006118948246087177
model.layers.3.self_attn.k_proj.weight,layer_03,attention_k,solver_full_r1,solver_full,1,2621440,0.0060761719884902315
model.layers.3.self_attn.k_proj.weight,layer_03,attention_k,solver_full_r2,solver_full,2,2621440,0.006431884605668711
model.layers.3.self_attn.k_proj.weight,layer_03,attention_k,solver_full_r3,solver_full,3,2621440,0.006208981944122803
model.layers.3.self_attn.k_proj.weight,layer_03,attention_k,solver_full_r4,solver_full,4,2621440,0.006316807598270283
model.layers.3.self_attn.k_proj.weight,layer_03,attention_k,solver_full_r5,solver_full,5,2621440,0.006939042786772378
model.layers.11.mlp.up_proj.weight,layer_11,mlp_up,questioner_full_r1,questioner_full,1,24903680,0.013415337998687136
model.layers.11.mlp.up_proj.weight,layer_11,mlp_up,questioner_full_r2,questioner_full,2,24903680,0.07568033263271626
model.layers.11.mlp.up_proj.weight,layer_11,mlp_up,questioner_full_r3,questioner_full,3,24903680,0.08055106192105711
model.layers.11.mlp.up_proj.weight,layer_11,mlp_up,questioner_full_r4,questioner_full,4,24903680,0.07974511350800159
model.layers.11.mlp.up_proj.weight,layer_11,mlp_up,questioner_full_r5,questioner_full,5,24903680,0.08187223672981293
model.layers.11.mlp.up_proj.weight,layer_11,mlp_up,solver_rank1_r1,solver_rank1,1,24903680,0.020874980967642127
model.layers.11.mlp.up_proj.weight,layer_11,mlp_up,solver_rank1_r2,solver_rank1,2,24903680,0.02123183406831192
model.layers.11.mlp.up_proj.weight,layer_11,mlp_up,solver_rank1_r3,solver_rank1,3,24903680,0.01982172370735241
model.layers.11.mlp.up_proj.weight,layer_11,mlp_up,solver_rank1_r4,solver_rank1,4,24903680,0.018433262761602363
model.layers.11.mlp.up_proj.weight,layer_11,mlp_up,solver_rank1_r5,solver_rank1,5,24903680,0.019333483496497286
model.layers.11.mlp.up_proj.weight,layer_11,mlp_up,solver_full_r1,solver_full,1,24903680,0.022525810488786695
model.layers.11.mlp.up_proj.weight,layer_11,mlp_up,solver_full_r2,solver_full,2,24903680,0.02355064672597357
model.layers.11.mlp.up_proj.weight,layer_11,mlp_up,solver_full_r3,solver_full,3,24903680,0.02230047408688188
model.layers.11.mlp.up_proj.weight,layer_11,mlp_up,solver_full_r4,solver_full,4,24903680,0.02076321184256743
model.layers.11.mlp.up_proj.weight,layer_11,mlp_up,solver_full_r5,solver_full,5,24903680,0.021943380427804037
model.layers.35.self_attn.k_norm.weight,layer_35,normalization,questioner_full_r1,questioner_full,1,128,7.62939453125e-06
model.layers.35.self_attn.k_norm.weight,layer_35,normalization,questioner_full_r2,questioner_full,2,128,0.0
model.layers.35.self_attn.k_norm.weight,layer_35,normalization,questioner_full_r3,questioner_full,3,128,3.411968959808029e-05
model.layers.35.self_attn.k_norm.weight,layer_35,normalization,questioner_full_r4,questioner_full,4,128,0.0
model.layers.35.self_attn.k_norm.weight,layer_35,normalization,questioner_full_r5,questioner_full,5,128,7.62939453125e-06
model.layers.35.self_attn.k_norm.weight,layer_35,normalization,solver_rank1_r1,solver_rank1,1,128,7.62939453125e-06
model.layers.35.self_attn.k_norm.weight,layer_35,normalization,solver_rank1_r2,solver_rank1,2,128,7.62939453125e-06
model.layers.35.self_attn.k_norm.weight,layer_35,normalization,solver_rank1_r3,solver_rank1,3,128,1.52587890625e-05
model.layers.35.self_attn.k_norm.weight,layer_35,normalization,solver_rank1_r4,solver_rank1,4,128,1.52587890625e-05
model.layers.35.self_attn.k_norm.weight,layer_35,normalization,solver_rank1_r5,solver_rank1,5,128,7.62939453125e-06
model.layers.35.self_attn.k_norm.weight,layer_35,normalization,solver_full_r1,solver_full,1,128,7.62939453125e-06
model.layers.35.self_attn.k_norm.weight,layer_35,normalization,solver_full_r2,solver_full,2,128,7.62939453125e-06
model.layers.35.self_attn.k_norm.weight,layer_35,normalization,solver_full_r3,solver_full,3,128,1.52587890625e-05
model.layers.35.self_attn.k_norm.weight,layer_35,normalization,solver_full_r4,solver_full,4,128,1.52587890625e-05
model.layers.35.self_attn.k_norm.weight,layer_35,normalization,solver_full_r5,solver_full,5,128,7.62939453125e-06
model.layers.19.input_layernorm.weight,layer_19,normalization,questioner_full_r1,questioner_full,1,2560,0.0
model.layers.19.input_layernorm.weight,layer_19,normalization,questioner_full_r2,questioner_full,2,2560,0.0
model.layers.19.input_layernorm.weight,layer_19,normalization,questioner_full_r3,questioner_full,3,2560,0.0
model.layers.19.input_layernorm.weight,layer_19,normalization,questioner_full_r4,questioner_full,4,2560,0.0
model.layers.19.input_layernorm.weight,layer_19,normalization,questioner_full_r5,questioner_full,5,2560,0.0
model.layers.19.input_layernorm.weight,layer_19,normalization,solver_rank1_r1,solver_rank1,1,2560,0.0
model.layers.19.input_layernorm.weight,layer_19,normalization,solver_rank1_r2,solver_rank1,2,2560,0.0
model.layers.19.input_layernorm.weight,layer_19,normalization,solver_rank1_r3,solver_rank1,3,2560,0.0
model.layers.19.input_layernorm.weight,layer_19,normalization,solver_rank1_r4,solver_rank1,4,2560,0.0
model.layers.19.input_layernorm.weight,layer_19,normalization,solver_rank1_r5,solver_rank1,5,2560,0.0
model.layers.19.input_layernorm.weight,layer_19,normalization,solver_full_r1,solver_full,1,2560,0.0
model.layers.19.input_layernorm.weight,layer_19,normalization,solver_full_r2,solver_full,2,2560,0.0
model.layers.19.input_layernorm.weight,layer_19,normalization,solver_full_r3,solver_full,3,2560,0.0
model.layers.19.input_layernorm.weight,layer_19,normalization,solver_full_r4,solver_full,4,2560,0.0
model.layers.19.input_layernorm.weight,layer_19,normalization,solver_full_r5,solver_full,5,2560,0.0
model.layers.15.self_attn.q_proj.weight,layer_15,attention_q,questioner_full_r1,questioner_full,1,10485760,0.009531213921792922
model.layers.15.self_attn.q_proj.weight,layer_15,attention_q,questioner_full_r2,questioner_full,2,10485760,0.05045025145082095
model.layers.15.self_attn.q_proj.weight,layer_15,attention_q,questioner_full_r3,questioner_full,3,10485760,0.05388448850305936
model.layers.15.self_attn.q_proj.weight,layer_15,attention_q,questioner_full_r4,questioner_full,4,10485760,0.05434431206974184
model.layers.15.self_attn.q_proj.weight,layer_15,attention_q,questioner_full_r5,questioner_full,5,10485760,0.05518177290576947
model.layers.15.self_attn.q_proj.weight,layer_15,attention_q,solver_rank1_r1,solver_rank1,1,10485760,0.014450548372141126
model.layers.15.self_attn.q_proj.weight,layer_15,attention_q,solver_rank1_r2,solver_rank1,2,10485760,0.014160728198968181
model.layers.15.self_attn.q_proj.weight,layer_15,attention_q,solver_rank1_r3,solver_rank1,3,10485760,0.013014179890891696
model.layers.15.self_attn.q_proj.weight,layer_15,attention_q,solver_rank1_r4,solver_rank1,4,10485760,0.012301295068313399
model.layers.15.self_attn.q_proj.weight,layer_15,attention_q,solver_rank1_r5,solver_rank1,5,10485760,0.012527107461317718
model.layers.15.self_attn.q_proj.weight,layer_15,attention_q,solver_full_r1,solver_full,1,10485760,0.015618826702063772
model.layers.15.self_attn.q_proj.weight,layer_15,attention_q,solver_full_r2,solver_full,2,10485760,0.015796478603671803
model.layers.15.self_attn.q_proj.weight,layer_15,attention_q,solver_full_r3,solver_full,3,10485760,0.014768270929565171
model.layers.15.self_attn.q_proj.weight,layer_15,attention_q,solver_full_r4,solver_full,4,10485760,0.013843039082314318
model.layers.15.self_attn.q_proj.weight,layer_15,attention_q,solver_full_r5,solver_full,5,10485760,0.014286117846356241
model.layers.4.mlp.up_proj.weight,layer_04,mlp_up,questioner_full_r1,questioner_full,1,24903680,0.012061276604112442
model.layers.4.mlp.up_proj.weight,layer_04,mlp_up,questioner_full_r2,questioner_full,2,24903680,0.07385772409050033
model.layers.4.mlp.up_proj.weight,layer_04,mlp_up,questioner_full_r3,questioner_full,3,24903680,0.07525735217875784
model.layers.4.mlp.up_proj.weight,layer_04,mlp_up,questioner_full_r4,questioner_full,4,24903680,0.08439180037315049
model.layers.4.mlp.up_proj.weight,layer_04,mlp_up,questioner_full_r5,questioner_full,5,24903680,0.08638985979757167
model.layers.4.mlp.up_proj.weight,layer_04,mlp_up,solver_rank1_r1,solver_rank1,1,24903680,0.01609434793781505
model.layers.4.mlp.up_proj.weight,layer_04,mlp_up,solver_rank1_r2,solver_rank1,2,24903680,0.018415098147416147
model.layers.4.mlp.up_proj.weight,layer_04,mlp_up,solver_rank1_r3,solver_rank1,3,24903680,0.017201533779589672
model.layers.4.mlp.up_proj.weight,layer_04,mlp_up,solver_rank1_r4,solver_rank1,4,24903680,0.016140304423404233
model.layers.4.mlp.up_proj.weight,layer_04,mlp_up,solver_rank1_r5,solver_rank1,5,24903680,0.017817781163619095
model.layers.4.mlp.up_proj.weight,layer_04,mlp_up,solver_full_r1,solver_full,1,24903680,0.01757369983292623
model.layers.4.mlp.up_proj.weight,layer_04,mlp_up,solver_full_r2,solver_full,2,24903680,0.01991100927383999
model.layers.4.mlp.up_proj.weight,layer_04,mlp_up,solver_full_r3,solver_full,3,24903680,0.018823623995443208
model.layers.4.mlp.up_proj.weight,layer_04,mlp_up,solver_full_r4,solver_full,4,24903680,0.017605138313061035
model.layers.4.mlp.up_proj.weight,layer_04,mlp_up,solver_full_r5,solver_full,5,24903680,0.019992586469032986
model.layers.13.input_layernorm.weight,layer_13,normalization,questioner_full_r1,questioner_full,1,2560,0.0
model.layers.13.input_layernorm.weight,layer_13,normalization,questioner_full_r2,questioner_full,2,2560,0.0
model.layers.13.input_layernorm.weight,layer_13,normalization,questioner_full_r3,questioner_full,3,2560,0.0
model.layers.13.input_layernorm.weight,layer_13,normalization,questioner_full_r4,questioner_full,4,2560,0.0
model.layers.13.input_layernorm.weight,layer_13,normalization,questioner_full_r5,questioner_full,5,2560,0.0
model.layers.13.input_layernorm.weight,layer_13,normalization,solver_rank1_r1,solver_rank1,1,2560,0.0
model.layers.13.input_layernorm.weight,layer_13,normalization,solver_rank1_r2,solver_rank1,2,2560,0.0
model.layers.13.input_layernorm.weight,layer_13,normalization,solver_rank1_r3,solver_rank1,3,2560,0.0
model.layers.13.input_layernorm.weight,layer_13,normalization,solver_rank1_r4,solver_rank1,4,2560,0.0
model.layers.13.input_layernorm.weight,layer_13,normalization,solver_rank1_r5,solver_rank1,5,2560,0.0
model.layers.13.input_layernorm.weight,layer_13,normalization,solver_full_r1,solver_full,1,2560,0.0
model.layers.13.input_layernorm.weight,layer_13,normalization,solver_full_r2,solver_full,2,2560,0.0
model.layers.13.input_layernorm.weight,layer_13,normalization,solver_full_r3,solver_full,3,2560,0.0
model.layers.13.input_layernorm.weight,layer_13,normalization,solver_full_r4,solver_full,4,2560,0.0
model.layers.13.input_layernorm.weight,layer_13,normalization,solver_full_r5,solver_full,5,2560,0.0
model.layers.27.self_attn.o_proj.weight,layer_27,attention_o,questioner_full_r1,questioner_full,1,10485760,0.007930720580584642
model.layers.27.self_attn.o_proj.weight,layer_27,attention_o,questioner_full_r2,questioner_full,2,10485760,0.05642541694374961
model.layers.27.self_attn.o_proj.weight,layer_27,attention_o,questioner_full_r3,questioner_full,3,10485760,0.05515838436873993
model.layers.27.self_attn.o_proj.weight,layer_27,attention_o,questioner_full_r4,questioner_full,4,10485760,0.05375213695600517
model.layers.27.self_attn.o_proj.weight,layer_27,attention_o,questioner_full_r5,questioner_full,5,10485760,0.054460897154831406
model.layers.27.self_attn.o_proj.weight,layer_27,attention_o,solver_rank1_r1,solver_rank1,1,10485760,0.011351447680238231
model.layers.27.self_attn.o_proj.weight,layer_27,attention_o,solver_rank1_r2,solver_rank1,2,10485760,0.011685457986597878
model.layers.27.self_attn.o_proj.weight,layer_27,attention_o,solver_rank1_r3,solver_rank1,3,10485760,0.011466051133544665
model.layers.27.self_attn.o_proj.weight,layer_27,attention_o,solver_rank1_r4,solver_rank1,4,10485760,0.011671712283631364
model.layers.27.self_attn.o_proj.weight,layer_27,attention_o,solver_rank1_r5,solver_rank1,5,10485760,0.01125681747149587
model.layers.27.self_attn.o_proj.weight,layer_27,attention_o,solver_full_r1,solver_full,1,10485760,0.012541908100681384
model.layers.27.self_attn.o_proj.weight,layer_27,attention_o,solver_full_r2,solver_full,2,10485760,0.01316995062770938
model.layers.27.self_attn.o_proj.weight,layer_27,attention_o,solver_full_r3,solver_full,3,10485760,0.013066686783399018
model.layers.27.self_attn.o_proj.weight,layer_27,attention_o,solver_full_r4,solver_full,4,10485760,0.013259120014650119
model.layers.27.self_attn.o_proj.weight,layer_27,attention_o,solver_full_r5,solver_full,5,10485760,0.012839822873258994
model.layers.12.self_attn.q_proj.weight,layer_12,attention_q,questioner_full_r1,questioner_full,1,10485760,0.008666424206407912
model.layers.12.self_attn.q_proj.weight,layer_12,attention_q,questioner_full_r2,questioner_full,2,10485760,0.04939169252220361
model.layers.12.self_attn.q_proj.weight,layer_12,attention_q,questioner_full_r3,questioner_full,3,10485760,0.05244414848589244
model.layers.12.self_attn.q_proj.weight,layer_12,attention_q,questioner_full_r4,questioner_full,4,10485760,0.05314930046036109
model.layers.12.self_attn.q_proj.weight,layer_12,attention_q,questioner_full_r5,questioner_full,5,10485760,0.054235722759334234
model.layers.12.self_attn.q_proj.weight,layer_12,attention_q,solver_rank1_r1,solver_rank1,1,10485760,0.012766384683908847
model.layers.12.self_attn.q_proj.weight,layer_12,attention_q,solver_rank1_r2,solver_rank1,2,10485760,0.013010472720034725
model.layers.12.self_attn.q_proj.weight,layer_12,attention_q,solver_rank1_r3,solver_rank1,3,10485760,0.012435773581032436
model.layers.12.self_attn.q_proj.weight,layer_12,attention_q,solver_rank1_r4,solver_rank1,4,10485760,0.011732605225009433
model.layers.12.self_attn.q_proj.weight,layer_12,attention_q,solver_rank1_r5,solver_rank1,5,10485760,0.013285181107402901
model.layers.12.self_attn.q_proj.weight,layer_12,attention_q,solver_full_r1,solver_full,1,10485760,0.013847730469826337
model.layers.12.self_attn.q_proj.weight,layer_12,attention_q,solver_full_r2,solver_full,2,10485760,0.014468215495796142
model.layers.12.self_attn.q_proj.weight,layer_12,attention_q,solver_full_r3,solver_full,3,10485760,0.013992877427905344
model.layers.12.self_attn.q_proj.weight,layer_12,attention_q,solver_full_r4,solver_full,4,10485760,0.013173789348454206
model.layers.12.self_attn.q_proj.weight,layer_12,attention_q,solver_full_r5,solver_full,5,10485760,0.014207149434551073
model.layers.25.post_attention_layernorm.weight,layer_25,normalization,questioner_full_r1,questioner_full,1,2560,6.129722658244343e-06
model.layers.25.post_attention_layernorm.weight,layer_25,normalization,questioner_full_r2,questioner_full,2,2560,4.1766825129752643e-05
model.layers.25.post_attention_layernorm.weight,layer_25,normalization,questioner_full_r3,questioner_full,3,2560,2.973644605191968e-05
model.layers.25.post_attention_layernorm.weight,layer_25,normalization,questioner_full_r4,questioner_full,4,2560,2.1589720578521293e-05
model.layers.25.post_attention_layernorm.weight,layer_25,normalization,questioner_full_r5,questioner_full,5,2560,2.289811554630846e-05
model.layers.25.post_attention_layernorm.weight,layer_25,normalization,solver_rank1_r1,solver_rank1,1,2560,4.827608282879969e-06
model.layers.25.post_attention_layernorm.weight,layer_25,normalization,solver_rank1_r2,solver_rank1,2,2560,7.968318446668817e-06
model.layers.25.post_attention_layernorm.weight,layer_25,normalization,solver_rank1_r3,solver_rank1,3,2560,2.9873762336115045e-06
model.layers.25.post_attention_layernorm.weight,layer_25,normalization,solver_rank1_r4,solver_rank1,4,2560,2.78041453115716e-06
model.layers.25.post_attention_layernorm.weight,layer_25,normalization,solver_rank1_r5,solver_rank1,5,2560,9.5367431640625e-07
model.layers.25.post_attention_layernorm.weight,layer_25,normalization,solver_full_r1,solver_full,1,2560,5.9604644775390625e-06
model.layers.25.post_attention_layernorm.weight,layer_25,normalization,solver_full_r2,solver_full,2,2560,8.987463390813238e-06
model.layers.25.post_attention_layernorm.weight,layer_25,normalization,solver_full_r3,solver_full,3,2560,2.9102696456274276e-06
model.layers.25.post_attention_layernorm.weight,layer_25,normalization,solver_full_r4,solver_full,4,2560,3.5443469875618234e-06
model.layers.25.post_attention_layernorm.weight,layer_25,normalization,solver_full_r5,solver_full,5,2560,1.5993604499100135e-06
model.layers.24.mlp.down_proj.weight,layer_24,mlp_down,questioner_full_r1,questioner_full,1,24903680,0.011620828758412256
model.layers.24.mlp.down_proj.weight,layer_24,mlp_down,questioner_full_r2,questioner_full,2,24903680,0.08411945805871639
model.layers.24.mlp.down_proj.weight,layer_24,mlp_down,questioner_full_r3,questioner_full,3,24903680,0.08254464869102915
model.layers.24.mlp.down_proj.weight,layer_24,mlp_down,questioner_full_r4,questioner_full,4,24903680,0.07875020018599925
model.layers.24.mlp.down_proj.weight,layer_24,mlp_down,questioner_full_r5,questioner_full,5,24903680,0.08114333145764285
model.layers.24.mlp.down_proj.weight,layer_24,mlp_down,solver_rank1_r1,solver_rank1,1,24903680,0.01685744676827736
model.layers.24.mlp.down_proj.weight,layer_24,mlp_down,solver_rank1_r2,solver_rank1,2,24903680,0.01777190068760165
model.layers.24.mlp.down_proj.weight,layer_24,mlp_down,solver_rank1_r3,solver_rank1,3,24903680,0.01743856373634319
model.layers.24.mlp.down_proj.weight,layer_24,mlp_down,solver_rank1_r4,solver_rank1,4,24903680,0.0176499323851526
model.layers.24.mlp.down_proj.weight,layer_24,mlp_down,solver_rank1_r5,solver_rank1,5,24903680,0.017073415645822234
model.layers.24.mlp.down_proj.weight,layer_24,mlp_down,solver_full_r1,solver_full,1,24903680,0.018598217341743904
model.layers.24.mlp.down_proj.weight,layer_24,mlp_down,solver_full_r2,solver_full,2,24903680,0.020016027955329568
model.layers.24.mlp.down_proj.weight,layer_24,mlp_down,solver_full_r3,solver_full,3,24903680,0.019922514009203463
model.layers.24.mlp.down_proj.weight,layer_24,mlp_down,solver_full_r4,solver_full,4,24903680,0.020151276769627226
model.layers.24.mlp.down_proj.weight,layer_24,mlp_down,solver_full_r5,solver_full,5,24903680,0.0194913160016801
model.layers.15.post_attention_layernorm.weight,layer_15,normalization,questioner_full_r1,questioner_full,1,2560,1.0015000072775014e-05
model.layers.15.post_attention_layernorm.weight,layer_15,normalization,questioner_full_r2,questioner_full,2,2560,5.744080281180553e-05
model.layers.15.post_attention_layernorm.weight,layer_15,normalization,questioner_full_r3,questioner_full,3,2560,1.8289791417062382e-05
model.layers.15.post_attention_layernorm.weight,layer_15,normalization,questioner_full_r4,questioner_full,4,2560,6.355974106460911e-06
model.layers.15.post_attention_layernorm.weight,layer_15,normalization,questioner_full_r5,questioner_full,5,2560,1.1923312902498233e-05
model.layers.15.post_attention_layernorm.weight,layer_15,normalization,solver_rank1_r1,solver_rank1,1,2560,6.033926192082462e-06
model.layers.15.post_attention_layernorm.weight,layer_15,normalization,solver_rank1_r2,solver_rank1,2,2560,1.1313357653407373e-05
model.layers.15.post_attention_layernorm.weight,layer_15,normalization,solver_rank1_r3,solver_rank1,3,2560,1.0247070370520207e-05
model.layers.15.post_attention_layernorm.weight,layer_15,normalization,solver_rank1_r4,solver_rank1,4,2560,8.588047392539432e-06
model.layers.15.post_attention_layernorm.weight,layer_15,normalization,solver_rank1_r5,solver_rank1,5,2560,1.2105989854846393e-05
model.layers.15.post_attention_layernorm.weight,layer_15,normalization,solver_full_r1,solver_full,1,2560,6.47465742279678e-06
model.layers.15.post_attention_layernorm.weight,layer_15,normalization,solver_full_r2,solver_full,2,2560,1.1314535197987682e-05
model.layers.15.post_attention_layernorm.weight,layer_15,normalization,solver_full_r3,solver_full,3,2560,1.0975522071942342e-05
model.layers.15.post_attention_layernorm.weight,layer_15,normalization,solver_full_r4,solver_full,4,2560,8.588047392539432e-06
model.layers.15.post_attention_layernorm.weight,layer_15,normalization,solver_full_r5,solver_full,5,2560,1.2143495586832349e-05
model.layers.12.post_attention_layernorm.weight,layer_12,normalization,questioner_full_r1,questioner_full,1,2560,4.410743713378906e-06
model.layers.12.post_attention_layernorm.weight,layer_12,normalization,questioner_full_r2,questioner_full,2,2560,8.344650268554688e-07
model.layers.12.post_attention_layernorm.weight,layer_12,normalization,questioner_full_r3,questioner_full,3,2560,2.1830201148986816e-05
model.layers.12.post_attention_layernorm.weight,layer_12,normalization,questioner_full_r4,questioner_full,4,2560,5.736947059631348e-06
model.layers.12.post_attention_layernorm.weight,layer_12,normalization,questioner_full_r5,questioner_full,5,2560,1.919269561767578e-05
model.layers.12.post_attention_layernorm.weight,layer_12,normalization,solver_rank1_r1,solver_rank1,1,2560,7.68899917602539e-06
model.layers.12.post_attention_layernorm.weight,layer_12,normalization,solver_rank1_r2,solver_rank1,2,2560,4.112720489501953e-06
model.layers.12.post_attention_layernorm.weight,layer_12,normalization,solver_rank1_r3,solver_rank1,3,2560,1.3113021850585938e-06
model.layers.12.post_attention_layernorm.weight,layer_12,normalization,solver_rank1_r4,solver_rank1,4,2560,1.919269561767578e-05
model.layers.12.post_attention_layernorm.weight,layer_12,normalization,solver_rank1_r5,solver_rank1,5,2560,4.291534423828125e-06
model.layers.12.post_attention_layernorm.weight,layer_12,normalization,solver_full_r1,solver_full,1,2560,7.68899917602539e-06
model.layers.12.post_attention_layernorm.weight,layer_12,normalization,solver_full_r2,solver_full,2,2560,4.112720489501953e-06
model.layers.12.post_attention_layernorm.weight,layer_12,normalization,solver_full_r3,solver_full,3,2560,1.3113021850585938e-06
model.layers.12.post_attention_layernorm.weight,layer_12,normalization,solver_full_r4,solver_full,4,2560,1.9177794456481934e-05
model.layers.12.post_attention_layernorm.weight,layer_12,normalization,solver_full_r5,solver_full,5,2560,4.291534423828125e-06
model.layers.15.input_layernorm.weight,layer_15,normalization,questioner_full_r1,questioner_full,1,2560,0.0
model.layers.15.input_layernorm.weight,layer_15,normalization,questioner_full_r2,questioner_full,2,2560,0.0
model.layers.15.input_layernorm.weight,layer_15,normalization,questioner_full_r3,questioner_full,3,2560,0.0
model.layers.15.input_layernorm.weight,layer_15,normalization,questioner_full_r4,questioner_full,4,2560,0.0
model.layers.15.input_layernorm.weight,layer_15,normalization,questioner_full_r5,questioner_full,5,2560,0.0
model.layers.15.input_layernorm.weight,layer_15,normalization,solver_rank1_r1,solver_rank1,1,2560,0.0
model.layers.15.input_layernorm.weight,layer_15,normalization,solver_rank1_r2,solver_rank1,2,2560,0.0
model.layers.15.input_layernorm.weight,layer_15,normalization,solver_rank1_r3,solver_rank1,3,2560,0.0
model.layers.15.input_layernorm.weight,layer_15,normalization,solver_rank1_r4,solver_rank1,4,2560,0.0
model.layers.15.input_layernorm.weight,layer_15,normalization,solver_rank1_r5,solver_rank1,5,2560,0.0
model.layers.15.input_layernorm.weight,layer_15,normalization,solver_full_r1,solver_full,1,2560,0.0
model.layers.15.input_layernorm.weight,layer_15,normalization,solver_full_r2,solver_full,2,2560,0.0
model.layers.15.input_layernorm.weight,layer_15,normalization,solver_full_r3,solver_full,3,2560,0.0
model.layers.15.input_layernorm.weight,layer_15,normalization,solver_full_r4,solver_full,4,2560,0.0
model.layers.15.input_layernorm.weight,layer_15,normalization,solver_full_r5,solver_full,5,2560,0.0
model.layers.8.self_attn.q_proj.weight,layer_08,attention_q,questioner_full_r1,questioner_full,1,10485760,0.008654630203803628
model.layers.8.self_attn.q_proj.weight,layer_08,attention_q,questioner_full_r2,questioner_full,2,10485760,0.04958983698572922
model.layers.8.self_attn.q_proj.weight,layer_08,attention_q,questioner_full_r3,questioner_full,3,10485760,0.05243643190657611
model.layers.8.self_attn.q_proj.weight,layer_08,attention_q,questioner_full_r4,questioner_full,4,10485760,0.05335507753473872
model.layers.8.self_attn.q_proj.weight,layer_08,attention_q,questioner_full_r5,questioner_full,5,10485760,0.05564753962703134
model.layers.8.self_attn.q_proj.weight,layer_08,attention_q,solver_rank1_r1,solver_rank1,1,10485760,0.011431729354924753
model.layers.8.self_attn.q_proj.weight,layer_08,attention_q,solver_rank1_r2,solver_rank1,2,10485760,0.012600919439405188
model.layers.8.self_attn.q_proj.weight,layer_08,attention_q,solver_rank1_r3,solver_rank1,3,10485760,0.012223946281136053
model.layers.8.self_attn.q_proj.weight,layer_08,attention_q,solver_rank1_r4,solver_rank1,4,10485760,0.011286936259771332
model.layers.8.self_attn.q_proj.weight,layer_08,attention_q,solver_rank1_r5,solver_rank1,5,10485760,0.013260253103102792
model.layers.8.self_attn.q_proj.weight,layer_08,attention_q,solver_full_r1,solver_full,1,10485760,0.012528589945421517
model.layers.8.self_attn.q_proj.weight,layer_08,attention_q,solver_full_r2,solver_full,2,10485760,0.014018452172533993
model.layers.8.self_attn.q_proj.weight,layer_08,attention_q,solver_full_r3,solver_full,3,10485760,0.013660691561605003
model.layers.8.self_attn.q_proj.weight,layer_08,attention_q,solver_full_r4,solver_full,4,10485760,0.01272530388115849
model.layers.8.self_attn.q_proj.weight,layer_08,attention_q,solver_full_r5,solver_full,5,10485760,0.01415196701058108
model.layers.6.self_attn.k_proj.weight,layer_06,attention_k,questioner_full_r1,questioner_full,1,2621440,0.004184390796429643
model.layers.6.self_attn.k_proj.weight,layer_06,attention_k,questioner_full_r2,questioner_full,2,2621440,0.024264551663352573
model.layers.6.self_attn.k_proj.weight,layer_06,attention_k,questioner_full_r3,questioner_full,3,2621440,0.025754371125129884
model.layers.6.self_attn.k_proj.weight,layer_06,attention_k,questioner_full_r4,questioner_full,4,2621440,0.027117052618165643
model.layers.6.self_attn.k_proj.weight,layer_06,attention_k,questioner_full_r5,questioner_full,5,2621440,0.028104675895974353
model.layers.6.self_attn.k_proj.weight,layer_06,attention_k,solver_rank1_r1,solver_rank1,1,2621440,0.005952716827440248
model.layers.6.self_attn.k_proj.weight,layer_06,attention_k,solver_rank1_r2,solver_rank1,2,2621440,0.006563475152669527
model.layers.6.self_attn.k_proj.weight,layer_06,attention_k,solver_rank1_r3,solver_rank1,3,2621440,0.006125377082656364
model.layers.6.self_attn.k_proj.weight,layer_06,attention_k,solver_rank1_r4,solver_rank1,4,2621440,0.005806752152421733
model.layers.6.self_attn.k_proj.weight,layer_06,attention_k,solver_rank1_r5,solver_rank1,5,2621440,0.006692718730424457
model.layers.6.self_attn.k_proj.weight,layer_06,attention_k,solver_full_r1,solver_full,1,2621440,0.006472424726684169
model.layers.6.self_attn.k_proj.weight,layer_06,attention_k,solver_full_r2,solver_full,2,2621440,0.007253451310861641
model.layers.6.self_attn.k_proj.weight,layer_06,attention_k,solver_full_r3,solver_full,3,2621440,0.006846876909470473
model.layers.6.self_attn.k_proj.weight,layer_06,attention_k,solver_full_r4,solver_full,4,2621440,0.006611758008533966
model.layers.6.self_attn.k_proj.weight,layer_06,attention_k,solver_full_r5,solver_full,5,2621440,0.007121468882774274
model.layers.29.self_attn.k_proj.weight,layer_29,attention_k,questioner_full_r1,questioner_full,1,2621440,0.004218827529477403
model.layers.29.self_attn.k_proj.weight,layer_29,attention_k,questioner_full_r2,questioner_full,2,2621440,0.029659964010605253
model.layers.29.self_attn.k_proj.weight,layer_29,attention_k,questioner_full_r3,questioner_full,3,2621440,0.028765024915011265
model.layers.29.self_attn.k_proj.weight,layer_29,attention_k,questioner_full_r4,questioner_full,4,2621440,0.02944566178374033
model.layers.29.self_attn.k_proj.weight,layer_29,attention_k,questioner_full_r5,questioner_full,5,2621440,0.029473540242353956
model.layers.29.self_attn.k_proj.weight,layer_29,attention_k,solver_rank1_r1,solver_rank1,1,2621440,0.0057920109252264
model.layers.29.self_attn.k_proj.weight,layer_29,attention_k,solver_rank1_r2,solver_rank1,2,2621440,0.005775421149111521
model.layers.29.self_attn.k_proj.weight,layer_29,attention_k,solver_rank1_r3,solver_rank1,3,2621440,0.005829392590845244
model.layers.29.self_attn.k_proj.weight,layer_29,attention_k,solver_rank1_r4,solver_rank1,4,2621440,0.005871301176368873
model.layers.29.self_attn.k_proj.weight,layer_29,attention_k,solver_rank1_r5,solver_rank1,5,2621440,0.00579335883421452
model.layers.29.self_attn.k_proj.weight,layer_29,attention_k,solver_full_r1,solver_full,1,2621440,0.006362771743308939
model.layers.29.self_attn.k_proj.weight,layer_29,attention_k,solver_full_r2,solver_full,2,2621440,0.006553579923757969
model.layers.29.self_attn.k_proj.weight,layer_29,attention_k,solver_full_r3,solver_full,3,2621440,0.006625203892679967
model.layers.29.self_attn.k_proj.weight,layer_29,attention_k,solver_full_r4,solver_full,4,2621440,0.006659108611164746
model.layers.29.self_attn.k_proj.weight,layer_29,attention_k,solver_full_r5,solver_full,5,2621440,0.006598814828474149
model.layers.21.self_attn.q_proj.weight,layer_21,attention_q,questioner_full_r1,questioner_full,1,10485760,0.009628920050301575
model.layers.21.self_attn.q_proj.weight,layer_21,attention_q,questioner_full_r2,questioner_full,2,10485760,0.05608519499028607
model.layers.21.self_attn.q_proj.weight,layer_21,attention_q,questioner_full_r3,questioner_full,3,10485760,0.05689541902162137
model.layers.21.self_attn.q_proj.weight,layer_21,attention_q,questioner_full_r4,questioner_full,4,10485760,0.05536939204277942
model.layers.21.self_attn.q_proj.weight,layer_21,attention_q,questioner_full_r5,questioner_full,5,10485760,0.05624370476601557
model.layers.21.self_attn.q_proj.weight,layer_21,attention_q,solver_rank1_r1,solver_rank1,1,10485760,0.012958121777696778
model.layers.21.self_attn.q_proj.weight,layer_21,attention_q,solver_rank1_r2,solver_rank1,2,10485760,0.013533219714115599
model.layers.21.self_attn.q_proj.weight,layer_21,attention_q,solver_rank1_r3,solver_rank1,3,10485760,0.012982323002719868
model.layers.21.self_attn.q_proj.weight,layer_21,attention_q,solver_rank1_r4,solver_rank1,4,10485760,0.012370236018011394
model.layers.21.self_attn.q_proj.weight,layer_21,attention_q,solver_rank1_r5,solver_rank1,5,10485760,0.012355389540956052
model.layers.21.self_attn.q_proj.weight,layer_21,attention_q,solver_full_r1,solver_full,1,10485760,0.0142286571347537
model.layers.21.self_attn.q_proj.weight,layer_21,attention_q,solver_full_r2,solver_full,2,10485760,0.015092975945428872
model.layers.21.self_attn.q_proj.weight,layer_21,attention_q,solver_full_r3,solver_full,3,10485760,0.014743801693095533
model.layers.21.self_attn.q_proj.weight,layer_21,attention_q,solver_full_r4,solver_full,4,10485760,0.014071168285626484
model.layers.21.self_attn.q_proj.weight,layer_21,attention_q,solver_full_r5,solver_full,5,10485760,0.014046421763668155
model.layers.29.self_attn.q_norm.weight,layer_29,normalization,questioner_full_r1,questioner_full,1,128,0.0
model.layers.29.self_attn.q_norm.weight,layer_29,normalization,questioner_full_r2,questioner_full,2,128,3.0517578125e-05
model.layers.29.self_attn.q_norm.weight,layer_29,normalization,questioner_full_r3,questioner_full,3,128,6.103515625e-05
model.layers.29.self_attn.q_norm.weight,layer_29,normalization,questioner_full_r4,questioner_full,4,128,8.631674575031098e-05
model.layers.29.self_attn.q_norm.weight,layer_29,normalization,questioner_full_r5,questioner_full,5,128,3.0517578125e-05
model.layers.29.self_attn.q_norm.weight,layer_29,normalization,solver_rank1_r1,solver_rank1,1,128,0.0
model.layers.29.self_attn.q_norm.weight,layer_29,normalization,solver_rank1_r2,solver_rank1,2,128,0.0
model.layers.29.self_attn.q_norm.weight,layer_29,normalization,solver_rank1_r3,solver_rank1,3,128,0.0
model.layers.29.self_attn.q_norm.weight,layer_29,normalization,solver_rank1_r4,solver_rank1,4,128,0.0
model.layers.29.self_attn.q_norm.weight,layer_29,normalization,solver_rank1_r5,solver_rank1,5,128,0.0
model.layers.29.self_attn.q_norm.weight,layer_29,normalization,solver_full_r1,solver_full,1,128,0.0
model.layers.29.self_attn.q_norm.weight,layer_29,normalization,solver_full_r2,solver_full,2,128,0.0
model.layers.29.self_attn.q_norm.weight,layer_29,normalization,solver_full_r3,solver_full,3,128,0.0
model.layers.29.self_attn.q_norm.weight,layer_29,normalization,solver_full_r4,solver_full,4,128,0.0
model.layers.29.self_attn.q_norm.weight,layer_29,normalization,solver_full_r5,solver_full,5,128,0.0
model.layers.24.self_attn.k_proj.weight,layer_24,attention_k,questioner_full_r1,questioner_full,1,2621440,0.0045410361981694965
model.layers.24.self_attn.k_proj.weight,layer_24,attention_k,questioner_full_r2,questioner_full,2,2621440,0.029107679723815186
model.layers.24.self_attn.k_proj.weight,layer_24,attention_k,questioner_full_r3,questioner_full,3,2621440,0.028637417908192447
model.layers.24.self_attn.k_proj.weight,layer_24,attention_k,questioner_full_r4,questioner_full,4,2621440,0.027606640990821198
model.layers.24.self_attn.k_proj.weight,layer_24,attention_k,questioner_full_r5,questioner_full,5,2621440,0.028570116023802033
model.layers.24.self_attn.k_proj.weight,layer_24,attention_k,solver_rank1_r1,solver_rank1,1,2621440,0.005992414445346329
model.layers.24.self_attn.k_proj.weight,layer_24,attention_k,solver_rank1_r2,solver_rank1,2,2621440,0.005958206359366059
model.layers.24.self_attn.k_proj.weight,layer_24,attention_k,solver_rank1_r3,solver_rank1,3,2621440,0.006006894434949066
model.layers.24.self_attn.k_proj.weight,layer_24,attention_k,solver_rank1_r4,solver_rank1,4,2621440,0.006033703406133409
model.layers.24.self_attn.k_proj.weight,layer_24,attention_k,solver_rank1_r5,solver_rank1,5,2621440,0.005866165529013515
model.layers.24.self_attn.k_proj.weight,layer_24,attention_k,solver_full_r1,solver_full,1,2621440,0.006557325832702832
model.layers.24.self_attn.k_proj.weight,layer_24,attention_k,solver_full_r2,solver_full,2,2621440,0.006686960090461058
model.layers.24.self_attn.k_proj.weight,layer_24,attention_k,solver_full_r3,solver_full,3,2621440,0.006845986468542569
model.layers.24.self_attn.k_proj.weight,layer_24,attention_k,solver_full_r4,solver_full,4,2621440,0.0068314246838570075
model.layers.24.self_attn.k_proj.weight,layer_24,attention_k,solver_full_r5,solver_full,5,2621440,0.00666669569380597
model.layers.9.self_attn.o_proj.weight,layer_09,attention_o,questioner_full_r1,questioner_full,1,10485760,0.008479193430855493
model.layers.9.self_attn.o_proj.weight,layer_09,attention_o,questioner_full_r2,questioner_full,2,10485760,0.04904921730870986
model.layers.9.self_attn.o_proj.weight,layer_09,attention_o,questioner_full_r3,questioner_full,3,10485760,0.05055749501898944
model.layers.9.self_attn.o_proj.weight,layer_09,attention_o,questioner_full_r4,questioner_full,4,10485760,0.050891242506929606
model.layers.9.self_attn.o_proj.weight,layer_09,attention_o,questioner_full_r5,questioner_full,5,10485760,0.05258476040803135
model.layers.9.self_attn.o_proj.weight,layer_09,attention_o,solver_rank1_r1,solver_rank1,1,10485760,0.013596802627440414
model.layers.9.self_attn.o_proj.weight,layer_09,attention_o,solver_rank1_r2,solver_rank1,2,10485760,0.013664684396436491
model.layers.9.self_attn.o_proj.weight,layer_09,attention_o,solver_rank1_r3,solver_rank1,3,10485760,0.013699276254879511
model.layers.9.self_attn.o_proj.weight,layer_09,attention_o,solver_rank1_r4,solver_rank1,4,10485760,0.012359778563625105
model.layers.9.self_attn.o_proj.weight,layer_09,attention_o,solver_rank1_r5,solver_rank1,5,10485760,0.013684848986215317
model.layers.9.self_attn.o_proj.weight,layer_09,attention_o,solver_full_r1,solver_full,1,10485760,0.014766520197621369
model.layers.9.self_attn.o_proj.weight,layer_09,attention_o,solver_full_r2,solver_full,2,10485760,0.015102929636444364
model.layers.9.self_attn.o_proj.weight,layer_09,attention_o,solver_full_r3,solver_full,3,10485760,0.01536393952719859
model.layers.9.self_attn.o_proj.weight,layer_09,attention_o,solver_full_r4,solver_full,4,10485760,0.014044190522951916
model.layers.9.self_attn.o_proj.weight,layer_09,attention_o,solver_full_r5,solver_full,5,10485760,0.014654273556890515
model.layers.32.self_attn.k_norm.weight,layer_32,normalization,questioner_full_r1,questioner_full,1,128,1.5728399755926745e-05
model.layers.32.self_attn.k_norm.weight,layer_32,normalization,questioner_full_r2,questioner_full,2,128,7.157006469457138e-05
model.layers.32.self_attn.k_norm.weight,layer_32,normalization,questioner_full_r3,questioner_full,3,128,2.697398304697218e-05
model.layers.32.self_attn.k_norm.weight,layer_32,normalization,questioner_full_r4,questioner_full,4,128,4.973756717836494e-05
model.layers.32.self_attn.k_norm.weight,layer_32,normalization,questioner_full_r5,questioner_full,5,128,6.340320640027871e-05
model.layers.32.self_attn.k_norm.weight,layer_32,normalization,solver_rank1_r1,solver_rank1,1,128,2.412626388678268e-05
model.layers.32.self_attn.k_norm.weight,layer_32,normalization,solver_rank1_r2,solver_rank1,2,128,1.5728399755926745e-05
model.layers.32.self_attn.k_norm.weight,layer_32,normalization,solver_rank1_r3,solver_rank1,3,128,2.2967518956741897e-05
model.layers.32.self_attn.k_norm.weight,layer_32,normalization,solver_rank1_r4,solver_rank1,4,128,1.6184389828183307e-05
model.layers.32.self_attn.k_norm.weight,layer_32,normalization,solver_rank1_r5,solver_rank1,5,128,2.224331624925728e-05
model.layers.32.self_attn.k_norm.weight,layer_32,normalization,solver_full_r1,solver_full,1,128,2.3592599633890115e-05
model.layers.32.self_attn.k_norm.weight,layer_32,normalization,solver_full_r2,solver_full,2,128,1.5377536293599222e-05
model.layers.32.self_attn.k_norm.weight,layer_32,normalization,solver_full_r3,solver_full,3,128,2.1663316138459296e-05
model.layers.32.self_attn.k_norm.weight,layer_32,normalization,solver_full_r4,solver_full,4,128,1.673691632727074e-05
model.layers.32.self_attn.k_norm.weight,layer_32,normalization,solver_full_r5,solver_full,5,128,2.3203897591774824e-05
model.layers.30.self_attn.q_norm.weight,layer_30,normalization,questioner_full_r1,questioner_full,1,128,0.0
model.layers.30.self_attn.q_norm.weight,layer_30,normalization,questioner_full_r2,questioner_full,2,128,0.0
model.layers.30.self_attn.q_norm.weight,layer_30,normalization,questioner_full_r3,questioner_full,3,128,0.0
model.layers.30.self_attn.q_norm.weight,layer_30,normalization,questioner_full_r4,questioner_full,4,128,0.0
model.layers.30.self_attn.q_norm.weight,layer_30,normalization,questioner_full_r5,questioner_full,5,128,0.0
model.layers.30.self_attn.q_norm.weight,layer_30,normalization,solver_rank1_r1,solver_rank1,1,128,0.0
model.layers.30.self_attn.q_norm.weight,layer_30,normalization,solver_rank1_r2,solver_rank1,2,128,0.0
model.layers.30.self_attn.q_norm.weight,layer_30,normalization,solver_rank1_r3,solver_rank1,3,128,0.0
model.layers.30.self_attn.q_norm.weight,layer_30,normalization,solver_rank1_r4,solver_rank1,4,128,0.0
model.layers.30.self_attn.q_norm.weight,layer_30,normalization,solver_rank1_r5,solver_rank1,5,128,0.0
model.layers.30.self_attn.q_norm.weight,layer_30,normalization,solver_full_r1,solver_full,1,128,0.0
model.layers.30.self_attn.q_norm.weight,layer_30,normalization,solver_full_r2,solver_full,2,128,0.0
model.layers.30.self_attn.q_norm.weight,layer_30,normalization,solver_full_r3,solver_full,3,128,0.0
model.layers.30.self_attn.q_norm.weight,layer_30,normalization,solver_full_r4,solver_full,4,128,0.0
model.layers.30.self_attn.q_norm.weight,layer_30,normalization,solver_full_r5,solver_full,5,128,0.0
model.layers.7.self_attn.k_norm.weight,layer_07,normalization,questioner_full_r1,questioner_full,1,128,0.0
model.layers.7.self_attn.k_norm.weight,layer_07,normalization,questioner_full_r2,questioner_full,2,128,0.0
model.layers.7.self_attn.k_norm.weight,layer_07,normalization,questioner_full_r3,questioner_full,3,128,0.0
model.layers.7.self_attn.k_norm.weight,layer_07,normalization,questioner_full_r4,questioner_full,4,128,0.0
model.layers.7.self_attn.k_norm.weight,layer_07,normalization,questioner_full_r5,questioner_full,5,128,0.0
model.layers.7.self_attn.k_norm.weight,layer_07,normalization,solver_rank1_r1,solver_rank1,1,128,0.0
model.layers.7.self_attn.k_norm.weight,layer_07,normalization,solver_rank1_r2,solver_rank1,2,128,0.0
model.layers.7.self_attn.k_norm.weight,layer_07,normalization,solver_rank1_r3,solver_rank1,3,128,0.0
model.layers.7.self_attn.k_norm.weight,layer_07,normalization,solver_rank1_r4,solver_rank1,4,128,0.0
model.layers.7.self_attn.k_norm.weight,layer_07,normalization,solver_rank1_r5,solver_rank1,5,128,0.0
model.layers.7.self_attn.k_norm.weight,layer_07,normalization,solver_full_r1,solver_full,1,128,0.0
model.layers.7.self_attn.k_norm.weight,layer_07,normalization,solver_full_r2,solver_full,2,128,0.0
model.layers.7.self_attn.k_norm.weight,layer_07,normalization,solver_full_r3,solver_full,3,128,0.0
model.layers.7.self_attn.k_norm.weight,layer_07,normalization,solver_full_r4,solver_full,4,128,0.0
model.layers.7.self_attn.k_norm.weight,layer_07,normalization,solver_full_r5,solver_full,5,128,0.0
model.layers.30.self_attn.k_proj.weight,layer_30,attention_k,questioner_full_r1,questioner_full,1,2621440,0.003935438984723237
model.layers.30.self_attn.k_proj.weight,layer_30,attention_k,questioner_full_r2,questioner_full,2,2621440,0.028854516370413755
model.layers.30.self_attn.k_proj.weight,layer_30,attention_k,questioner_full_r3,questioner_full,3,2621440,0.02737535572334596
model.layers.30.self_attn.k_proj.weight,layer_30,attention_k,questioner_full_r4,questioner_full,4,2621440,0.026985135292764074
model.layers.30.self_attn.k_proj.weight,layer_30,attention_k,questioner_full_r5,questioner_full,5,2621440,0.028560067771447355
model.layers.30.self_attn.k_proj.weight,layer_30,attention_k,solver_rank1_r1,solver_rank1,1,2621440,0.005736155558147393
model.layers.30.self_attn.k_proj.weight,layer_30,attention_k,solver_rank1_r2,solver_rank1,2,2621440,0.006069104525607497
model.layers.30.self_attn.k_proj.weight,layer_30,attention_k,solver_rank1_r3,solver_rank1,3,2621440,0.005547714246513673
model.layers.30.self_attn.k_proj.weight,layer_30,attention_k,solver_rank1_r4,solver_rank1,4,2621440,0.005857092116480717
model.layers.30.self_attn.k_proj.weight,layer_30,attention_k,solver_rank1_r5,solver_rank1,5,2621440,0.005601343483516862
model.layers.30.self_attn.k_proj.weight,layer_30,attention_k,solver_full_r1,solver_full,1,2621440,0.00632026591790051
model.layers.30.self_attn.k_proj.weight,layer_30,attention_k,solver_full_r2,solver_full,2,2621440,0.006815128153435113
model.layers.30.self_attn.k_proj.weight,layer_30,attention_k,solver_full_r3,solver_full,3,2621440,0.006312814991651093
model.layers.30.self_attn.k_proj.weight,layer_30,attention_k,solver_full_r4,solver_full,4,2621440,0.006590143190572393
model.layers.30.self_attn.k_proj.weight,layer_30,attention_k,solver_full_r5,solver_full,5,2621440,0.006416524984193076
model.layers.22.mlp.up_proj.weight,layer_22,mlp_up,questioner_full_r1,questioner_full,1,24903680,0.012469189937023239
model.layers.22.mlp.up_proj.weight,layer_22,mlp_up,questioner_full_r2,questioner_full,2,24903680,0.08400351232154943
model.layers.22.mlp.up_proj.weight,layer_22,mlp_up,questioner_full_r3,questioner_full,3,24903680,0.08269673129319911
model.layers.22.mlp.up_proj.weight,layer_22,mlp_up,questioner_full_r4,questioner_full,4,24903680,0.07948504592034886
model.layers.22.mlp.up_proj.weight,layer_22,mlp_up,questioner_full_r5,questioner_full,5,24903680,0.08128809446353515
model.layers.22.mlp.up_proj.weight,layer_22,mlp_up,solver_rank1_r1,solver_rank1,1,24903680,0.017446678739945064
model.layers.22.mlp.up_proj.weight,layer_22,mlp_up,solver_rank1_r2,solver_rank1,2,24903680,0.01845620748024895
model.layers.22.mlp.up_proj.weight,layer_22,mlp_up,solver_rank1_r3,solver_rank1,3,24903680,0.018079822532923066
model.layers.22.mlp.up_proj.weight,layer_22,mlp_up,solver_rank1_r4,solver_rank1,4,24903680,0.017941558125774942
model.layers.22.mlp.up_proj.weight,layer_22,mlp_up,solver_rank1_r5,solver_rank1,5,24903680,0.01762447222078254
model.layers.22.mlp.up_proj.weight,layer_22,mlp_up,solver_full_r1,solver_full,1,24903680,0.019268128640875463
model.layers.22.mlp.up_proj.weight,layer_22,mlp_up,solver_full_r2,solver_full,2,24903680,0.020775126305711607
model.layers.22.mlp.up_proj.weight,layer_22,mlp_up,solver_full_r3,solver_full,3,24903680,0.020695286141302865
model.layers.22.mlp.up_proj.weight,layer_22,mlp_up,solver_full_r4,solver_full,4,24903680,0.020533439523716873
model.layers.22.mlp.up_proj.weight,layer_22,mlp_up,solver_full_r5,solver_full,5,24903680,0.02015237213199269
model.layers.0.self_attn.o_proj.weight,layer_00,attention_o,questioner_full_r1,questioner_full,1,10485760,0.007462189305266952
model.layers.0.self_attn.o_proj.weight,layer_00,attention_o,questioner_full_r2,questioner_full,2,10485760,0.04281906636720898
model.layers.0.self_attn.o_proj.weight,layer_00,attention_o,questioner_full_r3,questioner_full,3,10485760,0.04253947405029303
model.layers.0.self_attn.o_proj.weight,layer_00,attention_o,questioner_full_r4,questioner_full,4,10485760,0.04939308371113633
model.layers.0.self_attn.o_proj.weight,layer_00,attention_o,questioner_full_r5,questioner_full,5,10485760,0.0528929149032138
model.layers.0.self_attn.o_proj.weight,layer_00,attention_o,solver_rank1_r1,solver_rank1,1,10485760,0.009821149855624184
model.layers.0.self_attn.o_proj.weight,layer_00,attention_o,solver_rank1_r2,solver_rank1,2,10485760,0.011720644234633655
model.layers.0.self_attn.o_proj.weight,layer_00,attention_o,solver_rank1_r3,solver_rank1,3,10485760,0.009896357325451959
model.layers.0.self_attn.o_proj.weight,layer_00,attention_o,solver_rank1_r4,solver_rank1,4,10485760,0.01043613647846991
model.layers.0.self_attn.o_proj.weight,layer_00,attention_o,solver_rank1_r5,solver_rank1,5,10485760,0.011133719278790687
model.layers.0.self_attn.o_proj.weight,layer_00,attention_o,solver_full_r1,solver_full,1,10485760,0.01065186177781713
model.layers.0.self_attn.o_proj.weight,layer_00,attention_o,solver_full_r2,solver_full,2,10485760,0.012747470551672198
model.layers.0.self_attn.o_proj.weight,layer_00,attention_o,solver_full_r3,solver_full,3,10485760,0.011080354524876511
model.layers.0.self_attn.o_proj.weight,layer_00,attention_o,solver_full_r4,solver_full,4,10485760,0.011285975329507456
model.layers.0.self_attn.o_proj.weight,layer_00,attention_o,solver_full_r5,solver_full,5,10485760,0.012607588638147647
model.layers.1.post_attention_layernorm.weight,layer_01,normalization,questioner_full_r1,questioner_full,1,2560,1.1991538770460011e-05
model.layers.1.post_attention_layernorm.weight,layer_01,normalization,questioner_full_r2,questioner_full,2,2560,2.6599098649154984e-05
model.layers.1.post_attention_layernorm.weight,layer_01,normalization,questioner_full_r3,questioner_full,3,2560,2.2012439965261524e-05
model.layers.1.post_attention_layernorm.weight,layer_01,normalization,questioner_full_r4,questioner_full,4,2560,4.6701446854142995e-05
model.layers.1.post_attention_layernorm.weight,layer_01,normalization,questioner_full_r5,questioner_full,5,2560,1.7572355052941092e-05
model.layers.1.post_attention_layernorm.weight,layer_01,normalization,solver_rank1_r1,solver_rank1,1,2560,1.3124448856304186e-05
model.layers.1.post_attention_layernorm.weight,layer_01,normalization,solver_rank1_r2,solver_rank1,2,2560,2.0210479589991697e-05
model.layers.1.post_attention_layernorm.weight,layer_01,normalization,solver_rank1_r3,solver_rank1,3,2560,1.541487854144708e-05
model.layers.1.post_attention_layernorm.weight,layer_01,normalization,solver_rank1_r4,solver_rank1,4,2560,1.9416321677667374e-05
model.layers.1.post_attention_layernorm.weight,layer_01,normalization,solver_rank1_r5,solver_rank1,5,2560,4.6504576056168315e-06
model.layers.1.post_attention_layernorm.weight,layer_01,normalization,solver_full_r1,solver_full,1,2560,1.3980053107845233e-05
model.layers.1.post_attention_layernorm.weight,layer_01,normalization,solver_full_r2,solver_full,2,2560,1.8378369978029634e-05
model.layers.1.post_attention_layernorm.weight,layer_01,normalization,solver_full_r3,solver_full,3,2560,1.4741639766950888e-05
model.layers.1.post_attention_layernorm.weight,layer_01,normalization,solver_full_r4,solver_full,4,2560,1.989652682759939e-05
model.layers.1.post_attention_layernorm.weight,layer_01,normalization,solver_full_r5,solver_full,5,2560,6.465455693389785e-06
model.layers.17.mlp.gate_proj.weight,layer_17,mlp_gate,questioner_full_r1,questioner_full,1,24903680,0.013837900825298524
model.layers.17.mlp.gate_proj.weight,layer_17,mlp_gate,questioner_full_r2,questioner_full,2,24903680,0.08197989108449034
model.layers.17.mlp.gate_proj.weight,layer_17,mlp_gate,questioner_full_r3,questioner_full,3,24903680,0.0827536031764965
model.layers.17.mlp.gate_proj.weight,layer_17,mlp_gate,questioner_full_r4,questioner_full,4,24903680,0.08004421531624958
model.layers.17.mlp.gate_proj.weight,layer_17,mlp_gate,questioner_full_r5,questioner_full,5,24903680,0.08319835514149593
model.layers.17.mlp.gate_proj.weight,layer_17,mlp_gate,solver_rank1_r1,solver_rank1,1,24903680,0.018924933482038605
model.layers.17.mlp.gate_proj.weight,layer_17,mlp_gate,solver_rank1_r2,solver_rank1,2,24903680,0.02003278694140846
model.layers.17.mlp.gate_proj.weight,layer_17,mlp_gate,solver_rank1_r3,solver_rank1,3,24903680,0.01895205406732744
model.layers.17.mlp.gate_proj.weight,layer_17,mlp_gate,solver_rank1_r4,solver_rank1,4,24903680,0.018610765356990747
model.layers.17.mlp.gate_proj.weight,layer_17,mlp_gate,solver_rank1_r5,solver_rank1,5,24903680,0.018299899407971814
model.layers.17.mlp.gate_proj.weight,layer_17,mlp_gate,solver_full_r1,solver_full,1,24903680,0.02081751114436063
model.layers.17.mlp.gate_proj.weight,layer_17,mlp_gate,solver_full_r2,solver_full,2,24903680,0.022497614702252047
model.layers.17.mlp.gate_proj.weight,layer_17,mlp_gate,solver_full_r3,solver_full,3,24903680,0.021725039944167943
model.layers.17.mlp.gate_proj.weight,layer_17,mlp_gate,solver_full_r4,solver_full,4,24903680,0.02128594007104333
model.layers.17.mlp.gate_proj.weight,layer_17,mlp_gate,solver_full_r5,solver_full,5,24903680,0.020966665208078963
model.layers.7.self_attn.o_proj.weight,layer_07,attention_o,questioner_full_r1,questioner_full,1,10485760,0.00848667233636469
model.layers.7.self_attn.o_proj.weight,layer_07,attention_o,questioner_full_r2,questioner_full,2,10485760,0.04752800825605761
model.layers.7.self_attn.o_proj.weight,layer_07,attention_o,questioner_full_r3,questioner_full,3,10485760,0.04977895399709796
model.layers.7.self_attn.o_proj.weight,layer_07,attention_o,questioner_full_r4,questioner_full,4,10485760,0.05049678089186292
model.layers.7.self_attn.o_proj.weight,layer_07,attention_o,questioner_full_r5,questioner_full,5,10485760,0.052617864497545803
model.layers.7.self_attn.o_proj.weight,layer_07,attention_o,solver_rank1_r1,solver_rank1,1,10485760,0.013135463619221181
model.layers.7.self_attn.o_proj.weight,layer_07,attention_o,solver_rank1_r2,solver_rank1,2,10485760,0.013495635129104873
model.layers.7.self_attn.o_proj.weight,layer_07,attention_o,solver_rank1_r3,solver_rank1,3,10485760,0.013427277714376728
model.layers.7.self_attn.o_proj.weight,layer_07,attention_o,solver_rank1_r4,solver_rank1,4,10485760,0.011762810869138465
model.layers.7.self_attn.o_proj.weight,layer_07,attention_o,solver_rank1_r5,solver_rank1,5,10485760,0.01362486750433103
model.layers.7.self_attn.o_proj.weight,layer_07,attention_o,solver_full_r1,solver_full,1,10485760,0.014193148134491095
model.layers.7.self_attn.o_proj.weight,layer_07,attention_o,solver_full_r2,solver_full,2,10485760,0.014795069719107403
model.layers.7.self_attn.o_proj.weight,layer_07,attention_o,solver_full_r3,solver_full,3,10485760,0.01492049005789107
model.layers.7.self_attn.o_proj.weight,layer_07,attention_o,solver_full_r4,solver_full,4,10485760,0.01328591894165723
model.layers.7.self_attn.o_proj.weight,layer_07,attention_o,solver_full_r5,solver_full,5,10485760,0.014527291906600041
model.layers.8.self_attn.o_proj.weight,layer_08,attention_o,questioner_full_r1,questioner_full,1,10485760,0.00838418333129362
model.layers.8.self_attn.o_proj.weight,layer_08,attention_o,questioner_full_r2,questioner_full,2,10485760,0.04759378291348854
model.layers.8.self_attn.o_proj.weight,layer_08,attention_o,questioner_full_r3,questioner_full,3,10485760,0.050503714701367615
model.layers.8.self_attn.o_proj.weight,layer_08,attention_o,questioner_full_r4,questioner_full,4,10485760,0.050710838116173
model.layers.8.self_attn.o_proj.weight,layer_08,attention_o,questioner_full_r5,questioner_full,5,10485760,0.05241713659877811
model.layers.8.self_attn.o_proj.weight,layer_08,attention_o,solver_rank1_r1,solver_rank1,1,10485760,0.013218039110313736
model.layers.8.self_attn.o_proj.weight,layer_08,attention_o,solver_rank1_r2,solver_rank1,2,10485760,0.013585356786389674
model.layers.8.self_attn.o_proj.weight,layer_08,attention_o,solver_rank1_r3,solver_rank1,3,10485760,0.013637748229872597
model.layers.8.self_attn.o_proj.weight,layer_08,attention_o,solver_rank1_r4,solver_rank1,4,10485760,0.011970983209699075
model.layers.8.self_attn.o_proj.weight,layer_08,attention_o,solver_rank1_r5,solver_rank1,5,10485760,0.01367571999002504
model.layers.8.self_attn.o_proj.weight,layer_08,attention_o,solver_full_r1,solver_full,1,10485760,0.014258969042185606
model.layers.8.self_attn.o_proj.weight,layer_08,attention_o,solver_full_r2,solver_full,2,10485760,0.014945315837291107
model.layers.8.self_attn.o_proj.weight,layer_08,attention_o,solver_full_r3,solver_full,3,10485760,0.015170125379133
model.layers.8.self_attn.o_proj.weight,layer_08,attention_o,solver_full_r4,solver_full,4,10485760,0.01355384290453441
model.layers.8.self_attn.o_proj.weight,layer_08,attention_o,solver_full_r5,solver_full,5,10485760,0.014612040402472989
model.layers.0.self_attn.k_proj.weight,layer_00,attention_k,questioner_full_r1,questioner_full,1,2621440,0.0034899535376099505
model.layers.0.self_attn.k_proj.weight,layer_00,attention_k,questioner_full_r2,questioner_full,2,2621440,0.021814873216967606
model.layers.0.self_attn.k_proj.weight,layer_00,attention_k,questioner_full_r3,questioner_full,3,2621440,0.022957579473356013
model.layers.0.self_attn.k_proj.weight,layer_00,attention_k,questioner_full_r4,questioner_full,4,2621440,0.02565207039220313
model.layers.0.self_attn.k_proj.weight,layer_00,attention_k,questioner_full_r5,questioner_full,5,2621440,0.025097288171225064
model.layers.0.self_attn.k_proj.weight,layer_00,attention_k,solver_rank1_r1,solver_rank1,1,2621440,0.005240558036337039
model.layers.0.self_attn.k_proj.weight,layer_00,attention_k,solver_rank1_r2,solver_rank1,2,2621440,0.005048112870262612
model.layers.0.self_attn.k_proj.weight,layer_00,attention_k,solver_rank1_r3,solver_rank1,3,2621440,0.005028012257968204
model.layers.0.self_attn.k_proj.weight,layer_00,attention_k,solver_rank1_r4,solver_rank1,4,2621440,0.005395414868234991
model.layers.0.self_attn.k_proj.weight,layer_00,attention_k,solver_rank1_r5,solver_rank1,5,2621440,0.006016056744321882
model.layers.0.self_attn.k_proj.weight,layer_00,attention_k,solver_full_r1,solver_full,1,2621440,0.005762970961814076
model.layers.0.self_attn.k_proj.weight,layer_00,attention_k,solver_full_r2,solver_full,2,2621440,0.005637600852667087
model.layers.0.self_attn.k_proj.weight,layer_00,attention_k,solver_full_r3,solver_full,3,2621440,0.005574490448739464
model.layers.0.self_attn.k_proj.weight,layer_00,attention_k,solver_full_r4,solver_full,4,2621440,0.005934212896461452
model.layers.0.self_attn.k_proj.weight,layer_00,attention_k,solver_full_r5,solver_full,5,2621440,0.006407015799975761
model.layers.6.mlp.gate_proj.weight,layer_06,mlp_gate,questioner_full_r1,questioner_full,1,24903680,0.010878430883894234
model.layers.6.mlp.gate_proj.weight,layer_06,mlp_gate,questioner_full_r2,questioner_full,2,24903680,0.07159071537205734
model.layers.6.mlp.gate_proj.weight,layer_06,mlp_gate,questioner_full_r3,questioner_full,3,24903680,0.07360899102192305
model.layers.6.mlp.gate_proj.weight,layer_06,mlp_gate,questioner_full_r4,questioner_full,4,24903680,0.07711464180902373
model.layers.6.mlp.gate_proj.weight,layer_06,mlp_gate,questioner_full_r5,questioner_full,5,24903680,0.07915380527607142
model.layers.6.mlp.gate_proj.weight,layer_06,mlp_gate,solver_rank1_r1,solver_rank1,1,24903680,0.015778010881940724
model.layers.6.mlp.gate_proj.weight,layer_06,mlp_gate,solver_rank1_r2,solver_rank1,2,24903680,0.01672551501147476
model.layers.6.mlp.gate_proj.weight,layer_06,mlp_gate,solver_rank1_r3,solver_rank1,3,24903680,0.016569273482527506
model.layers.6.mlp.gate_proj.weight,layer_06,mlp_gate,solver_rank1_r4,solver_rank1,4,24903680,0.015125962072796902
model.layers.6.mlp.gate_proj.weight,layer_06,mlp_gate,solver_rank1_r5,solver_rank1,5,24903680,0.017151001787360603
model.layers.6.mlp.gate_proj.weight,layer_06,mlp_gate,solver_full_r1,solver_full,1,24903680,0.017075102618631356
model.layers.6.mlp.gate_proj.weight,layer_06,mlp_gate,solver_full_r2,solver_full,2,24903680,0.01844963787770426
model.layers.6.mlp.gate_proj.weight,layer_06,mlp_gate,solver_full_r3,solver_full,3,24903680,0.01845913343183462
model.layers.6.mlp.gate_proj.weight,layer_06,mlp_gate,solver_full_r4,solver_full,4,24903680,0.016955756688934096
model.layers.6.mlp.gate_proj.weight,layer_06,mlp_gate,solver_full_r5,solver_full,5,24903680,0.018332283286055424
model.layers.4.post_attention_layernorm.weight,layer_04,normalization,questioner_full_r1,questioner_full,1,2560,1.2910916756647648e-05
model.layers.4.post_attention_layernorm.weight,layer_04,normalization,questioner_full_r2,questioner_full,2,2560,3.68995117133901e-05
model.layers.4.post_attention_layernorm.weight,layer_04,normalization,questioner_full_r3,questioner_full,3,2560,2.4068765910723584e-05
model.layers.4.post_attention_layernorm.weight,layer_04,normalization,questioner_full_r4,questioner_full,4,2560,4.394998913969872e-05
model.layers.4.post_attention_layernorm.weight,layer_04,normalization,questioner_full_r5,questioner_full,5,2560,2.4642934705541193e-05
model.layers.4.post_attention_layernorm.weight,layer_04,normalization,solver_rank1_r1,solver_rank1,1,2560,1.0808602236248737e-05
model.layers.4.post_attention_layernorm.weight,layer_04,normalization,solver_rank1_r2,solver_rank1,2,2560,7.639414221408651e-06
model.layers.4.post_attention_layernorm.weight,layer_04,normalization,solver_rank1_r3,solver_rank1,3,2560,1.3932075720648028e-05
model.layers.4.post_attention_layernorm.weight,layer_04,normalization,solver_rank1_r4,solver_rank1,4,2560,1.59705484824376e-05
model.layers.4.post_attention_layernorm.weight,layer_04,normalization,solver_rank1_r5,solver_rank1,5,2560,7.296397362865149e-06
model.layers.4.post_attention_layernorm.weight,layer_04,normalization,solver_full_r1,solver_full,1,2560,1.1243585248229435e-05
model.layers.4.post_attention_layernorm.weight,layer_04,normalization,solver_full_r2,solver_full,2,2560,9.96824201564003e-06
model.layers.4.post_attention_layernorm.weight,layer_04,normalization,solver_full_r3,solver_full,3,2560,1.3993459837934704e-05
model.layers.4.post_attention_layernorm.weight,layer_04,normalization,solver_full_r4,solver_full,4,2560,1.6281187653365688e-05
model.layers.4.post_attention_layernorm.weight,layer_04,normalization,solver_full_r5,solver_full,5,2560,8.95420930891023e-06
model.layers.13.mlp.down_proj.weight,layer_13,mlp_down,questioner_full_r1,questioner_full,1,24903680,0.014069797161939901
model.layers.13.mlp.down_proj.weight,layer_13,mlp_down,questioner_full_r2,questioner_full,2,24903680,0.07728464750889968
model.layers.13.mlp.down_proj.weight,layer_13,mlp_down,questioner_full_r3,questioner_full,3,24903680,0.08089794664864894
model.layers.13.mlp.down_proj.weight,layer_13,mlp_down,questioner_full_r4,questioner_full,4,24903680,0.07899678736366995
model.layers.13.mlp.down_proj.weight,layer_13,mlp_down,questioner_full_r5,questioner_full,5,24903680,0.08173325441568727
model.layers.13.mlp.down_proj.weight,layer_13,mlp_down,solver_rank1_r1,solver_rank1,1,24903680,0.02226989958822549
model.layers.13.mlp.down_proj.weight,layer_13,mlp_down,solver_rank1_r2,solver_rank1,2,24903680,0.02212956668911837
model.layers.13.mlp.down_proj.weight,layer_13,mlp_down,solver_rank1_r3,solver_rank1,3,24903680,0.020900747423114346
model.layers.13.mlp.down_proj.weight,layer_13,mlp_down,solver_rank1_r4,solver_rank1,4,24903680,0.01938113632150737
model.layers.13.mlp.down_proj.weight,layer_13,mlp_down,solver_rank1_r5,solver_rank1,5,24903680,0.0193966175221767
model.layers.13.mlp.down_proj.weight,layer_13,mlp_down,solver_full_r1,solver_full,1,24903680,0.02403545597690015
model.layers.13.mlp.down_proj.weight,layer_13,mlp_down,solver_full_r2,solver_full,2,24903680,0.02465437870266702
model.layers.13.mlp.down_proj.weight,layer_13,mlp_down,solver_full_r3,solver_full,3,24903680,0.023578529406041552
model.layers.13.mlp.down_proj.weight,layer_13,mlp_down,solver_full_r4,solver_full,4,24903680,0.02188047913351468
model.layers.13.mlp.down_proj.weight,layer_13,mlp_down,solver_full_r5,solver_full,5,24903680,0.022197645425680083
model.layers.7.post_attention_layernorm.weight,layer_07,normalization,questioner_full_r1,questioner_full,1,2560,1.6192400137384073e-05
model.layers.7.post_attention_layernorm.weight,layer_07,normalization,questioner_full_r2,questioner_full,2,2560,3.223024372674701e-05
model.layers.7.post_attention_layernorm.weight,layer_07,normalization,questioner_full_r3,questioner_full,3,2560,3.658948499042403e-05
model.layers.7.post_attention_layernorm.weight,layer_07,normalization,questioner_full_r4,questioner_full,4,2560,1.4338850930933852e-05
model.layers.7.post_attention_layernorm.weight,layer_07,normalization,questioner_full_r5,questioner_full,5,2560,3.598862113859309e-05
model.layers.7.post_attention_layernorm.weight,layer_07,normalization,solver_rank1_r1,solver_rank1,1,2560,2.9471362760215356e-05
model.layers.7.post_attention_layernorm.weight,layer_07,normalization,solver_rank1_r2,solver_rank1,2,2560,9.47263898739228e-06
model.layers.7.post_attention_layernorm.weight,layer_07,normalization,solver_rank1_r3,solver_rank1,3,2560,2.6217440256031277e-05
model.layers.7.post_attention_layernorm.weight,layer_07,normalization,solver_rank1_r4,solver_rank1,4,2560,7.5056898953220515e-06
model.layers.7.post_attention_layernorm.weight,layer_07,normalization,solver_rank1_r5,solver_rank1,5,2560,1.111718505099703e-05
model.layers.7.post_attention_layernorm.weight,layer_07,normalization,solver_full_r1,solver_full,1,2560,3.0068534740516438e-05
model.layers.7.post_attention_layernorm.weight,layer_07,normalization,solver_full_r2,solver_full,2,2560,1.2214299223200217e-05
model.layers.7.post_attention_layernorm.weight,layer_07,normalization,solver_full_r3,solver_full,3,2560,2.5786983629118925e-05
model.layers.7.post_attention_layernorm.weight,layer_07,normalization,solver_full_r4,solver_full,4,2560,1.0084288588789273e-05
model.layers.7.post_attention_layernorm.weight,layer_07,normalization,solver_full_r5,solver_full,5,2560,1.262169695687126e-05
model.layers.2.post_attention_layernorm.weight,layer_02,normalization,questioner_full_r1,questioner_full,1,2560,6.679976332722616e-06
model.layers.2.post_attention_layernorm.weight,layer_02,normalization,questioner_full_r2,questioner_full,2,2560,2.8626119651419896e-05
model.layers.2.post_attention_layernorm.weight,layer_02,normalization,questioner_full_r3,questioner_full,3,2560,2.4392711597940823e-05
model.layers.2.post_attention_layernorm.weight,layer_02,normalization,questioner_full_r4,questioner_full,4,2560,3.0743451974085376e-05
model.layers.2.post_attention_layernorm.weight,layer_02,normalization,questioner_full_r5,questioner_full,5,2560,6.5218077510011975e-06
model.layers.2.post_attention_layernorm.weight,layer_02,normalization,solver_rank1_r1,solver_rank1,1,2560,1.0990553447357282e-05
model.layers.2.post_attention_layernorm.weight,layer_02,normalization,solver_rank1_r2,solver_rank1,2,2560,4.792154131470151e-06
model.layers.2.post_attention_layernorm.weight,layer_02,normalization,solver_rank1_r3,solver_rank1,3,2560,1.355635545332861e-05
model.layers.2.post_attention_layernorm.weight,layer_02,normalization,solver_rank1_r4,solver_rank1,4,2560,1.051477292594907e-05
model.layers.2.post_attention_layernorm.weight,layer_02,normalization,solver_rank1_r5,solver_rank1,5,2560,1.1446575054319194e-05
model.layers.2.post_attention_layernorm.weight,layer_02,normalization,solver_full_r1,solver_full,1,2560,1.0982792669564267e-05
model.layers.2.post_attention_layernorm.weight,layer_02,normalization,solver_full_r2,solver_full,2,2560,6.628722560147211e-06
model.layers.2.post_attention_layernorm.weight,layer_02,normalization,solver_full_r3,solver_full,3,2560,1.3461679662221054e-05
model.layers.2.post_attention_layernorm.weight,layer_02,normalization,solver_full_r4,solver_full,4,2560,1.0493126432736104e-05
model.layers.2.post_attention_layernorm.weight,layer_02,normalization,solver_full_r5,solver_full,5,2560,1.1356835712256006e-05
model.layers.19.post_attention_layernorm.weight,layer_19,normalization,questioner_full_r1,questioner_full,1,2560,3.5563549733582255e-06
model.layers.19.post_attention_layernorm.weight,layer_19,normalization,questioner_full_r2,questioner_full,2,2560,3.553261797117967e-05
model.layers.19.post_attention_layernorm.weight,layer_19,normalization,questioner_full_r3,questioner_full,3,2560,2.2938110118977852e-06
model.layers.19.post_attention_layernorm.weight,layer_19,normalization,questioner_full_r4,questioner_full,4,2560,2.694136537273745e-05
model.layers.19.post_attention_layernorm.weight,layer_19,normalization,questioner_full_r5,questioner_full,5,2560,1.180111758305033e-05
model.layers.19.post_attention_layernorm.weight,layer_19,normalization,solver_rank1_r1,solver_rank1,1,2560,1.7362250880753408e-05
model.layers.19.post_attention_layernorm.weight,layer_19,normalization,solver_rank1_r2,solver_rank1,2,2560,1.0036659395791465e-05
model.layers.19.post_attention_layernorm.weight,layer_19,normalization,solver_rank1_r3,solver_rank1,3,2560,2.8557654592479584e-05
model.layers.19.post_attention_layernorm.weight,layer_19,normalization,solver_rank1_r4,solver_rank1,4,2560,2.459276736596312e-05
model.layers.19.post_attention_layernorm.weight,layer_19,normalization,solver_rank1_r5,solver_rank1,5,2560,1.2892219517279953e-05
model.layers.19.post_attention_layernorm.weight,layer_19,normalization,solver_full_r1,solver_full,1,2560,1.7405806498172133e-05
model.layers.19.post_attention_layernorm.weight,layer_19,normalization,solver_full_r2,solver_full,2,2560,1.1338403122110919e-05
model.layers.19.post_attention_layernorm.weight,layer_19,normalization,solver_full_r3,solver_full,3,2560,2.8679312311033874e-05
model.layers.19.post_attention_layernorm.weight,layer_19,normalization,solver_full_r4,solver_full,4,2560,2.461606883838712e-05
model.layers.19.post_attention_layernorm.weight,layer_19,normalization,solver_full_r5,solver_full,5,2560,1.3288502652131466e-05
model.layers.14.mlp.up_proj.weight,layer_14,mlp_up,questioner_full_r1,questioner_full,1,24903680,0.014239043064695416
model.layers.14.mlp.up_proj.weight,layer_14,mlp_up,questioner_full_r2,questioner_full,2,24903680,0.07569992913955205
model.layers.14.mlp.up_proj.weight,layer_14,mlp_up,questioner_full_r3,questioner_full,3,24903680,0.07982883724774612
model.layers.14.mlp.up_proj.weight,layer_14,mlp_up,questioner_full_r4,questioner_full,4,24903680,0.07808390473435767
model.layers.14.mlp.up_proj.weight,layer_14,mlp_up,questioner_full_r5,questioner_full,5,24903680,0.08079462510396172
model.layers.14.mlp.up_proj.weight,layer_14,mlp_up,solver_rank1_r1,solver_rank1,1,24903680,0.02306328484378597
model.layers.14.mlp.up_proj.weight,layer_14,mlp_up,solver_rank1_r2,solver_rank1,2,24903680,0.02267068739826871
model.layers.14.mlp.up_proj.weight,layer_14,mlp_up,solver_rank1_r3,solver_rank1,3,24903680,0.02146757181471703
model.layers.14.mlp.up_proj.weight,layer_14,mlp_up,solver_rank1_r4,solver_rank1,4,24903680,0.01949169812673327
model.layers.14.mlp.up_proj.weight,layer_14,mlp_up,solver_rank1_r5,solver_rank1,5,24903680,0.01951728003144467
model.layers.14.mlp.up_proj.weight,layer_14,mlp_up,solver_full_r1,solver_full,1,24903680,0.024826385632642674
model.layers.14.mlp.up_proj.weight,layer_14,mlp_up,solver_full_r2,solver_full,2,24903680,0.025220262215329838
model.layers.14.mlp.up_proj.weight,layer_14,mlp_up,solver_full_r3,solver_full,3,24903680,0.024140050595477542
model.layers.14.mlp.up_proj.weight,layer_14,mlp_up,solver_full_r4,solver_full,4,24903680,0.022017866675584363
model.layers.14.mlp.up_proj.weight,layer_14,mlp_up,solver_full_r5,solver_full,5,24903680,0.02236110827206983
model.layers.31.self_attn.q_proj.weight,layer_31,attention_q,questioner_full_r1,questioner_full,1,10485760,0.007154941956069767
model.layers.31.self_attn.q_proj.weight,layer_31,attention_q,questioner_full_r2,questioner_full,2,10485760,0.05765857450178033
model.layers.31.self_attn.q_proj.weight,layer_31,attention_q,questioner_full_r3,questioner_full,3,10485760,0.05636041590151367
model.layers.31.self_attn.q_proj.weight,layer_31,attention_q,questioner_full_r4,questioner_full,4,10485760,0.05593881747523052
model.layers.31.self_attn.q_proj.weight,layer_31,attention_q,questioner_full_r5,questioner_full,5,10485760,0.05659085766463025
model.layers.31.self_attn.q_proj.weight,layer_31,attention_q,solver_rank1_r1,solver_rank1,1,10485760,0.010286050778009691
model.layers.31.self_attn.q_proj.weight,layer_31,attention_q,solver_rank1_r2,solver_rank1,2,10485760,0.011017372246394644
model.layers.31.self_attn.q_proj.weight,layer_31,attention_q,solver_rank1_r3,solver_rank1,3,10485760,0.010662129334652722
model.layers.31.self_attn.q_proj.weight,layer_31,attention_q,solver_rank1_r4,solver_rank1,4,10485760,0.010793079717141938
model.layers.31.self_attn.q_proj.weight,layer_31,attention_q,solver_rank1_r5,solver_rank1,5,10485760,0.01040285040914606
model.layers.31.self_attn.q_proj.weight,layer_31,attention_q,solver_full_r1,solver_full,1,10485760,0.011359377076731295
model.layers.31.self_attn.q_proj.weight,layer_31,attention_q,solver_full_r2,solver_full,2,10485760,0.012433382154130897
model.layers.31.self_attn.q_proj.weight,layer_31,attention_q,solver_full_r3,solver_full,3,10485760,0.012167510564989707
model.layers.31.self_attn.q_proj.weight,layer_31,attention_q,solver_full_r4,solver_full,4,10485760,0.012217250845092141
model.layers.31.self_attn.q_proj.weight,layer_31,attention_q,solver_full_r5,solver_full,5,10485760,0.011840582582825417
model.layers.25.mlp.up_proj.weight,layer_25,mlp_up,questioner_full_r1,questioner_full,1,24903680,0.010908939525067789
model.layers.25.mlp.up_proj.weight,layer_25,mlp_up,questioner_full_r2,questioner_full,2,24903680,0.08330821802644639
model.layers.25.mlp.up_proj.weight,layer_25,mlp_up,questioner_full_r3,questioner_full,3,24903680,0.08107605169286713
model.layers.25.mlp.up_proj.weight,layer_25,mlp_up,questioner_full_r4,questioner_full,4,24903680,0.07735651182556938
model.layers.25.mlp.up_proj.weight,layer_25,mlp_up,questioner_full_r5,questioner_full,5,24903680,0.08009623240664814
model.layers.25.mlp.up_proj.weight,layer_25,mlp_up,solver_rank1_r1,solver_rank1,1,24903680,0.016080925351649553
model.layers.25.mlp.up_proj.weight,layer_25,mlp_up,solver_rank1_r2,solver_rank1,2,24903680,0.01701862950038916
model.layers.25.mlp.up_proj.weight,layer_25,mlp_up,solver_rank1_r3,solver_rank1,3,24903680,0.01671239834923699
model.layers.25.mlp.up_proj.weight,layer_25,mlp_up,solver_rank1_r4,solver_rank1,4,24903680,0.01706313711136918
model.layers.25.mlp.up_proj.weight,layer_25,mlp_up,solver_rank1_r5,solver_rank1,5,24903680,0.016306207141021663
model.layers.25.mlp.up_proj.weight,layer_25,mlp_up,solver_full_r1,solver_full,1,24903680,0.017786225811242493
model.layers.25.mlp.up_proj.weight,layer_25,mlp_up,solver_full_r2,solver_full,2,24903680,0.019168616763115955
model.layers.25.mlp.up_proj.weight,layer_25,mlp_up,solver_full_r3,solver_full,3,24903680,0.019156015518957677
model.layers.25.mlp.up_proj.weight,layer_25,mlp_up,solver_full_r4,solver_full,4,24903680,0.01953146520417832
model.layers.25.mlp.up_proj.weight,layer_25,mlp_up,solver_full_r5,solver_full,5,24903680,0.018669691450493762
model.layers.31.mlp.gate_proj.weight,layer_31,mlp_gate,questioner_full_r1,questioner_full,1,24903680,0.008657632982678
model.layers.31.mlp.gate_proj.weight,layer_31,mlp_gate,questioner_full_r2,questioner_full,2,24903680,0.08618049191933203
model.layers.31.mlp.gate_proj.weight,layer_31,mlp_gate,questioner_full_r3,questioner_full,3,24903680,0.08084151464807103
model.layers.31.mlp.gate_proj.weight,layer_31,mlp_gate,questioner_full_r4,questioner_full,4,24903680,0.07973208462492537
model.layers.31.mlp.gate_proj.weight,layer_31,mlp_gate,questioner_full_r5,questioner_full,5,24903680,0.08195432553699535
model.layers.31.mlp.gate_proj.weight,layer_31,mlp_gate,solver_rank1_r1,solver_rank1,1,24903680,0.014392518500422821
model.layers.31.mlp.gate_proj.weight,layer_31,mlp_gate,solver_rank1_r2,solver_rank1,2,24903680,0.015099954668270448
model.layers.31.mlp.gate_proj.weight,layer_31,mlp_gate,solver_rank1_r3,solver_rank1,3,24903680,0.015105905614234971
model.layers.31.mlp.gate_proj.weight,layer_31,mlp_gate,solver_rank1_r4,solver_rank1,4,24903680,0.015232486496281011
model.layers.31.mlp.gate_proj.weight,layer_31,mlp_gate,solver_rank1_r5,solver_rank1,5,24903680,0.01388805982779053
model.layers.31.mlp.gate_proj.weight,layer_31,mlp_gate,solver_full_r1,solver_full,1,24903680,0.016043576744440326
model.layers.31.mlp.gate_proj.weight,layer_31,mlp_gate,solver_full_r2,solver_full,2,24903680,0.017046980984480008
model.layers.31.mlp.gate_proj.weight,layer_31,mlp_gate,solver_full_r3,solver_full,3,24903680,0.017235489361285387
model.layers.31.mlp.gate_proj.weight,layer_31,mlp_gate,solver_full_r4,solver_full,4,24903680,0.017230873986892485
model.layers.31.mlp.gate_proj.weight,layer_31,mlp_gate,solver_full_r5,solver_full,5,24903680,0.015881777079918953
model.layers.4.self_attn.k_norm.weight,layer_04,normalization,questioner_full_r1,questioner_full,1,128,0.0
model.layers.4.self_attn.k_norm.weight,layer_04,normalization,questioner_full_r2,questioner_full,2,128,0.0
model.layers.4.self_attn.k_norm.weight,layer_04,normalization,questioner_full_r3,questioner_full,3,128,6.291359902370698e-05
model.layers.4.self_attn.k_norm.weight,layer_04,normalization,questioner_full_r4,questioner_full,4,128,1.52587890625e-05
model.layers.4.self_attn.k_norm.weight,layer_04,normalization,questioner_full_r5,questioner_full,5,128,0.0
model.layers.4.self_attn.k_norm.weight,layer_04,normalization,solver_rank1_r1,solver_rank1,1,128,0.0
model.layers.4.self_attn.k_norm.weight,layer_04,normalization,solver_rank1_r2,solver_rank1,2,128,0.0
model.layers.4.self_attn.k_norm.weight,layer_04,normalization,solver_rank1_r3,solver_rank1,3,128,1.52587890625e-05
model.layers.4.self_attn.k_norm.weight,layer_04,normalization,solver_rank1_r4,solver_rank1,4,128,0.0
model.layers.4.self_attn.k_norm.weight,layer_04,normalization,solver_rank1_r5,solver_rank1,5,128,0.0
model.layers.4.self_attn.k_norm.weight,layer_04,normalization,solver_full_r1,solver_full,1,128,0.0
model.layers.4.self_attn.k_norm.weight,layer_04,normalization,solver_full_r2,solver_full,2,128,0.0
model.layers.4.self_attn.k_norm.weight,layer_04,normalization,solver_full_r3,solver_full,3,128,1.52587890625e-05
model.layers.4.self_attn.k_norm.weight,layer_04,normalization,solver_full_r4,solver_full,4,128,0.0
model.layers.4.self_attn.k_norm.weight,layer_04,normalization,solver_full_r5,solver_full,5,128,0.0
model.layers.17.self_attn.q_proj.weight,layer_17,attention_q,questioner_full_r1,questioner_full,1,10485760,0.009754364848686982
model.layers.17.self_attn.q_proj.weight,layer_17,attention_q,questioner_full_r2,questioner_full,2,10485760,0.052799046534514206
model.layers.17.self_attn.q_proj.weight,layer_17,attention_q,questioner_full_r3,questioner_full,3,10485760,0.054725602034408474
model.layers.17.self_attn.q_proj.weight,layer_17,attention_q,questioner_full_r4,questioner_full,4,10485760,0.054897723058200155
model.layers.17.self_attn.q_proj.weight,layer_17,attention_q,questioner_full_r5,questioner_full,5,10485760,0.05647325309403359
model.layers.17.self_attn.q_proj.weight,layer_17,attention_q,solver_rank1_r1,solver_rank1,1,10485760,0.012477399148743079
model.layers.17.self_attn.q_proj.weight,layer_17,attention_q,solver_rank1_r2,solver_rank1,2,10485760,0.013166903059342538
model.layers.17.self_attn.q_proj.weight,layer_17,attention_q,solver_rank1_r3,solver_rank1,3,10485760,0.01225469359162244
model.layers.17.self_attn.q_proj.weight,layer_17,attention_q,solver_rank1_r4,solver_rank1,4,10485760,0.011627042621049717
model.layers.17.self_attn.q_proj.weight,layer_17,attention_q,solver_rank1_r5,solver_rank1,5,10485760,0.01193165853195272
model.layers.17.self_attn.q_proj.weight,layer_17,attention_q,solver_full_r1,solver_full,1,10485760,0.013631198047399108
model.layers.17.self_attn.q_proj.weight,layer_17,attention_q,solver_full_r2,solver_full,2,10485760,0.014713798921537109
model.layers.17.self_attn.q_proj.weight,layer_17,attention_q,solver_full_r3,solver_full,3,10485760,0.013913564723681875
model.layers.17.self_attn.q_proj.weight,layer_17,attention_q,solver_full_r4,solver_full,4,10485760,0.013132550817581475
model.layers.17.self_attn.q_proj.weight,layer_17,attention_q,solver_full_r5,solver_full,5,10485760,0.01362027569017485
model.layers.1.mlp.up_proj.weight,layer_01,mlp_up,questioner_full_r1,questioner_full,1,24903680,0.02146002049840969
model.layers.1.mlp.up_proj.weight,layer_01,mlp_up,questioner_full_r2,questioner_full,2,24903680,0.06321862356269954
model.layers.1.mlp.up_proj.weight,layer_01,mlp_up,questioner_full_r3,questioner_full,3,24903680,0.06877179258883563
model.layers.1.mlp.up_proj.weight,layer_01,mlp_up,questioner_full_r4,questioner_full,4,24903680,0.07551581133587104
model.layers.1.mlp.up_proj.weight,layer_01,mlp_up,questioner_full_r5,questioner_full,5,24903680,0.07397680596042676
model.layers.1.mlp.up_proj.weight,layer_01,mlp_up,solver_rank1_r1,solver_rank1,1,24903680,0.024206522872087348
model.layers.1.mlp.up_proj.weight,layer_01,mlp_up,solver_rank1_r2,solver_rank1,2,24903680,0.016212863300103228
model.layers.1.mlp.up_proj.weight,layer_01,mlp_up,solver_rank1_r3,solver_rank1,3,24903680,0.019949314000483834
model.layers.1.mlp.up_proj.weight,layer_01,mlp_up,solver_rank1_r4,solver_rank1,4,24903680,0.017105364563540382
model.layers.1.mlp.up_proj.weight,layer_01,mlp_up,solver_rank1_r5,solver_rank1,5,24903680,0.023248085810589923
model.layers.1.mlp.up_proj.weight,layer_01,mlp_up,solver_full_r1,solver_full,1,24903680,0.026150270306604294
model.layers.1.mlp.up_proj.weight,layer_01,mlp_up,solver_full_r2,solver_full,2,24903680,0.017417157353744165
model.layers.1.mlp.up_proj.weight,layer_01,mlp_up,solver_full_r3,solver_full,3,24903680,0.01994716863475908
model.layers.1.mlp.up_proj.weight,layer_01,mlp_up,solver_full_r4,solver_full,4,24903680,0.018160741431562023
model.layers.1.mlp.up_proj.weight,layer_01,mlp_up,solver_full_r5,solver_full,5,24903680,0.025901843188216065
model.layers.33.self_attn.q_norm.weight,layer_33,normalization,questioner_full_r1,questioner_full,1,128,1.1444091796875e-05
model.layers.33.self_attn.q_norm.weight,layer_33,normalization,questioner_full_r2,questioner_full,2,128,4.88519610399845e-05
model.layers.33.self_attn.q_norm.weight,layer_33,normalization,questioner_full_r3,questioner_full,3,128,3.982660869182797e-05
model.layers.33.self_attn.q_norm.weight,layer_33,normalization,questioner_full_r4,questioner_full,4,128,5.340576171875e-05
model.layers.33.self_attn.q_norm.weight,layer_33,normalization,questioner_full_r5,questioner_full,5,128,5.244341691920288e-05
model.layers.33.self_attn.q_norm.weight,layer_33,normalization,solver_rank1_r1,solver_rank1,1,128,1.7481138973067626e-05
model.layers.33.self_attn.q_norm.weight,layer_33,normalization,solver_rank1_r2,solver_rank1,2,128,1.52587890625e-05
model.layers.33.self_attn.q_norm.weight,layer_33,normalization,solver_rank1_r3,solver_rank1,3,128,1.375408659158321e-05
model.layers.33.self_attn.q_norm.weight,layer_33,normalization,solver_rank1_r4,solver_rank1,4,128,8.529922399520072e-06
model.layers.33.self_attn.q_norm.weight,layer_33,normalization,solver_rank1_r5,solver_rank1,5,128,1.5728399755926745e-05
model.layers.33.self_attn.q_norm.weight,layer_33,normalization,solver_full_r1,solver_full,1,128,1.7481138973067626e-05
model.layers.33.self_attn.q_norm.weight,layer_33,normalization,solver_full_r2,solver_full,2,128,2.191376741996013e-05
model.layers.33.self_attn.q_norm.weight,layer_33,normalization,solver_full_r3,solver_full,3,128,1.375408659158321e-05
model.layers.33.self_attn.q_norm.weight,layer_33,normalization,solver_full_r4,solver_full,4,128,1.0789593218788873e-05
model.layers.33.self_attn.q_norm.weight,layer_33,normalization,solver_full_r5,solver_full,5,128,1.5728399755926745e-05
model.layers.20.post_attention_layernorm.weight,layer_20,normalization,questioner_full_r1,questioner_full,1,2560,4.664215572173283e-06
model.layers.20.post_attention_layernorm.weight,layer_20,normalization,questioner_full_r2,questioner_full,2,2560,1.91779934559996e-05
model.layers.20.post_attention_layernorm.weight,layer_20,normalization,questioner_full_r3,questioner_full,3,2560,3.508258707719444e-05
model.layers.20.post_attention_layernorm.weight,layer_20,normalization,questioner_full_r4,questioner_full,4,2560,1.169223769687579e-05
model.layers.20.post_attention_layernorm.weight,layer_20,normalization,questioner_full_r5,questioner_full,5,2560,2.9092928811610413e-05
model.layers.20.post_attention_layernorm.weight,layer_20,normalization,solver_rank1_r1,solver_rank1,1,2560,1.002793900452372e-05
model.layers.20.post_attention_layernorm.weight,layer_20,normalization,solver_rank1_r2,solver_rank1,2,2560,2.0649052594570546e-05
model.layers.20.post_attention_layernorm.weight,layer_20,normalization,solver_rank1_r3,solver_rank1,3,2560,1.0037013363271303e-06
model.layers.20.post_attention_layernorm.weight,layer_20,normalization,solver_rank1_r4,solver_rank1,4,2560,1.6452204652838243e-05
model.layers.20.post_attention_layernorm.weight,layer_20,normalization,solver_rank1_r5,solver_rank1,5,2560,1.02729430947888e-05
model.layers.20.post_attention_layernorm.weight,layer_20,normalization,solver_full_r1,solver_full,1,2560,1.0076052922084761e-05
model.layers.20.post_attention_layernorm.weight,layer_20,normalization,solver_full_r2,solver_full,2,2560,2.0697857725448286e-05
model.layers.20.post_attention_layernorm.weight,layer_20,normalization,solver_full_r3,solver_full,3,2560,3.0324600984948558e-06
model.layers.20.post_attention_layernorm.weight,layer_20,normalization,solver_full_r4,solver_full,4,2560,1.7023805503261947e-05
model.layers.20.post_attention_layernorm.weight,layer_20,normalization,solver_full_r5,solver_full,5,2560,1.0648441104265754e-05
model.layers.20.mlp.down_proj.weight,layer_20,mlp_down,questioner_full_r1,questioner_full,1,24903680,0.013963783825935423
model.layers.20.mlp.down_proj.weight,layer_20,mlp_down,questioner_full_r2,questioner_full,2,24903680,0.08336097016568697
model.layers.20.mlp.down_proj.weight,layer_20,mlp_down,questioner_full_r3,questioner_full,3,24903680,0.0832588077593187
model.layers.20.mlp.down_proj.weight,layer_20,mlp_down,questioner_full_r4,questioner_full,4,24903680,0.0800578612863781
model.layers.20.mlp.down_proj.weight,layer_20,mlp_down,questioner_full_r5,questioner_full,5,24903680,0.08191232332803822
model.layers.20.mlp.down_proj.weight,layer_20,mlp_down,solver_rank1_r1,solver_rank1,1,24903680,0.01903220225621023
model.layers.20.mlp.down_proj.weight,layer_20,mlp_down,solver_rank1_r2,solver_rank1,2,24903680,0.020142884895412456
model.layers.20.mlp.down_proj.weight,layer_20,mlp_down,solver_rank1_r3,solver_rank1,3,24903680,0.019470091161383648
model.layers.20.mlp.down_proj.weight,layer_20,mlp_down,solver_rank1_r4,solver_rank1,4,24903680,0.01912020771537382
model.layers.20.mlp.down_proj.weight,layer_20,mlp_down,solver_rank1_r5,solver_rank1,5,24903680,0.01869342047542977
model.layers.20.mlp.down_proj.weight,layer_20,mlp_down,solver_full_r1,solver_full,1,24903680,0.020901405532656413
model.layers.20.mlp.down_proj.weight,layer_20,mlp_down,solver_full_r2,solver_full,2,24903680,0.022621794877717906
model.layers.20.mlp.down_proj.weight,layer_20,mlp_down,solver_full_r3,solver_full,3,24903680,0.02221924476758486
model.layers.20.mlp.down_proj.weight,layer_20,mlp_down,solver_full_r4,solver_full,4,24903680,0.021863261083800583
model.layers.20.mlp.down_proj.weight,layer_20,mlp_down,solver_full_r5,solver_full,5,24903680,0.021342428062743658
model.layers.29.self_attn.q_proj.weight,layer_29,attention_q,questioner_full_r1,questioner_full,1,10485760,0.0073491982143204584
model.layers.29.self_attn.q_proj.weight,layer_29,attention_q,questioner_full_r2,questioner_full,2,10485760,0.05675233315669031
model.layers.29.self_attn.q_proj.weight,layer_29,attention_q,questioner_full_r3,questioner_full,3,10485760,0.05480737710974129
model.layers.29.self_attn.q_proj.weight,layer_29,attention_q,questioner_full_r4,questioner_full,4,10485760,0.055025264375189294
model.layers.29.self_attn.q_proj.weight,layer_29,attention_q,questioner_full_r5,questioner_full,5,10485760,0.05544580210313952
model.layers.29.self_attn.q_proj.weight,layer_29,attention_q,solver_rank1_r1,solver_rank1,1,10485760,0.010325275277085278
model.layers.29.self_attn.q_proj.weight,layer_29,attention_q,solver_rank1_r2,solver_rank1,2,10485760,0.010496805781819479
model.layers.29.self_attn.q_proj.weight,layer_29,attention_q,solver_rank1_r3,solver_rank1,3,10485760,0.010466832438035874
model.layers.29.self_attn.q_proj.weight,layer_29,attention_q,solver_rank1_r4,solver_rank1,4,10485760,0.01065317645527871
model.layers.29.self_attn.q_proj.weight,layer_29,attention_q,solver_rank1_r5,solver_rank1,5,10485760,0.010493941213768091
model.layers.29.self_attn.q_proj.weight,layer_29,attention_q,solver_full_r1,solver_full,1,10485760,0.011381822334093326
model.layers.29.self_attn.q_proj.weight,layer_29,attention_q,solver_full_r2,solver_full,2,10485760,0.011961583813017602
model.layers.29.self_attn.q_proj.weight,layer_29,attention_q,solver_full_r3,solver_full,3,10485760,0.011932615178760132
model.layers.29.self_attn.q_proj.weight,layer_29,attention_q,solver_full_r4,solver_full,4,10485760,0.012120012649804808
model.layers.29.self_attn.q_proj.weight,layer_29,attention_q,solver_full_r5,solver_full,5,10485760,0.011968929658924708
model.layers.5.self_attn.v_proj.weight,layer_05,attention_v,questioner_full_r1,questioner_full,1,2621440,0.003911298144411687
model.layers.5.self_attn.v_proj.weight,layer_05,attention_v,questioner_full_r2,questioner_full,2,2621440,0.022321532772876844
model.layers.5.self_attn.v_proj.weight,layer_05,attention_v,questioner_full_r3,questioner_full,3,2621440,0.023343427995873967
model.layers.5.self_attn.v_proj.weight,layer_05,attention_v,questioner_full_r4,questioner_full,4,2621440,0.024946890809456158
model.layers.5.self_attn.v_proj.weight,layer_05,attention_v,questioner_full_r5,questioner_full,5,2621440,0.02610737729487919
model.layers.5.self_attn.v_proj.weight,layer_05,attention_v,solver_rank1_r1,solver_rank1,1,2621440,0.005540556415769615
model.layers.5.self_attn.v_proj.weight,layer_05,attention_v,solver_rank1_r2,solver_rank1,2,2621440,0.006563437323202158
model.layers.5.self_attn.v_proj.weight,layer_05,attention_v,solver_rank1_r3,solver_rank1,3,2621440,0.0060605190190615695
model.layers.5.self_attn.v_proj.weight,layer_05,attention_v,solver_rank1_r4,solver_rank1,4,2621440,0.005416208507201472
model.layers.5.self_attn.v_proj.weight,layer_05,attention_v,solver_rank1_r5,solver_rank1,5,2621440,0.005886074713275327
model.layers.5.self_attn.v_proj.weight,layer_05,attention_v,solver_full_r1,solver_full,1,2621440,0.006191841380816077
model.layers.5.self_attn.v_proj.weight,layer_05,attention_v,solver_full_r2,solver_full,2,2621440,0.007174296403681398
model.layers.5.self_attn.v_proj.weight,layer_05,attention_v,solver_full_r3,solver_full,3,2621440,0.0067303297880980766
model.layers.5.self_attn.v_proj.weight,layer_05,attention_v,solver_full_r4,solver_full,4,2621440,0.006049662699175238
model.layers.5.self_attn.v_proj.weight,layer_05,attention_v,solver_full_r5,solver_full,5,2621440,0.0066153617807515
model.layers.32.mlp.up_proj.weight,layer_32,mlp_up,questioner_full_r1,questioner_full,1,24903680,0.009247808452934495
model.layers.32.mlp.up_proj.weight,layer_32,mlp_up,questioner_full_r2,questioner_full,2,24903680,0.08143646189429116
model.layers.32.mlp.up_proj.weight,layer_32,mlp_up,questioner_full_r3,questioner_full,3,24903680,0.07861161322778815
model.layers.32.mlp.up_proj.weight,layer_32,mlp_up,questioner_full_r4,questioner_full,4,24903680,0.07849523447233929
model.layers.32.mlp.up_proj.weight,layer_32,mlp_up,questioner_full_r5,questioner_full,5,24903680,0.0795715194287222
model.layers.32.mlp.up_proj.weight,layer_32,mlp_up,solver_rank1_r1,solver_rank1,1,24903680,0.013949378985663114
model.layers.32.mlp.up_proj.weight,layer_32,mlp_up,solver_rank1_r2,solver_rank1,2,24903680,0.015121785497433253
model.layers.32.mlp.up_proj.weight,layer_32,mlp_up,solver_rank1_r3,solver_rank1,3,24903680,0.014882423032865353
model.layers.32.mlp.up_proj.weight,layer_32,mlp_up,solver_rank1_r4,solver_rank1,4,24903680,0.014819977519251565
model.layers.32.mlp.up_proj.weight,layer_32,mlp_up,solver_rank1_r5,solver_rank1,5,24903680,0.013872628581898687
model.layers.32.mlp.up_proj.weight,layer_32,mlp_up,solver_full_r1,solver_full,1,24903680,0.015399720545078346
model.layers.32.mlp.up_proj.weight,layer_32,mlp_up,solver_full_r2,solver_full,2,24903680,0.016959975041642695
model.layers.32.mlp.up_proj.weight,layer_32,mlp_up,solver_full_r3,solver_full,3,24903680,0.01689662710613509
model.layers.32.mlp.up_proj.weight,layer_32,mlp_up,solver_full_r4,solver_full,4,24903680,0.016661514666884487
model.layers.32.mlp.up_proj.weight,layer_32,mlp_up,solver_full_r5,solver_full,5,24903680,0.015778513407170524
model.layers.11.mlp.down_proj.weight,layer_11,mlp_down,questioner_full_r1,questioner_full,1,24903680,0.013525775096559835
model.layers.11.mlp.down_proj.weight,layer_11,mlp_down,questioner_full_r2,questioner_full,2,24903680,0.07730217718944726
model.layers.11.mlp.down_proj.weight,layer_11,mlp_down,questioner_full_r3,questioner_full,3,24903680,0.08130416259925612
model.layers.11.mlp.down_proj.weight,layer_11,mlp_down,questioner_full_r4,questioner_full,4,24903680,0.08047458978102703
model.layers.11.mlp.down_proj.weight,layer_11,mlp_down,questioner_full_r5,questioner_full,5,24903680,0.08281711135136126
model.layers.11.mlp.down_proj.weight,layer_11,mlp_down,solver_rank1_r1,solver_rank1,1,24903680,0.020912278327773037
model.layers.11.mlp.down_proj.weight,layer_11,mlp_down,solver_rank1_r2,solver_rank1,2,24903680,0.02124087632220314
model.layers.11.mlp.down_proj.weight,layer_11,mlp_down,solver_rank1_r3,solver_rank1,3,24903680,0.019915653920122574
model.layers.11.mlp.down_proj.weight,layer_11,mlp_down,solver_rank1_r4,solver_rank1,4,24903680,0.018569070081337145
model.layers.11.mlp.down_proj.weight,layer_11,mlp_down,solver_rank1_r5,solver_rank1,5,24903680,0.01925759115829077
model.layers.11.mlp.down_proj.weight,layer_11,mlp_down,solver_full_r1,solver_full,1,24903680,0.022574848919466955
model.layers.11.mlp.down_proj.weight,layer_11,mlp_down,solver_full_r2,solver_full,2,24903680,0.023554262083018588
model.layers.11.mlp.down_proj.weight,layer_11,mlp_down,solver_full_r3,solver_full,3,24903680,0.02239989222100725
model.layers.11.mlp.down_proj.weight,layer_11,mlp_down,solver_full_r4,solver_full,4,24903680,0.020899879380009503
model.layers.11.mlp.down_proj.weight,layer_11,mlp_down,solver_full_r5,solver_full,5,24903680,0.0219467892117537
model.layers.32.self_attn.k_proj.weight,layer_32,attention_k,questioner_full_r1,questioner_full,1,2621440,0.004770284221437274
model.layers.32.self_attn.k_proj.weight,layer_32,attention_k,questioner_full_r2,questioner_full,2,2621440,0.029078905054932373
model.layers.32.self_attn.k_proj.weight,layer_32,attention_k,questioner_full_r3,questioner_full,3,2621440,0.02828264789154517
model.layers.32.self_attn.k_proj.weight,layer_32,attention_k,questioner_full_r4,questioner_full,4,2621440,0.029080585695758613
model.layers.32.self_attn.k_proj.weight,layer_32,attention_k,questioner_full_r5,questioner_full,5,2621440,0.029675321498544866
model.layers.32.self_attn.k_proj.weight,layer_32,attention_k,solver_rank1_r1,solver_rank1,1,2621440,0.006004338646175207
model.layers.32.self_attn.k_proj.weight,layer_32,attention_k,solver_rank1_r2,solver_rank1,2,2621440,0.006662374644436613
model.layers.32.self_attn.k_proj.weight,layer_32,attention_k,solver_rank1_r3,solver_rank1,3,2621440,0.006296102511426638
model.layers.32.self_attn.k_proj.weight,layer_32,attention_k,solver_rank1_r4,solver_rank1,4,2621440,0.006252482503180036
model.layers.32.self_attn.k_proj.weight,layer_32,attention_k,solver_rank1_r5,solver_rank1,5,2621440,0.006130900416282599
model.layers.32.self_attn.k_proj.weight,layer_32,attention_k,solver_full_r1,solver_full,1,2621440,0.006554015569066691
model.layers.32.self_attn.k_proj.weight,layer_32,attention_k,solver_full_r2,solver_full,2,2621440,0.007382917133004868
model.layers.32.self_attn.k_proj.weight,layer_32,attention_k,solver_full_r3,solver_full,3,2621440,0.00707049558885562
model.layers.32.self_attn.k_proj.weight,layer_32,attention_k,solver_full_r4,solver_full,4,2621440,0.007004988570429897
model.layers.32.self_attn.k_proj.weight,layer_32,attention_k,solver_full_r5,solver_full,5,2621440,0.006987882724097164
model.layers.16.post_attention_layernorm.weight,layer_16,normalization,questioner_full_r1,questioner_full,1,2560,9.65392862703954e-06
model.layers.16.post_attention_layernorm.weight,layer_16,normalization,questioner_full_r2,questioner_full,2,2560,2.7637086893273613e-05
model.layers.16.post_attention_layernorm.weight,layer_16,normalization,questioner_full_r3,questioner_full,3,2560,7.882249476822157e-06
model.layers.16.post_attention_layernorm.weight,layer_16,normalization,questioner_full_r4,questioner_full,4,2560,8.58306884765625e-06
model.layers.16.post_attention_layernorm.weight,layer_16,normalization,questioner_full_r5,questioner_full,5,2560,5.5107709557181455e-06
model.layers.16.post_attention_layernorm.weight,layer_16,normalization,solver_rank1_r1,solver_rank1,1,2560,9.121068808888096e-06
model.layers.16.post_attention_layernorm.weight,layer_16,normalization,solver_rank1_r2,solver_rank1,2,2560,1.1654651521241617e-05
model.layers.16.post_attention_layernorm.weight,layer_16,normalization,solver_rank1_r3,solver_rank1,3,2560,1.570084663077214e-05
model.layers.16.post_attention_layernorm.weight,layer_16,normalization,solver_rank1_r4,solver_rank1,4,2560,9.464947338714222e-06
model.layers.16.post_attention_layernorm.weight,layer_16,normalization,solver_rank1_r5,solver_rank1,5,2560,1.4307101429631708e-05
model.layers.16.post_attention_layernorm.weight,layer_16,normalization,solver_full_r1,solver_full,1,2560,9.64053307736874e-06
model.layers.16.post_attention_layernorm.weight,layer_16,normalization,solver_full_r2,solver_full,2,2560,1.2571388287145584e-05
model.layers.16.post_attention_layernorm.weight,layer_16,normalization,solver_full_r3,solver_full,3,2560,1.5689981657410055e-05
model.layers.16.post_attention_layernorm.weight,layer_16,normalization,solver_full_r4,solver_full,4,2560,9.49268295842097e-06
model.layers.16.post_attention_layernorm.weight,layer_16,normalization,solver_full_r5,solver_full,5,2560,1.4331044102150345e-05
model.layers.9.mlp.up_proj.weight,layer_09,mlp_up,questioner_full_r1,questioner_full,1,24903680,0.013303952882202333
model.layers.9.mlp.up_proj.weight,layer_09,mlp_up,questioner_full_r2,questioner_full,2,24903680,0.07657779989589962
model.layers.9.mlp.up_proj.weight,layer_09,mlp_up,questioner_full_r3,questioner_full,3,24903680,0.08142429020178253
model.layers.9.mlp.up_proj.weight,layer_09,mlp_up,questioner_full_r4,questioner_full,4,24903680,0.08156704279592665
model.layers.9.mlp.up_proj.weight,layer_09,mlp_up,questioner_full_r5,questioner_full,5,24903680,0.08419833748373291
model.layers.9.mlp.up_proj.weight,layer_09,mlp_up,solver_rank1_r1,solver_rank1,1,24903680,0.020600598881127006
model.layers.9.mlp.up_proj.weight,layer_09,mlp_up,solver_rank1_r2,solver_rank1,2,24903680,0.021493237288757197
model.layers.9.mlp.up_proj.weight,layer_09,mlp_up,solver_rank1_r3,solver_rank1,3,24903680,0.021283432802694596
model.layers.9.mlp.up_proj.weight,layer_09,mlp_up,solver_rank1_r4,solver_rank1,4,24903680,0.018726697613695154
model.layers.9.mlp.up_proj.weight,layer_09,mlp_up,solver_rank1_r5,solver_rank1,5,24903680,0.021211533888844426
model.layers.9.mlp.up_proj.weight,layer_09,mlp_up,solver_full_r1,solver_full,1,24903680,0.022145101457797692
model.layers.9.mlp.up_proj.weight,layer_09,mlp_up,solver_full_r2,solver_full,2,24903680,0.023586725386125953
model.layers.9.mlp.up_proj.weight,layer_09,mlp_up,solver_full_r3,solver_full,3,24903680,0.023653211386066353
model.layers.9.mlp.up_proj.weight,layer_09,mlp_up,solver_full_r4,solver_full,4,24903680,0.020996788721725508
model.layers.9.mlp.up_proj.weight,layer_09,mlp_up,solver_full_r5,solver_full,5,24903680,0.022593760910558546
model.layers.8.self_attn.k_proj.weight,layer_08,attention_k,questioner_full_r1,questioner_full,1,2621440,0.004345587834107376
model.layers.8.self_attn.k_proj.weight,layer_08,attention_k,questioner_full_r2,questioner_full,2,2621440,0.024578423374266203
model.layers.8.self_attn.k_proj.weight,layer_08,attention_k,questioner_full_r3,questioner_full,3,2621440,0.026152476106697627
model.layers.8.self_attn.k_proj.weight,layer_08,attention_k,questioner_full_r4,questioner_full,4,2621440,0.026959767248787413
model.layers.8.self_attn.k_proj.weight,layer_08,attention_k,questioner_full_r5,questioner_full,5,2621440,0.027988319973858932
model.layers.8.self_attn.k_proj.weight,layer_08,attention_k,solver_rank1_r1,solver_rank1,1,2621440,0.0059792952054770546
model.layers.8.self_attn.k_proj.weight,layer_08,attention_k,solver_rank1_r2,solver_rank1,2,2621440,0.006734579011248894
model.layers.8.self_attn.k_proj.weight,layer_08,attention_k,solver_rank1_r3,solver_rank1,3,2621440,0.006472422829685626
model.layers.8.self_attn.k_proj.weight,layer_08,attention_k,solver_rank1_r4,solver_rank1,4,2621440,0.005714814384879442
model.layers.8.self_attn.k_proj.weight,layer_08,attention_k,solver_rank1_r5,solver_rank1,5,2621440,0.006946632588111675
model.layers.8.self_attn.k_proj.weight,layer_08,attention_k,solver_full_r1,solver_full,1,2621440,0.0065897381236547075
model.layers.8.self_attn.k_proj.weight,layer_08,attention_k,solver_full_r2,solver_full,2,2621440,0.007484831566231397
model.layers.8.self_attn.k_proj.weight,layer_08,attention_k,solver_full_r3,solver_full,3,2621440,0.007263945516524731
model.layers.8.self_attn.k_proj.weight,layer_08,attention_k,solver_full_r4,solver_full,4,2621440,0.006457866104931232
model.layers.8.self_attn.k_proj.weight,layer_08,attention_k,solver_full_r5,solver_full,5,2621440,0.0074137069262497565
model.layers.31.self_attn.v_proj.weight,layer_31,attention_v,questioner_full_r1,questioner_full,1,2621440,0.003956845364323753
model.layers.31.self_attn.v_proj.weight,layer_31,attention_v,questioner_full_r2,questioner_full,2,2621440,0.026652834997450386
model.layers.31.self_attn.v_proj.weight,layer_31,attention_v,questioner_full_r3,questioner_full,3,2621440,0.026364436160580592
model.layers.31.self_attn.v_proj.weight,layer_31,attention_v,questioner_full_r4,questioner_full,4,2621440,0.025844961916556213
model.layers.31.self_attn.v_proj.weight,layer_31,attention_v,questioner_full_r5,questioner_full,5,2621440,0.02641008285333263
model.layers.31.self_attn.v_proj.weight,layer_31,attention_v,solver_rank1_r1,solver_rank1,1,2621440,0.005091108944235018
model.layers.31.self_attn.v_proj.weight,layer_31,attention_v,solver_rank1_r2,solver_rank1,2,2621440,0.005744962340737559
model.layers.31.self_attn.v_proj.weight,layer_31,attention_v,solver_rank1_r3,solver_rank1,3,2621440,0.005369674904318339
model.layers.31.self_attn.v_proj.weight,layer_31,attention_v,solver_rank1_r4,solver_rank1,4,2621440,0.005419756479655483
model.layers.31.self_attn.v_proj.weight,layer_31,attention_v,solver_rank1_r5,solver_rank1,5,2621440,0.005238036844550348
model.layers.31.self_attn.v_proj.weight,layer_31,attention_v,solver_full_r1,solver_full,1,2621440,0.005522870249851224
model.layers.31.self_attn.v_proj.weight,layer_31,attention_v,solver_full_r2,solver_full,2,2621440,0.0063750597947102505
model.layers.31.self_attn.v_proj.weight,layer_31,attention_v,solver_full_r3,solver_full,3,2621440,0.0060420180635097015
model.layers.31.self_attn.v_proj.weight,layer_31,attention_v,solver_full_r4,solver_full,4,2621440,0.006023203968373936
model.layers.31.self_attn.v_proj.weight,layer_31,attention_v,solver_full_r5,solver_full,5,2621440,0.005887312027309026
model.layers.30.mlp.up_proj.weight,layer_30,mlp_up,questioner_full_r1,questioner_full,1,24903680,0.009671564115013742
model.layers.30.mlp.up_proj.weight,layer_30,mlp_up,questioner_full_r2,questioner_full,2,24903680,0.08274956740541953
model.layers.30.mlp.up_proj.weight,layer_30,mlp_up,questioner_full_r3,questioner_full,3,24903680,0.07913752361321325
model.layers.30.mlp.up_proj.weight,layer_30,mlp_up,questioner_full_r4,questioner_full,4,24903680,0.07690667951011307
model.layers.30.mlp.up_proj.weight,layer_30,mlp_up,questioner_full_r5,questioner_full,5,24903680,0.07894933965530021
model.layers.30.mlp.up_proj.weight,layer_30,mlp_up,solver_rank1_r1,solver_rank1,1,24903680,0.014533947177362451
model.layers.30.mlp.up_proj.weight,layer_30,mlp_up,solver_rank1_r2,solver_rank1,2,24903680,0.01549963242561153
model.layers.30.mlp.up_proj.weight,layer_30,mlp_up,solver_rank1_r3,solver_rank1,3,24903680,0.015343105829450048
model.layers.30.mlp.up_proj.weight,layer_30,mlp_up,solver_rank1_r4,solver_rank1,4,24903680,0.015688627251287755
model.layers.30.mlp.up_proj.weight,layer_30,mlp_up,solver_rank1_r5,solver_rank1,5,24903680,0.014479803078597675
model.layers.30.mlp.up_proj.weight,layer_30,mlp_up,solver_full_r1,solver_full,1,24903680,0.01607683969443955
model.layers.30.mlp.up_proj.weight,layer_30,mlp_up,solver_full_r2,solver_full,2,24903680,0.01743334174328965
model.layers.30.mlp.up_proj.weight,layer_30,mlp_up,solver_full_r3,solver_full,3,24903680,0.017457401601514065
model.layers.30.mlp.up_proj.weight,layer_30,mlp_up,solver_full_r4,solver_full,4,24903680,0.017743779933314708
model.layers.30.mlp.up_proj.weight,layer_30,mlp_up,solver_full_r5,solver_full,5,24903680,0.01655574070137576
