delta_id,end,family,fraction_global_delta_norm_sq,group,group_type,l2_norm,parameter_count,previous_round_cosine,relative_l2,rms,round,start,start_l2_norm
questioner_full_r1,q1,questioner_full,0.05886624750242059,embedding,layer,0.03826501503617972,388956160,,8.575202648056228e-05,1.940222610535894e-06,1,base,446.22869693759816
questioner_full_r2,q2,questioner_full,0.11195300605449794,embedding,layer,0.3414663985387247,388956160,0.09377475148224074,0.0007652273765615531,1.7314009325664146e-05,2,q1,446.2286752900272
questioner_full_r3,q3,questioner_full,0.13844462270967298,embedding,layer,0.3855709547596676,388956160,0.14423526628153388,0.0008640630620927396,1.9550325112463542e-05,3,q2,446.23010943879973
questioner_full_r4,q4,questioner_full,0.1459535302484687,embedding,layer,0.3993037407898727,388956160,0.2151395635814508,0.0008948349358436692,2.0246644241993814e-05,4,q3,446.23172922210586
questioner_full_r5,q5,questioner_full,0.10806764796833349,embedding,layer,0.3442167001583654,388956160,0.1555261853446815,0.0007713828910170723,1.7453463011574767e-05,5,q4,446.23325739635465
solver_rank1_r1,r1,solver_rank1,0.11083137190002362,embedding,layer,0.0768773371167099,388956160,,0.0001722823692073319,3.898055379583683e-06,1,base,446.22869693759816
solver_rank1_r2,r2,solver_rank1,0.06919118727116165,embedding,layer,0.062147511611758625,388956160,0.35006482220599966,0.0001392727810610744,3.151181493164638e-06,2,base,446.22869693759816
solver_rank1_r3,r3,solver_rank1,0.06298471856350443,embedding,layer,0.05703532568587143,388956160,0.3519822057622009,0.00012781635532922126,2.891968770700228e-06,3,base,446.22869693759816
solver_rank1_r4,r4,solver_rank1,0.07349062951871457,embedding,layer,0.05954790062090709,388956160,0.3462448588785738,0.00013344704414927942,3.019368555987459e-06,4,base,446.22869693759816
solver_rank1_r5,r5,solver_rank1,0.05596124532689911,embedding,layer,0.05256211014364229,388956160,0.30718813118253774,0.00011779186436096179,2.6651549584326125e-06,5,base,446.22869693759816
solver_full_r1,a1,solver_full,0.10605110241607887,embedding,layer,0.08184944329159866,388956160,,0.00018342487574940681,4.15016537649295e-06,1,base,446.22869693759816
solver_full_r2,a2,solver_full,0.06643502779164966,embedding,layer,0.06763377420780968,388956160,0.33151938105385464,0.00015156751385997879,3.429361724536065e-06,2,base,446.22869693759816
solver_full_r3,a3,solver_full,0.0602729409028814,embedding,layer,0.06258981555708955,388956160,0.3247362863211084,0.00014026398567961728,3.1736084571851378e-06,3,base,446.22869693759816
solver_full_r4,a4,solver_full,0.06934052646319325,embedding,layer,0.06507826849109229,388956160,0.3208385490593832,0.00014584061701480622,3.2997851395473808e-06,4,base,446.22869693759816
solver_full_r5,a5,solver_full,0.05459740312227787,embedding,layer,0.0581567832017999,388956160,0.27946026017864767,0.00013032954536747936,2.9488321281849316e-06,5,base,446.22869693759816
questioner_full_r1,q1,questioner_full,0.0,final_norm,layer,0.0,2560,,0.0,0.0,1,base,141.06013926912522
questioner_full_r2,q2,questioner_full,8.942108627102926e-10,final_norm,layer,3.0517578125e-05,2560,0.0,2.1634444913439547e-07,6.03156597169567e-07,2,q1,141.06013926912522
questioner_full_r3,q3,questioner_full,8.672965133312971e-10,final_norm,layer,3.0517578125e-05,2560,-1.0,2.1634444913439547e-07,6.03156597169567e-07,3,q2,141.06013926912522
questioner_full_r4,q4,questioner_full,0.0,final_norm,layer,0.0,2560,0.0,0.0,0.0,4,q3,141.06013926912522
questioner_full_r5,q5,questioner_full,8.494385284847511e-10,final_norm,layer,3.0517578125e-05,2560,0.0,2.1634444913439547e-07,6.03156597169567e-07,5,q4,141.06013926912522
solver_rank1_r1,r1,solver_rank1,0.0,final_norm,layer,0.0,2560,,0.0,0.0,1,base,141.06013926912522
solver_rank1_r2,r2,solver_rank1,0.0,final_norm,layer,0.0,2560,0.0,0.0,0.0,2,base,141.06013926912522
solver_rank1_r3,r3,solver_rank1,0.0,final_norm,layer,0.0,2560,0.0,0.0,0.0,3,base,141.06013926912522
solver_rank1_r4,r4,solver_rank1,0.0,final_norm,layer,0.0,2560,0.0,0.0,0.0,4,base,141.06013926912522
solver_rank1_r5,r5,solver_rank1,0.0,final_norm,layer,0.0,2560,0.0,0.0,0.0,5,base,141.06013926912522
solver_full_r1,a1,solver_full,0.0,final_norm,layer,0.0,2560,,0.0,0.0,1,base,141.06013926912522
solver_full_r2,a2,solver_full,0.0,final_norm,layer,0.0,2560,0.0,0.0,0.0,2,base,141.06013926912522
solver_full_r3,a3,solver_full,0.0,final_norm,layer,0.0,2560,0.0,0.0,0.0,3,base,141.06013926912522
solver_full_r4,a4,solver_full,0.0,final_norm,layer,0.0,2560,0.0,0.0,0.0,4,base,141.06013926912522
solver_full_r5,a5,solver_full,0.0,final_norm,layer,0.0,2560,0.0,0.0,0.0,5,base,141.06013926912522
questioner_full_r1,q1,questioner_full,0.019210025399322508,layer_00,layer,0.02185912038212368,100930816,,9.119709138107927e-05,2.1758091040538713e-06,1,base,239.69098192816713
questioner_full_r2,q2,questioner_full,0.01898576987191829,layer_00,layer,0.14061906328618123,100930816,0.015376638574726162,0.0005866681486727541,1.3996914457354559e-05,2,q1,239.690979652313
questioner_full_r3,q3,questioner_full,0.01841666937307015,layer_00,layer,0.14062800331364006,100930816,0.0023945492698534123,0.0005867055607543998,1.3997804328163418e-05,3,q2,239.69093310248718
questioner_full_r4,q4,questioner_full,0.022934160875248792,layer_00,layer,0.1582841776164334,100930816,-0.0029481108807464565,0.0006603678791840882,1.5755261358419615e-05,4,q3,239.6909095760382
questioner_full_r5,q5,questioner_full,0.023817305271802727,layer_00,layer,0.16159592273477988,100930816,-0.0008256279437719672,0.0006741847283587913,1.6084905234881223e-05,5,q4,239.69086800314003
solver_rank1_r1,r1,solver_rank1,0.016470758331488693,layer_00,layer,0.029636285832548792,100930816,,0.00012364372490839256,2.9499311682064e-06,1,base,239.69098192816713
solver_rank1_r2,r2,solver_rank1,0.020048025556845154,layer_00,layer,0.033452929583989814,100930816,0.31891545070668786,0.00013956690950523665,3.3298315519431086e-06,2,base,239.69098192816713
solver_rank1_r3,r3,solver_rank1,0.01750049363107571,layer_00,layer,0.030064326461997682,100930816,0.2754326287079349,0.0001254295268856116,2.992537397651089e-06,3,base,239.69098192816713
solver_rank1_r4,r4,solver_rank1,0.02040710332113028,layer_00,layer,0.031379148379445394,100930816,0.2448256101611545,0.00013091501452002643,3.1234118998351682e-06,4,base,239.69098192816713
solver_rank1_r5,r5,solver_rank1,0.025629874164028267,layer_00,layer,0.03557151347707092,100930816,0.23091456707944483,0.00014840572303104554,3.540710765822067e-06,5,base,239.69098192816713
solver_full_r1,a1,solver_full,0.01680464602445598,layer_00,layer,0.03258163098176237,100930816,,0.00013593181820885838,3.243104391932304e-06,1,base,239.69098192816713
solver_full_r2,a2,solver_full,0.019406736711619972,layer_00,layer,0.036554539713025705,100930816,0.26836157620652584,0.00015250694631465409,3.6385590504887915e-06,2,base,239.69098192816713
solver_full_r3,a3,solver_full,0.016906742059712487,layer_00,layer,0.03314915359119985,100930816,0.23659545174657942,0.0001382995443739068,3.299594353046215e-06,3,base,239.69098192816713
solver_full_r4,a4,solver_full,0.019276761158035872,layer_00,layer,0.0343130604370461,100930816,0.22586718081704357,0.00014315540852233383,3.4154470985909955e-06,4,base,239.69098192816713
solver_full_r5,a5,solver_full,0.0236840258363681,layer_00,layer,0.03830382517157231,100930816,0.18800682821692255,0.00015980503256084771,3.812679104716014e-06,5,base,239.69098192816713
questioner_full_r1,q1,questioner_full,0.04595313248402247,layer_01,layer,0.03380852882589574,100930816,,0.00016690639515822608,3.3652271238786703e-06,1,base,202.55981679938324
questioner_full_r2,q2,questioner_full,0.017485687020436465,layer_01,layer,0.13494955123978053,100930816,0.05371537822626827,0.0006662207417508664,1.3432583610071705e-05,2,q1,202.55981656338912
questioner_full_r3,q3,questioner_full,0.017436418868226958,layer_01,layer,0.13683428004496678,100930816,0.028919310495311885,0.0006755255993357133,1.3620185399224688e-05,3,q2,202.5597256114713
questioner_full_r4,q4,questioner_full,0.020718194532671416,layer_01,layer,0.15044301557372292,100930816,-0.0623143584808033,0.0007427096321561647,1.497476921323506e-05,4,q3,202.5596667394375
questioner_full_r5,q5,questioner_full,0.02076704418816003,layer_01,layer,0.15089381218805925,100930816,0.035031031407199625,0.0007449349652680413,1.5019640523717975e-05,5,q4,202.5597122210056
solver_rank1_r1,r1,solver_rank1,0.02827503912190258,layer_01,layer,0.03883010675105206,100930816,,0.000191696987905107,3.8650640237754435e-06,1,base,202.55981679938324
solver_rank1_r2,r2,solver_rank1,0.023385627172336193,layer_01,layer,0.036130407809613366,100930816,0.3378032316466666,0.00017836907823330623,3.5963418870973976e-06,2,base,202.55981679938324
solver_rank1_r3,r3,solver_rank1,0.0231492614408446,layer_01,layer,0.03457760423041928,100930816,0.2994875262658036,0.00017070317685301422,3.4417792100383083e-06,3,base,202.55981679938324
solver_rank1_r4,r4,solver_rank1,0.022738775316885364,layer_01,layer,0.033123331139240854,100930816,0.25305505933812633,0.00016352370209757076,3.297024042572637e-06,4,base,202.55981679938324
solver_rank1_r5,r5,solver_rank1,0.030085594531457052,layer_01,layer,0.03853970675416271,100930816,0.2664357862687674,0.00019026333733473272,3.836158242298263e-06,5,base,202.55981679938324
solver_full_r1,a1,solver_full,0.028056626474869565,layer_01,layer,0.04209939563570661,100930816,,0.0002078368567908124,4.19048189945679e-06,1,base,202.55981679938324
solver_full_r2,a2,solver_full,0.02197564400885814,layer_01,layer,0.03889876995153663,100930816,0.30896897024302367,0.0001920359653072863,3.871898608796073e-06,2,base,202.55981679938324
solver_full_r3,a3,solver_full,0.020861437978423204,layer_01,layer,0.03682261277951592,100930816,0.29119996528040343,0.0001817863649431778,3.6652424580744895e-06,3,base,202.55981679938324
solver_full_r4,a4,solver_full,0.021261218719800423,layer_01,layer,0.03603599347400728,100930816,0.2474436550734165,0.00017790297228446644,3.5869440903254415e-06,4,base,202.55981679938324
solver_full_r5,a5,solver_full,0.02934005649764214,layer_01,layer,0.0426328981176967,100930816,0.20768426076604776,0.00021047065894575054,4.243585571382156e-06,5,base,202.55981679938324
questioner_full_r1,q1,questioner_full,0.03315120450075418,layer_02,layer,0.028715631302173802,100930816,,0.00014373219380616416,2.858291226897667e-06,1,base,199.78566069129525
questioner_full_r2,q2,questioner_full,0.01627928048603327,layer_02,layer,0.1302110069404852,100930816,-0.0297926776986986,0.0006517534994003746,1.2960919259167588e-05,2,q1,199.78566599225286
questioner_full_r3,q3,questioner_full,0.015381275151202552,layer_02,layer,0.12851754930234108,100930816,-0.0021254590814933924,0.0006432772022252677,1.2792356184259191e-05,3,q2,199.7856427334352
questioner_full_r4,q4,questioner_full,0.018400213179289915,layer_02,layer,0.1417775620599193,100930816,0.003683160166913292,0.0007096483378603051,1.4112228895212539e-05,4,q3,199.78566072232292
questioner_full_r5,q5,questioner_full,0.01863170201252097,layer_02,layer,0.1429257079415388,100930816,0.002675268757014621,0.0007153951981383078,1.4226512828799028e-05,5,q4,199.78566855561544
solver_rank1_r1,r1,solver_rank1,0.01717101506157725,layer_02,layer,0.030259723954406126,100930816,,0.00015146093993784087,3.011986837311034e-06,1,base,199.78566069129525
solver_rank1_r2,r2,solver_rank1,0.01853471634714298,layer_02,layer,0.032165575399056706,100930816,0.32516284502673615,0.00016100042058953521,3.2016911278659352e-06,2,base,199.78566069129525
solver_rank1_r3,r3,solver_rank1,0.016631815936753877,layer_02,layer,0.02930867359482033,100930816,0.265822658828392,0.00014670058648557114,2.9173213615450122e-06,3,base,199.78566069129525
solver_rank1_r4,r4,solver_rank1,0.018105514872326815,layer_02,layer,0.029556697777889763,100930816,0.19766807277374263,0.00014794203786006532,2.942009147060358e-06,4,base,199.78566069129525
solver_rank1_r5,r5,solver_rank1,0.022838371167582052,layer_02,layer,0.033578529262057004,100930816,0.2946185876366245,0.0001680727693162217,3.3423334695970463e-06,5,base,199.78566069129525
solver_full_r1,a1,solver_full,0.017171557614635086,layer_02,layer,0.032935402996331756,100930816,,0.00016485368810939275,3.2783180856493226e-06,1,base,199.78566069129525
solver_full_r2,a2,solver_full,0.018008420875253044,layer_02,layer,0.035212988006475994,100930816,0.27337815229704415,0.0001762538306534741,3.50502392347348e-06,2,base,199.78566069129525
solver_full_r3,a3,solver_full,0.01600930409335348,layer_02,layer,0.03225735156395609,100930816,0.23445183078268983,0.00016145979372263102,3.2108263268873253e-06,3,base,199.78566069129525
solver_full_r4,a4,solver_full,0.01713498509530107,layer_02,layer,0.032350745080253755,100930816,0.19902646918405334,0.0001619272622885657,3.220122513534719e-06,4,base,199.78566069129525
solver_full_r5,a5,solver_full,0.021589285375449494,layer_02,layer,0.036570720519783904,100930816,0.21658714630259587,0.0001830497764115926,3.6401696526557576e-06,5,base,199.78566069129525
questioner_full_r1,q1,questioner_full,0.03311805085531041,layer_03,layer,0.028701268837569398,100930816,,0.0001282964766663544,2.8568616185375576e-06,1,base,223.7104991761342
questioner_full_r2,q2,questioner_full,0.019214724092276203,layer_03,layer,0.1414644028796912,100930816,0.041908879868855664,0.0006323547596658281,1.4081057714330276e-05,2,q1,223.71050540435397
questioner_full_r3,q3,questioner_full,0.018037670959488303,layer_03,layer,0.13917348261740828,100930816,0.009137305594779762,0.0006221142288089733,1.3853024514631488e-05,3,q2,223.71049587445293
questioner_full_r4,q4,questioner_full,0.022942597180607285,layer_03,layer,0.15831328726830568,100930816,0.00580899247539597,0.0007076704873114053,1.5758158869593547e-05,4,q3,223.71045579387157
questioner_full_r5,q5,questioner_full,0.024219038666939308,layer_03,layer,0.16295306647741037,100930816,-0.012294915272496704,0.0007284108299657245,1.6219992359116107e-05,5,q4,223.71038399453528
solver_rank1_r1,r1,solver_rank1,0.024860916473296774,layer_03,layer,0.03641040791522598,100930816,,0.00016275681315501843,3.6242124861095236e-06,1,base,223.7104991761342
solver_rank1_r2,r2,solver_rank1,0.02615814452000843,layer_03,layer,0.038212180468805285,100930816,0.4429102283330384,0.0001708108497792035,3.8035569911481743e-06,2,base,223.7104991761342
solver_rank1_r3,r3,solver_rank1,0.02578991168975005,layer_03,layer,0.03649650327606004,100930816,0.39590895369807344,0.00016314166483230282,3.632782230300729e-06,3,base,223.7104991761342
solver_rank1_r4,r4,solver_rank1,0.023525690923838997,layer_03,layer,0.03369160222785253,100930816,0.29110804566470516,0.0001506035807524889,3.3535885056689223e-06,4,base,223.7104991761342
solver_rank1_r5,r5,solver_rank1,0.027942713058577824,layer_03,layer,0.03714183807190161,100930816,0.2983091631701229,0.00016602635195346239,3.697017446512957e-06,5,base,223.7104991761342
solver_full_r1,a1,solver_full,0.023927854666932404,layer_03,layer,0.038878546237972156,100930816,,0.00017378954667372082,3.869885584515035e-06,1,base,223.7104991761342
solver_full_r2,a2,solver_full,0.024891819422969298,layer_03,layer,0.04139933677122605,100930816,0.3911921549611262,0.00018505763888457946,4.120799568965757e-06,2,base,223.7104991761342
solver_full_r3,a3,solver_full,0.024465485837688764,layer_03,layer,0.03987671759715607,100930816,0.3640651936776648,0.00017825143542216985,3.969241381672101e-06,3,base,223.7104991761342
solver_full_r4,a4,solver_full,0.022024954092877816,layer_03,layer,0.03667751707354047,100930816,0.2870847086000716,0.00016395080789061728,3.650799948380518e-06,4,base,223.7104991761342
solver_full_r5,a5,solver_full,0.026678887564993405,layer_03,layer,0.040653528114562576,100930816,0.2454270682839332,0.00018172382728695623,4.0465634040751676e-06,5,base,223.7104991761342
questioner_full_r1,q1,questioner_full,0.021616593420469375,layer_04,layer,0.02318794915150123,100930816,,9.255390741165004e-05,2.3080778176890667e-06,1,base,250.5345241489231
questioner_full_r2,q2,questioner_full,0.020078025012767148,layer_04,layer,0.144607424028342,100930816,0.006311625887026874,0.0005771955963846138,1.4393907175329671e-05,2,q1,250.53452405756573
questioner_full_r3,q3,questioner_full,0.0202394217012742,layer_04,layer,0.14742302368809526,100930816,0.011919773991422319,0.000588434029963756,1.4674165816389726e-05,3,q2,250.5344969548679
questioner_full_r4,q4,questioner_full,0.024357240387495132,layer_04,layer,0.16312109119656626,100930816,0.0040199040497839135,0.0006510924162224268,1.6236717172706704e-05,4,q3,250.53446658613925
questioner_full_r5,q5,questioner_full,0.025457652188657334,layer_04,layer,0.16706799536138697,100930816,0.0007346933259094401,0.0006668464128688115,1.662958339351164e-05,5,q4,250.53444411982494
solver_rank1_r1,r1,solver_rank1,0.019495239774155546,layer_04,layer,0.03224269000153738,100930816,,0.00012869559638962823,3.209366946983989e-06,1,base,250.5345241489231
solver_rank1_r2,r2,solver_rank1,0.023046251671531168,layer_04,layer,0.03586728492954474,100930816,0.34105805635905523,0.00014316304330266457,3.5701512102572447e-06,2,base,250.5345241489231
solver_rank1_r3,r3,solver_rank1,0.02222713474828119,layer_04,layer,0.03388192450455858,100930816,0.2881012367736126,0.00013523854494567957,3.372532769441766e-06,3,base,250.5345241489231
solver_rank1_r4,r4,solver_rank1,0.02061215055422486,layer_04,layer,0.031536400628272704,100930816,0.23994344807221263,0.0001258764664686564,3.1390644452555785e-06,4,base,250.5345241489231
solver_rank1_r5,r5,solver_rank1,0.024669934172095374,layer_04,layer,0.03489900958271588,100930816,0.24504536883754183,0.00013929820531229922,3.47377119687921e-06,5,base,250.5345241489231
solver_full_r1,a1,solver_full,0.019621945231558625,layer_04,layer,0.03520701179202882,100930816,,0.00014052758561570945,3.5044290641390407e-06,1,base,250.5345241489231
solver_full_r2,a2,solver_full,0.02206945697023717,layer_04,layer,0.03898171001278071,100930816,0.28743555662014714,0.000155594164697274,3.880154281357044e-06,2,base,250.5345241489231
solver_full_r3,a3,solver_full,0.0213729025173017,layer_04,layer,0.03727127356720517,100930816,0.24887893791008792,0.0001487670160183206,3.709901173037448e-06,3,base,250.5345241489231
solver_full_r4,a4,solver_full,0.01974196057862045,layer_04,layer,0.034724624823675436,100930816,0.22109337160623938,0.00013860215450000964,3.4564133188083827e-06,4,base,250.5345241489231
solver_full_r5,a5,solver_full,0.024481164113613337,layer_04,layer,0.038943090693106336,100930816,0.18933094418085086,0.00015544001700124063,3.876310198618537e-06,5,base,250.5345241489231
questioner_full_r1,q1,questioner_full,0.023058531974126144,layer_05,layer,0.023948843140867936,100930816,,9.624964167651554e-05,2.3838155436516293e-06,1,base,248.82007583318972
questioner_full_r2,q2,questioner_full,0.020837566929146924,layer_05,layer,0.14731724833087656,100930816,0.0028765674417613176,0.0005920633558936046,1.4663637168338123e-05,2,q1,248.82007451471102
questioner_full_r3,q3,questioner_full,0.021766581650533693,layer_05,layer,0.15288376873102782,100930816,0.011348127893725466,0.0006144351015982446,1.5217716452079824e-05,3,q2,248.82004353812556
questioner_full_r4,q4,questioner_full,0.024563672344875914,layer_05,layer,0.16381087294785582,100930816,0.00456221066970322,0.0006583509070087863,1.6305376541795198e-05,4,q3,248.82000040393294
questioner_full_r5,q5,questioner_full,0.02607709212598647,layer_05,layer,0.1690883428516236,100930816,0.002264191516164359,0.0006795609754383352,1.683068437039286e-05,5,q4,248.81997195697863
solver_rank1_r1,r1,solver_rank1,0.02210554133812916,layer_05,layer,0.03433345860713341,100930816,,0.00013798508216093761,3.4174774878933166e-06,1,base,248.82007583318972
solver_rank1_r2,r2,solver_rank1,0.025102482686338,layer_05,layer,0.03743317726314851,100930816,0.3301843705864705,0.00015044275321354658,3.726016713345354e-06,2,base,248.82007583318972
solver_rank1_r3,r3,solver_rank1,0.025254215716154497,layer_05,layer,0.03611547009106318,100930816,0.28230111043792494,0.00014514692984530389,3.5948550192158397e-06,3,base,248.82007583318972
solver_rank1_r4,r4,solver_rank1,0.02249602791654543,layer_05,layer,0.03294605296452058,100930816,0.23333724496305974,0.00013240914284829566,3.2793781602240557e-06,4,base,248.82007583318972
solver_rank1_r5,r5,solver_rank1,0.028251227343405606,layer_05,layer,0.037346315926343694,100930816,0.2363156241334856,0.00015009366025344698,3.717370725578858e-06,5,base,248.82007583318972
solver_full_r1,a1,solver_full,0.02165601840742798,layer_05,layer,0.036986858181762367,100930816,,0.00014864901096870716,3.681591086713685e-06,1,base,248.82007583318972
solver_full_r2,a2,solver_full,0.024534589980065517,layer_05,layer,0.041101196517991156,100930816,0.2778276819661764,0.00016518440636416177,4.091123339276116e-06,2,base,248.82007583318972
solver_full_r3,a3,solver_full,0.024636111848601486,layer_05,layer,0.04001552913442857,100930816,0.23952319977819767,0.0001608211435529631,3.983058378937564e-06,3,base,248.82007583318972
solver_full_r4,a4,solver_full,0.02200132302646599,layer_05,layer,0.03665783572832343,100930816,0.21011839849167993,0.00014732668015461514,3.6488409102602886e-06,4,base,248.82007583318972
solver_full_r5,a5,solver_full,0.026341721188079644,layer_05,layer,0.04039582273457205,100930816,0.18690539897383582,0.00016234953148094698,4.020911973361349e-06,5,base,248.82007583318972
questioner_full_r1,q1,questioner_full,0.024040486539003394,layer_06,layer,0.02445346118968398,100930816,,9.935603841914493e-05,2.4340441221804228e-06,1,base,246.11952709430932
questioner_full_r2,q2,questioner_full,0.021663595184578086,layer_06,layer,0.15020879433436465,100930816,0.003418640137366569,0.000610308322884402,1.4951455342592065e-05,2,q1,246.11952467640782
questioner_full_r3,q3,questioner_full,0.02281240221362686,layer_06,layer,0.15651348974035847,100930816,0.009516978617887287,0.0006359247982840435,1.5579010954293e-05,3,q2,246.1194942588948
questioner_full_r4,q4,questioner_full,0.024311924289201294,layer_06,layer,0.16296927899094246,100930816,0.006590390354050039,0.0006621552180760573,1.62216061173061e-05,4,q3,246.1194513643828
questioner_full_r5,q5,questioner_full,0.025704420853153283,layer_06,layer,0.1678757627138974,100930816,0.003142733477912031,0.000682090686658267,1.6709986791673397e-05,5,q4,246.11941783923595
solver_rank1_r1,r1,solver_rank1,0.024226089326670436,layer_06,layer,0.03594252921081889,100930816,,0.00014603688555376695,3.5776408616870515e-06,1,base,246.11952709430932
solver_rank1_r2,r2,solver_rank1,0.02632250542054327,layer_06,layer,0.03833204282125994,100930816,0.3200950644907222,0.0001557456382019281,3.8154878279405565e-06,2,base,246.11952709430932
solver_rank1_r3,r3,solver_rank1,0.027539136663638695,layer_06,layer,0.037713903881324624,100930816,0.2832852710393051,0.00015323409859662707,3.753959627831399e-06,3,base,246.11952709430932
solver_rank1_r4,r4,solver_rank1,0.023703793873256152,layer_06,layer,0.03381889412310559,100930816,0.2378887525318837,0.00013740841501839345,3.366258862925858e-06,4,base,246.11952709430932
solver_rank1_r5,r5,solver_rank1,0.030712223049937776,layer_06,layer,0.038938994550833016,100930816,0.22347459180949275,0.00015821172342782934,3.8759024775623376e-06,5,base,246.11952709430932
solver_full_r1,a1,solver_full,0.02388826055594547,layer_06,layer,0.03884636619446088,100930816,,0.00015783536825818593,3.866682453262876e-06,1,base,246.11952709430932
solver_full_r2,a2,solver_full,0.02584604127600234,layer_06,layer,0.04218539107727322,100930816,0.2697020505952126,0.00017140204832714637,4.199041697902329e-06,2,base,246.11952709430932
solver_full_r3,a3,solver_full,0.027066679614770852,layer_06,layer,0.04194304647151602,100930816,0.23894434287974511,0.00017041738608348646,4.174919245108845e-06,3,base,246.11952709430932
solver_full_r4,a4,solver_full,0.023585610214746772,layer_06,layer,0.03795473648004537,100930816,0.21118210891897726,0.0001542126174551834,3.777931578746591e-06,4,base,246.11952709430932
solver_full_r5,a5,solver_full,0.027955525825844235,layer_06,layer,0.041614838749351055,100930816,0.18243109901352547,0.00016908385628989475,4.142250165227144e-06,5,base,246.11952709430932
questioner_full_r1,q1,questioner_full,0.024860206508702083,layer_07,layer,0.02486686738308259,100930816,,0.00010111482811820851,2.475193671821247e-06,1,base,245.92701036896315
questioner_full_r2,q2,questioner_full,0.02152823583280185,layer_07,layer,0.14973878867431303,100930816,0.003486267497887599,0.0006088749194039046,1.4904672005649859e-05,2,q1,245.92701046203217
questioner_full_r3,q3,questioner_full,0.022722447106871373,layer_07,layer,0.15620459867237863,100930816,0.011173933918716742,0.0006351666021365729,1.554826461198267e-05,3,q2,245.92697120241797
questioner_full_r4,q4,questioner_full,0.023616056654905793,layer_07,layer,0.16062005409792832,100930816,0.007865772346378096,0.0006531210270501017,1.5987769401997542e-05,4,q3,245.92693765103195
questioner_full_r5,q5,questioner_full,0.02524451682501078,layer_07,layer,0.16636716599150064,100930816,0.0027001441262453434,0.0006764902700195594,1.6559824368595246e-05,5,q4,245.92691626841943
solver_rank1_r1,r1,solver_rank1,0.02527921897658117,layer_07,layer,0.03671544558177156,100930816,,0.00014929407520828048,3.6545752692566443e-06,1,base,245.92701036896315
solver_rank1_r2,r2,solver_rank1,0.026650620187314424,layer_07,layer,0.03857021082390928,100930816,0.3136051972450017,0.0001568360090501754,3.839194550782092e-06,2,base,245.92701036896315
solver_rank1_r3,r3,solver_rank1,0.02887374393025493,layer_07,layer,0.03861694197028277,100930816,0.28593067942176237,0.00015702602943997877,3.84384606703457e-06,3,base,245.92701036896315
solver_rank1_r4,r4,solver_rank1,0.024401404028679956,layer_07,layer,0.034312935908064855,100930816,0.23704197040223157,0.00013952487714377252,3.415434703248165e-06,4,base,245.92701036896315
solver_rank1_r5,r5,solver_rank1,0.030941975887485953,layer_07,layer,0.039084371120479584,100930816,0.22302750731012563,0.0001589267118802505,3.890372943812746e-06,5,base,245.92701036896315
solver_full_r1,a1,solver_full,0.024901450495777515,layer_07,layer,0.03966162087146191,100930816,,0.00016127395202323553,3.947831123352638e-06,1,base,245.92701036896315
solver_full_r2,a2,solver_full,0.026134359551954645,layer_07,layer,0.042420032182412956,100930816,0.2654302451464649,0.0001724903340986026,4.222397361068254e-06,2,base,245.92701036896315
solver_full_r3,a3,solver_full,0.02842539238859043,layer_07,layer,0.042982900127479504,100930816,0.2420203111305551,0.00017477909426456435,4.278424007056144e-06,3,base,245.92701036896315
solver_full_r4,a4,solver_full,0.02439026937467629,layer_07,layer,0.03859674853602836,100930816,0.21245934733777877,0.00015694391794590531,3.841836056689927e-06,4,base,245.92701036896315
solver_full_r5,a5,solver_full,0.028723913452798726,layer_07,layer,0.042182876179198574,100930816,0.184400896619232,0.00017152599918126847,4.1987913704403396e-06,5,base,245.92701036896315
questioner_full_r1,q1,questioner_full,0.025558140011833964,layer_08,layer,0.025213511524684106,100930816,,0.00010318467533327032,2.509697872629818e-06,1,base,244.3532573344677
questioner_full_r2,q2,questioner_full,0.022037285113561924,layer_08,layer,0.15149878143392184,100930816,0.003115977024080212,0.0006199990344088621,1.507985784124082e-05,2,q1,244.35325383751334
questioner_full_r3,q3,questioner_full,0.02372930950076831,layer_08,layer,0.1596279054995271,100930816,0.012130170156279648,0.0006532670420078894,1.58890130972955e-05,3,q2,244.35322040569025
questioner_full_r4,q4,questioner_full,0.023850289349494798,layer_08,layer,0.16141463297403338,100930816,0.00982057169266041,0.0006605792214991782,1.6066860048020616e-05,4,q3,244.35317933207833
questioner_full_r5,q5,questioner_full,0.025290486759784864,layer_08,layer,0.16651857331121134,100930816,0.0036230802521524295,0.0006814668409249855,1.65748951225363e-05,5,q4,244.35315603205024
solver_rank1_r1,r1,solver_rank1,0.027436014483663465,layer_08,layer,0.03824965206497151,100930816,,0.00015653424260522896,3.8072868319952274e-06,1,base,244.3532573344677
solver_rank1_r2,r2,solver_rank1,0.029221815760345732,layer_08,layer,0.04038796319916137,100930816,0.318758027753503,0.00016528514348339063,4.020129652371243e-06,2,base,244.3532573344677
solver_rank1_r3,r3,solver_rank1,0.031089531354035287,layer_08,layer,0.040071298605925086,100930816,0.29867328114435987,0.00016398921398897494,3.988609550333721e-06,3,base,244.3532573344677
solver_rank1_r4,r4,solver_rank1,0.02654905972234329,layer_08,layer,0.035791099769268364,100930816,0.248461128898182,0.00014647277535685948,3.5625679057863705e-06,4,base,244.3532573344677
solver_rank1_r5,r5,solver_rank1,0.03252301946643199,layer_08,layer,0.04007047921139517,100930816,0.22774100528225433,0.0001639858606695273,3.988527989591713e-06,5,base,244.3532573344677
solver_full_r1,a1,solver_full,0.02697889131540918,layer_08,layer,0.04128289884535913,100930816,,0.00016894761009406806,4.10920959211721e-06,1,base,244.3532573344677
solver_full_r2,a2,solver_full,0.028667557024926495,layer_08,layer,0.04442837258833339,100930816,0.2704043707119502,0.00018182025921398046,4.422303178999269e-06,2,base,244.3532573344677
solver_full_r3,a3,solver_full,0.03063236965920042,layer_08,layer,0.04462032997158536,100930816,0.25419057832974046,0.0001826058324670074,4.441410197706735e-06,3,base,244.3532573344677
solver_full_r4,a4,solver_full,0.02664201541775045,layer_08,layer,0.04033907725622357,100930816,0.22435002973917775,0.0001650850809040288,4.0152636523746784e-06,4,base,244.3532573344677
solver_full_r5,a5,solver_full,0.030236352286932902,layer_08,layer,0.04327918578624005,100930816,0.18956370388875388,0.00017711728608962244,4.307915634462112e-06,5,base,244.3532573344677
questioner_full_r1,q1,questioner_full,0.02684549072855223,layer_09,layer,0.025840706649246856,100930816,,0.00010566379325937891,2.5721275055787192e-06,1,base,244.5559245238736
questioner_full_r2,q2,questioner_full,0.022537013491694895,layer_09,layer,0.15320688293202747,100930816,0.0064077068425747626,0.0006264697286437682,1.5249878533988622e-05,2,q1,244.5559233383902
questioner_full_r3,q3,questioner_full,0.024019782839781574,layer_09,layer,0.1606019459496892,100930816,0.014008701005541899,0.0006567085379893632,1.5985966956468743e-05,3,q2,244.55589756972293
questioner_full_r4,q4,questioner_full,0.024176082106182654,layer_09,layer,0.1625133481263202,100930816,0.008480541693361295,0.0006645244125241908,1.6176223754762567e-05,4,q3,244.55587343889223
questioner_full_r5,q5,questioner_full,0.025494267976105035,layer_09,layer,0.16718809929128295,100930816,0.00397419938756143,0.0006836397870141281,1.6641538276394942e-05,5,q4,244.55583549561288
solver_rank1_r1,r1,solver_rank1,0.029108818599436655,layer_09,layer,0.03939846186489919,100930816,,0.00016110205443439627,3.921636850560161e-06,1,base,244.5559245238736
solver_rank1_r2,r2,solver_rank1,0.029945585238220513,layer_09,layer,0.04088507090658577,100930816,0.31437359716638047,0.00016718086460667427,4.06961066791997e-06,2,base,244.5559245238736
solver_rank1_r3,r3,solver_rank1,0.03137390479402536,layer_09,layer,0.04025414590624575,100930816,0.2888650534990429,0.00016460098435405572,4.006809771281986e-06,3,base,244.5559245238736
solver_rank1_r4,r4,solver_rank1,0.027237515892487827,layer_09,layer,0.03625218766004201,100930816,0.23385035864142567,0.00014823679994922006,3.60846358745043e-06,4,base,244.5559245238736
solver_rank1_r5,r5,solver_rank1,0.03295697899592149,layer_09,layer,0.04033692655370574,100930816,0.21906110677380908,0.00016493947808558627,4.0150495761430375e-06,5,base,244.5559245238736
solver_full_r1,a1,solver_full,0.028669395242005423,layer_09,layer,0.042556646916840794,100930816,,0.00017401601290050286,4.2359956933762225e-06,1,base,244.5559245238736
solver_full_r2,a2,solver_full,0.029357342323796116,layer_09,layer,0.044959702754230974,100930816,0.2705231950579131,0.00018384221458450905,4.475190623324972e-06,2,base,244.5559245238736
solver_full_r3,a3,solver_full,0.0310261737631933,layer_09,layer,0.04490622941139422,100930816,0.24761568722657282,0.00018362355971879334,4.469868003561025e-06,3,base,244.5559245238736
solver_full_r4,a4,solver_full,0.02718923302511751,layer_09,layer,0.04075124677483871,100930816,0.21176151369449844,0.00016663365180858894,4.056290106108368e-06,4,base,244.5559245238736
solver_full_r5,a5,solver_full,0.030608299258084483,layer_09,layer,0.04354456764808461,100930816,0.18238786662331974,0.0001780556644982599,4.334331165414783e-06,5,base,244.5559245238736
questioner_full_r1,q1,questioner_full,0.027678263369719548,layer_10,layer,0.026238447275720642,100930816,,0.00010631736370558626,2.6117177389003436e-06,1,base,246.793622050111
questioner_full_r2,q2,questioner_full,0.02278933701666064,layer_10,layer,0.15406214487138953,100930816,0.007371492907702203,0.0006242549713017109,1.533500943960075e-05,2,q1,246.793621122689
questioner_full_r3,q3,questioner_full,0.024384094972816114,layer_10,layer,0.16181530099272443,100930816,0.012624544715623432,0.0006556706126049847,1.6106741667570327e-05,3,q2,246.79358489139986
questioner_full_r4,q4,questioner_full,0.02362306460125519,layer_10,layer,0.16064388392788917,100930816,0.008903362222842352,0.0006509241274032696,1.599014137122917e-05,4,q3,246.7935618990581
questioner_full_r5,q5,questioner_full,0.025084405507614524,layer_10,layer,0.1658387416022392,100930816,0.003763197922440669,0.0006719736386389332,1.650722615892989e-05,5,q4,246.79352293959278
solver_rank1_r1,r1,solver_rank1,0.030488830548548788,layer_10,layer,0.040321563190923254,100930816,,0.0001633817067717254,4.013520340564173e-06,1,base,246.793622050111
solver_rank1_r2,r2,solver_rank1,0.03057231620170814,layer_10,layer,0.041310697150928964,100930816,0.318290561335218,0.00016738964648989552,4.111976574744086e-06,2,base,246.793622050111
solver_rank1_r3,r3,solver_rank1,0.031219570355001284,layer_10,layer,0.04015501479440756,100930816,0.28773973929383245,0.0001627068579035408,3.996942476904995e-06,3,base,246.793622050111
solver_rank1_r4,r4,solver_rank1,0.02757323513250185,layer_10,layer,0.036474918761540645,100930816,0.23754538696236435,0.00014779522444115058,3.630633754864531e-06,4,base,246.793622050111
solver_rank1_r5,r5,solver_rank1,0.03240175120373078,layer_10,layer,0.03999570424232786,100930816,0.22568562547785678,0.00016206133655353056,3.98108505247403e-06,5,base,246.793622050111
solver_full_r1,a1,solver_full,0.030045640591429355,layer_10,layer,0.04356611866562307,100930816,,0.00017652854358115078,4.336476306634654e-06,1,base,246.793622050111
solver_full_r2,a2,solver_full,0.030278107228820995,layer_10,layer,0.04565931840549807,100930816,0.27637612697586617,0.00018501012313935336,4.544828837340683e-06,2,base,246.793622050111
solver_full_r3,a3,solver_full,0.03120397868173362,layer_10,layer,0.04503471998381573,100930816,0.24857288263806687,0.00018247926996537824,4.482657674525481e-06,3,base,246.793622050111
solver_full_r4,a4,solver_full,0.027648697230050034,layer_10,layer,0.04109412696190935,100930816,0.21230742888118256,0.00016651211089063422,4.090419651103147e-06,4,base,246.793622050111
solver_full_r5,a5,solver_full,0.030373603603491974,layer_10,layer,0.043377302772269755,100930816,0.18693039524287205,0.00017576346751563163,4.3176819849709065e-06,5,base,246.793622050111
questioner_full_r1,q1,questioner_full,0.02822081402006224,layer_11,layer,0.026494362897443852,100930816,,0.00010732321160404376,2.637191020984939e-06,1,base,246.86517018510082
questioner_full_r2,q2,questioner_full,0.02263313087317326,layer_11,layer,0.15353323888120665,100930816,0.005368859381453841,0.0006219315566584092,1.528236329243146e-05,2,q1,246.8651690647907
questioner_full_r3,q3,questioner_full,0.024325886041240724,layer_11,layer,0.16162204543506814,100930816,0.01097464149006865,0.0006546977172440311,1.6087505431417775e-05,3,q2,246.865142764543
questioner_full_r4,q4,questioner_full,0.02350886146437063,layer_11,layer,0.16025510578853266,100930816,0.007555810653711497,0.0006491606191779772,1.595144324430176e-05,4,q3,246.8651071154954
questioner_full_r5,q5,questioner_full,0.024908500065612137,layer_11,layer,0.16525624305349623,100930816,0.002249198082877341,0.0006694192988994979,1.644924552552391e-05,5,q4,246.8650714509901
solver_rank1_r1,r1,solver_rank1,0.030492818093468748,layer_11,layer,0.04032419987433812,100930816,,0.00016334503504120417,4.013782790272957e-06,1,base,246.86517018510082
solver_rank1_r2,r2,solver_rank1,0.029923387701812926,layer_11,layer,0.04086991481449587,100930816,0.31274338607733054,0.00016555561395660386,4.068102063613181e-06,2,base,246.86517018510082
solver_rank1_r3,r3,solver_rank1,0.029307030064892495,layer_11,layer,0.03890561046441948,100930816,0.26494517370956117,0.00015759862128484083,3.872579498509234e-06,3,base,246.86517018510082
solver_rank1_r4,r4,solver_rank1,0.027433599879860077,layer_11,layer,0.03638244413849957,100930816,0.2216927321442386,0.0001473777937617519,3.6214290328451005e-06,4,base,246.86517018510082
solver_rank1_r5,r5,solver_rank1,0.03037577154268656,layer_11,layer,0.03872511941431713,100930816,0.2244567651522496,0.00015686748918561832,3.8546138135618144e-06,5,base,246.86517018510082
solver_full_r1,a1,solver_full,0.030262799580595346,layer_11,layer,0.04372327525879445,100930816,,0.0001771139898998733,4.352119330699978e-06,1,base,246.86517018510082
solver_full_r2,a2,solver_full,0.03003763507431571,layer_11,layer,0.045477641223962605,100930816,0.2721109374830505,0.0001842205653793252,4.52674508746084e-06,2,base,246.86517018510082
solver_full_r3,a3,solver_full,0.029565733154588048,layer_11,layer,0.043836594381319115,100930816,0.22861213753774146,0.00017757302234434368,4.363398868675083e-06,3,base,246.86517018510082
solver_full_r4,a4,solver_full,0.02757452199159112,layer_11,layer,0.04103896678971994,100930816,0.19391337889204738,0.00016624040871763602,4.0849291280293525e-06,4,base,246.86517018510082
solver_full_r5,a5,solver_full,0.030232453180989032,layer_11,layer,0.043276395178934716,100930816,0.1844176608038986,0.00017530377066349962,4.3076378635054295e-06,5,base,246.86517018510082
questioner_full_r1,q1,questioner_full,0.02934652514790638,layer_12,layer,0.02701761786128902,100930816,,0.00010957486675676108,2.689274677334019e-06,1,base,246.56765425290337
questioner_full_r2,q2,questioner_full,0.022459764129935972,layer_12,layer,0.15294408650895827,100930816,0.008437744881606929,0.000620292582033277,1.5223720351965233e-05,2,q1,246.56765361858422
questioner_full_r3,q3,questioner_full,0.024268496985200914,layer_12,layer,0.16143128540255963,100930816,0.011830552419875202,0.0006547140487458636,1.6068517594388383e-05,3,q2,246.5676209511451
questioner_full_r4,q4,questioner_full,0.02323054648553945,layer_12,layer,0.1593036732915534,100930816,0.009716184574598455,0.0006460852397219661,1.5856739731414153e-05,4,q3,246.56757885400313
questioner_full_r5,q5,questioner_full,0.024646202533661666,layer_12,layer,0.16438382955326616,100930816,0.002637449191094109,0.0006666888137680265,1.6362407391000783e-05,5,q4,246.56755319501028
solver_rank1_r1,r1,solver_rank1,0.03265965092985202,layer_12,layer,0.041732340920713,100930816,,0.0001692531043747868,4.153946074748028e-06,1,base,246.56765425290337
solver_rank1_r2,r2,solver_rank1,0.03157234900578311,layer_12,layer,0.0419809053461839,100930816,0.32728318229140174,0.00017026120264389694,4.178687634812164e-06,2,base,246.56765425290337
solver_rank1_r3,r3,solver_rank1,0.030606771128251057,layer_12,layer,0.039758966543849576,100930816,0.27946545592408983,0.0001612497254123567,3.957520698985999e-06,3,base,246.56765425290337
solver_rank1_r4,r4,solver_rank1,0.02867914910930425,layer_12,layer,0.037199200171297755,100930816,0.23595648614340511,0.00015086812698125723,3.7027271446120553e-06,4,base,246.56765425290337
solver_rank1_r5,r5,solver_rank1,0.03057573772909234,layer_12,layer,0.038852375636222465,100930816,0.24107255506682662,0.00015757288097639828,3.867280619971626e-06,5,base,246.56765425290337
solver_full_r1,a1,solver_full,0.03228277933696274,layer_12,layer,0.045158924985209535,100930816,,0.00018315023972645747,4.495020769109226e-06,1,base,246.56765425290337
solver_full_r2,a2,solver_full,0.03170902000183893,layer_12,layer,0.046725770629592434,100930816,0.28699225684988516,0.000189504867421361,4.650981162670326e-06,2,base,246.56765425290337
solver_full_r3,a3,solver_full,0.030950141915026676,layer_12,layer,0.04485117270414641,100930816,0.24540193295004228,0.00018190209433611578,4.464387779161557e-06,3,base,246.56765425290337
solver_full_r4,a4,solver_full,0.02880314379550644,layer_12,layer,0.04194327793566194,100930816,0.20731705120289665,0.0001701085978318993,4.174942284544429e-06,4,base,246.56765425290337
solver_full_r5,a5,solver_full,0.03064556671976778,layer_12,layer,0.04357106866060654,100930816,0.20274762106870456,0.00017671039939373348,4.336969018324867e-06,5,base,246.56765425290337
questioner_full_r1,q1,questioner_full,0.031096083502385765,layer_13,layer,0.02781131725016365,100930816,,0.00011372270879115106,2.7682777811189133e-06,1,base,244.55377070940548
questioner_full_r2,q2,questioner_full,0.022545862871193815,layer_13,layer,0.15323695907288085,100930816,0.007208880662336012,0.0006265982320710829,1.5252872247364989e-05,2,q1,244.55376863479125
questioner_full_r3,q3,questioner_full,0.02425647028285598,layer_13,layer,0.16139128031665914,100930816,0.012716613409048477,0.0006599419899381259,1.6064535575506145e-05,3,q2,244.55373771835718
questioner_full_r4,q4,questioner_full,0.023066404191844324,layer_13,layer,0.1587398720010888,100930816,0.010875556723017512,0.0006491002414309221,1.5800620182263703e-05,4,q3,244.5537096876616
questioner_full_r5,q5,questioner_full,0.024723825137114644,layer_13,layer,0.1646424874507705,100930816,0.0020697934924113716,0.00067323660693941,1.6388153633227694e-05,5,q4,244.5536766030134
solver_rank1_r1,r1,solver_rank1,0.034427026551941124,layer_13,layer,0.042846636442212586,100930816,,0.0001752033359286278,4.264860617414987e-06,1,base,244.55377070940548
solver_rank1_r2,r2,solver_rank1,0.03266077640017643,layer_13,layer,0.04269840034939668,100930816,0.33248459963366966,0.00017459718664544194,4.2501055204733016e-06,2,base,244.55377070940548
solver_rank1_r3,r3,solver_rank1,0.031770664194146196,layer_13,layer,0.0405078764195695,100930816,0.2863997404590586,0.0001656399584519331,4.032065552448623e-06,3,base,244.55377070940548
solver_rank1_r4,r4,solver_rank1,0.029644030561216672,layer_13,layer,0.03781978862961789,100930816,0.2404070409351817,0.0001546481516924055,3.764499164431662e-06,4,base,244.55377070940548
solver_rank1_r5,r5,solver_rank1,0.030105104785966497,layer_13,layer,0.038552201066396674,100930816,0.24504979273592367,0.00015764304494084812,3.837401898851331e-06,5,base,244.55377070940548
solver_full_r1,a1,solver_full,0.03406115791553839,layer_13,layer,0.04638609787723798,100930816,,0.00018967647786693472,4.617170878722384e-06,1,base,244.55377070940548
solver_full_r2,a2,solver_full,0.032950003802526065,layer_13,layer,0.0476313397515302,100930816,0.295118436807949,0.00019476837185278498,4.74111953536869e-06,2,base,244.55377070940548
solver_full_r3,a3,solver_full,0.03221535019420217,layer_13,layer,0.04575872435084593,100930816,0.25434350491070806,0.00018711109715506855,4.554723488045011e-06,3,base,244.55377070940548
solver_full_r4,a4,solver_full,0.02984246245913789,layer_13,layer,0.04269330245645832,100930816,0.21293260618857357,0.0001745763409519833,4.249598087343656e-06,4,base,244.55377070940548
solver_full_r5,a5,solver_full,0.030763613816725717,layer_13,layer,0.04365490614653015,100930816,0.20900960637284033,0.00017850841563348338,4.3453140185785256e-06,5,base,244.55377070940548
questioner_full_r1,q1,questioner_full,0.03265468091690786,layer_14,layer,0.028499775206182864,100930816,,0.00011756517961437757,2.8368053825172728e-06,1,base,242.41680487083184
questioner_full_r2,q2,questioner_full,0.023004821143189944,layer_14,layer,0.1547887969871646,100930816,0.00797079421829387,0.0006385233807470374,1.5407338804247847e-05,2,q1,242.41680360407506
questioner_full_r3,q3,questioner_full,0.024427314476917875,layer_14,layer,0.1619586419877617,100930816,0.013775005674528343,0.0006681000025416625,1.6121009517169676e-05,3,q2,242.41676601050753
questioner_full_r4,q4,questioner_full,0.023189547157631683,layer_14,layer,0.15916303458850783,100930816,0.013085580748842312,0.0006565678669040011,1.584274086205804e-05,4,q3,242.4167288890176
questioner_full_r5,q5,questioner_full,0.02476198475953959,layer_14,layer,0.16476949596901505,100930816,0.0035235711825659577,0.0006796953208999998,1.640079578375608e-05,5,q4,242.41669892745483
solver_rank1_r1,r1,solver_rank1,0.03826422318108409,layer_14,layer,0.045171387190411076,100930816,,0.00018633768898356686,4.496261229798408e-06,1,base,242.41680487083184
solver_rank1_r2,r2,solver_rank1,0.03598443321803457,layer_14,layer,0.04481833165359605,100930816,0.3611823219171803,0.0001848812902120248,4.4611188527123205e-06,2,base,242.41680487083184
solver_rank1_r3,r3,solver_rank1,0.03461342790970346,layer_14,layer,0.04228132950815717,100930816,0.3159733389653575,0.00017441583528289692,4.208591199789727e-06,3,base,242.41680487083184
solver_rank1_r4,r4,solver_rank1,0.03164676761840302,layer_14,layer,0.03907645431054561,100930816,0.2626090367901087,0.00016119531948854333,3.8895849218416744e-06,4,base,242.41680487083184
solver_rank1_r5,r5,solver_rank1,0.030753629793910366,layer_14,layer,0.03896523481836854,100930816,0.26766884322076606,0.00016073652500754056,3.878514376485924e-06,5,base,242.41680487083184
solver_full_r1,a1,solver_full,0.03765921120197513,layer_14,layer,0.04877460328989017,100930816,,0.00020120141141155204,4.854917491169818e-06,1,base,242.41680487083184
solver_full_r2,a2,solver_full,0.03616960854499405,layer_14,layer,0.04990418496052302,100930816,0.32617982958063296,0.0002058610787610773,4.9673535837376276e-06,2,base,242.41680487083184
solver_full_r3,a3,solver_full,0.0349738719051217,layer_14,layer,0.04767759476204935,100930816,0.2844536623139324,0.0001966761123984521,4.745723658098074e-06,3,base,242.41680487083184
solver_full_r4,a4,solver_full,0.03191021084055466,layer_14,layer,0.04414761625330932,100930816,0.23541022415807758,0.00018211450430110534,4.394357306563078e-06,4,base,242.41680487083184
solver_full_r5,a5,solver_full,0.032070021718376925,layer_14,layer,0.04457219382772325,100930816,0.23163892223124924,0.00018386594052946482,4.436618831072655e-06,5,base,242.41680487083184
questioner_full_r1,q1,questioner_full,0.03406148832659923,layer_15,layer,0.029107206206907047,100930816,,0.0001217531738042633,2.8972677377427407e-06,1,base,239.0673302176196
questioner_full_r2,q2,questioner_full,0.023586152786901484,layer_15,layer,0.15673235101466262,100930816,0.00641832474845765,0.0006555992094621713,1.560079592755959e-05,2,q1,239.06732764861002
questioner_full_r3,q3,questioner_full,0.02467050901247945,layer_15,layer,0.16276286276896584,100930816,0.015006579951373744,0.0006808244692775986,1.620105989736907e-05,3,q2,239.06729283932523
questioner_full_r4,q4,questioner_full,0.023335051789712652,layer_15,layer,0.15966159421933562,100930816,0.013443029889308723,0.0006678521883489925,1.589236639889144e-05,4,q3,239.06726219470428
questioner_full_r5,q5,questioner_full,0.024791160057448497,layer_15,layer,0.16486653552411581,100930816,0.005088090601515943,0.0006896241431598387,1.641045488914324e-05,5,q4,239.0672327228886
solver_rank1_r1,r1,solver_rank1,0.038431399592538745,layer_15,layer,0.04526995655269489,100930816,,0.00018936069814092245,4.506072608851578e-06,1,base,239.0673302176196
solver_rank1_r2,r2,solver_rank1,0.03697120822725887,layer_15,layer,0.045428685926187866,100930816,0.35674806877944376,0.00019002465073263996,4.521872184035272e-06,2,base,239.0673302176196
solver_rank1_r3,r3,solver_rank1,0.03494907072999262,layer_15,layer,0.04248583377342852,100930816,0.31209509699231586,0.00017771492965916452,4.228947107731894e-06,3,base,239.0673302176196
solver_rank1_r4,r4,solver_rank1,0.03312877780102058,layer_15,layer,0.039980956336597505,100930816,0.2624305204214381,0.00016723722266946055,3.979617078146021e-06,4,base,239.0673302176196
solver_rank1_r5,r5,solver_rank1,0.031932844801016935,layer_15,layer,0.03970524789824677,100930816,0.26594555621285343,0.00016608395577138728,3.952173662320442e-06,5,base,239.0673302176196
solver_full_r1,a1,solver_full,0.037991515234702594,layer_15,layer,0.04898932365956307,100930816,,0.00020491852071535157,4.8762902878328615e-06,1,base,239.0673302176196
solver_full_r2,a2,solver_full,0.037320979716146965,layer_15,layer,0.050692251485550274,100930816,0.3222663781707796,0.00021204173501835586,5.045796004556933e-06,2,base,239.0673302176196
solver_full_r3,a3,solver_full,0.03554693225555452,layer_15,layer,0.04806661554225935,100930816,0.28275717483151175,0.00020105890461279252,4.784445936966132e-06,3,base,239.0673302176196
solver_full_r4,a4,solver_full,0.03354837556841067,layer_15,layer,0.045266630694939164,100930816,0.23712061044400576,0.00018934678633727826,4.505741560234013e-06,4,base,239.0673302176196
solver_full_r5,a5,solver_full,0.03340487743128403,layer_15,layer,0.04549035486315297,100930816,0.23477859522849429,0.00019028260708706517,4.5280105753401545e-06,5,base,239.0673302176196
questioner_full_r1,q1,questioner_full,0.035126150029546964,layer_16,layer,0.029558608695680964,100930816,,0.0001230672257615502,2.942199355643984e-06,1,base,240.18261980612502
questioner_full_r2,q2,questioner_full,0.024369653442650765,layer_16,layer,0.1593143041470205,100930816,0.008146944861347392,0.0006633048848083841,1.5857797903550307e-05,2,q1,240.18261857523228
questioner_full_r3,q3,questioner_full,0.02509824675224886,layer_16,layer,0.16416779202263782,100930816,0.012730180705591924,0.0006835124750883108,1.634090348701282e-05,3,q2,240.18258335581527
questioner_full_r4,q4,questioner_full,0.023348118885307172,layer_16,layer,0.15970629138442108,100930816,0.012829824449749944,0.0006649371227310735,1.589681545708858e-05,4,q3,240.1825464766727
questioner_full_r5,q5,questioner_full,0.02476361752089943,layer_16,layer,0.16477492818364223,100930816,0.006417993189009337,0.000686040465582102,1.6401336494536493e-05,5,q4,240.1825204929151
solver_rank1_r1,r1,solver_rank1,0.03319429846957863,layer_16,layer,0.04207253928221536,100930816,,0.0001751689581709794,4.187808676682659e-06,1,base,240.18261980612502
solver_rank1_r2,r2,solver_rank1,0.03475641993447718,layer_16,layer,0.044046952968975504,100930816,0.32375567039028874,0.00018338942678088085,4.384337503082028e-06,2,base,240.18261980612502
solver_rank1_r3,r3,solver_rank1,0.03400350288913798,layer_16,layer,0.041907153078963096,100930816,0.2844178103325632,0.00017448037294617936,4.171346495202774e-06,3,base,240.18261980612502
solver_rank1_r4,r4,solver_rank1,0.032050935352129876,layer_16,layer,0.03932518960401262,100930816,0.24616499285799845,0.0001637303716470236,3.9143434897329804e-06,4,base,240.18261980612502
solver_rank1_r5,r5,solver_rank1,0.030686101785760735,layer_16,layer,0.038922431892268676,100930816,0.25533224410440514,0.00016205349048023038,3.8742538667005255e-06,5,base,240.18261980612502
solver_full_r1,a1,solver_full,0.03330922725182222,layer_16,layer,0.045871233100325315,100930816,,0.0001909848145438354,4.565922363256987e-06,1,base,240.18261980612502
solver_full_r2,a2,solver_full,0.03527165686310021,layer_16,layer,0.04928082767335654,100930816,0.2864652672218949,0.00020518065675666265,4.905305960741584e-06,2,base,240.18261980612502
solver_full_r3,a3,solver_full,0.03360615141680222,layer_16,layer,0.046736035594340405,100930816,0.25701356339196535,0.00019458541851223728,4.652002914843378e-06,3,base,240.18261980612502
solver_full_r4,a4,solver_full,0.032860716294417114,layer_16,layer,0.04480030131393768,100930816,0.22471549900739515,0.00018652599155634327,4.459324152079721e-06,4,base,240.18261980612502
solver_full_r5,a5,solver_full,0.0321258489450293,layer_16,layer,0.044610972410559266,100930816,0.22638195232267783,0.00018573772093321807,4.440478766518453e-06,5,base,240.18261980612502
questioner_full_r1,q1,questioner_full,0.03526308808375036,layer_17,layer,0.0296161692463682,100930816,,0.0001236553293817693,2.9479288071511943e-06,1,base,239.50580532548042
questioner_full_r2,q2,questioner_full,0.02556160888514431,layer_17,layer,0.16316394121648226,100930816,0.009063123343739297,0.0006812525602919909,1.624098237010771e-05,2,q1,239.50580258597302
questioner_full_r3,q3,questioner_full,0.02573107172369678,layer_17,layer,0.1662245640015377,100930816,0.015279449439986405,0.0006940315784254776,1.654563007794706e-05,3,q2,239.50576482217843
questioner_full_r4,q4,questioner_full,0.023987027450991273,layer_17,layer,0.16187668157787732,100930816,0.012976144613048714,0.0006758780767623388,1.611285135696556e-05,4,q3,239.50574392546625
questioner_full_r5,q5,questioner_full,0.025325815979819602,layer_17,layer,0.16663484070991244,100930816,0.005252459292617048,0.0006957447543721796,1.658646812548318e-05,5,q4,239.50570904451735
solver_rank1_r1,r1,solver_rank1,0.02973134327945339,layer_17,layer,0.03981752330447362,100930816,,0.00016624867714735736,3.963349311054666e-06,1,base,239.50580532548042
solver_rank1_r2,r2,solver_rank1,0.03266807254376629,layer_17,layer,0.04270316931538253,100930816,0.29276348825415754,0.00017829701145385742,4.250580212932446e-06,2,base,239.50580532548042
solver_rank1_r3,r3,solver_rank1,0.03421425537321373,layer_17,layer,0.04203682197993059,100930816,0.26079163335618283,0.00017551483532018752,4.184253454417312e-06,3,base,239.50580532548042
solver_rank1_r4,r4,solver_rank1,0.03138487103136853,layer_17,layer,0.038914427474859715,100930816,0.2271871409821096,0.0001624780135161079,3.873457124472723e-06,4,base,239.50580532548042
solver_rank1_r5,r5,solver_rank1,0.03024442059161633,layer_17,layer,0.03864130109829737,100930816,0.23921655326949032,0.00016133763875069804,3.846270721438519e-06,5,base,239.50580532548042
solver_full_r1,a1,solver_full,0.03018724932248829,layer_17,layer,0.043668664168495325,100930816,,0.00018232820749021538,4.3466834620383864e-06,1,base,239.50580532548042
solver_full_r2,a2,solver_full,0.03329190418756712,layer_17,layer,0.047877821453704346,100930816,0.25055016898334964,0.00019990255095754352,4.765653785704389e-06,2,base,239.50580532548042
solver_full_r3,a3,solver_full,0.03295535760399929,layer_17,layer,0.04628129418003514,100930816,0.23208348219952102,0.00019323662788524228,4.606738947586722e-06,3,base,239.50580532548042
solver_full_r4,a4,solver_full,0.032372681269463174,layer_17,layer,0.044466378220747386,100930816,0.20763186020653718,0.00018565887436556728,4.426086176648127e-06,4,base,239.50580532548042
solver_full_r5,a5,solver_full,0.03160504719348095,layer_17,layer,0.04424789399256173,100930816,0.2112236247617273,0.00018474664500273935,4.404338733728727e-06,5,base,239.50580532548042
questioner_full_r1,q1,questioner_full,0.03493236227215343,layer_18,layer,0.02947695985713352,100930816,,0.00012369107121012663,2.934072208570297e-06,1,base,238.31113732581395
questioner_full_r2,q2,questioner_full,0.026720319680559906,layer_18,layer,0.16682107644989333,100930816,0.00701828085238153,0.0007000137695249249,1.6605005624315112e-05,2,q1,238.3111357410998
questioner_full_r3,q3,questioner_full,0.02654674940155344,layer_18,layer,0.1688386767933394,100930816,0.011874480110753434,0.0007084801359032512,1.6805833156204373e-05,3,q2,238.3110947466221
questioner_full_r4,q4,questioner_full,0.024519539793830637,layer_18,layer,0.1636636506245925,100930816,0.011043497108788774,0.0006867648202418075,1.6290722353260776e-05,4,q3,238.3110575858663
questioner_full_r5,q5,questioner_full,0.025588685808768996,layer_18,layer,0.16749740312367495,100930816,0.004672626797862587,0.0007028520834355112,1.667232570437341e-05,5,q4,238.31102883689942
solver_rank1_r1,r1,solver_rank1,0.029354405710936744,layer_18,layer,0.03956431249535456,100930816,,0.00016601956979149938,3.938145260109567e-06,1,base,238.31113732581395
solver_rank1_r2,r2,solver_rank1,0.032253019912822214,layer_18,layer,0.04243102715049523,100930816,0.27342378376711823,0.00017804886345905197,4.2234917761789265e-06,2,base,238.31113732581395
solver_rank1_r3,r3,solver_rank1,0.03394556399527165,layer_18,layer,0.04187143485780416,100930816,0.24451519421104567,0.00017570070508521145,4.167791181474699e-06,3,base,238.31113732581395
solver_rank1_r4,r4,solver_rank1,0.032966623043469916,layer_18,layer,0.03988298932174835,100930816,0.21710367141610204,0.0001673567998931631,3.9698656554410114e-06,4,base,238.31113732581395
solver_rank1_r5,r5,solver_rank1,0.030870063996346803,layer_18,layer,0.03903892693180289,100930816,0.22857615911702656,0.000163814949523025,3.8858495285187825e-06,5,base,238.31113732581395
solver_full_r1,a1,solver_full,0.030085335059212147,layer_18,layer,0.043594887616195205,100930816,,0.00018293264891180137,4.339339905145238e-06,1,base,238.31113732581395
solver_full_r2,a2,solver_full,0.03317746547620124,layer_18,layer,0.04779546219964272,100930816,0.22902577968208887,0.00020055907892503478,4.757455925421918e-06,2,base,238.31113732581395
solver_full_r3,a3,solver_full,0.03337963895640441,layer_18,layer,0.04657826398417524,100930816,0.21572011082527393,0.00019545147787404675,4.636298673329646e-06,3,base,238.31113732581395
solver_full_r4,a4,solver_full,0.03356977981302295,layer_18,layer,0.04528106870463482,100930816,0.19858930548558096,0.0001900081935437516,4.50717868818752e-06,4,base,238.31113732581395
solver_full_r5,a5,solver_full,0.032266078230027216,layer_18,layer,0.04470822980961414,100930816,0.20289960110150618,0.00018760444984360926,4.450159555617051e-06,5,base,238.31113732581395
questioner_full_r1,q1,questioner_full,0.03338039834772248,layer_19,layer,0.02881472438043477,100930816,,0.00012027687788526843,2.8681547354954445e-06,1,base,239.56993968467495
questioner_full_r2,q2,questioner_full,0.027306085114860497,layer_19,layer,0.16863969737986725,100930816,0.00786674849873187,0.000703926787595934,1.6786027179944413e-05,2,q1,239.56993873725023
questioner_full_r3,q3,questioner_full,0.026597790587803715,layer_19,layer,0.1690009111198506,100930816,0.012997936491762568,0.0007054346542848497,1.682198160675693e-05,3,q2,239.56990217779858
questioner_full_r4,q4,questioner_full,0.0248723935001209,layer_19,layer,0.16483706261136977,100930816,0.009888926142637477,0.0006880542138960403,1.640752121977527e-05,4,q3,239.56987586486227
questioner_full_r5,q5,questioner_full,0.02583688700767546,layer_19,layer,0.16830777555870696,100930816,0.00346671914048982,0.0007025415277323077,1.675298840676005e-05,5,q4,239.56986016467621
solver_rank1_r1,r1,solver_rank1,0.02824784668154128,layer_19,layer,0.03881143057267418,100930816,,0.00016200459299592546,3.8632050377671705e-06,1,base,239.56993968467495
solver_rank1_r2,r2,solver_rank1,0.030579812556018375,layer_19,layer,0.04131576154708908,100930816,0.2691531300982083,0.00017245803710377614,4.112480673677579e-06,2,base,239.56993968467495
solver_rank1_r3,r3,solver_rank1,0.031113590295760007,layer_19,layer,0.0400868003930827,100930816,0.2421363866757879,0.00016732817333362218,3.990152564372576e-06,3,base,239.56993968467495
solver_rank1_r4,r4,solver_rank1,0.031441844781468595,layer_19,layer,0.03894973263170507,100930816,0.2154680841629395,0.0001625818860370012,3.876971322681128e-06,4,base,239.56993968467495
solver_rank1_r5,r5,solver_rank1,0.029908300329930127,layer_19,layer,0.03842598184823795,100930816,0.22493251028796982,0.00016039567359249965,3.824838313529715e-06,5,base,239.56993968467495
solver_full_r1,a1,solver_full,0.028844701719076778,layer_19,layer,0.04268656046742918,100930816,,0.0001781799524748964,4.248927004479726e-06,1,base,239.56993968467495
solver_full_r2,a2,solver_full,0.031298228859979196,layer_19,layer,0.04642211720454116,100930816,0.22204244356006547,0.00019377271316110256,4.6207561638984624e-06,2,base,239.56993968467495
solver_full_r3,a3,solver_full,0.03184548599690253,layer_19,layer,0.0454952882531436,100930816,0.2079439020867687,0.00018990399343517424,4.528501634205644e-06,3,base,239.56993968467495
solver_full_r4,a4,solver_full,0.03236077210230112,layer_19,layer,0.04445819838789863,100930816,0.18920955984078913,0.00018557502851323954,4.425271973950542e-06,4,base,239.56993968467495
solver_full_r5,a5,solver_full,0.03108250736859068,layer_19,layer,0.043880584722684364,100930816,0.19392529759238178,0.000183163984515088,4.367777571182766e-06,5,base,239.56993968467495
questioner_full_r1,q1,questioner_full,0.03271743881909799,layer_20,layer,0.028527148426866343,100930816,,0.000119095035119521,2.839530053122916e-06,1,base,239.53264213102722
questioner_full_r2,q2,questioner_full,0.027494301432775228,layer_20,layer,0.16921990202177895,100930816,0.007842056279823734,0.0007064586342810248,1.684377948287414e-05,2,q1,239.5326404269897
questioner_full_r3,q3,questioner_full,0.026472763291937068,layer_20,layer,0.16860323492340232,100930816,0.012301513360509038,0.0007038842978383035,1.6782397786659335e-05,3,q2,239.53259852677365
questioner_full_r4,q4,questioner_full,0.02474177537590385,layer_20,layer,0.16440366946651955,100930816,0.009545610848926044,0.0006863520830035151,1.636438221263705e-05,4,q3,239.53255703265282
questioner_full_r5,q5,questioner_full,0.025749516144289435,layer_20,layer,0.1680229570235215,100930816,0.0032262564574514247,0.000701461958421956,1.6724638191791352e-05,5,q4,239.5325291787945
solver_rank1_r1,r1,solver_rank1,0.027787012994894417,layer_20,layer,0.038493545067856884,100930816,,0.0001607027114358821,3.831563408857259e-06,1,base,239.53264213102722
solver_rank1_r2,r2,solver_rank1,0.02956076455395503,layer_20,layer,0.040621521296918484,100930816,0.2675053434558567,0.00016958657882919367,4.043377515347515e-06,2,base,239.53264213102722
solver_rank1_r3,r3,solver_rank1,0.029760477620344974,layer_20,layer,0.03920543507099327,100930816,0.23481545827376302,0.00016367470722235605,3.902423385051718e-06,3,base,239.53264213102722
solver_rank1_r4,r4,solver_rank1,0.030089262768902895,layer_20,layer,0.03810274327789573,100930816,0.2084487842148392,0.0001590711935497003,3.792663852168171e-06,4,base,239.53264213102722
solver_rank1_r5,r5,solver_rank1,0.028730647266132402,layer_20,layer,0.03766186409432178,100930816,0.2168136726570649,0.00015723061274346188,3.7487797010843738e-06,5,base,239.53264213102722
solver_full_r1,a1,solver_full,0.028360948395401403,layer_20,layer,0.042327099681405286,100930816,,0.00017670702124285783,4.2131470628760025e-06,1,base,239.53264213102722
solver_full_r2,a2,solver_full,0.03018561073366012,layer_20,layer,0.045589522805574934,100930816,0.2179902683654757,0.0001903269733927826,4.53788153575302e-06,2,base,239.53264213102722
solver_full_r3,a3,solver_full,0.030643266117955648,layer_20,layer,0.04462826537391532,100930816,0.19617797353935207,0.00018631391937597852,4.4422000703242985e-06,3,base,239.53264213102722
solver_full_r4,a4,solver_full,0.03099050863201842,layer_20,layer,0.04350676320590651,100930816,0.17648524021507625,0.00018163187621880693,4.33056819380262e-06,4,base,239.53264213102722
solver_full_r5,a5,solver_full,0.029785976826240526,layer_20,layer,0.042955651181026976,100930816,0.1814065952723505,0.00017933109574907007,4.275711706436043e-06,5,base,239.53264213102722
questioner_full_r1,q1,questioner_full,0.03114518523017886,layer_21,layer,0.027833266076596766,100930816,,0.00011668587821550237,2.770462519367371e-06,1,base,238.53157299114335
questioner_full_r2,q2,questioner_full,0.028130591819099625,layer_21,layer,0.1711667989800361,100930816,0.007821354523030866,0.000717585510932882,1.7037569354212922e-05,2,q1,238.53157062426507
questioner_full_r3,q3,questioner_full,0.026780293354878054,layer_21,layer,0.16957972623664036,100930816,0.012196228463783518,0.0007109321086963517,1.6879595599390647e-05,3,q2,238.53153368976623
questioner_full_r4,q4,questioner_full,0.024634850510382035,layer_21,layer,0.16404803868711,100930816,0.009274407378782877,0.0006877416076895262,1.6328983501527252e-05,4,q3,238.53150202476593
questioner_full_r5,q5,questioner_full,0.025634552998229147,layer_21,layer,0.16764745372653747,100930816,0.004474500524755178,0.0007028316123914372,1.6687261413682372e-05,5,q4,238.53146439458587
solver_rank1_r1,r1,solver_rank1,0.027488098419596083,layer_21,layer,0.03828594100630842,100930816,,0.00016050680639971286,3.8108989539634065e-06,1,base,238.53157299114335
solver_rank1_r2,r2,solver_rank1,0.029011455987332492,layer_21,layer,0.04024232974130101,100930816,0.2627432799492586,0.00016870860841048996,4.00563361602906e-06,2,base,238.53157299114335
solver_rank1_r3,r3,solver_rank1,0.029232962233464988,layer_21,layer,0.03885641617211304,100930816,0.22745487007472914,0.00016289841921075904,3.867682806089927e-06,3,base,238.53157299114335
solver_rank1_r4,r4,solver_rank1,0.030111890664594843,layer_21,layer,0.03811706770438191,100930816,0.20155056795206577,0.0001597988359628903,3.794089674297065e-06,4,base,238.53157299114335
solver_rank1_r5,r5,solver_rank1,0.028497033354720376,layer_21,layer,0.037508433968184596,100930816,0.2097844846974187,0.00015724725032344996,3.733507601409291e-06,5,base,238.53157299114335
solver_full_r1,a1,solver_full,0.028055322910736504,layer_21,layer,0.042098417615421685,100930816,,0.00017648991740386836,4.190384549453556e-06,1,base,238.53157299114335
solver_full_r2,a2,solver_full,0.029599606158689465,layer_21,layer,0.045144830737742225,100930816,0.21433859347015272,0.00018926144732805852,4.493617858497176e-06,2,base,238.53157299114335
solver_full_r3,a3,solver_full,0.03015196091835113,layer_21,layer,0.044269056012673495,100930816,0.18895641271446892,0.00018558992194428367,4.406445154994288e-06,3,base,238.53157299114335
solver_full_r4,a4,solver_full,0.030951213870732876,layer_21,layer,0.043479172014013114,100930816,0.17037630470598514,0.00018227847772431992,4.3278218268187756e-06,4,base,238.53157299114335
solver_full_r5,a5,solver_full,0.02955619629260085,layer_21,layer,0.042789642151728945,100930816,0.17433161879293246,0.00017938774986956432,4.25918753021177e-06,5,base,238.53157299114335
questioner_full_r1,q1,questioner_full,0.02854801859568465,layer_22,layer,0.0266475139212482,100930816,,0.00010904346391237213,2.652435339423351e-06,1,base,244.37515982308003
questioner_full_r2,q2,questioner_full,0.028277102225860946,layer_22,layer,0.1716119575758852,100930816,0.00821392147276021,0.0007022479662142212,1.7081879468648655e-05,2,q1,244.3751578249995
questioner_full_r3,q3,questioner_full,0.026558995454692983,layer_22,layer,0.16887761506378776,100930816,0.01274815268419617,0.0006910589313469284,1.680970898660636e-05,3,q2,244.3751283767246
questioner_full_r4,q4,questioner_full,0.024524310522871736,layer_22,layer,0.16367957174223483,100930816,0.008100163577690908,0.0006697882750936639,1.629230710654029e-05,4,q3,244.3750925907828
questioner_full_r5,q5,questioner_full,0.02559093017011927,layer_22,layer,0.1675047484883022,100930816,0.004955435702514617,0.0006854412673435086,1.6673056845926645e-05,5,q4,244.3750565784906
solver_rank1_r1,r1,solver_rank1,0.025031179138637002,layer_22,layer,0.03653487547247895,100930816,,0.00014950322896537053,3.636601714930087e-06,1,base,244.37515982308003
solver_rank1_r2,r2,solver_rank1,0.026649480331431205,layer_22,layer,0.03856938598472131,100930816,0.2396692148180281,0.0001578285862304677,3.839112448090712e-06,2,base,244.37515982308003
solver_rank1_r3,r3,solver_rank1,0.02713336443500233,layer_22,layer,0.03743502721959876,100930816,0.20872009228268584,0.000153186711966554,3.726200853970237e-06,3,base,244.37515982308003
solver_rank1_r4,r4,solver_rank1,0.02877323198267319,layer_22,layer,0.03726016679928767,100930816,0.19032352381945508,0.00015247117107263628,3.7087956296153403e-06,4,base,244.37515982308003
solver_rank1_r5,r5,solver_rank1,0.026631701010206097,layer_22,layer,0.036260063469899524,100930816,0.19130401601262953,0.0001483786793066475,3.6092475283634315e-06,5,base,244.37515982308003
solver_full_r1,a1,solver_full,0.025560039855284104,layer_22,layer,0.04018268006049307,100930816,,0.0001644302968009681,3.999696217072149e-06,1,base,244.37515982308003
solver_full_r2,a2,solver_full,0.02717677799565977,layer_22,layer,0.04325776192713982,100930816,0.19429819813757937,0.00017701374378008424,4.305783150315478e-06,2,base,244.37515982308003
solver_full_r3,a3,solver_full,0.027997173260878,layer_22,layer,0.04265790993365767,100930816,0.17272208581861917,0.00017455910807195242,4.246075192918863e-06,3,base,244.37515982308003
solver_full_r4,a4,solver_full,0.02948503276490483,layer_22,layer,0.04243685876625443,100930816,0.15981549316880675,0.00017365455145677405,4.224072242475759e-06,4,base,244.37515982308003
solver_full_r5,a5,solver_full,0.027585360743678285,layer_22,layer,0.04133840514134628,100930816,0.1592848034363192,0.00016915960350173884,4.114734567597922e-06,5,base,244.37515982308003
questioner_full_r1,q1,questioner_full,0.023991463527329202,layer_23,layer,0.0244285158943753,100930816,,9.797867038025636e-05,2.4315611219641687e-06,1,base,249.32483569707517
questioner_full_r2,q2,questioner_full,0.028296601696191446,layer_23,layer,0.17167111790904468,100930816,0.0057423187314805625,0.0006885439992320169,1.7087768159009336e-05,2,q1,249.32483341735886
questioner_full_r3,q3,questioner_full,0.02649945922262311,layer_23,layer,0.16868822578842976,100930816,0.011751060671780982,0.0006765802123109638,1.679085759175009e-05,3,q2,249.3247995123138
questioner_full_r4,q4,questioner_full,0.023889785129740052,layer_23,layer,0.16154822799358373,100930816,0.005824550587263404,0.0006479429438630748,1.6080157804504522e-05,4,q3,249.32477392287578
questioner_full_r5,q5,questioner_full,0.025209895749703636,layer_23,layer,0.1662530464309821,100930816,0.004090055009575639,0.0006668132661455719,1.654846515677033e-05,5,q4,249.32474333029754
solver_rank1_r1,r1,solver_rank1,0.022508564949635056,layer_23,layer,0.034645025139850474,100930816,,0.0001389553713852378,3.4484901401205615e-06,1,base,249.32483569707517
solver_rank1_r2,r2,solver_rank1,0.023440236929209875,layer_23,layer,0.03617256879683749,100930816,0.19543354470897428,0.00014508209218590023,3.6005384996890533e-06,2,base,249.32483569707517
solver_rank1_r3,r3,solver_rank1,0.024544862451276257,layer_23,layer,0.03560464259328427,100930816,0.1673912437163892,0.00014280423566203897,3.544008365698282e-06,3,base,249.32483569707517
solver_rank1_r4,r4,solver_rank1,0.026433455344302033,layer_23,layer,0.03571309094576228,100930816,0.1526535426732302,0.00014323920377171326,3.554803077860363e-06,4,base,249.32483569707517
solver_rank1_r5,r5,solver_rank1,0.024714397579749192,layer_23,layer,0.034930445222668305,100930816,0.15720392094644114,0.0001401001433531801,3.4769002318268462e-06,5,base,249.32483569707517
solver_full_r1,a1,solver_full,0.023216257754399616,layer_23,layer,0.03829607319506106,100930816,,0.0001535991113279627,3.8119074899038556e-06,1,base,249.32483569707517
solver_full_r2,a2,solver_full,0.024170909277302102,layer_23,layer,0.04079543392715973,100930816,0.15471544039696006,0.0001636236270370008,4.0606883987487665e-06,2,base,249.32483569707517
solver_full_r3,a3,solver_full,0.025543453143583316,layer_23,layer,0.04074574701823536,100930816,0.13521378262515227,0.00016342434119856656,4.055742672347152e-06,3,base,249.32483569707517
solver_full_r4,a4,solver_full,0.02733671752774144,layer_23,layer,0.04086162225008977,100930816,0.12723719219105264,0.00016388909727282783,4.0672766398625765e-06,4,base,249.32483569707517
solver_full_r5,a5,solver_full,0.02576371523478034,layer_23,layer,0.039950169709541676,100930816,0.1312084214815594,0.00016023341436422465,3.976552644524714e-06,5,base,249.32483569707517
questioner_full_r1,q1,questioner_full,0.021592709542780166,layer_24,layer,0.023175135587594337,100930816,,9.146783968405992e-05,2.3068023835216977e-06,1,base,253.36922428302483
questioner_full_r2,q2,questioner_full,0.028309878466577013,layer_24,layer,0.17171138724503715,100930816,0.005547637892764974,0.0006777120979949185,1.709177648076863e-05,2,q1,253.36922234834392
questioner_full_r3,q3,questioner_full,0.025866281376721784,layer_24,layer,0.16666072379292327,100930816,0.01121943243842521,0.0006577782044982106,1.6589044471039244e-05,3,q2,253.36917923582044
questioner_full_r4,q4,questioner_full,0.02349657387965797,layer_24,layer,0.1602132193371983,100930816,0.006520975867685013,0.0006323312615119678,1.5947273958413e-05,4,q3,253.3691264197698
questioner_full_r5,q5,questioner_full,0.024952982013036976,layer_24,layer,0.16540373568812292,100930816,0.004850390092696472,0.0006528173102149314,1.6463926620261103e-05,5,q4,253.36910204428546
solver_rank1_r1,r1,solver_rank1,0.02108380714082189,layer_24,layer,0.033530613119260796,100930816,,0.00013233893427327066,3.3375640013886003e-06,1,base,253.36922428302483
solver_rank1_r2,r2,solver_rank1,0.022010307930239878,layer_24,layer,0.03505188772929639,100930816,0.1829746298122415,0.00013834311498756399,3.488988353714706e-06,2,base,253.36922428302483
solver_rank1_r3,r3,solver_rank1,0.023057835983124955,layer_24,layer,0.03450925646140572,100930816,0.15636294952054977,0.00013620145287597096,3.4349760223774233e-06,3,base,253.36922428302483
solver_rank1_r4,r4,solver_rank1,0.025449520469062712,layer_24,layer,0.03504211196471197,100930816,0.14387350578489863,0.00013830453190940173,3.4880152954575558e-06,4,base,253.36922428302483
solver_rank1_r5,r5,solver_rank1,0.02329427286167281,layer_24,layer,0.033912022047952954,100930816,0.1517057881391269,0.00013384428256397747,3.375528613180322e-06,5,base,253.36922428302483
solver_full_r1,a1,solver_full,0.021718328823720896,layer_24,layer,0.03704003072427757,100930816,,0.00014618993616565755,3.6868837654705523e-06,1,base,253.36922428302483
solver_full_r2,a2,solver_full,0.02268915904035426,layer_24,layer,0.03952521695360212,100930816,0.14476239407566488,0.0001559984921825023,3.934253775265445e-06,2,base,253.36922428302483
solver_full_r3,a3,solver_full,0.023950652257573726,layer_24,layer,0.03945491872440487,100930816,0.1264441910716173,0.00015572103848071123,3.9272564430575425e-06,3,base,253.36922428302483
solver_full_r4,a4,solver_full,0.026193447005641978,layer_24,layer,0.03999804357860094,100930816,0.1194587582086955,0.00015786464868330387,3.981317904897708e-06,4,base,253.36922428302483
solver_full_r5,a5,solver_full,0.02426853080864239,layer_24,layer,0.03877360003859558,100930816,0.126033989834638,0.00015303200358415955,3.859439469024215e-06,5,base,253.36922428302483
questioner_full_r1,q1,questioner_full,0.020775139517612996,layer_25,layer,0.02273215909061079,100930816,,8.984931211453025e-05,2.2627094704414937e-06,1,base,253.00315111632995
questioner_full_r2,q2,questioner_full,0.02805873223670801,layer_25,layer,0.17094803643334208,100930816,0.00508328161737124,0.0006756755235737857,1.701579420807703e-05,2,q1,253.00315087508727
questioner_full_r3,q3,questioner_full,0.025594032069483647,layer_25,layer,0.16578133008042484,100930816,0.010013916957394581,0.000655254111151191,1.650151154143122e-05,3,q2,253.00311323368874
questioner_full_r4,q4,questioner_full,0.02326674886785291,layer_25,layer,0.15942775404344145,100930816,0.006526933931000475,0.0006301415392460433,1.5869090458473445e-05,4,q3,253.00308599587774
questioner_full_r5,q5,questioner_full,0.02468840086911244,layer_25,layer,0.16452449538829622,100930816,0.004361830635364722,0.0006502865815323597,1.6376408961015376e-05,5,q4,253.00306059000098
solver_rank1_r1,r1,solver_rank1,0.020515108516561388,layer_25,layer,0.03307530719765066,100930816,,0.00013073081126346427,3.2922438443076625e-06,1,base,253.00315111632995
solver_rank1_r2,r2,solver_rank1,0.021866417114506643,layer_25,layer,0.03493712525286667,100930816,0.18966595799959546,0.00013808968425378507,3.477565147444075e-06,2,base,253.00315111632995
solver_rank1_r3,r3,solver_rank1,0.023247803924496872,layer_25,layer,0.03465112157705323,100930816,0.17001598005280943,0.00013695924902184625,3.4490969661655335e-06,3,base,253.00315111632995
solver_rank1_r4,r4,solver_rank1,0.025347995868406605,layer_25,layer,0.03497214617495788,100930816,0.16004535890544627,0.00013822810514671342,3.4810510535458007e-06,4,base,253.00315111632995
solver_rank1_r5,r5,solver_rank1,0.023203446559353323,layer_25,layer,0.03384584458348501,100930816,0.16739809089126573,0.00013377637564649465,3.3689414528941145e-06,5,base,253.00315111632995
solver_full_r1,a1,solver_full,0.02113366702873963,layer_25,layer,0.03653806688416226,100930816,,0.00014441743797634436,3.6369193810792244e-06,1,base,253.00315111632995
solver_full_r2,a2,solver_full,0.02253171334390694,layer_25,layer,0.039387840579589675,100930816,0.15236957430203116,0.00015568122533572433,3.920579631016592e-06,2,base,253.00315111632995
solver_full_r3,a3,solver_full,0.024058164776249592,layer_25,layer,0.039543374519101435,100930816,0.14179331244400825,0.0001562959763331941,3.9360611396804e-06,3,base,253.00315111632995
solver_full_r4,a4,solver_full,0.02607642618801297,layer_25,layer,0.0399085967182296,100930816,0.1382563476019627,0.000157739524358255,3.972414559762e-06,4,base,253.00315111632995
solver_full_r5,a5,solver_full,0.02406108530238596,layer_25,layer,0.03860752753055158,100930816,0.14551168098029812,0.00015259702244894166,3.842908974264201e-06,5,base,253.00315111632995
questioner_full_r1,q1,questioner_full,0.019399016158514887,layer_26,layer,0.021966383662465516,100930816,,8.498027587165865e-05,2.1864858567236318e-06,1,base,258.488024864031
questioner_full_r2,q2,questioner_full,0.028043297734399543,layer_26,layer,0.170901012555255,100930816,0.004175883827665313,0.0006611564077298521,1.7011113553949084e-05,2,q1,258.48802273891744
questioner_full_r3,q3,questioner_full,0.025176800603156104,layer_26,layer,0.16442450193322594,100930816,0.009738881747021939,0.0006361011289997746,1.636645583087636e-05,3,q2,258.48798946760587
questioner_full_r4,q4,questioner_full,0.023134864326204322,layer_26,layer,0.15897526416181332,100930816,0.005010735357368874,0.0006150200197108706,1.5824050603862283e-05,4,q3,258.4879500939657
questioner_full_r5,q5,questioner_full,0.024528943995539246,layer_26,layer,0.16399232119140048,100930816,0.00461212651124171,0.0006344293478926506,1.6323437503687422e-05,5,q4,258.48791789995977
solver_rank1_r1,r1,solver_rank1,0.019318601135490984,layer_26,layer,0.03209628850976271,100930816,,0.00012416934411814976,3.1947944622233083e-06,1,base,258.488024864031
solver_rank1_r2,r2,solver_rank1,0.020603643702206655,layer_26,layer,0.03391332471874598,100930816,0.1641526981518629,0.00013119882337522194,3.3756582781861183e-06,2,base,258.488024864031
solver_rank1_r3,r3,solver_rank1,0.021589588844014577,layer_26,layer,0.03339246773944977,100930816,0.14316926883639566,0.00012918380941250474,3.323813311982012e-06,3,base,258.488024864031
solver_rank1_r4,r4,solver_rank1,0.02427546114595321,layer_26,layer,0.03422427173546904,100930816,0.13389859131640988,0.00013240176891549067,3.4066092651442994e-06,4,base,258.488024864031
solver_rank1_r5,r5,solver_rank1,0.02146882497621325,layer_26,layer,0.03255616526774998,100930816,0.1418804619427989,0.00012594844687631107,3.24056959037484e-06,5,base,258.488024864031
solver_full_r1,a1,solver_full,0.019956320531253274,layer_26,layer,0.035505723896565436,100930816,,0.00013735926031870156,3.5341622146583715e-06,1,base,258.488024864031
solver_full_r2,a2,solver_full,0.021208303305686595,layer_26,layer,0.03821360636407085,100930816,0.13054562100047837,0.0001478351129967117,3.8036989216488534e-06,2,base,258.488024864031
solver_full_r3,a3,solver_full,0.022382121260087953,layer_26,layer,0.03814109021300939,100930816,0.1168311075718156,0.00014755457330401376,3.7964808223423738e-06,3,base,258.488024864031
solver_full_r4,a4,solver_full,0.024954247625497944,layer_26,layer,0.039040436268569526,100930816,0.1106068018957297,0.00015103382947471338,3.885999764604247e-06,4,base,258.488024864031
solver_full_r5,a5,solver_full,0.02242112920970772,layer_26,layer,0.037268603897270304,100930816,0.12032145041762304,0.0001441792280972173,3.7096354399225027e-06,5,base,258.488024864031
questioner_full_r1,q1,questioner_full,0.01874643021622254,layer_27,layer,0.02159374666809699,100930816,,8.290838185291256e-05,2.149394384117197e-06,1,base,260.45311928058584
questioner_full_r2,q2,questioner_full,0.027949475680645153,layer_27,layer,0.17061488861662732,100930816,0.004329109731948964,0.0006550694777584942,1.698263340197266e-05,2,q1,260.4531189583653
questioner_full_r3,q3,questioner_full,0.025190698570860755,layer_27,layer,0.1644698780550633,100930816,0.010568244984372421,0.0006314760097236511,1.637097247094579e-05,3,q2,260.4530900976574
questioner_full_r4,q4,questioner_full,0.023327916040437307,layer_27,layer,0.15963718046985317,100930816,0.004675142057742416,0.0006129211587743051,1.5889936307585873e-05,4,q3,260.45304226254666
questioner_full_r5,q5,questioner_full,0.02461486727231961,layer_27,layer,0.1642792972516506,100930816,0.0038716056095774803,0.0006307444639357929,1.6352002473989172e-05,5,q4,260.453014881116
solver_rank1_r1,r1,solver_rank1,0.019382179256929425,layer_27,layer,0.03214906007261653,100930816,,0.000123435112474051,3.2000472283403925e-06,1,base,260.45311928058584
solver_rank1_r2,r2,solver_rank1,0.020215580790856367,layer_27,layer,0.03359243335839763,100930816,0.16688762671588375,0.00012897689016428535,3.343717452981223e-06,2,base,260.45311928058584
solver_rank1_r3,r3,solver_rank1,0.02127409998207959,layer_27,layer,0.03314758761791725,100930816,0.14512552366904713,0.0001272689215989285,3.299438479485641e-06,3,base,260.45311928058584
solver_rank1_r4,r4,solver_rank1,0.023607209034400254,layer_27,layer,0.033749923590152005,100930816,0.13467372177731002,0.00012958156801260365,3.3593936867024556e-06,4,base,260.45311928058584
solver_rank1_r5,r5,solver_rank1,0.020907825024008342,layer_27,layer,0.03212798846280442,100930816,0.1397102817330934,0.00012335420881710762,3.1979498063186105e-06,5,base,260.45311928058584
solver_full_r1,a1,solver_full,0.019964290200527552,layer_27,layer,0.03551281289452705,100930816,,0.00013635011549341107,3.534867838033597e-06,1,base,260.45311928058584
solver_full_r2,a2,solver_full,0.020740570681225246,layer_27,layer,0.03778987137776975,100930816,0.13326468171104477,0.00014509279628576369,3.761521266519873e-06,2,base,260.45311928058584
solver_full_r3,a3,solver_full,0.02196971361305,layer_27,layer,0.037788067140626484,100930816,0.11876955697999175,0.00014508586898480353,3.76134167669496e-06,3,base,260.45311928058584
solver_full_r4,a4,solver_full,0.024060149556250333,layer_27,layer,0.03833465713419075,100930816,0.11053571444296452,0.000147184480800527,3.8157480509402135e-06,4,base,260.45311928058584
solver_full_r5,a5,solver_full,0.02175276526289853,layer_27,layer,0.036708921066265575,100930816,0.11482345443951178,0.00014094252803599215,3.653925833232262e-06,5,base,260.45311928058584
questioner_full_r1,q1,questioner_full,0.018408878969765563,layer_28,layer,0.021398453310845694,100930816,,8.165102936366621e-05,2.1299553098433703e-06,1,base,262.07205809419673
questioner_full_r2,q2,questioner_full,0.02829207931606278,layer_28,layer,0.17165739906953922,100930816,0.004103072717814321,0.0006550007710344871,1.7086402615685947e-05,2,q1,262.07205649304666
questioner_full_r3,q3,questioner_full,0.025747525815748455,layer_28,layer,0.16627770281365384,100930816,0.010844204619390606,0.0006344732948233248,1.655091939925367e-05,3,q2,262.0720275704519
questioner_full_r4,q4,questioner_full,0.023768129718920058,layer_28,layer,0.16113637204417816,100930816,0.004408244679943478,0.0006148553439792498,1.6039162562765143e-05,4,q3,262.07200380064717
questioner_full_r5,q5,questioner_full,0.024801996259224076,layer_28,layer,0.1649025631214733,100930816,0.004207001902595471,0.0006292262494622775,1.6414040997502464e-05,5,q4,262.07197055494
solver_rank1_r1,r1,solver_rank1,0.01901094300467379,layer_28,layer,0.03183968827632411,100930816,,0.00012149211368760246,3.1692530353837062e-06,1,base,262.07205809419673
solver_rank1_r2,r2,solver_rank1,0.02019743323024208,layer_28,layer,0.03357735198124875,100930816,0.15600390660619348,0.00012812259431785748,3.342216285636491e-06,2,base,262.07205809419673
solver_rank1_r3,r3,solver_rank1,0.020928332757053504,layer_28,layer,0.03287711079473486,100930816,0.13703451156343815,0.00012545065289988993,3.2725158072084394e-06,3,base,262.07205809419673
solver_rank1_r4,r4,solver_rank1,0.023249962974852583,layer_28,layer,0.03349358261082021,100930816,0.12779712782104455,0.00012780295180793972,3.3338780654504525e-06,4,base,262.07205809419673
solver_rank1_r5,r5,solver_rank1,0.020639042117369506,layer_28,layer,0.03192080795818101,100930816,0.13313808702750268,0.00012180164566307062,3.177327511356058e-06,5,base,262.07205809419673
solver_full_r1,a1,solver_full,0.019556754386147932,layer_28,layer,0.03514847823816187,100930816,,0.0001341176106058908,3.4986027620202923e-06,1,base,262.07205809419673
solver_full_r2,a2,solver_full,0.02072350752838671,layer_28,layer,0.03777432342017345,100930816,0.12321221104040929,0.0001441371647739577,3.759973656776384e-06,2,base,262.07205809419673
solver_full_r3,a3,solver_full,0.021609703160600204,layer_28,layer,0.03747717797251193,100930816,0.11207795043923793,0.0001430033336825305,3.730396447860932e-06,3,base,262.07205809419673
solver_full_r4,a4,solver_full,0.02365479179030346,layer_28,layer,0.03801036034945217,100930816,0.10328865860793617,0.00014503782137579153,3.7834682572287224e-06,4,base,262.07205809419673
solver_full_r5,a5,solver_full,0.021442559284430954,layer_28,layer,0.036446236850109774,100930816,0.1082151577040634,0.00013906952582106209,3.627778820039981e-06,5,base,262.07205809419673
questioner_full_r1,q1,questioner_full,0.017694228546758867,layer_29,layer,0.020978987709853007,100930816,,7.655059232266833e-05,2.0882026200039518e-06,1,base,274.0538913327345
questioner_full_r2,q2,questioner_full,0.028002680874938707,layer_29,layer,0.17077720440446884,100930816,0.004396540416117908,0.0006231519063288007,1.699878996100813e-05,2,q1,274.0538906645978
questioner_full_r3,q3,questioner_full,0.02504231464568112,layer_29,layer,0.16398476386215946,100930816,0.009367797784193438,0.0005983669312380315,1.6322685263639446e-05,3,q2,274.0538544181781
questioner_full_r4,q4,questioner_full,0.02393184884236511,layer_29,layer,0.16169038769977098,100930816,0.00353696692824209,0.0005899950090191054,1.6094308071191592e-05,4,q3,274.05382287655095
questioner_full_r5,q5,questioner_full,0.024764460356461335,layer_29,layer,0.16477773223655165,100930816,0.004575015969574093,0.0006012605460917613,1.6401615603839244e-05,5,q4,274.0537913349201
solver_rank1_r1,r1,solver_rank1,0.018004257890619726,layer_29,layer,0.030985220409644153,100930816,,0.00011306250846854188,3.084201170032155e-06,1,base,274.0538913327345
solver_rank1_r2,r2,solver_rank1,0.01921505271867097,layer_29,layer,0.03275059110986307,100930816,0.15875588556524997,0.00011950420025271563,3.2599223140864018e-06,2,base,274.0538913327345
solver_rank1_r3,r3,solver_rank1,0.019826620367426332,layer_29,layer,0.03200005131405285,100930816,0.14290499634860046,0.00011676554256695783,3.1852152219376202e-06,3,base,274.0538913327345
solver_rank1_r4,r4,solver_rank1,0.022063773309841786,layer_29,layer,0.032627993304862095,100930816,0.13101618196775489,0.00011905685099449207,3.2477191963215947e-06,4,base,274.0538913327345
solver_rank1_r5,r5,solver_rank1,0.01925873832968151,layer_29,layer,0.03083493398274175,100930816,0.13228297183459592,0.00011251412571735542,3.0692419873132846e-06,5,base,274.0538913327345
solver_full_r1,a1,solver_full,0.01844973046049735,layer_29,layer,0.034139184997554695,100930816,,0.00012457106458709468,3.3981399170757616e-06,1,base,274.0538913327345
solver_full_r2,a2,solver_full,0.019653601972948093,layer_29,layer,0.03678630277060769,100930816,0.12726762855312537,0.00013423017856712232,3.661628239086272e-06,2,base,274.0538913327345
solver_full_r3,a3,solver_full,0.02033852288563083,layer_29,layer,0.0363581841289814,100930816,0.11726231524841241,0.00013266800902614505,3.619014244479817e-06,3,base,274.0538913327345
solver_full_r4,a4,solver_full,0.02227463031638812,layer_29,layer,0.03688482051380757,100930816,0.1053207590747622,0.00013458966166995581,3.6714344800885605e-06,4,base,274.0538913327345
solver_full_r5,a5,solver_full,0.01994824349062142,layer_29,layer,0.03515334963960903,100930816,0.10720304473174645,0.00012827166754924354,3.4990876506815447e-06,5,base,274.0538913327345
questioner_full_r1,q1,questioner_full,0.017697375757651488,layer_30,layer,0.020980853356688093,100930816,,7.433164584623331e-05,2.0883883224154747e-06,1,base,282.2600403614133
questioner_full_r2,q2,questioner_full,0.027710524587056702,layer_30,layer,0.1698839960962944,100930816,0.0056271610832209695,0.0006018705183288071,1.690988195671662e-05,2,q1,282.2600391991377
questioner_full_r3,q3,questioner_full,0.024566181939493417,layer_30,layer,0.16241835096647028,100930816,0.010163259595648412,0.0005754210492309702,1.616676794493823e-05,3,q2,282.26000975031525
questioner_full_r4,q4,questioner_full,0.023490761587765058,layer_30,layer,0.1601934023290817,100930816,0.004734723747474049,0.0005675384733835301,1.594530141670403e-05,4,q3,282.2599873697487
questioner_full_r5,q5,questioner_full,0.02460718990581429,layer_30,layer,0.16425367593263066,100930816,0.0019123275022014344,0.0005819233917033356,1.6349452183849086e-05,5,q4,282.2599645837353
solver_rank1_r1,r1,solver_rank1,0.017964027610394392,layer_30,layer,0.030950583013500836,100930816,,0.00010965272652080288,3.080753439265688e-06,1,base,282.2600403614133
solver_rank1_r2,r2,solver_rank1,0.019589345581254584,layer_30,layer,0.03306802951944728,100930816,0.1648985986387134,0.00011715448448567532,3.2915194401132364e-06,2,base,282.2600403614133
solver_rank1_r3,r3,solver_rank1,0.019817990316611064,layer_30,layer,0.03199308612981995,100930816,0.15139465075365496,0.00011334614027850045,3.184521922710551e-06,3,base,282.2600403614133
solver_rank1_r4,r4,solver_rank1,0.022061340993911806,layer_30,layer,0.03262619479619146,100930816,0.1401530465441739,0.0001155891381380659,3.2475401766963363e-06,4,base,282.2600403614133
solver_rank1_r5,r5,solver_rank1,0.018970361331430582,layer_30,layer,0.030603204773341466,100930816,0.13790974758492577,0.00010842202365647049,3.046176167889888e-06,5,base,282.2600403614133
solver_full_r1,a1,solver_full,0.018457042994761728,layer_30,layer,0.03414594984512111,100930816,,0.00012097337547815738,3.3988132752285705e-06,1,base,282.2600403614133
solver_full_r2,a2,solver_full,0.01991642327869895,layer_30,layer,0.037031451623144716,100930816,0.1325398526563321,0.0001311962245018057,3.686029820479942e-06,2,base,282.2600403614133
solver_full_r3,a3,solver_full,0.020347841871211525,layer_30,layer,0.03636651272277763,100930816,0.12528788600043994,0.00012884045745977,3.619843254517231e-06,3,base,282.2600403614133
solver_full_r4,a4,solver_full,0.022152844499269048,layer_30,layer,0.03678384903154117,100930816,0.11347895581527577,0.00013031901003217512,3.6613839992583847e-06,4,base,282.2600403614133
solver_full_r5,a5,solver_full,0.019623839825257252,layer_30,layer,0.03486634142364577,100930816,0.11295064039810988,0.00012352560206185041,3.470519479670335e-06,5,base,282.2600403614133
questioner_full_r1,q1,questioner_full,0.017733857209667542,layer_31,layer,0.02100246723762596,100930816,,7.199371493905136e-05,2.090539720920833e-06,1,base,291.72639938647825
questioner_full_r2,q2,questioner_full,0.02792902598348817,layer_31,layer,0.1705524605897749,100930816,0.006994521363831119,0.0005846315627130245,1.6976419452518195e-05,2,q1,291.7263990988
questioner_full_r3,q3,questioner_full,0.024975566680868585,layer_31,layer,0.1637660749591465,100930816,0.010899611247017042,0.0005613687778506077,1.630091744783473e-05,3,q2,291.72636851336995
questioner_full_r4,q4,questioner_full,0.024077034942786183,layer_31,layer,0.1621801054117663,100930816,0.002059987369304917,0.0005559323221222074,1.614305350273454e-05,4,q3,291.7263468198116
questioner_full_r5,q5,questioner_full,0.024730484722203603,layer_31,layer,0.16466465992658244,100930816,0.003173599733649338,0.0005644490901739579,1.6390360633046887e-05,5,q4,291.7263271269236
solver_rank1_r1,r1,solver_rank1,0.017557613793368742,layer_31,layer,0.030598470841967,100930816,,0.00010488756213465014,3.045704962699447e-06,1,base,291.72639938647825
solver_rank1_r2,r2,solver_rank1,0.019640764346765354,layer_31,layer,0.033111400109555766,100930816,0.1716900428881172,0.00011350155549580511,3.295836453934314e-06,2,base,291.72639938647825
solver_rank1_r3,r3,solver_rank1,0.01980928819754597,layer_31,layer,0.0319860612446181,100930816,0.1582851677921858,0.00010964404082690872,3.183822680979414e-06,3,base,291.72639938647825
solver_rank1_r4,r4,solver_rank1,0.02148823919505243,layer_31,layer,0.032199630344161206,100930816,0.14697580661368037,0.0001103761278097538,3.2050808827280307e-06,4,base,291.72639938647825
solver_rank1_r5,r5,solver_rank1,0.01837110722514309,layer_31,layer,0.030115964236683536,100930816,0.14620089698748098,0.00010323359250317966,2.997677308970048e-06,5,base,291.72639938647825
solver_full_r1,a1,solver_full,0.0179782599580757,layer_31,layer,0.03370016009836439,100930816,,0.0001155197478501715,3.3544403374098853e-06,1,base,291.72639938647825
solver_full_r2,a2,solver_full,0.019937112034755865,layer_31,layer,0.03705068037221593,100930816,0.13912000982121164,0.00012700489379821706,3.6879438081682537e-06,2,base,291.72639938647825
solver_full_r3,a3,solver_full,0.020237158474378947,layer_31,layer,0.03626746885574997,100930816,0.1304925262430868,0.0001243201470008305,3.6099846442981424e-06,3,base,291.72639938647825
solver_full_r4,a4,solver_full,0.02146868647771368,layer_31,layer,0.0362113869167853,100930816,0.1186683110381794,0.00012412790543790507,3.6044023705726126e-06,4,base,291.72639938647825
solver_full_r5,a5,solver_full,0.01882719560130539,layer_31,layer,0.03415129690115185,100930816,0.11715658671564012,0.00011706618589532693,3.399345509508276e-06,5,base,291.72639938647825
questioner_full_r1,q1,questioner_full,0.01772778239037854,layer_32,layer,0.02099886968071059,100930816,,6.840891148314836e-05,2.090181627962288e-06,1,base,306.9610263552196
questioner_full_r2,q2,questioner_full,0.02708523911994116,layer_32,layer,0.16795635130689512,100930816,0.0059282953257927635,0.0005471585580942081,1.6718008404220565e-05,2,q1,306.9610240437415
questioner_full_r3,q3,questioner_full,0.02446643046662913,layer_32,layer,0.16208826406402002,100930816,0.009859765028679367,0.0005280419073663777,1.6133911815554924e-05,3,q2,306.96098510900265
questioner_full_r4,q4,questioner_full,0.02464721298791617,layer_32,layer,0.16408919553974663,100930816,0.0029517428136382282,0.0005345604810018462,1.633308016475503e-05,4,q3,306.9609545999715
questioner_full_r5,q5,questioner_full,0.025087429535074618,layer_32,layer,0.16584873756955076,100930816,0.005365726291129452,0.0005402926664278354,1.6508221135685594e-05,5,q4,306.96092668824423
solver_rank1_r1,r1,solver_rank1,0.017255788201087374,layer_32,layer,0.030334327973912358,100930816,,9.882143128753111e-05,3.019412758482749e-06,1,base,306.9610263552196
solver_rank1_r2,r2,solver_rank1,0.019693462777517542,layer_32,layer,0.03315579120116759,100930816,0.1687405866808034,0.00010801303212610206,3.300255046246331e-06,2,base,306.9610263552196
solver_rank1_r3,r3,solver_rank1,0.01948937842331343,layer_32,layer,0.031726730784472794,100930816,0.15923303927769517,0.00010335752118497993,3.1580094933360503e-06,3,base,306.9610263552196
solver_rank1_r4,r4,solver_rank1,0.02116581507012312,layer_32,layer,0.031957144747852745,100930816,0.14591904265233202,0.00010410815056003719,3.1809443960429874e-06,4,base,306.9610263552196
solver_rank1_r5,r5,solver_rank1,0.01836222662130239,layer_32,layer,0.030108684319547184,100930816,0.14818269241910562,9.808634235117846e-05,2.996952681917123e-06,5,base,306.9610263552196
solver_full_r1,a1,solver_full,0.017653214376624014,layer_32,layer,0.033394122329888525,100930816,,0.00010878945358764985,3.3239780063007762e-06,1,base,306.9610263552196
solver_full_r2,a2,solver_full,0.019827152584812463,layer_32,layer,0.03694836601948293,100930816,0.14261340340134626,0.00012036826452595245,3.6777596609445675e-06,2,base,306.9610263552196
solver_full_r3,a3,solver_full,0.019862974143438673,layer_32,layer,0.035930612378523824,100930816,0.13567572006624057,0.00011705268517360382,3.576454686225925e-06,3,base,306.9610263552196
solver_full_r4,a4,solver_full,0.02101702146223354,layer_32,layer,0.035828448812537925,100930816,0.1198068751203077,0.00011671986257654984,3.566285547985737e-06,4,base,306.9610263552196
solver_full_r5,a5,solver_full,0.018848398126661687,layer_32,layer,0.034170521484735976,100930816,0.12194132072983514,0.00011131876215840303,3.4012590825731003e-06,5,base,306.9610263552196
questioner_full_r1,q1,questioner_full,0.018079382484172114,layer_33,layer,0.021206085526642052,100930816,,6.0401681358878925e-05,2.1108074407214612e-06,1,base,351.0843580768104
questioner_full_r2,q2,questioner_full,0.027533957723956972,layer_33,layer,0.1693418948591779,100930816,0.009050243170135593,0.0004823396183208941,1.6855922383485045e-05,2,q1,351.08435721843813
questioner_full_r3,q3,questioner_full,0.02488459064767355,layer_33,layer,0.1634675355823317,100930816,0.007999619486648896,0.00046560761638330165,1.6271201490255606e-05,3,q2,351.0843247198098
questioner_full_r4,q4,questioner_full,0.025792680013086815,layer_33,layer,0.16785887648765546,100930816,0.006485571382238101,0.00047811557997079577,1.6708305973591607e-05,4,q3,351.0843058030207
questioner_full_r5,q5,questioner_full,0.025427427214523183,layer_33,layer,0.16696878893217354,100930816,0.0027025011135976156,0.00047558036146951846,1.6619708602207603e-05,5,q4,351.0842803017532
solver_rank1_r1,r1,solver_rank1,0.016590410595603754,layer_33,layer,0.029743737833957465,100930816,,8.471963261732701e-05,2.9606267057589994e-06,1,base,351.0843580768104
solver_rank1_r2,r2,solver_rank1,0.018837948374543764,layer_33,layer,0.0324276258830078,100930816,0.16979027577735376,9.236420004765142e-05,3.2277750607385865e-06,2,base,351.0843580768104
solver_rank1_r3,r3,solver_rank1,0.01892015937568288,layer_33,layer,0.03125998206095344,100930816,0.1562790493380124,8.903837878791047e-05,3.1115503447433445e-06,3,base,351.0843580768104
solver_rank1_r4,r4,solver_rank1,0.020650104183354192,layer_33,layer,0.03156542162677425,100930816,0.14039659843075483,8.990836789108203e-05,3.141953132066601e-06,4,base,351.0843580768104
solver_rank1_r5,r5,solver_rank1,0.017986455202781332,layer_33,layer,0.02979901418539768,100930816,0.14133843717603153,8.487707726038377e-05,2.9661287930616915e-06,5,base,351.0843580768104
solver_full_r1,a1,solver_full,0.016980726718134064,layer_33,layer,0.03275188289300651,100930816,,9.32877872213294e-05,3.260050895359336e-06,1,base,351.0843580768104
solver_full_r2,a2,solver_full,0.018985044837378943,layer_33,layer,0.036155208999315847,100930816,0.14172157567994256,0.00010298154323185709,3.598810543356327e-06,2,base,351.0843580768104
solver_full_r3,a3,solver_full,0.019225012790014092,layer_33,layer,0.03534889148366031,100930816,0.1308379432952532,0.00010068489430089237,3.518551458788763e-06,3,base,351.0843580768104
solver_full_r4,a4,solver_full,0.02044577401052712,layer_33,layer,0.035338181751994796,100930816,0.11391530156382529,0.00010065438957626101,3.5174854354880794e-06,4,base,351.0843580768104
solver_full_r5,a5,solver_full,0.018296466986883135,layer_33,layer,0.03366650252103723,100930816,0.11378160436651105,9.589291504029825e-05,3.3510901356685228e-06,5,base,351.0843580768104
questioner_full_r1,q1,questioner_full,0.017924089734240454,layer_34,layer,0.02111481433691774,100930816,,5.997651988093061e-05,2.101722505826167e-06,1,base,352.0513424059328
questioner_full_r2,q2,questioner_full,0.027972911770978676,layer_34,layer,0.17068640530852022,100930816,0.00432311998752474,0.00048483384477511786,1.698975201729625e-05,2,q1,352.0513411923425
questioner_full_r3,q3,questioner_full,0.024862885946090086,layer_34,layer,0.16339623065062547,100930816,0.014190575808477048,0.0004641261721282183,1.626410395307853e-05,3,q2,352.05131807453006
questioner_full_r4,q4,questioner_full,0.025917282378538763,layer_34,layer,0.16826384435997574,100930816,0.011529253214749305,0.0004779526445489127,1.6748615591180993e-05,4,q3,352.05128850951667
questioner_full_r5,q5,questioner_full,0.025643653945550945,layer_34,layer,0.1676772107355369,100930816,0.004917192764570851,0.00047628636014456074,1.669022336137096e-05,5,q4,352.05125480529006
solver_rank1_r1,r1,solver_rank1,0.01889350005375356,layer_34,layer,0.03174118869247466,100930816,,9.016068075626161e-05,3.1594486019235007e-06,1,base,352.0513424059328
solver_rank1_r2,r2,solver_rank1,0.020831894313075347,layer_34,layer,0.03410065606733749,100930816,0.19443835264969478,9.686273551548548e-05,3.394304831506417e-06,2,base,352.0513424059328
solver_rank1_r3,r3,solver_rank1,0.020637319833665825,layer_34,layer,0.03264772898940983,100930816,0.18531758115335858,9.273570373654582e-05,3.2496836432601285e-06,3,base,352.0513424059328
solver_rank1_r4,r4,solver_rank1,0.022154954060708394,layer_34,layer,0.03269534301776306,100930816,0.15977283258679975,9.287095113548435e-05,3.254423039656717e-06,4,base,352.0513424059328
solver_rank1_r5,r5,solver_rank1,0.019075132284578446,layer_34,layer,0.030687597263921437,100930816,0.1541411239741322,8.71679598043887e-05,3.0545764120949498e-06,5,base,352.0513424059328
solver_full_r1,a1,solver_full,0.01921708167334531,layer_34,layer,0.034841901937467265,100930816,,9.896824053945179e-05,3.468086826590247e-06,1,base,352.0513424059328
solver_full_r2,a2,solver_full,0.020838736450082964,layer_34,layer,0.037879196129119906,100930816,0.16907851046529582,0.0001075956588327486,3.770412457190288e-06,2,base,352.0513424059328
solver_full_r3,a3,solver_full,0.020934300874746473,layer_34,layer,0.03688686203134287,100930816,0.16521230870151468,0.00010477693900911326,3.6716376882854938e-06,3,base,352.0513424059328
solver_full_r4,a4,solver_full,0.022061617935704898,layer_34,layer,0.03670803199654644,100930816,0.13618323046644487,0.00010426897322896795,3.653837337174085e-06,4,base,352.0513424059328
solver_full_r5,a5,solver_full,0.019372385692653232,layer_34,layer,0.03464223766851509,100930816,0.1299148676912442,9.840109522596524e-05,3.448212681311479e-06,5,base,352.0513424059328
questioner_full_r1,q1,questioner_full,0.01978103935867255,layer_35,layer,0.022181620246333338,100930816,,6.545399296920478e-05,2.2079100362202617e-06,1,base,338.88872534895603
questioner_full_r2,q2,questioner_full,0.027336673403125494,layer_35,layer,0.16873412607319443,100930816,0.008183959663001832,0.0004979042201602174,1.679542640585257e-05,2,q1,338.8887244596934
questioner_full_r3,q3,questioner_full,0.02400194673483483,layer_35,layer,0.16054230666929428,100930816,0.014563693754463808,0.00047373166633174387,1.598003059274623e-05,3,q2,338.88869602580047
questioner_full_r4,q4,questioner_full,0.02485370840652612,layer_35,layer,0.1647751350246089,100930816,0.017724926399212894,0.0004862220290303392,1.640135708303459e-05,4,q3,338.88866646625604
questioner_full_r5,q5,questioner_full,0.02476500878475088,layer_35,layer,0.16477955679214926,100930816,0.007936480074687408,0.000486235085833129,1.6401797216118726e-05,5,q4,338.8886602245317
solver_rank1_r1,r1,solver_rank1,0.021057040872063504,layer_35,layer,0.033509322504571656,100930816,,9.888001576348366e-05,3.3354447800996497e-06,1,base,338.88872534895603
solver_rank1_r2,r2,solver_rank1,0.023087453784546595,layer_35,layer,0.035899332397206794,100930816,0.22166814571203644,0.00010593250737462867,3.5733411451989086e-06,2,base,338.88872534895603
solver_rank1_r3,r3,solver_rank1,0.02257259985120734,layer_35,layer,0.034144214075581915,100930816,0.2122638290155433,0.00010075346720497527,3.398640500519438e-06,3,base,338.88872534895603
solver_rank1_r4,r4,solver_rank1,0.023860282682683035,layer_35,layer,0.03393034405633761,100930816,0.1831417328901131,0.00010012237504035964,3.377352345880952e-06,4,base,338.88872534895603
solver_rank1_r5,r5,solver_rank1,0.01952190453177738,layer_35,layer,0.03104489526664855,100930816,0.1597358019163385,9.160793187994499e-05,3.0901410749726784e-06,5,base,338.88872534895603
solver_full_r1,a1,solver_full,0.021284648273451844,layer_35,layer,0.03666835059486717,100930816,,0.00010820174249559209,3.6498875371123233e-06,1,base,338.88872534895603
solver_full_r2,a2,solver_full,0.022984165083628643,layer_35,layer,0.03978134193039057,100930816,0.19440712670211713,0.00011738762300052163,3.959747896096018e-06,2,base,338.88872534895603
solver_full_r3,a3,solver_full,0.022829797708197222,layer_35,layer,0.038520641599460115,100930816,0.19319111313393286,0.00011366752186811511,3.834260538436124e-06,3,base,338.88872534895603
solver_full_r4,a4,solver_full,0.02379667180601828,layer_35,layer,0.03812418185640642,100930816,0.15342845599143043,0.00011249764009454634,3.7947978014527764e-06,4,base,338.88872534895603
solver_full_r5,a5,solver_full,0.019639898581404393,layer_35,layer,0.03488060457445723,100930816,0.13189405780888747,0.00010292642382404558,3.4719392025523886e-06,5,base,338.88872534895603
